DATE_ANCRAGE,ISIN,SICOVAM,NOM,TICKER,RETENUE,MOTIF
2010-01-04,FR0000120404,12040,ACCOR,AC.PA,oui,
2010-01-04,FR0000120073,12007,AIR LIQUIDE,AI.PA,oui,
2010-01-04,NL0000235190,5730,Airbus Group (ex-EADS),AIR.PA,oui,
2010-01-04,FR0000130007,13000,ALCATEL,,non,aucune serie servie sur 2009-2018 (candidat ALU.PA)
2010-01-04,FR0010220475,1022047,Alstom,ALO.PA,oui,
2010-01-04,LU0323134006,32313400,ArcelorMittal,MT.AS,oui,
2010-01-04,FR0000120628,12062,Axa,CS.PA,oui,
2010-01-04,FR0000131104,13110,BNP,BNP.PA,oui,
2010-01-04,FR0000120503,12050,BOUYGUES,EN.PA,oui,
2010-01-04,FR0000125338,12533,Cap Gémini,CAP.PA,oui,
2010-01-04,FR0000120172,12017,CARREFOUR,CA.PA,oui,
2010-01-04,FR0000045072,4507,CREDIT AGRICOLE,ACA.PA,oui,
2010-01-04,FR0000120644,12064,DANONE,BN.PA,oui,
2010-01-04,BE0003796134,12822,Dexia (Ex-Dexia Belgium),,non,aucune serie servie sur 2009-2018 (candidat DEXB.BR)
2010-01-04,FR0010242511,1024251,EDF,,non,aucune serie servie sur 2009-2018 (candidat EDF.PA)
2010-01-04,FR0010208488,1020848,ENGIE (ex-GDF Suez),ENGI.PA,oui,
2010-01-04,FR0000121667,12166,EssilorLuxottica,EL.PA,oui,
2010-01-04,FR0000121485,12148,Kering (ex: Pinault-Printemps-Redoute),KER.PA,oui,
2010-01-04,FR0000120321,12032,L'Oréal,OR.PA,oui,
2010-01-04,FR0000120537,12053,LafargeHolcim,,non,"servie en CHF seulement (HOLN.SW, 2514 seances)"
2010-01-04,FR0000130213,13021,Lagardère,MMB.PA,oui,
2010-01-04,FR0000121014,12101,LVMH MOET HENESSY,MC.PA,oui,
2010-01-04,FR0000121261,12126,Michelin B,ML.PA,oui,
2010-01-04,FR0000133308,13330,Orange (ex: France Télécom),ORA.PA,oui,
2010-01-04,FR0000120693,12069,Pernod Ricard,RI.PA,oui,
2010-01-04,FR0000121501,12150,Peugeot S.A.,,non,aucune serie servie sur 2009-2018 (candidat UG.PA)
2010-01-04,FR0000131906,13190,Renault,RNO.PA,oui,
2010-01-04,FR0000125007,12500,SAINT-GOBAIN,SGO.PA,oui,
2010-01-04,FR0000120578,12057,Sanofi,SAN.PA,oui,
2010-01-04,FR0000121972,12197,Schneider (Ex-Spie Batignolles),SU.PA,oui,
2010-01-04,FR0000130809,13080,Société Générale,GLE.PA,oui,
2010-01-04,NL0000226223,12970,STMicroelectronics (Ex-SGS Thomson Microelectronics),STMPA.PA,oui,
2010-01-04,FR0010613471,1061347,Suez,,non,aucune serie servie sur 2009-2018 (candidat SEV.PA)
2010-01-04,FR0000131708,13170,Technip,,non,aucune serie servie sur 2009-2018 (candidat TEC.PA)
2010-01-04,FR0000120271,12027,Total,TTE.PA,oui,
2010-01-04,FR0000124711,12471,Unibail-Rodamco,,non,"aucune serie en euros (candidats UL.PA, URW.AS)"
2010-01-04,FR0000120354,12035,Vallourec,VK.PA,oui,
2010-01-04,FR0000124141,12414,Veolia Environnement,VIE.PA,oui,
2010-01-04,FR0000125486,12548,Vinci,DG.PA,oui,
2010-01-04,FR0000127771,12777,Vivendi,VIV.PA,oui,
2010-02-01,FR0000120404,12040,ACCOR,AC.PA,oui,
2010-02-01,FR0000120073,12007,AIR LIQUIDE,AI.PA,oui,
2010-02-01,NL0000235190,5730,Airbus Group (ex-EADS),AIR.PA,oui,
2010-02-01,FR0000130007,13000,ALCATEL,,non,aucune serie servie sur 2009-2018 (candidat ALU.PA)
2010-02-01,FR0010220475,1022047,Alstom,ALO.PA,oui,
2010-02-01,LU0323134006,32313400,ArcelorMittal,MT.AS,oui,
2010-02-01,FR0000120628,12062,Axa,CS.PA,oui,
2010-02-01,FR0000131104,13110,BNP,BNP.PA,oui,
2010-02-01,FR0000120503,12050,BOUYGUES,EN.PA,oui,
2010-02-01,FR0000125338,12533,Cap Gémini,CAP.PA,oui,
2010-02-01,FR0000120172,12017,CARREFOUR,CA.PA,oui,
2010-02-01,FR0000045072,4507,CREDIT AGRICOLE,ACA.PA,oui,
2010-02-01,FR0000120644,12064,DANONE,BN.PA,oui,
2010-02-01,BE0003796134,12822,Dexia (Ex-Dexia Belgium),,non,aucune serie servie sur 2009-2018 (candidat DEXB.BR)
2010-02-01,FR0010242511,1024251,EDF,,non,aucune serie servie sur 2009-2018 (candidat EDF.PA)
2010-02-01,FR0010208488,1020848,ENGIE (ex-GDF Suez),ENGI.PA,oui,
2010-02-01,FR0000121667,12166,EssilorLuxottica,EL.PA,oui,
2010-02-01,FR0000121485,12148,Kering (ex: Pinault-Printemps-Redoute),KER.PA,oui,
2010-02-01,FR0000120321,12032,L'Oréal,OR.PA,oui,
2010-02-01,FR0000120537,12053,LafargeHolcim,,non,"servie en CHF seulement (HOLN.SW, 2514 seances)"
2010-02-01,FR0000130213,13021,Lagardère,MMB.PA,oui,
2010-02-01,FR0000121014,12101,LVMH MOET HENESSY,MC.PA,oui,
2010-02-01,FR0000121261,12126,Michelin B,ML.PA,oui,
2010-02-01,FR0000133308,13330,Orange (ex: France Télécom),ORA.PA,oui,
2010-02-01,FR0000120693,12069,Pernod Ricard,RI.PA,oui,
2010-02-01,FR0000121501,12150,Peugeot S.A.,,non,aucune serie servie sur 2009-2018 (candidat UG.PA)
2010-02-01,FR0000131906,13190,Renault,RNO.PA,oui,
2010-02-01,FR0000125007,12500,SAINT-GOBAIN,SGO.PA,oui,
2010-02-01,FR0000120578,12057,Sanofi,SAN.PA,oui,
2010-02-01,FR0000121972,12197,Schneider (Ex-Spie Batignolles),SU.PA,oui,
2010-02-01,FR0000130809,13080,Société Générale,GLE.PA,oui,
2010-02-01,NL0000226223,12970,STMicroelectronics (Ex-SGS Thomson Microelectronics),STMPA.PA,oui,
2010-02-01,FR0010613471,1061347,Suez,,non,aucune serie servie sur 2009-2018 (candidat SEV.PA)
2010-02-01,FR0000131708,13170,Technip,,non,aucune serie servie sur 2009-2018 (candidat TEC.PA)
2010-02-01,FR0000120271,12027,Total,TTE.PA,oui,
2010-02-01,FR0000124711,12471,Unibail-Rodamco,,non,"aucune serie en euros (candidats UL.PA, URW.AS)"
2010-02-01,FR0000120354,12035,Vallourec,VK.PA,oui,
2010-02-01,FR0000124141,12414,Veolia Environnement,VIE.PA,oui,
2010-02-01,FR0000125486,12548,Vinci,DG.PA,oui,
2010-02-01,FR0000127771,12777,Vivendi,VIV.PA,oui,
2010-03-01,FR0000120404,12040,ACCOR,AC.PA,oui,
2010-03-01,FR0000120073,12007,AIR LIQUIDE,AI.PA,oui,
2010-03-01,NL0000235190,5730,Airbus Group (ex-EADS),AIR.PA,oui,
2010-03-01,FR0000130007,13000,ALCATEL,,non,aucune serie servie sur 2009-2018 (candidat ALU.PA)
2010-03-01,FR0010220475,1022047,Alstom,ALO.PA,oui,
2010-03-01,LU0323134006,32313400,ArcelorMittal,MT.AS,oui,
2010-03-01,FR0000120628,12062,Axa,CS.PA,oui,
2010-03-01,FR0000131104,13110,BNP,BNP.PA,oui,
2010-03-01,FR0000120503,12050,BOUYGUES,EN.PA,oui,
2010-03-01,FR0000125338,12533,Cap Gémini,CAP.PA,oui,
2010-03-01,FR0000120172,12017,CARREFOUR,CA.PA,oui,
2010-03-01,FR0000045072,4507,CREDIT AGRICOLE,ACA.PA,oui,
2010-03-01,FR0000120644,12064,DANONE,BN.PA,oui,
2010-03-01,BE0003796134,12822,Dexia (Ex-Dexia Belgium),,non,aucune serie servie sur 2009-2018 (candidat DEXB.BR)
2010-03-01,FR0010242511,1024251,EDF,,non,aucune serie servie sur 2009-2018 (candidat EDF.PA)
2010-03-01,FR0010208488,1020848,ENGIE (ex-GDF Suez),ENGI.PA,oui,
2010-03-01,FR0000121667,12166,EssilorLuxottica,EL.PA,oui,
2010-03-01,FR0000121485,12148,Kering (ex: Pinault-Printemps-Redoute),KER.PA,oui,
2010-03-01,FR0000120321,12032,L'Oréal,OR.PA,oui,
2010-03-01,FR0000120537,12053,LafargeHolcim,,non,"servie en CHF seulement (HOLN.SW, 2514 seances)"
2010-03-01,FR0000130213,13021,Lagardère,MMB.PA,oui,
2010-03-01,FR0000121014,12101,LVMH MOET HENESSY,MC.PA,oui,
2010-03-01,FR0000121261,12126,Michelin B,ML.PA,oui,
2010-03-01,FR0000133308,13330,Orange (ex: France Télécom),ORA.PA,oui,
2010-03-01,FR0000120693,12069,Pernod Ricard,RI.PA,oui,
2010-03-01,FR0000121501,12150,Peugeot S.A.,,non,aucune serie servie sur 2009-2018 (candidat UG.PA)
2010-03-01,FR0000131906,13190,Renault,RNO.PA,oui,
2010-03-01,FR0000125007,12500,SAINT-GOBAIN,SGO.PA,oui,
2010-03-01,FR0000120578,12057,Sanofi,SAN.PA,oui,
2010-03-01,FR0000121972,12197,Schneider (Ex-Spie Batignolles),SU.PA,oui,
2010-03-01,FR0000130809,13080,Société Générale,GLE.PA,oui,
2010-03-01,NL0000226223,12970,STMicroelectronics (Ex-SGS Thomson Microelectronics),STMPA.PA,oui,
2010-03-01,FR0010613471,1061347,Suez,,non,aucune serie servie sur 2009-2018 (candidat SEV.PA)
2010-03-01,FR0000131708,13170,Technip,,non,aucune serie servie sur 2009-2018 (candidat TEC.PA)
2010-03-01,FR0000120271,12027,Total,TTE.PA,oui,
2010-03-01,FR0000124711,12471,Unibail-Rodamco,,non,"aucune serie en euros (candidats UL.PA, URW.AS)"
2010-03-01,FR0000120354,12035,Vallourec,VK.PA,oui,
2010-03-01,FR0000124141,12414,Veolia Environnement,VIE.PA,oui,
2010-03-01,FR0000125486,12548,Vinci,DG.PA,oui,
2010-03-01,FR0000127771,12777,Vivendi,VIV.PA,oui,
2010-03-29,FR0000120404,12040,ACCOR,AC.PA,oui,
2010-03-29,FR0000120073,12007,AIR LIQUIDE,AI.PA,oui,
2010-03-29,NL0000235190,5730,Airbus Group (ex-EADS),AIR.PA,oui,
2010-03-29,FR0000130007,13000,ALCATEL,,non,aucune serie servie sur 2009-2018 (candidat ALU.PA)
2010-03-29,FR0010220475,1022047,Alstom,ALO.PA,oui,
2010-03-29,LU0323134006,32313400,ArcelorMittal,MT.AS,oui,
2010-03-29,FR0000120628,12062,Axa,CS.PA,oui,
2010-03-29,FR0000131104,13110,BNP,BNP.PA,oui,
2010-03-29,FR0000120503,12050,BOUYGUES,EN.PA,oui,
2010-03-29,FR0000125338,12533,Cap Gémini,CAP.PA,oui,
2010-03-29,FR0000120172,12017,CARREFOUR,CA.PA,oui,
2010-03-29,FR0000045072,4507,CREDIT AGRICOLE,ACA.PA,oui,
2010-03-29,FR0000120644,12064,DANONE,BN.PA,oui,
2010-03-29,BE0003796134,12822,Dexia (Ex-Dexia Belgium),,non,aucune serie servie sur 2009-2018 (candidat DEXB.BR)
2010-03-29,FR0010242511,1024251,EDF,,non,aucune serie servie sur 2009-2018 (candidat EDF.PA)
2010-03-29,FR0010208488,1020848,ENGIE (ex-GDF Suez),ENGI.PA,oui,
2010-03-29,FR0000121667,12166,EssilorLuxottica,EL.PA,oui,
2010-03-29,FR0000121485,12148,Kering (ex: Pinault-Printemps-Redoute),KER.PA,oui,
2010-03-29,FR0000120321,12032,L'Oréal,OR.PA,oui,
2010-03-29,FR0000120537,12053,LafargeHolcim,,non,"servie en CHF seulement (HOLN.SW, 2514 seances)"
2010-03-29,FR0000130213,13021,Lagardère,MMB.PA,oui,
2010-03-29,FR0000121014,12101,LVMH MOET HENESSY,MC.PA,oui,
2010-03-29,FR0000121261,12126,Michelin B,ML.PA,oui,
2010-03-29,FR0000133308,13330,Orange (ex: France Télécom),ORA.PA,oui,
2010-03-29,FR0000120693,12069,Pernod Ricard,RI.PA,oui,
2010-03-29,FR0000121501,12150,Peugeot S.A.,,non,aucune serie servie sur 2009-2018 (candidat UG.PA)
2010-03-29,FR0000131906,13190,Renault,RNO.PA,oui,
2010-03-29,FR0000125007,12500,SAINT-GOBAIN,SGO.PA,oui,
2010-03-29,FR0000120578,12057,Sanofi,SAN.PA,oui,
2010-03-29,FR0000121972,12197,Schneider (Ex-Spie Batignolles),SU.PA,oui,
2010-03-29,FR0000130809,13080,Société Générale,GLE.PA,oui,
2010-03-29,NL0000226223,12970,STMicroelectronics (Ex-SGS Thomson Microelectronics),STMPA.PA,oui,
2010-03-29,FR0010613471,1061347,Suez,,non,aucune serie servie sur 2009-2018 (candidat SEV.PA)
2010-03-29,FR0000131708,13170,Technip,,non,aucune serie servie sur 2009-2018 (candidat TEC.PA)
2010-03-29,FR0000120271,12027,Total,TTE.PA,oui,
2010-03-29,FR0000124711,12471,Unibail-Rodamco,,non,"aucune serie en euros (candidats UL.PA, URW.AS)"
2010-03-29,FR0000120354,12035,Vallourec,VK.PA,oui,
2010-03-29,FR0000124141,12414,Veolia Environnement,VIE.PA,oui,
2010-03-29,FR0000125486,12548,Vinci,DG.PA,oui,
2010-03-29,FR0000127771,12777,Vivendi,VIV.PA,oui,
2010-04-28,FR0000120404,12040,ACCOR,AC.PA,oui,
2010-04-28,FR0000120073,12007,AIR LIQUIDE,AI.PA,oui,
2010-04-28,NL0000235190,5730,Airbus Group (ex-EADS),AIR.PA,oui,
2010-04-28,FR0000130007,13000,ALCATEL,,non,aucune serie servie sur 2009-2018 (candidat ALU.PA)
2010-04-28,FR0010220475,1022047,Alstom,ALO.PA,oui,
2010-04-28,LU0323134006,32313400,ArcelorMittal,MT.AS,oui,
2010-04-28,FR0000120628,12062,Axa,CS.PA,oui,
2010-04-28,FR0000131104,13110,BNP,BNP.PA,oui,
2010-04-28,FR0000120503,12050,BOUYGUES,EN.PA,oui,
2010-04-28,FR0000125338,12533,Cap Gémini,CAP.PA,oui,
2010-04-28,FR0000120172,12017,CARREFOUR,CA.PA,oui,
2010-04-28,FR0000045072,4507,CREDIT AGRICOLE,ACA.PA,oui,
2010-04-28,FR0000120644,12064,DANONE,BN.PA,oui,
2010-04-28,BE0003796134,12822,Dexia (Ex-Dexia Belgium),,non,aucune serie servie sur 2009-2018 (candidat DEXB.BR)
2010-04-28,FR0010242511,1024251,EDF,,non,aucune serie servie sur 2009-2018 (candidat EDF.PA)
2010-04-28,FR0010208488,1020848,ENGIE (ex-GDF Suez),ENGI.PA,oui,
2010-04-28,FR0000121667,12166,EssilorLuxottica,EL.PA,oui,
2010-04-28,FR0000121485,12148,Kering (ex: Pinault-Printemps-Redoute),KER.PA,oui,
2010-04-28,FR0000120321,12032,L'Oréal,OR.PA,oui,
2010-04-28,FR0000120537,12053,LafargeHolcim,,non,"servie en CHF seulement (HOLN.SW, 2514 seances)"
2010-04-28,FR0000130213,13021,Lagardère,MMB.PA,oui,
2010-04-28,FR0000121014,12101,LVMH MOET HENESSY,MC.PA,oui,
2010-04-28,FR0000121261,12126,Michelin B,ML.PA,oui,
2010-04-28,FR0000133308,13330,Orange (ex: France Télécom),ORA.PA,oui,
2010-04-28,FR0000120693,12069,Pernod Ricard,RI.PA,oui,
2010-04-28,FR0000121501,12150,Peugeot S.A.,,non,aucune serie servie sur 2009-2018 (candidat UG.PA)
2010-04-28,FR0000131906,13190,Renault,RNO.PA,oui,
2010-04-28,FR0000125007,12500,SAINT-GOBAIN,SGO.PA,oui,
2010-04-28,FR0000120578,12057,Sanofi,SAN.PA,oui,
2010-04-28,FR0000121972,12197,Schneider (Ex-Spie Batignolles),SU.PA,oui,
2010-04-28,FR0000130809,13080,Société Générale,GLE.PA,oui,
2010-04-28,NL0000226223,12970,STMicroelectronics (Ex-SGS Thomson Microelectronics),STMPA.PA,oui,
2010-04-28,FR0010613471,1061347,Suez,,non,aucune serie servie sur 2009-2018 (candidat SEV.PA)
2010-04-28,FR0000131708,13170,Technip,,non,aucune serie servie sur 2009-2018 (candidat TEC.PA)
2010-04-28,FR0000120271,12027,Total,TTE.PA,oui,
2010-04-28,FR0000124711,12471,Unibail-Rodamco,,non,"aucune serie en euros (candidats UL.PA, URW.AS)"
2010-04-28,FR0000120354,12035,Vallourec,VK.PA,oui,
2010-04-28,FR0000124141,12414,Veolia Environnement,VIE.PA,oui,
2010-04-28,FR0000125486,12548,Vinci,DG.PA,oui,
2010-04-28,FR0000127771,12777,Vivendi,VIV.PA,oui,
2010-05-26,FR0000120404,12040,ACCOR,AC.PA,oui,
2010-05-26,FR0000120073,12007,AIR LIQUIDE,AI.PA,oui,
2010-05-26,NL0000235190,5730,Airbus Group (ex-EADS),AIR.PA,oui,
2010-05-26,FR0000130007,13000,ALCATEL,,non,aucune serie servie sur 2009-2018 (candidat ALU.PA)
2010-05-26,FR0010220475,1022047,Alstom,ALO.PA,oui,
2010-05-26,LU0323134006,32313400,ArcelorMittal,MT.AS,oui,
2010-05-26,FR0000120628,12062,Axa,CS.PA,oui,
2010-05-26,FR0000131104,13110,BNP,BNP.PA,oui,
2010-05-26,FR0000120503,12050,BOUYGUES,EN.PA,oui,
2010-05-26,FR0000125338,12533,Cap Gémini,CAP.PA,oui,
2010-05-26,FR0000120172,12017,CARREFOUR,CA.PA,oui,
2010-05-26,FR0000045072,4507,CREDIT AGRICOLE,ACA.PA,oui,
2010-05-26,FR0000120644,12064,DANONE,BN.PA,oui,
2010-05-26,BE0003796134,12822,Dexia (Ex-Dexia Belgium),,non,aucune serie servie sur 2009-2018 (candidat DEXB.BR)
2010-05-26,FR0010242511,1024251,EDF,,non,aucune serie servie sur 2009-2018 (candidat EDF.PA)
2010-05-26,FR0010208488,1020848,ENGIE (ex-GDF Suez),ENGI.PA,oui,
2010-05-26,FR0000121667,12166,EssilorLuxottica,EL.PA,oui,
2010-05-26,FR0000121485,12148,Kering (ex: Pinault-Printemps-Redoute),KER.PA,oui,
2010-05-26,FR0000120321,12032,L'Oréal,OR.PA,oui,
2010-05-26,FR0000120537,12053,LafargeHolcim,,non,"servie en CHF seulement (HOLN.SW, 2514 seances)"
2010-05-26,FR0000130213,13021,Lagardère,MMB.PA,oui,
2010-05-26,FR0000121014,12101,LVMH MOET HENESSY,MC.PA,oui,
2010-05-26,FR0000121261,12126,Michelin B,ML.PA,oui,
2010-05-26,FR0000133308,13330,Orange (ex: France Télécom),ORA.PA,oui,
2010-05-26,FR0000120693,12069,Pernod Ricard,RI.PA,oui,
2010-05-26,FR0000121501,12150,Peugeot S.A.,,non,aucune serie servie sur 2009-2018 (candidat UG.PA)
2010-05-26,FR0000131906,13190,Renault,RNO.PA,oui,
2010-05-26,FR0000125007,12500,SAINT-GOBAIN,SGO.PA,oui,
2010-05-26,FR0000120578,12057,Sanofi,SAN.PA,oui,
2010-05-26,FR0000121972,12197,Schneider (Ex-Spie Batignolles),SU.PA,oui,
2010-05-26,FR0000130809,13080,Société Générale,GLE.PA,oui,
2010-05-26,NL0000226223,12970,STMicroelectronics (Ex-SGS Thomson Microelectronics),STMPA.PA,oui,
2010-05-26,FR0010613471,1061347,Suez,,non,aucune serie servie sur 2009-2018 (candidat SEV.PA)
2010-05-26,FR0000131708,13170,Technip,,non,aucune serie servie sur 2009-2018 (candidat TEC.PA)
2010-05-26,FR0000120271,12027,Total,TTE.PA,oui,
2010-05-26,FR0000124711,12471,Unibail-Rodamco,,non,"aucune serie en euros (candidats UL.PA, URW.AS)"
2010-05-26,FR0000120354,12035,Vallourec,VK.PA,oui,
2010-05-26,FR0000124141,12414,Veolia Environnement,VIE.PA,oui,
2010-05-26,FR0000125486,12548,Vinci,DG.PA,oui,
2010-05-26,FR0000127771,12777,Vivendi,VIV.PA,oui,
2010-06-23,FR0000120404,12040,ACCOR,AC.PA,oui,
2010-06-23,FR0000120073,12007,AIR LIQUIDE,AI.PA,oui,
2010-06-23,NL0000235190,5730,Airbus Group (ex-EADS),AIR.PA,oui,
2010-06-23,FR0000130007,13000,ALCATEL,,non,aucune serie servie sur 2009-2018 (candidat ALU.PA)
2010-06-23,FR0010220475,1022047,Alstom,ALO.PA,oui,
2010-06-23,LU0323134006,32313400,ArcelorMittal,MT.AS,oui,
2010-06-23,FR0000120628,12062,Axa,CS.PA,oui,
2010-06-23,FR0000131104,13110,BNP,BNP.PA,oui,
2010-06-23,FR0000120503,12050,BOUYGUES,EN.PA,oui,
2010-06-23,FR0000125338,12533,Cap Gémini,CAP.PA,oui,
2010-06-23,FR0000120172,12017,CARREFOUR,CA.PA,oui,
2010-06-23,FR0000045072,4507,CREDIT AGRICOLE,ACA.PA,oui,
2010-06-23,FR0000120644,12064,DANONE,BN.PA,oui,
2010-06-23,BE0003796134,12822,Dexia (Ex-Dexia Belgium),,non,aucune serie servie sur 2009-2018 (candidat DEXB.BR)
2010-06-23,FR0010242511,1024251,EDF,,non,aucune serie servie sur 2009-2018 (candidat EDF.PA)
2010-06-23,FR0010208488,1020848,ENGIE (ex-GDF Suez),ENGI.PA,oui,
2010-06-23,FR0000121667,12166,EssilorLuxottica,EL.PA,oui,
2010-06-23,FR0000121485,12148,Kering (ex: Pinault-Printemps-Redoute),KER.PA,oui,
2010-06-23,FR0000120321,12032,L'Oréal,OR.PA,oui,
2010-06-23,FR0000120537,12053,LafargeHolcim,,non,"servie en CHF seulement (HOLN.SW, 2514 seances)"
2010-06-23,FR0000130213,13021,Lagardère,MMB.PA,oui,
2010-06-23,FR0000121014,12101,LVMH MOET HENESSY,MC.PA,oui,
2010-06-23,FR0000121261,12126,Michelin B,ML.PA,oui,
2010-06-23,FR0000133308,13330,Orange (ex: France Télécom),ORA.PA,oui,
2010-06-23,FR0000120693,12069,Pernod Ricard,RI.PA,oui,
2010-06-23,FR0000121501,12150,Peugeot S.A.,,non,aucune serie servie sur 2009-2018 (candidat UG.PA)
2010-06-23,FR0000131906,13190,Renault,RNO.PA,oui,
2010-06-23,FR0000125007,12500,SAINT-GOBAIN,SGO.PA,oui,
2010-06-23,FR0000120578,12057,Sanofi,SAN.PA,oui,
2010-06-23,FR0000121972,12197,Schneider (Ex-Spie Batignolles),SU.PA,oui,
2010-06-23,FR0000130809,13080,Société Générale,GLE.PA,oui,
2010-06-23,NL0000226223,12970,STMicroelectronics (Ex-SGS Thomson Microelectronics),STMPA.PA,oui,
2010-06-23,FR0010613471,1061347,Suez,,non,aucune serie servie sur 2009-2018 (candidat SEV.PA)
2010-06-23,FR0000131708,13170,Technip,,non,aucune serie servie sur 2009-2018 (candidat TEC.PA)
2010-06-23,FR0000120271,12027,Total,TTE.PA,oui,
2010-06-23,FR0000124711,12471,Unibail-Rodamco,,non,"aucune serie en euros (candidats UL.PA, URW.AS)"
2010-06-23,FR0000120354,12035,Vallourec,VK.PA,oui,
2010-06-23,FR0000124141,12414,Veolia Environnement,VIE.PA,oui,
2010-06-23,FR0000125486,12548,Vinci,DG.PA,oui,
2010-06-23,FR0000127771,12777,Vivendi,VIV.PA,oui,
2010-07-21,FR0000120404,12040,ACCOR,AC.PA,oui,
2010-07-21,FR0000120073,12007,AIR LIQUIDE,AI.PA,oui,
2010-07-21,NL0000235190,5730,Airbus Group (ex-EADS),AIR.PA,oui,
2010-07-21,FR0000130007,13000,ALCATEL,,non,aucune serie servie sur 2009-2018 (candidat ALU.PA)
2010-07-21,FR0010220475,1022047,Alstom,ALO.PA,oui,
2010-07-21,LU0323134006,32313400,ArcelorMittal,MT.AS,oui,
2010-07-21,FR0000120628,12062,Axa,CS.PA,oui,
2010-07-21,FR0000131104,13110,BNP,BNP.PA,oui,
2010-07-21,FR0000120503,12050,BOUYGUES,EN.PA,oui,
2010-07-21,FR0000125338,12533,Cap Gémini,CAP.PA,oui,
2010-07-21,FR0000120172,12017,CARREFOUR,CA.PA,oui,
2010-07-21,FR0000045072,4507,CREDIT AGRICOLE,ACA.PA,oui,
2010-07-21,FR0000120644,12064,DANONE,BN.PA,oui,
2010-07-21,BE0003796134,12822,Dexia (Ex-Dexia Belgium),,non,aucune serie servie sur 2009-2018 (candidat DEXB.BR)
2010-07-21,FR0010242511,1024251,EDF,,non,aucune serie servie sur 2009-2018 (candidat EDF.PA)
2010-07-21,FR0010208488,1020848,ENGIE (ex-GDF Suez),ENGI.PA,oui,
2010-07-21,FR0000121667,12166,EssilorLuxottica,EL.PA,oui,
2010-07-21,FR0000121485,12148,Kering (ex: Pinault-Printemps-Redoute),KER.PA,oui,
2010-07-21,FR0000120321,12032,L'Oréal,OR.PA,oui,
2010-07-21,FR0000120537,12053,LafargeHolcim,,non,"servie en CHF seulement (HOLN.SW, 2514 seances)"
2010-07-21,FR0000130213,13021,Lagardère,MMB.PA,oui,
2010-07-21,FR0000121014,12101,LVMH MOET HENESSY,MC.PA,oui,
2010-07-21,FR0000121261,12126,Michelin B,ML.PA,oui,
2010-07-21,FR0000133308,13330,Orange (ex: France Télécom),ORA.PA,oui,
2010-07-21,FR0000120693,12069,Pernod Ricard,RI.PA,oui,
2010-07-21,FR0000121501,12150,Peugeot S.A.,,non,aucune serie servie sur 2009-2018 (candidat UG.PA)
2010-07-21,FR0000131906,13190,Renault,RNO.PA,oui,
2010-07-21,FR0000125007,12500,SAINT-GOBAIN,SGO.PA,oui,
2010-07-21,FR0000120578,12057,Sanofi,SAN.PA,oui,
2010-07-21,FR0000121972,12197,Schneider (Ex-Spie Batignolles),SU.PA,oui,
2010-07-21,FR0000130809,13080,Société Générale,GLE.PA,oui,
2010-07-21,NL0000226223,12970,STMicroelectronics (Ex-SGS Thomson Microelectronics),STMPA.PA,oui,
2010-07-21,FR0010613471,1061347,Suez,,non,aucune serie servie sur 2009-2018 (candidat SEV.PA)
2010-07-21,FR0000131708,13170,Technip,,non,aucune serie servie sur 2009-2018 (candidat TEC.PA)
2010-07-21,FR0000120271,12027,Total,TTE.PA,oui,
2010-07-21,FR0000124711,12471,Unibail-Rodamco,,non,"aucune serie en euros (candidats UL.PA, URW.AS)"
2010-07-21,FR0000120354,12035,Vallourec,VK.PA,oui,
2010-07-21,FR0000124141,12414,Veolia Environnement,VIE.PA,oui,
2010-07-21,FR0000125486,12548,Vinci,DG.PA,oui,
2010-07-21,FR0000127771,12777,Vivendi,VIV.PA,oui,
2010-08-18,FR0000120404,12040,ACCOR,AC.PA,oui,
2010-08-18,FR0000120073,12007,AIR LIQUIDE,AI.PA,oui,
2010-08-18,NL0000235190,5730,Airbus Group (ex-EADS),AIR.PA,oui,
2010-08-18,FR0000130007,13000,ALCATEL,,non,aucune serie servie sur 2009-2018 (candidat ALU.PA)
2010-08-18,FR0010220475,1022047,Alstom,ALO.PA,oui,
2010-08-18,LU0323134006,32313400,ArcelorMittal,MT.AS,oui,
2010-08-18,FR0000120628,12062,Axa,CS.PA,oui,
2010-08-18,FR0000131104,13110,BNP,BNP.PA,oui,
2010-08-18,FR0000120503,12050,BOUYGUES,EN.PA,oui,
2010-08-18,FR0000125338,12533,Cap Gémini,CAP.PA,oui,
2010-08-18,FR0000120172,12017,CARREFOUR,CA.PA,oui,
2010-08-18,FR0000045072,4507,CREDIT AGRICOLE,ACA.PA,oui,
2010-08-18,FR0000120644,12064,DANONE,BN.PA,oui,
2010-08-18,BE0003796134,12822,Dexia (Ex-Dexia Belgium),,non,aucune serie servie sur 2009-2018 (candidat DEXB.BR)
2010-08-18,FR0010242511,1024251,EDF,,non,aucune serie servie sur 2009-2018 (candidat EDF.PA)
2010-08-18,FR0010208488,1020848,ENGIE (ex-GDF Suez),ENGI.PA,oui,
2010-08-18,FR0000121667,12166,EssilorLuxottica,EL.PA,oui,
2010-08-18,FR0000121485,12148,Kering (ex: Pinault-Printemps-Redoute),KER.PA,oui,
2010-08-18,FR0000120321,12032,L'Oréal,OR.PA,oui,
2010-08-18,FR0000120537,12053,LafargeHolcim,,non,"servie en CHF seulement (HOLN.SW, 2514 seances)"
2010-08-18,FR0000130213,13021,Lagardère,MMB.PA,oui,
2010-08-18,FR0000121014,12101,LVMH MOET HENESSY,MC.PA,oui,
2010-08-18,FR0000121261,12126,Michelin B,ML.PA,oui,
2010-08-18,FR0000133308,13330,Orange (ex: France Télécom),ORA.PA,oui,
2010-08-18,FR0000120693,12069,Pernod Ricard,RI.PA,oui,
2010-08-18,FR0000121501,12150,Peugeot S.A.,,non,aucune serie servie sur 2009-2018 (candidat UG.PA)
2010-08-18,FR0000131906,13190,Renault,RNO.PA,oui,
2010-08-18,FR0000125007,12500,SAINT-GOBAIN,SGO.PA,oui,
2010-08-18,FR0000120578,12057,Sanofi,SAN.PA,oui,
2010-08-18,FR0000121972,12197,Schneider (Ex-Spie Batignolles),SU.PA,oui,
2010-08-18,FR0000130809,13080,Société Générale,GLE.PA,oui,
2010-08-18,NL0000226223,12970,STMicroelectronics (Ex-SGS Thomson Microelectronics),STMPA.PA,oui,
2010-08-18,FR0010613471,1061347,Suez,,non,aucune serie servie sur 2009-2018 (candidat SEV.PA)
2010-08-18,FR0000131708,13170,Technip,,non,aucune serie servie sur 2009-2018 (candidat TEC.PA)
2010-08-18,FR0000120271,12027,Total,TTE.PA,oui,
2010-08-18,FR0000124711,12471,Unibail-Rodamco,,non,"aucune serie en euros (candidats UL.PA, URW.AS)"
2010-08-18,FR0000120354,12035,Vallourec,VK.PA,oui,
2010-08-18,FR0000124141,12414,Veolia Environnement,VIE.PA,oui,
2010-08-18,FR0000125486,12548,Vinci,DG.PA,oui,
2010-08-18,FR0000127771,12777,Vivendi,VIV.PA,oui,
2010-09-15,FR0000120404,12040,ACCOR,AC.PA,oui,
2010-09-15,FR0000120073,12007,AIR LIQUIDE,AI.PA,oui,
2010-09-15,NL0000235190,5730,Airbus Group (ex-EADS),AIR.PA,oui,
2010-09-15,FR0000130007,13000,ALCATEL,,non,aucune serie servie sur 2009-2018 (candidat ALU.PA)
2010-09-15,FR0010220475,1022047,Alstom,ALO.PA,oui,
2010-09-15,LU0323134006,32313400,ArcelorMittal,MT.AS,oui,
2010-09-15,FR0000120628,12062,Axa,CS.PA,oui,
2010-09-15,FR0000131104,13110,BNP,BNP.PA,oui,
2010-09-15,FR0000120503,12050,BOUYGUES,EN.PA,oui,
2010-09-15,FR0000125338,12533,Cap Gémini,CAP.PA,oui,
2010-09-15,FR0000120172,12017,CARREFOUR,CA.PA,oui,
2010-09-15,FR0000045072,4507,CREDIT AGRICOLE,ACA.PA,oui,
2010-09-15,FR0000120644,12064,DANONE,BN.PA,oui,
2010-09-15,BE0003796134,12822,Dexia (Ex-Dexia Belgium),,non,aucune serie servie sur 2009-2018 (candidat DEXB.BR)
2010-09-15,FR0010242511,1024251,EDF,,non,aucune serie servie sur 2009-2018 (candidat EDF.PA)
2010-09-15,FR0010208488,1020848,ENGIE (ex-GDF Suez),ENGI.PA,oui,
2010-09-15,FR0000121667,12166,EssilorLuxottica,EL.PA,oui,
2010-09-15,FR0000121485,12148,Kering (ex: Pinault-Printemps-Redoute),KER.PA,oui,
2010-09-15,FR0000120321,12032,L'Oréal,OR.PA,oui,
2010-09-15,FR0000120537,12053,LafargeHolcim,,non,"servie en CHF seulement (HOLN.SW, 2514 seances)"
2010-09-15,FR0000130213,13021,Lagardère,MMB.PA,oui,
2010-09-15,FR0000121014,12101,LVMH MOET HENESSY,MC.PA,oui,
2010-09-15,FR0000121261,12126,Michelin B,ML.PA,oui,
2010-09-15,FR0000133308,13330,Orange (ex: France Télécom),ORA.PA,oui,
2010-09-15,FR0000120693,12069,Pernod Ricard,RI.PA,oui,
2010-09-15,FR0000121501,12150,Peugeot S.A.,,non,aucune serie servie sur 2009-2018 (candidat UG.PA)
2010-09-15,FR0000131906,13190,Renault,RNO.PA,oui,
2010-09-15,FR0000125007,12500,SAINT-GOBAIN,SGO.PA,oui,
2010-09-15,FR0000120578,12057,Sanofi,SAN.PA,oui,
2010-09-15,FR0000121972,12197,Schneider (Ex-Spie Batignolles),SU.PA,oui,
2010-09-15,FR0000130809,13080,Société Générale,GLE.PA,oui,
2010-09-15,NL0000226223,12970,STMicroelectronics (Ex-SGS Thomson Microelectronics),STMPA.PA,oui,
2010-09-15,FR0010613471,1061347,Suez,,non,aucune serie servie sur 2009-2018 (candidat SEV.PA)
2010-09-15,FR0000131708,13170,Technip,,non,aucune serie servie sur 2009-2018 (candidat TEC.PA)
2010-09-15,FR0000120271,12027,Total,TTE.PA,oui,
2010-09-15,FR0000124711,12471,Unibail-Rodamco,,non,"aucune serie en euros (candidats UL.PA, URW.AS)"
2010-09-15,FR0000120354,12035,Vallourec,VK.PA,oui,
2010-09-15,FR0000124141,12414,Veolia Environnement,VIE.PA,oui,
2010-09-15,FR0000125486,12548,Vinci,DG.PA,oui,
2010-09-15,FR0000127771,12777,Vivendi,VIV.PA,oui,
2010-10-13,FR0000120404,12040,ACCOR,AC.PA,oui,
2010-10-13,FR0000120073,12007,AIR LIQUIDE,AI.PA,oui,
2010-10-13,NL0000235190,5730,Airbus Group (ex-EADS),AIR.PA,oui,
2010-10-13,FR0000130007,13000,ALCATEL,,non,aucune serie servie sur 2009-2018 (candidat ALU.PA)
2010-10-13,FR0010220475,1022047,Alstom,ALO.PA,oui,
2010-10-13,LU0323134006,32313400,ArcelorMittal,MT.AS,oui,
2010-10-13,FR0000120628,12062,Axa,CS.PA,oui,
2010-10-13,FR0000131104,13110,BNP,BNP.PA,oui,
2010-10-13,FR0000120503,12050,BOUYGUES,EN.PA,oui,
2010-10-13,FR0000125338,12533,Cap Gémini,CAP.PA,oui,
2010-10-13,FR0000120172,12017,CARREFOUR,CA.PA,oui,
2010-10-13,FR0000045072,4507,CREDIT AGRICOLE,ACA.PA,oui,
2010-10-13,FR0000120644,12064,DANONE,BN.PA,oui,
2010-10-13,FR0010242511,1024251,EDF,,non,aucune serie servie sur 2009-2018 (candidat EDF.PA)
2010-10-13,FR0010208488,1020848,ENGIE (ex-GDF Suez),ENGI.PA,oui,
2010-10-13,FR0000121667,12166,EssilorLuxottica,EL.PA,oui,
2010-10-13,FR0000121485,12148,Kering (ex: Pinault-Printemps-Redoute),KER.PA,oui,
2010-10-13,FR0000120321,12032,L'Oréal,OR.PA,oui,
2010-10-13,FR0000120537,12053,LafargeHolcim,,non,"servie en CHF seulement (HOLN.SW, 2514 seances)"
2010-10-13,FR0000121014,12101,LVMH MOET HENESSY,MC.PA,oui,
2010-10-13,FR0000121261,12126,Michelin B,ML.PA,oui,
2010-10-13,FR0000120685,12068,Natixis,,non,aucune serie servie sur 2009-2018 (candidat KN.PA)
2010-10-13,FR0000133308,13330,Orange (ex: France Télécom),ORA.PA,oui,
2010-10-13,FR0000120693,12069,Pernod Ricard,RI.PA,oui,
2010-10-13,FR0000121501,12150,Peugeot S.A.,,non,aucune serie servie sur 2009-2018 (candidat UG.PA)
2010-10-13,FR0000130577,13057,Publicis Groupe SA,PUB.PA,oui,
2010-10-13,FR0000131906,13190,Renault,RNO.PA,oui,
2010-10-13,FR0000125007,12500,SAINT-GOBAIN,SGO.PA,oui,
2010-10-13,FR0000120578,12057,Sanofi,SAN.PA,oui,
2010-10-13,FR0000121972,12197,Schneider (Ex-Spie Batignolles),SU.PA,oui,
2010-10-13,FR0000130809,13080,Société Générale,GLE.PA,oui,
2010-10-13,NL0000226223,12970,STMicroelectronics (Ex-SGS Thomson Microelectronics),STMPA.PA,oui,
2010-10-13,FR0010613471,1061347,Suez,,non,aucune serie servie sur 2009-2018 (candidat SEV.PA)
2010-10-13,FR0000131708,13170,Technip,,non,aucune serie servie sur 2009-2018 (candidat TEC.PA)
2010-10-13,FR0000120271,12027,Total,TTE.PA,oui,
2010-10-13,FR0000124711,12471,Unibail-Rodamco,,non,"aucune serie en euros (candidats UL.PA, URW.AS)"
2010-10-13,FR0000120354,12035,Vallourec,VK.PA,oui,
2010-10-13,FR0000124141,12414,Veolia Environnement,VIE.PA,oui,
2010-10-13,FR0000125486,12548,Vinci,DG.PA,oui,
2010-10-13,FR0000127771,12777,Vivendi,VIV.PA,oui,
2010-11-10,FR0000120404,12040,ACCOR,AC.PA,oui,
2010-11-10,FR0000120073,12007,AIR LIQUIDE,AI.PA,oui,
2010-11-10,NL0000235190,5730,Airbus Group (ex-EADS),AIR.PA,oui,
2010-11-10,FR0000130007,13000,ALCATEL,,non,aucune serie servie sur 2009-2018 (candidat ALU.PA)
2010-11-10,FR0010220475,1022047,Alstom,ALO.PA,oui,
2010-11-10,LU0323134006,32313400,ArcelorMittal,MT.AS,oui,
2010-11-10,FR0000120628,12062,Axa,CS.PA,oui,
2010-11-10,FR0000131104,13110,BNP,BNP.PA,oui,
2010-11-10,FR0000120503,12050,BOUYGUES,EN.PA,oui,
2010-11-10,FR0000125338,12533,Cap Gémini,CAP.PA,oui,
2010-11-10,FR0000120172,12017,CARREFOUR,CA.PA,oui,
2010-11-10,FR0000045072,4507,CREDIT AGRICOLE,ACA.PA,oui,
2010-11-10,FR0000120644,12064,DANONE,BN.PA,oui,
2010-11-10,FR0010242511,1024251,EDF,,non,aucune serie servie sur 2009-2018 (candidat EDF.PA)
2010-11-10,FR0010208488,1020848,ENGIE (ex-GDF Suez),ENGI.PA,oui,
2010-11-10,FR0000121667,12166,EssilorLuxottica,EL.PA,oui,
2010-11-10,FR0000121485,12148,Kering (ex: Pinault-Printemps-Redoute),KER.PA,oui,
2010-11-10,FR0000120321,12032,L'Oréal,OR.PA,oui,
2010-11-10,FR0000120537,12053,LafargeHolcim,,non,"servie en CHF seulement (HOLN.SW, 2514 seances)"
2010-11-10,FR0000121014,12101,LVMH MOET HENESSY,MC.PA,oui,
2010-11-10,FR0000121261,12126,Michelin B,ML.PA,oui,
2010-11-10,FR0000120685,12068,Natixis,,non,aucune serie servie sur 2009-2018 (candidat KN.PA)
2010-11-10,FR0000133308,13330,Orange (ex: France Télécom),ORA.PA,oui,
2010-11-10,FR0000120693,12069,Pernod Ricard,RI.PA,oui,
2010-11-10,FR0000121501,12150,Peugeot S.A.,,non,aucune serie servie sur 2009-2018 (candidat UG.PA)
2010-11-10,FR0000130577,13057,Publicis Groupe SA,PUB.PA,oui,
2010-11-10,FR0000131906,13190,Renault,RNO.PA,oui,
2010-11-10,FR0000125007,12500,SAINT-GOBAIN,SGO.PA,oui,
2010-11-10,FR0000120578,12057,Sanofi,SAN.PA,oui,
2010-11-10,FR0000121972,12197,Schneider (Ex-Spie Batignolles),SU.PA,oui,
2010-11-10,FR0000130809,13080,Société Générale,GLE.PA,oui,
2010-11-10,NL0000226223,12970,STMicroelectronics (Ex-SGS Thomson Microelectronics),STMPA.PA,oui,
2010-11-10,FR0010613471,1061347,Suez,,non,aucune serie servie sur 2009-2018 (candidat SEV.PA)
2010-11-10,FR0000131708,13170,Technip,,non,aucune serie servie sur 2009-2018 (candidat TEC.PA)
2010-11-10,FR0000120271,12027,Total,TTE.PA,oui,
2010-11-10,FR0000124711,12471,Unibail-Rodamco,,non,"aucune serie en euros (candidats UL.PA, URW.AS)"
2010-11-10,FR0000120354,12035,Vallourec,VK.PA,oui,
2010-11-10,FR0000124141,12414,Veolia Environnement,VIE.PA,oui,
2010-11-10,FR0000125486,12548,Vinci,DG.PA,oui,
2010-11-10,FR0000127771,12777,Vivendi,VIV.PA,oui,
2010-12-08,FR0000120404,12040,ACCOR,AC.PA,oui,
2010-12-08,FR0000120073,12007,AIR LIQUIDE,AI.PA,oui,
2010-12-08,NL0000235190,5730,Airbus Group (ex-EADS),AIR.PA,oui,
2010-12-08,FR0000130007,13000,ALCATEL,,non,aucune serie servie sur 2009-2018 (candidat ALU.PA)
2010-12-08,FR0010220475,1022047,Alstom,ALO.PA,oui,
2010-12-08,LU0323134006,32313400,ArcelorMittal,MT.AS,oui,
2010-12-08,FR0000120628,12062,Axa,CS.PA,oui,
2010-12-08,FR0000131104,13110,BNP,BNP.PA,oui,
2010-12-08,FR0000120503,12050,BOUYGUES,EN.PA,oui,
2010-12-08,FR0000125338,12533,Cap Gémini,CAP.PA,oui,
2010-12-08,FR0000120172,12017,CARREFOUR,CA.PA,oui,
2010-12-08,FR0000045072,4507,CREDIT AGRICOLE,ACA.PA,oui,
2010-12-08,FR0000120644,12064,DANONE,BN.PA,oui,
2010-12-08,FR0010242511,1024251,EDF,,non,aucune serie servie sur 2009-2018 (candidat EDF.PA)
2010-12-08,FR0010208488,1020848,ENGIE (ex-GDF Suez),ENGI.PA,oui,
2010-12-08,FR0000121667,12166,EssilorLuxottica,EL.PA,oui,
2010-12-08,FR0000121485,12148,Kering (ex: Pinault-Printemps-Redoute),KER.PA,oui,
2010-12-08,FR0000120321,12032,L'Oréal,OR.PA,oui,
2010-12-08,FR0000120537,12053,LafargeHolcim,,non,"servie en CHF seulement (HOLN.SW, 2514 seances)"
2010-12-08,FR0000121014,12101,LVMH MOET HENESSY,MC.PA,oui,
2010-12-08,FR0000121261,12126,Michelin B,ML.PA,oui,
2010-12-08,FR0000120685,12068,Natixis,,non,aucune serie servie sur 2009-2018 (candidat KN.PA)
2010-12-08,FR0000133308,13330,Orange (ex: France Télécom),ORA.PA,oui,
2010-12-08,FR0000120693,12069,Pernod Ricard,RI.PA,oui,
2010-12-08,FR0000121501,12150,Peugeot S.A.,,non,aucune serie servie sur 2009-2018 (candidat UG.PA)
2010-12-08,FR0000130577,13057,Publicis Groupe SA,PUB.PA,oui,
2010-12-08,FR0000131906,13190,Renault,RNO.PA,oui,
2010-12-08,FR0000125007,12500,SAINT-GOBAIN,SGO.PA,oui,
2010-12-08,FR0000120578,12057,Sanofi,SAN.PA,oui,
2010-12-08,FR0000121972,12197,Schneider (Ex-Spie Batignolles),SU.PA,oui,
2010-12-08,FR0000130809,13080,Société Générale,GLE.PA,oui,
2010-12-08,NL0000226223,12970,STMicroelectronics (Ex-SGS Thomson Microelectronics),STMPA.PA,oui,
2010-12-08,FR0010613471,1061347,Suez,,non,aucune serie servie sur 2009-2018 (candidat SEV.PA)
2010-12-08,FR0000131708,13170,Technip,,non,aucune serie servie sur 2009-2018 (candidat TEC.PA)
2010-12-08,FR0000120271,12027,Total,TTE.PA,oui,
2010-12-08,FR0000124711,12471,Unibail-Rodamco,,non,"aucune serie en euros (candidats UL.PA, URW.AS)"
2010-12-08,FR0000120354,12035,Vallourec,VK.PA,oui,
2010-12-08,FR0000124141,12414,Veolia Environnement,VIE.PA,oui,
2010-12-08,FR0000125486,12548,Vinci,DG.PA,oui,
2010-12-08,FR0000127771,12777,Vivendi,VIV.PA,oui,
2011-01-07,FR0000120404,12040,ACCOR,AC.PA,oui,
2011-01-07,FR0000120073,12007,AIR LIQUIDE,AI.PA,oui,
2011-01-07,NL0000235190,5730,Airbus Group (ex-EADS),AIR.PA,oui,
2011-01-07,FR0000130007,13000,ALCATEL,,non,aucune serie servie sur 2009-2018 (candidat ALU.PA)
2011-01-07,FR0010220475,1022047,Alstom,ALO.PA,oui,
2011-01-07,LU0323134006,32313400,ArcelorMittal,MT.AS,oui,
2011-01-07,FR0000120628,12062,Axa,CS.PA,oui,
2011-01-07,FR0000131104,13110,BNP,BNP.PA,oui,
2011-01-07,FR0000120503,12050,BOUYGUES,EN.PA,oui,
2011-01-07,FR0000125338,12533,Cap Gémini,CAP.PA,oui,
2011-01-07,FR0000120172,12017,CARREFOUR,CA.PA,oui,
2011-01-07,FR0000045072,4507,CREDIT AGRICOLE,ACA.PA,oui,
2011-01-07,FR0000120644,12064,DANONE,BN.PA,oui,
2011-01-07,FR0010242511,1024251,EDF,,non,aucune serie servie sur 2009-2018 (candidat EDF.PA)
2011-01-07,FR0010208488,1020848,ENGIE (ex-GDF Suez),ENGI.PA,oui,
2011-01-07,FR0000121667,12166,EssilorLuxottica,EL.PA,oui,
2011-01-07,FR0000121485,12148,Kering (ex: Pinault-Printemps-Redoute),KER.PA,oui,
2011-01-07,FR0000120321,12032,L'Oréal,OR.PA,oui,
2011-01-07,FR0000120537,12053,LafargeHolcim,,non,"servie en CHF seulement (HOLN.SW, 2514 seances)"
2011-01-07,FR0000121014,12101,LVMH MOET HENESSY,MC.PA,oui,
2011-01-07,FR0000121261,12126,Michelin B,ML.PA,oui,
2011-01-07,FR0000120685,12068,Natixis,,non,aucune serie servie sur 2009-2018 (candidat KN.PA)
2011-01-07,FR0000133308,13330,Orange (ex: France Télécom),ORA.PA,oui,
2011-01-07,FR0000120693,12069,Pernod Ricard,RI.PA,oui,
2011-01-07,FR0000121501,12150,Peugeot S.A.,,non,aucune serie servie sur 2009-2018 (candidat UG.PA)
2011-01-07,FR0000130577,13057,Publicis Groupe SA,PUB.PA,oui,
2011-01-07,FR0000131906,13190,Renault,RNO.PA,oui,
2011-01-07,FR0000125007,12500,SAINT-GOBAIN,SGO.PA,oui,
2011-01-07,FR0000120578,12057,Sanofi,SAN.PA,oui,
2011-01-07,FR0000121972,12197,Schneider (Ex-Spie Batignolles),SU.PA,oui,
2011-01-07,FR0000130809,13080,Société Générale,GLE.PA,oui,
2011-01-07,NL0000226223,12970,STMicroelectronics (Ex-SGS Thomson Microelectronics),STMPA.PA,oui,
2011-01-07,FR0010613471,1061347,Suez,,non,aucune serie servie sur 2009-2018 (candidat SEV.PA)
2011-01-07,FR0000131708,13170,Technip,,non,aucune serie servie sur 2009-2018 (candidat TEC.PA)
2011-01-07,FR0000120271,12027,Total,TTE.PA,oui,
2011-01-07,FR0000124711,12471,Unibail-Rodamco,,non,"aucune serie en euros (candidats UL.PA, URW.AS)"
2011-01-07,FR0000120354,12035,Vallourec,VK.PA,oui,
2011-01-07,FR0000124141,12414,Veolia Environnement,VIE.PA,oui,
2011-01-07,FR0000125486,12548,Vinci,DG.PA,oui,
2011-01-07,FR0000127771,12777,Vivendi,VIV.PA,oui,
2011-02-04,FR0000120404,12040,ACCOR,AC.PA,oui,
2011-02-04,FR0000120073,12007,AIR LIQUIDE,AI.PA,oui,
2011-02-04,NL0000235190,5730,Airbus Group (ex-EADS),AIR.PA,oui,
2011-02-04,FR0000130007,13000,ALCATEL,,non,aucune serie servie sur 2009-2018 (candidat ALU.PA)
2011-02-04,FR0010220475,1022047,Alstom,ALO.PA,oui,
2011-02-04,LU0323134006,32313400,ArcelorMittal,MT.AS,oui,
2011-02-04,FR0000120628,12062,Axa,CS.PA,oui,
2011-02-04,FR0000131104,13110,BNP,BNP.PA,oui,
2011-02-04,FR0000120503,12050,BOUYGUES,EN.PA,oui,
2011-02-04,FR0000125338,12533,Cap Gémini,CAP.PA,oui,
2011-02-04,FR0000120172,12017,CARREFOUR,CA.PA,oui,
2011-02-04,FR0000045072,4507,CREDIT AGRICOLE,ACA.PA,oui,
2011-02-04,FR0000120644,12064,DANONE,BN.PA,oui,
2011-02-04,FR0010242511,1024251,EDF,,non,aucune serie servie sur 2009-2018 (candidat EDF.PA)
2011-02-04,FR0010208488,1020848,ENGIE (ex-GDF Suez),ENGI.PA,oui,
2011-02-04,FR0000121667,12166,EssilorLuxottica,EL.PA,oui,
2011-02-04,FR0000121485,12148,Kering (ex: Pinault-Printemps-Redoute),KER.PA,oui,
2011-02-04,FR0000120321,12032,L'Oréal,OR.PA,oui,
2011-02-04,FR0000120537,12053,LafargeHolcim,,non,"servie en CHF seulement (HOLN.SW, 2514 seances)"
2011-02-04,FR0000121014,12101,LVMH MOET HENESSY,MC.PA,oui,
2011-02-04,FR0000121261,12126,Michelin B,ML.PA,oui,
2011-02-04,FR0000120685,12068,Natixis,,non,aucune serie servie sur 2009-2018 (candidat KN.PA)
2011-02-04,FR0000133308,13330,Orange (ex: France Télécom),ORA.PA,oui,
2011-02-04,FR0000120693,12069,Pernod Ricard,RI.PA,oui,
2011-02-04,FR0000121501,12150,Peugeot S.A.,,non,aucune serie servie sur 2009-2018 (candidat UG.PA)
2011-02-04,FR0000130577,13057,Publicis Groupe SA,PUB.PA,oui,
2011-02-04,FR0000131906,13190,Renault,RNO.PA,oui,
2011-02-04,FR0000125007,12500,SAINT-GOBAIN,SGO.PA,oui,
2011-02-04,FR0000120578,12057,Sanofi,SAN.PA,oui,
2011-02-04,FR0000121972,12197,Schneider (Ex-Spie Batignolles),SU.PA,oui,
2011-02-04,FR0000130809,13080,Société Générale,GLE.PA,oui,
2011-02-04,NL0000226223,12970,STMicroelectronics (Ex-SGS Thomson Microelectronics),STMPA.PA,oui,
2011-02-04,FR0010613471,1061347,Suez,,non,aucune serie servie sur 2009-2018 (candidat SEV.PA)
2011-02-04,FR0000131708,13170,Technip,,non,aucune serie servie sur 2009-2018 (candidat TEC.PA)
2011-02-04,FR0000120271,12027,Total,TTE.PA,oui,
2011-02-04,FR0000124711,12471,Unibail-Rodamco,,non,"aucune serie en euros (candidats UL.PA, URW.AS)"
2011-02-04,FR0000120354,12035,Vallourec,VK.PA,oui,
2011-02-04,FR0000124141,12414,Veolia Environnement,VIE.PA,oui,
2011-02-04,FR0000125486,12548,Vinci,DG.PA,oui,
2011-02-04,FR0000127771,12777,Vivendi,VIV.PA,oui,
2011-03-04,FR0000120404,12040,ACCOR,AC.PA,oui,
2011-03-04,FR0000120073,12007,AIR LIQUIDE,AI.PA,oui,
2011-03-04,NL0000235190,5730,Airbus Group (ex-EADS),AIR.PA,oui,
2011-03-04,FR0000130007,13000,ALCATEL,,non,aucune serie servie sur 2009-2018 (candidat ALU.PA)
2011-03-04,FR0010220475,1022047,Alstom,ALO.PA,oui,
2011-03-04,LU0323134006,32313400,ArcelorMittal,MT.AS,oui,
2011-03-04,FR0000120628,12062,Axa,CS.PA,oui,
2011-03-04,FR0000131104,13110,BNP,BNP.PA,oui,
2011-03-04,FR0000120503,12050,BOUYGUES,EN.PA,oui,
2011-03-04,FR0000125338,12533,Cap Gémini,CAP.PA,oui,
2011-03-04,FR0000120172,12017,CARREFOUR,CA.PA,oui,
2011-03-04,FR0000045072,4507,CREDIT AGRICOLE,ACA.PA,oui,
2011-03-04,FR0000120644,12064,DANONE,BN.PA,oui,
2011-03-04,FR0010242511,1024251,EDF,,non,aucune serie servie sur 2009-2018 (candidat EDF.PA)
2011-03-04,FR0010208488,1020848,ENGIE (ex-GDF Suez),ENGI.PA,oui,
2011-03-04,FR0000121667,12166,EssilorLuxottica,EL.PA,oui,
2011-03-04,FR0000121485,12148,Kering (ex: Pinault-Printemps-Redoute),KER.PA,oui,
2011-03-04,FR0000120321,12032,L'Oréal,OR.PA,oui,
2011-03-04,FR0000120537,12053,LafargeHolcim,,non,"servie en CHF seulement (HOLN.SW, 2514 seances)"
2011-03-04,FR0000121014,12101,LVMH MOET HENESSY,MC.PA,oui,
2011-03-04,FR0000121261,12126,Michelin B,ML.PA,oui,
2011-03-04,FR0000120685,12068,Natixis,,non,aucune serie servie sur 2009-2018 (candidat KN.PA)
2011-03-04,FR0000133308,13330,Orange (ex: France Télécom),ORA.PA,oui,
2011-03-04,FR0000120693,12069,Pernod Ricard,RI.PA,oui,
2011-03-04,FR0000121501,12150,Peugeot S.A.,,non,aucune serie servie sur 2009-2018 (candidat UG.PA)
2011-03-04,FR0000130577,13057,Publicis Groupe SA,PUB.PA,oui,
2011-03-04,FR0000131906,13190,Renault,RNO.PA,oui,
2011-03-04,FR0000125007,12500,SAINT-GOBAIN,SGO.PA,oui,
2011-03-04,FR0000120578,12057,Sanofi,SAN.PA,oui,
2011-03-04,FR0000121972,12197,Schneider (Ex-Spie Batignolles),SU.PA,oui,
2011-03-04,FR0000130809,13080,Société Générale,GLE.PA,oui,
2011-03-04,NL0000226223,12970,STMicroelectronics (Ex-SGS Thomson Microelectronics),STMPA.PA,oui,
2011-03-04,FR0010613471,1061347,Suez,,non,aucune serie servie sur 2009-2018 (candidat SEV.PA)
2011-03-04,FR0000131708,13170,Technip,,non,aucune serie servie sur 2009-2018 (candidat TEC.PA)
2011-03-04,FR0000120271,12027,Total,TTE.PA,oui,
2011-03-04,FR0000124711,12471,Unibail-Rodamco,,non,"aucune serie en euros (candidats UL.PA, URW.AS)"
2011-03-04,FR0000120354,12035,Vallourec,VK.PA,oui,
2011-03-04,FR0000124141,12414,Veolia Environnement,VIE.PA,oui,
2011-03-04,FR0000125486,12548,Vinci,DG.PA,oui,
2011-03-04,FR0000127771,12777,Vivendi,VIV.PA,oui,
2011-04-01,FR0000120404,12040,ACCOR,AC.PA,oui,
2011-04-01,FR0000120073,12007,AIR LIQUIDE,AI.PA,oui,
2011-04-01,NL0000235190,5730,Airbus Group (ex-EADS),AIR.PA,oui,
2011-04-01,FR0000130007,13000,ALCATEL,,non,aucune serie servie sur 2009-2018 (candidat ALU.PA)
2011-04-01,FR0010220475,1022047,Alstom,ALO.PA,oui,
2011-04-01,LU0323134006,32313400,ArcelorMittal,MT.AS,oui,
2011-04-01,FR0000120628,12062,Axa,CS.PA,oui,
2011-04-01,FR0000131104,13110,BNP,BNP.PA,oui,
2011-04-01,FR0000120503,12050,BOUYGUES,EN.PA,oui,
2011-04-01,FR0000125338,12533,Cap Gémini,CAP.PA,oui,
2011-04-01,FR0000120172,12017,CARREFOUR,CA.PA,oui,
2011-04-01,FR0000045072,4507,CREDIT AGRICOLE,ACA.PA,oui,
2011-04-01,FR0000120644,12064,DANONE,BN.PA,oui,
2011-04-01,FR0010242511,1024251,EDF,,non,aucune serie servie sur 2009-2018 (candidat EDF.PA)
2011-04-01,FR0010208488,1020848,ENGIE (ex-GDF Suez),ENGI.PA,oui,
2011-04-01,FR0000121667,12166,EssilorLuxottica,EL.PA,oui,
2011-04-01,FR0000121485,12148,Kering (ex: Pinault-Printemps-Redoute),KER.PA,oui,
2011-04-01,FR0000120321,12032,L'Oréal,OR.PA,oui,
2011-04-01,FR0000120537,12053,LafargeHolcim,,non,"servie en CHF seulement (HOLN.SW, 2514 seances)"
2011-04-01,FR0000121014,12101,LVMH MOET HENESSY,MC.PA,oui,
2011-04-01,FR0000121261,12126,Michelin B,ML.PA,oui,
2011-04-01,FR0000120685,12068,Natixis,,non,aucune serie servie sur 2009-2018 (candidat KN.PA)
2011-04-01,FR0000133308,13330,Orange (ex: France Télécom),ORA.PA,oui,
2011-04-01,FR0000120693,12069,Pernod Ricard,RI.PA,oui,
2011-04-01,FR0000121501,12150,Peugeot S.A.,,non,aucune serie servie sur 2009-2018 (candidat UG.PA)
2011-04-01,FR0000130577,13057,Publicis Groupe SA,PUB.PA,oui,
2011-04-01,FR0000131906,13190,Renault,RNO.PA,oui,
2011-04-01,FR0000125007,12500,SAINT-GOBAIN,SGO.PA,oui,
2011-04-01,FR0000120578,12057,Sanofi,SAN.PA,oui,
2011-04-01,FR0000121972,12197,Schneider (Ex-Spie Batignolles),SU.PA,oui,
2011-04-01,FR0000130809,13080,Société Générale,GLE.PA,oui,
2011-04-01,NL0000226223,12970,STMicroelectronics (Ex-SGS Thomson Microelectronics),STMPA.PA,oui,
2011-04-01,FR0010613471,1061347,Suez,,non,aucune serie servie sur 2009-2018 (candidat SEV.PA)
2011-04-01,FR0000131708,13170,Technip,,non,aucune serie servie sur 2009-2018 (candidat TEC.PA)
2011-04-01,FR0000120271,12027,Total,TTE.PA,oui,
2011-04-01,FR0000124711,12471,Unibail-Rodamco,,non,"aucune serie en euros (candidats UL.PA, URW.AS)"
2011-04-01,FR0000120354,12035,Vallourec,VK.PA,oui,
2011-04-01,FR0000124141,12414,Veolia Environnement,VIE.PA,oui,
2011-04-01,FR0000125486,12548,Vinci,DG.PA,oui,
2011-04-01,FR0000127771,12777,Vivendi,VIV.PA,oui,
2011-05-03,FR0000120404,12040,ACCOR,AC.PA,oui,
2011-05-03,FR0000120073,12007,AIR LIQUIDE,AI.PA,oui,
2011-05-03,NL0000235190,5730,Airbus Group (ex-EADS),AIR.PA,oui,
2011-05-03,FR0000130007,13000,ALCATEL,,non,aucune serie servie sur 2009-2018 (candidat ALU.PA)
2011-05-03,FR0010220475,1022047,Alstom,ALO.PA,oui,
2011-05-03,LU0323134006,32313400,ArcelorMittal,MT.AS,oui,
2011-05-03,FR0000120628,12062,Axa,CS.PA,oui,
2011-05-03,FR0000131104,13110,BNP,BNP.PA,oui,
2011-05-03,FR0000120503,12050,BOUYGUES,EN.PA,oui,
2011-05-03,FR0000125338,12533,Cap Gémini,CAP.PA,oui,
2011-05-03,FR0000120172,12017,CARREFOUR,CA.PA,oui,
2011-05-03,FR0000045072,4507,CREDIT AGRICOLE,ACA.PA,oui,
2011-05-03,FR0000120644,12064,DANONE,BN.PA,oui,
2011-05-03,FR0010242511,1024251,EDF,,non,aucune serie servie sur 2009-2018 (candidat EDF.PA)
2011-05-03,FR0010208488,1020848,ENGIE (ex-GDF Suez),ENGI.PA,oui,
2011-05-03,FR0000121667,12166,EssilorLuxottica,EL.PA,oui,
2011-05-03,FR0000121485,12148,Kering (ex: Pinault-Printemps-Redoute),KER.PA,oui,
2011-05-03,FR0000120321,12032,L'Oréal,OR.PA,oui,
2011-05-03,FR0000120537,12053,LafargeHolcim,,non,"servie en CHF seulement (HOLN.SW, 2514 seances)"
2011-05-03,FR0000121014,12101,LVMH MOET HENESSY,MC.PA,oui,
2011-05-03,FR0000121261,12126,Michelin B,ML.PA,oui,
2011-05-03,FR0000120685,12068,Natixis,,non,aucune serie servie sur 2009-2018 (candidat KN.PA)
2011-05-03,FR0000133308,13330,Orange (ex: France Télécom),ORA.PA,oui,
2011-05-03,FR0000120693,12069,Pernod Ricard,RI.PA,oui,
2011-05-03,FR0000121501,12150,Peugeot S.A.,,non,aucune serie servie sur 2009-2018 (candidat UG.PA)
2011-05-03,FR0000130577,13057,Publicis Groupe SA,PUB.PA,oui,
2011-05-03,FR0000131906,13190,Renault,RNO.PA,oui,
2011-05-03,FR0000125007,12500,SAINT-GOBAIN,SGO.PA,oui,
2011-05-03,FR0000120578,12057,Sanofi,SAN.PA,oui,
2011-05-03,FR0000121972,12197,Schneider (Ex-Spie Batignolles),SU.PA,oui,
2011-05-03,FR0000130809,13080,Société Générale,GLE.PA,oui,
2011-05-03,NL0000226223,12970,STMicroelectronics (Ex-SGS Thomson Microelectronics),STMPA.PA,oui,
2011-05-03,FR0010613471,1061347,Suez,,non,aucune serie servie sur 2009-2018 (candidat SEV.PA)
2011-05-03,FR0000131708,13170,Technip,,non,aucune serie servie sur 2009-2018 (candidat TEC.PA)
2011-05-03,FR0000120271,12027,Total,TTE.PA,oui,
2011-05-03,FR0000124711,12471,Unibail-Rodamco,,non,"aucune serie en euros (candidats UL.PA, URW.AS)"
2011-05-03,FR0000120354,12035,Vallourec,VK.PA,oui,
2011-05-03,FR0000124141,12414,Veolia Environnement,VIE.PA,oui,
2011-05-03,FR0000125486,12548,Vinci,DG.PA,oui,
2011-05-03,FR0000127771,12777,Vivendi,VIV.PA,oui,
2011-05-31,FR0000120404,12040,ACCOR,AC.PA,oui,
2011-05-31,FR0000120073,12007,AIR LIQUIDE,AI.PA,oui,
2011-05-31,NL0000235190,5730,Airbus Group (ex-EADS),AIR.PA,oui,
2011-05-31,FR0000130007,13000,ALCATEL,,non,aucune serie servie sur 2009-2018 (candidat ALU.PA)
2011-05-31,FR0010220475,1022047,Alstom,ALO.PA,oui,
2011-05-31,LU0323134006,32313400,ArcelorMittal,MT.AS,oui,
2011-05-31,FR0000120628,12062,Axa,CS.PA,oui,
2011-05-31,FR0000131104,13110,BNP,BNP.PA,oui,
2011-05-31,FR0000120503,12050,BOUYGUES,EN.PA,oui,
2011-05-31,FR0000125338,12533,Cap Gémini,CAP.PA,oui,
2011-05-31,FR0000120172,12017,CARREFOUR,CA.PA,oui,
2011-05-31,FR0000045072,4507,CREDIT AGRICOLE,ACA.PA,oui,
2011-05-31,FR0000120644,12064,DANONE,BN.PA,oui,
2011-05-31,FR0010242511,1024251,EDF,,non,aucune serie servie sur 2009-2018 (candidat EDF.PA)
2011-05-31,FR0010208488,1020848,ENGIE (ex-GDF Suez),ENGI.PA,oui,
2011-05-31,FR0000121667,12166,EssilorLuxottica,EL.PA,oui,
2011-05-31,FR0000121485,12148,Kering (ex: Pinault-Printemps-Redoute),KER.PA,oui,
2011-05-31,FR0000120321,12032,L'Oréal,OR.PA,oui,
2011-05-31,FR0000120537,12053,LafargeHolcim,,non,"servie en CHF seulement (HOLN.SW, 2514 seances)"
2011-05-31,FR0000121014,12101,LVMH MOET HENESSY,MC.PA,oui,
2011-05-31,FR0000121261,12126,Michelin B,ML.PA,oui,
2011-05-31,FR0000120685,12068,Natixis,,non,aucune serie servie sur 2009-2018 (candidat KN.PA)
2011-05-31,FR0000133308,13330,Orange (ex: France Télécom),ORA.PA,oui,
2011-05-31,FR0000120693,12069,Pernod Ricard,RI.PA,oui,
2011-05-31,FR0000121501,12150,Peugeot S.A.,,non,aucune serie servie sur 2009-2018 (candidat UG.PA)
2011-05-31,FR0000130577,13057,Publicis Groupe SA,PUB.PA,oui,
2011-05-31,FR0000131906,13190,Renault,RNO.PA,oui,
2011-05-31,FR0000125007,12500,SAINT-GOBAIN,SGO.PA,oui,
2011-05-31,FR0000120578,12057,Sanofi,SAN.PA,oui,
2011-05-31,FR0000121972,12197,Schneider (Ex-Spie Batignolles),SU.PA,oui,
2011-05-31,FR0000130809,13080,Société Générale,GLE.PA,oui,
2011-05-31,NL0000226223,12970,STMicroelectronics (Ex-SGS Thomson Microelectronics),STMPA.PA,oui,
2011-05-31,FR0010613471,1061347,Suez,,non,aucune serie servie sur 2009-2018 (candidat SEV.PA)
2011-05-31,FR0000131708,13170,Technip,,non,aucune serie servie sur 2009-2018 (candidat TEC.PA)
2011-05-31,FR0000120271,12027,Total,TTE.PA,oui,
2011-05-31,FR0000124711,12471,Unibail-Rodamco,,non,"aucune serie en euros (candidats UL.PA, URW.AS)"
2011-05-31,FR0000120354,12035,Vallourec,VK.PA,oui,
2011-05-31,FR0000124141,12414,Veolia Environnement,VIE.PA,oui,
2011-05-31,FR0000125486,12548,Vinci,DG.PA,oui,
2011-05-31,FR0000127771,12777,Vivendi,VIV.PA,oui,
2011-06-28,FR0000120404,12040,ACCOR,AC.PA,oui,
2011-06-28,FR0000120073,12007,AIR LIQUIDE,AI.PA,oui,
2011-06-28,NL0000235190,5730,Airbus Group (ex-EADS),AIR.PA,oui,
2011-06-28,FR0000130007,13000,ALCATEL,,non,aucune serie servie sur 2009-2018 (candidat ALU.PA)
2011-06-28,FR0010220475,1022047,Alstom,ALO.PA,oui,
2011-06-28,LU0323134006,32313400,ArcelorMittal,MT.AS,oui,
2011-06-28,FR0000120628,12062,Axa,CS.PA,oui,
2011-06-28,FR0000131104,13110,BNP,BNP.PA,oui,
2011-06-28,FR0000120503,12050,BOUYGUES,EN.PA,oui,
2011-06-28,FR0000125338,12533,Cap Gémini,CAP.PA,oui,
2011-06-28,FR0000120172,12017,CARREFOUR,CA.PA,oui,
2011-06-28,FR0000045072,4507,CREDIT AGRICOLE,ACA.PA,oui,
2011-06-28,FR0000120644,12064,DANONE,BN.PA,oui,
2011-06-28,FR0010242511,1024251,EDF,,non,aucune serie servie sur 2009-2018 (candidat EDF.PA)
2011-06-28,FR0010208488,1020848,ENGIE (ex-GDF Suez),ENGI.PA,oui,
2011-06-28,FR0000121667,12166,EssilorLuxottica,EL.PA,oui,
2011-06-28,FR0000121485,12148,Kering (ex: Pinault-Printemps-Redoute),KER.PA,oui,
2011-06-28,FR0000120321,12032,L'Oréal,OR.PA,oui,
2011-06-28,FR0000120537,12053,LafargeHolcim,,non,"servie en CHF seulement (HOLN.SW, 2514 seances)"
2011-06-28,FR0000121014,12101,LVMH MOET HENESSY,MC.PA,oui,
2011-06-28,FR0000121261,12126,Michelin B,ML.PA,oui,
2011-06-28,FR0000120685,12068,Natixis,,non,aucune serie servie sur 2009-2018 (candidat KN.PA)
2011-06-28,FR0000133308,13330,Orange (ex: France Télécom),ORA.PA,oui,
2011-06-28,FR0000120693,12069,Pernod Ricard,RI.PA,oui,
2011-06-28,FR0000121501,12150,Peugeot S.A.,,non,aucune serie servie sur 2009-2018 (candidat UG.PA)
2011-06-28,FR0000130577,13057,Publicis Groupe SA,PUB.PA,oui,
2011-06-28,FR0000131906,13190,Renault,RNO.PA,oui,
2011-06-28,FR0000125007,12500,SAINT-GOBAIN,SGO.PA,oui,
2011-06-28,FR0000120578,12057,Sanofi,SAN.PA,oui,
2011-06-28,FR0000121972,12197,Schneider (Ex-Spie Batignolles),SU.PA,oui,
2011-06-28,FR0000130809,13080,Société Générale,GLE.PA,oui,
2011-06-28,NL0000226223,12970,STMicroelectronics (Ex-SGS Thomson Microelectronics),STMPA.PA,oui,
2011-06-28,FR0010613471,1061347,Suez,,non,aucune serie servie sur 2009-2018 (candidat SEV.PA)
2011-06-28,FR0000131708,13170,Technip,,non,aucune serie servie sur 2009-2018 (candidat TEC.PA)
2011-06-28,FR0000120271,12027,Total,TTE.PA,oui,
2011-06-28,FR0000124711,12471,Unibail-Rodamco,,non,"aucune serie en euros (candidats UL.PA, URW.AS)"
2011-06-28,FR0000120354,12035,Vallourec,VK.PA,oui,
2011-06-28,FR0000124141,12414,Veolia Environnement,VIE.PA,oui,
2011-06-28,FR0000125486,12548,Vinci,DG.PA,oui,
2011-06-28,FR0000127771,12777,Vivendi,VIV.PA,oui,
2011-07-26,FR0000120404,12040,ACCOR,AC.PA,oui,
2011-07-26,FR0000120073,12007,AIR LIQUIDE,AI.PA,oui,
2011-07-26,NL0000235190,5730,Airbus Group (ex-EADS),AIR.PA,oui,
2011-07-26,FR0000130007,13000,ALCATEL,,non,aucune serie servie sur 2009-2018 (candidat ALU.PA)
2011-07-26,FR0010220475,1022047,Alstom,ALO.PA,oui,
2011-07-26,LU0323134006,32313400,ArcelorMittal,MT.AS,oui,
2011-07-26,FR0000120628,12062,Axa,CS.PA,oui,
2011-07-26,FR0000131104,13110,BNP,BNP.PA,oui,
2011-07-26,FR0000120503,12050,BOUYGUES,EN.PA,oui,
2011-07-26,FR0000125338,12533,Cap Gémini,CAP.PA,oui,
2011-07-26,FR0000120172,12017,CARREFOUR,CA.PA,oui,
2011-07-26,FR0000045072,4507,CREDIT AGRICOLE,ACA.PA,oui,
2011-07-26,FR0000120644,12064,DANONE,BN.PA,oui,
2011-07-26,FR0010242511,1024251,EDF,,non,aucune serie servie sur 2009-2018 (candidat EDF.PA)
2011-07-26,FR0010208488,1020848,ENGIE (ex-GDF Suez),ENGI.PA,oui,
2011-07-26,FR0000121667,12166,EssilorLuxottica,EL.PA,oui,
2011-07-26,FR0000121485,12148,Kering (ex: Pinault-Printemps-Redoute),KER.PA,oui,
2011-07-26,FR0000120321,12032,L'Oréal,OR.PA,oui,
2011-07-26,FR0000120537,12053,LafargeHolcim,,non,"servie en CHF seulement (HOLN.SW, 2514 seances)"
2011-07-26,FR0000121014,12101,LVMH MOET HENESSY,MC.PA,oui,
2011-07-26,FR0000121261,12126,Michelin B,ML.PA,oui,
2011-07-26,FR0000120685,12068,Natixis,,non,aucune serie servie sur 2009-2018 (candidat KN.PA)
2011-07-26,FR0000133308,13330,Orange (ex: France Télécom),ORA.PA,oui,
2011-07-26,FR0000120693,12069,Pernod Ricard,RI.PA,oui,
2011-07-26,FR0000121501,12150,Peugeot S.A.,,non,aucune serie servie sur 2009-2018 (candidat UG.PA)
2011-07-26,FR0000130577,13057,Publicis Groupe SA,PUB.PA,oui,
2011-07-26,FR0000131906,13190,Renault,RNO.PA,oui,
2011-07-26,FR0000125007,12500,SAINT-GOBAIN,SGO.PA,oui,
2011-07-26,FR0000120578,12057,Sanofi,SAN.PA,oui,
2011-07-26,FR0000121972,12197,Schneider (Ex-Spie Batignolles),SU.PA,oui,
2011-07-26,FR0000130809,13080,Société Générale,GLE.PA,oui,
2011-07-26,NL0000226223,12970,STMicroelectronics (Ex-SGS Thomson Microelectronics),STMPA.PA,oui,
2011-07-26,FR0010613471,1061347,Suez,,non,aucune serie servie sur 2009-2018 (candidat SEV.PA)
2011-07-26,FR0000131708,13170,Technip,,non,aucune serie servie sur 2009-2018 (candidat TEC.PA)
2011-07-26,FR0000120271,12027,Total,TTE.PA,oui,
2011-07-26,FR0000124711,12471,Unibail-Rodamco,,non,"aucune serie en euros (candidats UL.PA, URW.AS)"
2011-07-26,FR0000120354,12035,Vallourec,VK.PA,oui,
2011-07-26,FR0000124141,12414,Veolia Environnement,VIE.PA,oui,
2011-07-26,FR0000125486,12548,Vinci,DG.PA,oui,
2011-07-26,FR0000127771,12777,Vivendi,VIV.PA,oui,
2011-08-23,FR0000120404,12040,ACCOR,AC.PA,oui,
2011-08-23,FR0000120073,12007,AIR LIQUIDE,AI.PA,oui,
2011-08-23,NL0000235190,5730,Airbus Group (ex-EADS),AIR.PA,oui,
2011-08-23,FR0000130007,13000,ALCATEL,,non,aucune serie servie sur 2009-2018 (candidat ALU.PA)
2011-08-23,FR0010220475,1022047,Alstom,ALO.PA,oui,
2011-08-23,LU0323134006,32313400,ArcelorMittal,MT.AS,oui,
2011-08-23,FR0000120628,12062,Axa,CS.PA,oui,
2011-08-23,FR0000131104,13110,BNP,BNP.PA,oui,
2011-08-23,FR0000120503,12050,BOUYGUES,EN.PA,oui,
2011-08-23,FR0000125338,12533,Cap Gémini,CAP.PA,oui,
2011-08-23,FR0000120172,12017,CARREFOUR,CA.PA,oui,
2011-08-23,FR0000045072,4507,CREDIT AGRICOLE,ACA.PA,oui,
2011-08-23,FR0000120644,12064,DANONE,BN.PA,oui,
2011-08-23,FR0010242511,1024251,EDF,,non,aucune serie servie sur 2009-2018 (candidat EDF.PA)
2011-08-23,FR0010208488,1020848,ENGIE (ex-GDF Suez),ENGI.PA,oui,
2011-08-23,FR0000121667,12166,EssilorLuxottica,EL.PA,oui,
2011-08-23,FR0000121485,12148,Kering (ex: Pinault-Printemps-Redoute),KER.PA,oui,
2011-08-23,FR0000120321,12032,L'Oréal,OR.PA,oui,
2011-08-23,FR0000120537,12053,LafargeHolcim,,non,"servie en CHF seulement (HOLN.SW, 2514 seances)"
2011-08-23,FR0000121014,12101,LVMH MOET HENESSY,MC.PA,oui,
2011-08-23,FR0000121261,12126,Michelin B,ML.PA,oui,
2011-08-23,FR0000120685,12068,Natixis,,non,aucune serie servie sur 2009-2018 (candidat KN.PA)
2011-08-23,FR0000133308,13330,Orange (ex: France Télécom),ORA.PA,oui,
2011-08-23,FR0000120693,12069,Pernod Ricard,RI.PA,oui,
2011-08-23,FR0000121501,12150,Peugeot S.A.,,non,aucune serie servie sur 2009-2018 (candidat UG.PA)
2011-08-23,FR0000130577,13057,Publicis Groupe SA,PUB.PA,oui,
2011-08-23,FR0000131906,13190,Renault,RNO.PA,oui,
2011-08-23,FR0000125007,12500,SAINT-GOBAIN,SGO.PA,oui,
2011-08-23,FR0000120578,12057,Sanofi,SAN.PA,oui,
2011-08-23,FR0000121972,12197,Schneider (Ex-Spie Batignolles),SU.PA,oui,
2011-08-23,FR0000130809,13080,Société Générale,GLE.PA,oui,
2011-08-23,NL0000226223,12970,STMicroelectronics (Ex-SGS Thomson Microelectronics),STMPA.PA,oui,
2011-08-23,FR0010613471,1061347,Suez,,non,aucune serie servie sur 2009-2018 (candidat SEV.PA)
2011-08-23,FR0000131708,13170,Technip,,non,aucune serie servie sur 2009-2018 (candidat TEC.PA)
2011-08-23,FR0000120271,12027,Total,TTE.PA,oui,
2011-08-23,FR0000124711,12471,Unibail-Rodamco,,non,"aucune serie en euros (candidats UL.PA, URW.AS)"
2011-08-23,FR0000120354,12035,Vallourec,VK.PA,oui,
2011-08-23,FR0000124141,12414,Veolia Environnement,VIE.PA,oui,
2011-08-23,FR0000125486,12548,Vinci,DG.PA,oui,
2011-08-23,FR0000127771,12777,Vivendi,VIV.PA,oui,
2011-09-20,FR0000120404,12040,ACCOR,AC.PA,oui,
2011-09-20,FR0000120073,12007,AIR LIQUIDE,AI.PA,oui,
2011-09-20,NL0000235190,5730,Airbus Group (ex-EADS),AIR.PA,oui,
2011-09-20,FR0000130007,13000,ALCATEL,,non,aucune serie servie sur 2009-2018 (candidat ALU.PA)
2011-09-20,FR0010220475,1022047,Alstom,ALO.PA,oui,
2011-09-20,LU0323134006,32313400,ArcelorMittal,MT.AS,oui,
2011-09-20,FR0000120628,12062,Axa,CS.PA,oui,
2011-09-20,FR0000131104,13110,BNP,BNP.PA,oui,
2011-09-20,FR0000120503,12050,BOUYGUES,EN.PA,oui,
2011-09-20,FR0000125338,12533,Cap Gémini,CAP.PA,oui,
2011-09-20,FR0000120172,12017,CARREFOUR,CA.PA,oui,
2011-09-20,FR0000045072,4507,CREDIT AGRICOLE,ACA.PA,oui,
2011-09-20,FR0000120644,12064,DANONE,BN.PA,oui,
2011-09-20,FR0010242511,1024251,EDF,,non,aucune serie servie sur 2009-2018 (candidat EDF.PA)
2011-09-20,FR0010208488,1020848,ENGIE (ex-GDF Suez),ENGI.PA,oui,
2011-09-20,FR0000121667,12166,EssilorLuxottica,EL.PA,oui,
2011-09-20,FR0000121485,12148,Kering (ex: Pinault-Printemps-Redoute),KER.PA,oui,
2011-09-20,FR0000120321,12032,L'Oréal,OR.PA,oui,
2011-09-20,FR0000120537,12053,LafargeHolcim,,non,"servie en CHF seulement (HOLN.SW, 2514 seances)"
2011-09-20,FR0000121014,12101,LVMH MOET HENESSY,MC.PA,oui,
2011-09-20,FR0000121261,12126,Michelin B,ML.PA,oui,
2011-09-20,FR0000133308,13330,Orange (ex: France Télécom),ORA.PA,oui,
2011-09-20,FR0000120693,12069,Pernod Ricard,RI.PA,oui,
2011-09-20,FR0000121501,12150,Peugeot S.A.,,non,aucune serie servie sur 2009-2018 (candidat UG.PA)
2011-09-20,FR0000130577,13057,Publicis Groupe SA,PUB.PA,oui,
2011-09-20,FR0000131906,13190,Renault,RNO.PA,oui,
2011-09-20,FR0000073272,7327,Safran,SAF.PA,oui,
2011-09-20,FR0000125007,12500,SAINT-GOBAIN,SGO.PA,oui,
2011-09-20,FR0000120578,12057,Sanofi,SAN.PA,oui,
2011-09-20,FR0000121972,12197,Schneider (Ex-Spie Batignolles),SU.PA,oui,
2011-09-20,FR0000130809,13080,Société Générale,GLE.PA,oui,
2011-09-20,NL0000226223,12970,STMicroelectronics (Ex-SGS Thomson Microelectronics),STMPA.PA,oui,
2011-09-20,FR0010613471,1061347,Suez,,non,aucune serie servie sur 2009-2018 (candidat SEV.PA)
2011-09-20,FR0000131708,13170,Technip,,non,aucune serie servie sur 2009-2018 (candidat TEC.PA)
2011-09-20,FR0000120271,12027,Total,TTE.PA,oui,
2011-09-20,FR0000124711,12471,Unibail-Rodamco,,non,"aucune serie en euros (candidats UL.PA, URW.AS)"
2011-09-20,FR0000120354,12035,Vallourec,VK.PA,oui,
2011-09-20,FR0000124141,12414,Veolia Environnement,VIE.PA,oui,
2011-09-20,FR0000125486,12548,Vinci,DG.PA,oui,
2011-09-20,FR0000127771,12777,Vivendi,VIV.PA,oui,
2011-10-18,FR0000120404,12040,ACCOR,AC.PA,oui,
2011-10-18,FR0000120073,12007,AIR LIQUIDE,AI.PA,oui,
2011-10-18,NL0000235190,5730,Airbus Group (ex-EADS),AIR.PA,oui,
2011-10-18,FR0000130007,13000,ALCATEL,,non,aucune serie servie sur 2009-2018 (candidat ALU.PA)
2011-10-18,FR0010220475,1022047,Alstom,ALO.PA,oui,
2011-10-18,LU0323134006,32313400,ArcelorMittal,MT.AS,oui,
2011-10-18,FR0000120628,12062,Axa,CS.PA,oui,
2011-10-18,FR0000131104,13110,BNP,BNP.PA,oui,
2011-10-18,FR0000120503,12050,BOUYGUES,EN.PA,oui,
2011-10-18,FR0000125338,12533,Cap Gémini,CAP.PA,oui,
2011-10-18,FR0000120172,12017,CARREFOUR,CA.PA,oui,
2011-10-18,FR0000045072,4507,CREDIT AGRICOLE,ACA.PA,oui,
2011-10-18,FR0000120644,12064,DANONE,BN.PA,oui,
2011-10-18,FR0010242511,1024251,EDF,,non,aucune serie servie sur 2009-2018 (candidat EDF.PA)
2011-10-18,FR0010208488,1020848,ENGIE (ex-GDF Suez),ENGI.PA,oui,
2011-10-18,FR0000121667,12166,EssilorLuxottica,EL.PA,oui,
2011-10-18,FR0000121485,12148,Kering (ex: Pinault-Printemps-Redoute),KER.PA,oui,
2011-10-18,FR0000120321,12032,L'Oréal,OR.PA,oui,
2011-10-18,FR0000120537,12053,LafargeHolcim,,non,"servie en CHF seulement (HOLN.SW, 2514 seances)"
2011-10-18,FR0000121014,12101,LVMH MOET HENESSY,MC.PA,oui,
2011-10-18,FR0000121261,12126,Michelin B,ML.PA,oui,
2011-10-18,FR0000133308,13330,Orange (ex: France Télécom),ORA.PA,oui,
2011-10-18,FR0000120693,12069,Pernod Ricard,RI.PA,oui,
2011-10-18,FR0000121501,12150,Peugeot S.A.,,non,aucune serie servie sur 2009-2018 (candidat UG.PA)
2011-10-18,FR0000130577,13057,Publicis Groupe SA,PUB.PA,oui,
2011-10-18,FR0000131906,13190,Renault,RNO.PA,oui,
2011-10-18,FR0000073272,7327,Safran,SAF.PA,oui,
2011-10-18,FR0000125007,12500,SAINT-GOBAIN,SGO.PA,oui,
2011-10-18,FR0000120578,12057,Sanofi,SAN.PA,oui,
2011-10-18,FR0000121972,12197,Schneider (Ex-Spie Batignolles),SU.PA,oui,
2011-10-18,FR0000130809,13080,Société Générale,GLE.PA,oui,
2011-10-18,NL0000226223,12970,STMicroelectronics (Ex-SGS Thomson Microelectronics),STMPA.PA,oui,
2011-10-18,FR0010613471,1061347,Suez,,non,aucune serie servie sur 2009-2018 (candidat SEV.PA)
2011-10-18,FR0000131708,13170,Technip,,non,aucune serie servie sur 2009-2018 (candidat TEC.PA)
2011-10-18,FR0000120271,12027,Total,TTE.PA,oui,
2011-10-18,FR0000124711,12471,Unibail-Rodamco,,non,"aucune serie en euros (candidats UL.PA, URW.AS)"
2011-10-18,FR0000120354,12035,Vallourec,VK.PA,oui,
2011-10-18,FR0000124141,12414,Veolia Environnement,VIE.PA,oui,
2011-10-18,FR0000125486,12548,Vinci,DG.PA,oui,
2011-10-18,FR0000127771,12777,Vivendi,VIV.PA,oui,
2011-11-15,FR0000120404,12040,ACCOR,AC.PA,oui,
2011-11-15,FR0000120073,12007,AIR LIQUIDE,AI.PA,oui,
2011-11-15,NL0000235190,5730,Airbus Group (ex-EADS),AIR.PA,oui,
2011-11-15,FR0000130007,13000,ALCATEL,,non,aucune serie servie sur 2009-2018 (candidat ALU.PA)
2011-11-15,FR0010220475,1022047,Alstom,ALO.PA,oui,
2011-11-15,LU0323134006,32313400,ArcelorMittal,MT.AS,oui,
2011-11-15,FR0000120628,12062,Axa,CS.PA,oui,
2011-11-15,FR0000131104,13110,BNP,BNP.PA,oui,
2011-11-15,FR0000120503,12050,BOUYGUES,EN.PA,oui,
2011-11-15,FR0000125338,12533,Cap Gémini,CAP.PA,oui,
2011-11-15,FR0000120172,12017,CARREFOUR,CA.PA,oui,
2011-11-15,FR0000045072,4507,CREDIT AGRICOLE,ACA.PA,oui,
2011-11-15,FR0000120644,12064,DANONE,BN.PA,oui,
2011-11-15,FR0010242511,1024251,EDF,,non,aucune serie servie sur 2009-2018 (candidat EDF.PA)
2011-11-15,FR0010208488,1020848,ENGIE (ex-GDF Suez),ENGI.PA,oui,
2011-11-15,FR0000121667,12166,EssilorLuxottica,EL.PA,oui,
2011-11-15,FR0000121485,12148,Kering (ex: Pinault-Printemps-Redoute),KER.PA,oui,
2011-11-15,FR0000120321,12032,L'Oréal,OR.PA,oui,
2011-11-15,FR0000120537,12053,LafargeHolcim,,non,"servie en CHF seulement (HOLN.SW, 2514 seances)"
2011-11-15,FR0000121014,12101,LVMH MOET HENESSY,MC.PA,oui,
2011-11-15,FR0000121261,12126,Michelin B,ML.PA,oui,
2011-11-15,FR0000133308,13330,Orange (ex: France Télécom),ORA.PA,oui,
2011-11-15,FR0000120693,12069,Pernod Ricard,RI.PA,oui,
2011-11-15,FR0000121501,12150,Peugeot S.A.,,non,aucune serie servie sur 2009-2018 (candidat UG.PA)
2011-11-15,FR0000130577,13057,Publicis Groupe SA,PUB.PA,oui,
2011-11-15,FR0000131906,13190,Renault,RNO.PA,oui,
2011-11-15,FR0000073272,7327,Safran,SAF.PA,oui,
2011-11-15,FR0000125007,12500,SAINT-GOBAIN,SGO.PA,oui,
2011-11-15,FR0000120578,12057,Sanofi,SAN.PA,oui,
2011-11-15,FR0000121972,12197,Schneider (Ex-Spie Batignolles),SU.PA,oui,
2011-11-15,FR0000130809,13080,Société Générale,GLE.PA,oui,
2011-11-15,NL0000226223,12970,STMicroelectronics (Ex-SGS Thomson Microelectronics),STMPA.PA,oui,
2011-11-15,FR0010613471,1061347,Suez,,non,aucune serie servie sur 2009-2018 (candidat SEV.PA)
2011-11-15,FR0000131708,13170,Technip,,non,aucune serie servie sur 2009-2018 (candidat TEC.PA)
2011-11-15,FR0000120271,12027,Total,TTE.PA,oui,
2011-11-15,FR0000124711,12471,Unibail-Rodamco,,non,"aucune serie en euros (candidats UL.PA, URW.AS)"
2011-11-15,FR0000120354,12035,Vallourec,VK.PA,oui,
2011-11-15,FR0000124141,12414,Veolia Environnement,VIE.PA,oui,
2011-11-15,FR0000125486,12548,Vinci,DG.PA,oui,
2011-11-15,FR0000127771,12777,Vivendi,VIV.PA,oui,
2011-12-13,FR0000120404,12040,ACCOR,AC.PA,oui,
2011-12-13,FR0000120073,12007,AIR LIQUIDE,AI.PA,oui,
2011-12-13,NL0000235190,5730,Airbus Group (ex-EADS),AIR.PA,oui,
2011-12-13,FR0000130007,13000,ALCATEL,,non,aucune serie servie sur 2009-2018 (candidat ALU.PA)
2011-12-13,FR0010220475,1022047,Alstom,ALO.PA,oui,
2011-12-13,LU0323134006,32313400,ArcelorMittal,MT.AS,oui,
2011-12-13,FR0000120628,12062,Axa,CS.PA,oui,
2011-12-13,FR0000131104,13110,BNP,BNP.PA,oui,
2011-12-13,FR0000120503,12050,BOUYGUES,EN.PA,oui,
2011-12-13,FR0000125338,12533,Cap Gémini,CAP.PA,oui,
2011-12-13,FR0000120172,12017,CARREFOUR,CA.PA,oui,
2011-12-13,FR0000045072,4507,CREDIT AGRICOLE,ACA.PA,oui,
2011-12-13,FR0000120644,12064,DANONE,BN.PA,oui,
2011-12-13,FR0010242511,1024251,EDF,,non,aucune serie servie sur 2009-2018 (candidat EDF.PA)
2011-12-13,FR0010208488,1020848,ENGIE (ex-GDF Suez),ENGI.PA,oui,
2011-12-13,FR0000121667,12166,EssilorLuxottica,EL.PA,oui,
2011-12-13,FR0000121485,12148,Kering (ex: Pinault-Printemps-Redoute),KER.PA,oui,
2011-12-13,FR0000120321,12032,L'Oréal,OR.PA,oui,
2011-12-13,FR0000120537,12053,LafargeHolcim,,non,"servie en CHF seulement (HOLN.SW, 2514 seances)"
2011-12-13,FR0000121014,12101,LVMH MOET HENESSY,MC.PA,oui,
2011-12-13,FR0000121261,12126,Michelin B,ML.PA,oui,
2011-12-13,FR0000133308,13330,Orange (ex: France Télécom),ORA.PA,oui,
2011-12-13,FR0000120693,12069,Pernod Ricard,RI.PA,oui,
2011-12-13,FR0000121501,12150,Peugeot S.A.,,non,aucune serie servie sur 2009-2018 (candidat UG.PA)
2011-12-13,FR0000130577,13057,Publicis Groupe SA,PUB.PA,oui,
2011-12-13,FR0000131906,13190,Renault,RNO.PA,oui,
2011-12-13,FR0000073272,7327,Safran,SAF.PA,oui,
2011-12-13,FR0000125007,12500,SAINT-GOBAIN,SGO.PA,oui,
2011-12-13,FR0000120578,12057,Sanofi,SAN.PA,oui,
2011-12-13,FR0000121972,12197,Schneider (Ex-Spie Batignolles),SU.PA,oui,
2011-12-13,FR0000130809,13080,Société Générale,GLE.PA,oui,
2011-12-13,NL0000226223,12970,STMicroelectronics (Ex-SGS Thomson Microelectronics),STMPA.PA,oui,
2011-12-13,FR0010613471,1061347,Suez,,non,aucune serie servie sur 2009-2018 (candidat SEV.PA)
2011-12-13,FR0000131708,13170,Technip,,non,aucune serie servie sur 2009-2018 (candidat TEC.PA)
2011-12-13,FR0000120271,12027,Total,TTE.PA,oui,
2011-12-13,FR0000124711,12471,Unibail-Rodamco,,non,"aucune serie en euros (candidats UL.PA, URW.AS)"
2011-12-13,FR0000120354,12035,Vallourec,VK.PA,oui,
2011-12-13,FR0000124141,12414,Veolia Environnement,VIE.PA,oui,
2011-12-13,FR0000125486,12548,Vinci,DG.PA,oui,
2011-12-13,FR0000127771,12777,Vivendi,VIV.PA,oui,
2012-01-11,FR0000120404,12040,ACCOR,AC.PA,oui,
2012-01-11,FR0000120073,12007,AIR LIQUIDE,AI.PA,oui,
2012-01-11,NL0000235190,5730,Airbus Group (ex-EADS),AIR.PA,oui,
2012-01-11,FR0000130007,13000,ALCATEL,,non,aucune serie servie sur 2009-2018 (candidat ALU.PA)
2012-01-11,FR0010220475,1022047,Alstom,ALO.PA,oui,
2012-01-11,LU0323134006,32313400,ArcelorMittal,MT.AS,oui,
2012-01-11,FR0000120628,12062,Axa,CS.PA,oui,
2012-01-11,FR0000131104,13110,BNP,BNP.PA,oui,
2012-01-11,FR0000120503,12050,BOUYGUES,EN.PA,oui,
2012-01-11,FR0000125338,12533,Cap Gémini,CAP.PA,oui,
2012-01-11,FR0000120172,12017,CARREFOUR,CA.PA,oui,
2012-01-11,FR0000045072,4507,CREDIT AGRICOLE,ACA.PA,oui,
2012-01-11,FR0000120644,12064,DANONE,BN.PA,oui,
2012-01-11,FR0010242511,1024251,EDF,,non,aucune serie servie sur 2009-2018 (candidat EDF.PA)
2012-01-11,FR0010208488,1020848,ENGIE (ex-GDF Suez),ENGI.PA,oui,
2012-01-11,FR0000121667,12166,EssilorLuxottica,EL.PA,oui,
2012-01-11,FR0000121485,12148,Kering (ex: Pinault-Printemps-Redoute),KER.PA,oui,
2012-01-11,FR0000120321,12032,L'Oréal,OR.PA,oui,
2012-01-11,FR0000120537,12053,LafargeHolcim,,non,"servie en CHF seulement (HOLN.SW, 2514 seances)"
2012-01-11,FR0010307819,1030781,Legrand,LR.PA,oui,
2012-01-11,FR0000121014,12101,LVMH MOET HENESSY,MC.PA,oui,
2012-01-11,FR0000121261,12126,Michelin B,ML.PA,oui,
2012-01-11,FR0000133308,13330,Orange (ex: France Télécom),ORA.PA,oui,
2012-01-11,FR0000120693,12069,Pernod Ricard,RI.PA,oui,
2012-01-11,FR0000121501,12150,Peugeot S.A.,,non,aucune serie servie sur 2009-2018 (candidat UG.PA)
2012-01-11,FR0000130577,13057,Publicis Groupe SA,PUB.PA,oui,
2012-01-11,FR0000131906,13190,Renault,RNO.PA,oui,
2012-01-11,FR0000073272,7327,Safran,SAF.PA,oui,
2012-01-11,FR0000125007,12500,SAINT-GOBAIN,SGO.PA,oui,
2012-01-11,FR0000120578,12057,Sanofi,SAN.PA,oui,
2012-01-11,FR0000121972,12197,Schneider (Ex-Spie Batignolles),SU.PA,oui,
2012-01-11,FR0000130809,13080,Société Générale,GLE.PA,oui,
2012-01-11,NL0000226223,12970,STMicroelectronics (Ex-SGS Thomson Microelectronics),STMPA.PA,oui,
2012-01-11,FR0000131708,13170,Technip,,non,aucune serie servie sur 2009-2018 (candidat TEC.PA)
2012-01-11,FR0000120271,12027,Total,TTE.PA,oui,
2012-01-11,FR0000124711,12471,Unibail-Rodamco,,non,"aucune serie en euros (candidats UL.PA, URW.AS)"
2012-01-11,FR0000120354,12035,Vallourec,VK.PA,oui,
2012-01-11,FR0000124141,12414,Veolia Environnement,VIE.PA,oui,
2012-01-11,FR0000125486,12548,Vinci,DG.PA,oui,
2012-01-11,FR0000127771,12777,Vivendi,VIV.PA,oui,
2012-02-08,FR0000120404,12040,ACCOR,AC.PA,oui,
2012-02-08,FR0000120073,12007,AIR LIQUIDE,AI.PA,oui,
2012-02-08,NL0000235190,5730,Airbus Group (ex-EADS),AIR.PA,oui,
2012-02-08,FR0000130007,13000,ALCATEL,,non,aucune serie servie sur 2009-2018 (candidat ALU.PA)
2012-02-08,FR0010220475,1022047,Alstom,ALO.PA,oui,
2012-02-08,LU0323134006,32313400,ArcelorMittal,MT.AS,oui,
2012-02-08,FR0000120628,12062,Axa,CS.PA,oui,
2012-02-08,FR0000131104,13110,BNP,BNP.PA,oui,
2012-02-08,FR0000120503,12050,BOUYGUES,EN.PA,oui,
2012-02-08,FR0000125338,12533,Cap Gémini,CAP.PA,oui,
2012-02-08,FR0000120172,12017,CARREFOUR,CA.PA,oui,
2012-02-08,FR0000045072,4507,CREDIT AGRICOLE,ACA.PA,oui,
2012-02-08,FR0000120644,12064,DANONE,BN.PA,oui,
2012-02-08,FR0010242511,1024251,EDF,,non,aucune serie servie sur 2009-2018 (candidat EDF.PA)
2012-02-08,FR0010208488,1020848,ENGIE (ex-GDF Suez),ENGI.PA,oui,
2012-02-08,FR0000121667,12166,EssilorLuxottica,EL.PA,oui,
2012-02-08,FR0000121485,12148,Kering (ex: Pinault-Printemps-Redoute),KER.PA,oui,
2012-02-08,FR0000120321,12032,L'Oréal,OR.PA,oui,
2012-02-08,FR0000120537,12053,LafargeHolcim,,non,"servie en CHF seulement (HOLN.SW, 2514 seances)"
2012-02-08,FR0010307819,1030781,Legrand,LR.PA,oui,
2012-02-08,FR0000121014,12101,LVMH MOET HENESSY,MC.PA,oui,
2012-02-08,FR0000121261,12126,Michelin B,ML.PA,oui,
2012-02-08,FR0000133308,13330,Orange (ex: France Télécom),ORA.PA,oui,
2012-02-08,FR0000120693,12069,Pernod Ricard,RI.PA,oui,
2012-02-08,FR0000121501,12150,Peugeot S.A.,,non,aucune serie servie sur 2009-2018 (candidat UG.PA)
2012-02-08,FR0000130577,13057,Publicis Groupe SA,PUB.PA,oui,
2012-02-08,FR0000131906,13190,Renault,RNO.PA,oui,
2012-02-08,FR0000073272,7327,Safran,SAF.PA,oui,
2012-02-08,FR0000125007,12500,SAINT-GOBAIN,SGO.PA,oui,
2012-02-08,FR0000120578,12057,Sanofi,SAN.PA,oui,
2012-02-08,FR0000121972,12197,Schneider (Ex-Spie Batignolles),SU.PA,oui,
2012-02-08,FR0000130809,13080,Société Générale,GLE.PA,oui,
2012-02-08,NL0000226223,12970,STMicroelectronics (Ex-SGS Thomson Microelectronics),STMPA.PA,oui,
2012-02-08,FR0000131708,13170,Technip,,non,aucune serie servie sur 2009-2018 (candidat TEC.PA)
2012-02-08,FR0000120271,12027,Total,TTE.PA,oui,
2012-02-08,FR0000124711,12471,Unibail-Rodamco,,non,"aucune serie en euros (candidats UL.PA, URW.AS)"
2012-02-08,FR0000120354,12035,Vallourec,VK.PA,oui,
2012-02-08,FR0000124141,12414,Veolia Environnement,VIE.PA,oui,
2012-02-08,FR0000125486,12548,Vinci,DG.PA,oui,
2012-02-08,FR0000127771,12777,Vivendi,VIV.PA,oui,
2012-03-07,FR0000120404,12040,ACCOR,AC.PA,oui,
2012-03-07,FR0000120073,12007,AIR LIQUIDE,AI.PA,oui,
2012-03-07,NL0000235190,5730,Airbus Group (ex-EADS),AIR.PA,oui,
2012-03-07,FR0000130007,13000,ALCATEL,,non,aucune serie servie sur 2009-2018 (candidat ALU.PA)
2012-03-07,FR0010220475,1022047,Alstom,ALO.PA,oui,
2012-03-07,LU0323134006,32313400,ArcelorMittal,MT.AS,oui,
2012-03-07,FR0000120628,12062,Axa,CS.PA,oui,
2012-03-07,FR0000131104,13110,BNP,BNP.PA,oui,
2012-03-07,FR0000120503,12050,BOUYGUES,EN.PA,oui,
2012-03-07,FR0000125338,12533,Cap Gémini,CAP.PA,oui,
2012-03-07,FR0000120172,12017,CARREFOUR,CA.PA,oui,
2012-03-07,FR0000045072,4507,CREDIT AGRICOLE,ACA.PA,oui,
2012-03-07,FR0000120644,12064,DANONE,BN.PA,oui,
2012-03-07,FR0010242511,1024251,EDF,,non,aucune serie servie sur 2009-2018 (candidat EDF.PA)
2012-03-07,FR0010208488,1020848,ENGIE (ex-GDF Suez),ENGI.PA,oui,
2012-03-07,FR0000121667,12166,EssilorLuxottica,EL.PA,oui,
2012-03-07,FR0000121485,12148,Kering (ex: Pinault-Printemps-Redoute),KER.PA,oui,
2012-03-07,FR0000120321,12032,L'Oréal,OR.PA,oui,
2012-03-07,FR0000120537,12053,LafargeHolcim,,non,"servie en CHF seulement (HOLN.SW, 2514 seances)"
2012-03-07,FR0010307819,1030781,Legrand,LR.PA,oui,
2012-03-07,FR0000121014,12101,LVMH MOET HENESSY,MC.PA,oui,
2012-03-07,FR0000121261,12126,Michelin B,ML.PA,oui,
2012-03-07,FR0000133308,13330,Orange (ex: France Télécom),ORA.PA,oui,
2012-03-07,FR0000120693,12069,Pernod Ricard,RI.PA,oui,
2012-03-07,FR0000121501,12150,Peugeot S.A.,,non,aucune serie servie sur 2009-2018 (candidat UG.PA)
2012-03-07,FR0000130577,13057,Publicis Groupe SA,PUB.PA,oui,
2012-03-07,FR0000131906,13190,Renault,RNO.PA,oui,
2012-03-07,FR0000073272,7327,Safran,SAF.PA,oui,
2012-03-07,FR0000125007,12500,SAINT-GOBAIN,SGO.PA,oui,
2012-03-07,FR0000120578,12057,Sanofi,SAN.PA,oui,
2012-03-07,FR0000121972,12197,Schneider (Ex-Spie Batignolles),SU.PA,oui,
2012-03-07,FR0000130809,13080,Société Générale,GLE.PA,oui,
2012-03-07,NL0000226223,12970,STMicroelectronics (Ex-SGS Thomson Microelectronics),STMPA.PA,oui,
2012-03-07,FR0000131708,13170,Technip,,non,aucune serie servie sur 2009-2018 (candidat TEC.PA)
2012-03-07,FR0000120271,12027,Total,TTE.PA,oui,
2012-03-07,FR0000124711,12471,Unibail-Rodamco,,non,"aucune serie en euros (candidats UL.PA, URW.AS)"
2012-03-07,FR0000120354,12035,Vallourec,VK.PA,oui,
2012-03-07,FR0000124141,12414,Veolia Environnement,VIE.PA,oui,
2012-03-07,FR0000125486,12548,Vinci,DG.PA,oui,
2012-03-07,FR0000127771,12777,Vivendi,VIV.PA,oui,
2012-04-04,FR0000120404,12040,ACCOR,AC.PA,oui,
2012-04-04,FR0000120073,12007,AIR LIQUIDE,AI.PA,oui,
2012-04-04,NL0000235190,5730,Airbus Group (ex-EADS),AIR.PA,oui,
2012-04-04,FR0000130007,13000,ALCATEL,,non,aucune serie servie sur 2009-2018 (candidat ALU.PA)
2012-04-04,FR0010220475,1022047,Alstom,ALO.PA,oui,
2012-04-04,LU0323134006,32313400,ArcelorMittal,MT.AS,oui,
2012-04-04,FR0000120628,12062,Axa,CS.PA,oui,
2012-04-04,FR0000131104,13110,BNP,BNP.PA,oui,
2012-04-04,FR0000120503,12050,BOUYGUES,EN.PA,oui,
2012-04-04,FR0000125338,12533,Cap Gémini,CAP.PA,oui,
2012-04-04,FR0000120172,12017,CARREFOUR,CA.PA,oui,
2012-04-04,FR0000045072,4507,CREDIT AGRICOLE,ACA.PA,oui,
2012-04-04,FR0000120644,12064,DANONE,BN.PA,oui,
2012-04-04,FR0010242511,1024251,EDF,,non,aucune serie servie sur 2009-2018 (candidat EDF.PA)
2012-04-04,FR0010208488,1020848,ENGIE (ex-GDF Suez),ENGI.PA,oui,
2012-04-04,FR0000121667,12166,EssilorLuxottica,EL.PA,oui,
2012-04-04,FR0000121485,12148,Kering (ex: Pinault-Printemps-Redoute),KER.PA,oui,
2012-04-04,FR0000120321,12032,L'Oréal,OR.PA,oui,
2012-04-04,FR0000120537,12053,LafargeHolcim,,non,"servie en CHF seulement (HOLN.SW, 2514 seances)"
2012-04-04,FR0010307819,1030781,Legrand,LR.PA,oui,
2012-04-04,FR0000121014,12101,LVMH MOET HENESSY,MC.PA,oui,
2012-04-04,FR0000121261,12126,Michelin B,ML.PA,oui,
2012-04-04,FR0000133308,13330,Orange (ex: France Télécom),ORA.PA,oui,
2012-04-04,FR0000120693,12069,Pernod Ricard,RI.PA,oui,
2012-04-04,FR0000121501,12150,Peugeot S.A.,,non,aucune serie servie sur 2009-2018 (candidat UG.PA)
2012-04-04,FR0000130577,13057,Publicis Groupe SA,PUB.PA,oui,
2012-04-04,FR0000131906,13190,Renault,RNO.PA,oui,
2012-04-04,FR0000073272,7327,Safran,SAF.PA,oui,
2012-04-04,FR0000125007,12500,SAINT-GOBAIN,SGO.PA,oui,
2012-04-04,FR0000120578,12057,Sanofi,SAN.PA,oui,
2012-04-04,FR0000121972,12197,Schneider (Ex-Spie Batignolles),SU.PA,oui,
2012-04-04,FR0000130809,13080,Société Générale,GLE.PA,oui,
2012-04-04,NL0000226223,12970,STMicroelectronics (Ex-SGS Thomson Microelectronics),STMPA.PA,oui,
2012-04-04,FR0000131708,13170,Technip,,non,aucune serie servie sur 2009-2018 (candidat TEC.PA)
2012-04-04,FR0000120271,12027,Total,TTE.PA,oui,
2012-04-04,FR0000124711,12471,Unibail-Rodamco,,non,"aucune serie en euros (candidats UL.PA, URW.AS)"
2012-04-04,FR0000120354,12035,Vallourec,VK.PA,oui,
2012-04-04,FR0000124141,12414,Veolia Environnement,VIE.PA,oui,
2012-04-04,FR0000125486,12548,Vinci,DG.PA,oui,
2012-04-04,FR0000127771,12777,Vivendi,VIV.PA,oui,
2012-05-07,FR0000120404,12040,ACCOR,AC.PA,oui,
2012-05-07,FR0000120073,12007,AIR LIQUIDE,AI.PA,oui,
2012-05-07,NL0000235190,5730,Airbus Group (ex-EADS),AIR.PA,oui,
2012-05-07,FR0000130007,13000,ALCATEL,,non,aucune serie servie sur 2009-2018 (candidat ALU.PA)
2012-05-07,FR0010220475,1022047,Alstom,ALO.PA,oui,
2012-05-07,LU0323134006,32313400,ArcelorMittal,MT.AS,oui,
2012-05-07,FR0000120628,12062,Axa,CS.PA,oui,
2012-05-07,FR0000131104,13110,BNP,BNP.PA,oui,
2012-05-07,FR0000120503,12050,BOUYGUES,EN.PA,oui,
2012-05-07,FR0000125338,12533,Cap Gémini,CAP.PA,oui,
2012-05-07,FR0000120172,12017,CARREFOUR,CA.PA,oui,
2012-05-07,FR0000045072,4507,CREDIT AGRICOLE,ACA.PA,oui,
2012-05-07,FR0000120644,12064,DANONE,BN.PA,oui,
2012-05-07,FR0010242511,1024251,EDF,,non,aucune serie servie sur 2009-2018 (candidat EDF.PA)
2012-05-07,FR0010208488,1020848,ENGIE (ex-GDF Suez),ENGI.PA,oui,
2012-05-07,FR0000121667,12166,EssilorLuxottica,EL.PA,oui,
2012-05-07,FR0000121485,12148,Kering (ex: Pinault-Printemps-Redoute),KER.PA,oui,
2012-05-07,FR0000120321,12032,L'Oréal,OR.PA,oui,
2012-05-07,FR0000120537,12053,LafargeHolcim,,non,"servie en CHF seulement (HOLN.SW, 2514 seances)"
2012-05-07,FR0010307819,1030781,Legrand,LR.PA,oui,
2012-05-07,FR0000121014,12101,LVMH MOET HENESSY,MC.PA,oui,
2012-05-07,FR0000121261,12126,Michelin B,ML.PA,oui,
2012-05-07,FR0000133308,13330,Orange (ex: France Télécom),ORA.PA,oui,
2012-05-07,FR0000120693,12069,Pernod Ricard,RI.PA,oui,
2012-05-07,FR0000121501,12150,Peugeot S.A.,,non,aucune serie servie sur 2009-2018 (candidat UG.PA)
2012-05-07,FR0000130577,13057,Publicis Groupe SA,PUB.PA,oui,
2012-05-07,FR0000131906,13190,Renault,RNO.PA,oui,
2012-05-07,FR0000073272,7327,Safran,SAF.PA,oui,
2012-05-07,FR0000125007,12500,SAINT-GOBAIN,SGO.PA,oui,
2012-05-07,FR0000120578,12057,Sanofi,SAN.PA,oui,
2012-05-07,FR0000121972,12197,Schneider (Ex-Spie Batignolles),SU.PA,oui,
2012-05-07,FR0000130809,13080,Société Générale,GLE.PA,oui,
2012-05-07,NL0000226223,12970,STMicroelectronics (Ex-SGS Thomson Microelectronics),STMPA.PA,oui,
2012-05-07,FR0000131708,13170,Technip,,non,aucune serie servie sur 2009-2018 (candidat TEC.PA)
2012-05-07,FR0000120271,12027,Total,TTE.PA,oui,
2012-05-07,FR0000124711,12471,Unibail-Rodamco,,non,"aucune serie en euros (candidats UL.PA, URW.AS)"
2012-05-07,FR0000120354,12035,Vallourec,VK.PA,oui,
2012-05-07,FR0000124141,12414,Veolia Environnement,VIE.PA,oui,
2012-05-07,FR0000125486,12548,Vinci,DG.PA,oui,
2012-05-07,FR0000127771,12777,Vivendi,VIV.PA,oui,
2012-06-04,FR0000120404,12040,ACCOR,AC.PA,oui,
2012-06-04,FR0000120073,12007,AIR LIQUIDE,AI.PA,oui,
2012-06-04,NL0000235190,5730,Airbus Group (ex-EADS),AIR.PA,oui,
2012-06-04,FR0000130007,13000,ALCATEL,,non,aucune serie servie sur 2009-2018 (candidat ALU.PA)
2012-06-04,FR0010220475,1022047,Alstom,ALO.PA,oui,
2012-06-04,LU0323134006,32313400,ArcelorMittal,MT.AS,oui,
2012-06-04,FR0000120628,12062,Axa,CS.PA,oui,
2012-06-04,FR0000131104,13110,BNP,BNP.PA,oui,
2012-06-04,FR0000120503,12050,BOUYGUES,EN.PA,oui,
2012-06-04,FR0000125338,12533,Cap Gémini,CAP.PA,oui,
2012-06-04,FR0000120172,12017,CARREFOUR,CA.PA,oui,
2012-06-04,FR0000045072,4507,CREDIT AGRICOLE,ACA.PA,oui,
2012-06-04,FR0000120644,12064,DANONE,BN.PA,oui,
2012-06-04,FR0010242511,1024251,EDF,,non,aucune serie servie sur 2009-2018 (candidat EDF.PA)
2012-06-04,FR0010208488,1020848,ENGIE (ex-GDF Suez),ENGI.PA,oui,
2012-06-04,FR0000121667,12166,EssilorLuxottica,EL.PA,oui,
2012-06-04,FR0000121485,12148,Kering (ex: Pinault-Printemps-Redoute),KER.PA,oui,
2012-06-04,FR0000120321,12032,L'Oréal,OR.PA,oui,
2012-06-04,FR0000120537,12053,LafargeHolcim,,non,"servie en CHF seulement (HOLN.SW, 2514 seances)"
2012-06-04,FR0010307819,1030781,Legrand,LR.PA,oui,
2012-06-04,FR0000121014,12101,LVMH MOET HENESSY,MC.PA,oui,
2012-06-04,FR0000121261,12126,Michelin B,ML.PA,oui,
2012-06-04,FR0000133308,13330,Orange (ex: France Télécom),ORA.PA,oui,
2012-06-04,FR0000120693,12069,Pernod Ricard,RI.PA,oui,
2012-06-04,FR0000121501,12150,Peugeot S.A.,,non,aucune serie servie sur 2009-2018 (candidat UG.PA)
2012-06-04,FR0000130577,13057,Publicis Groupe SA,PUB.PA,oui,
2012-06-04,FR0000131906,13190,Renault,RNO.PA,oui,
2012-06-04,FR0000073272,7327,Safran,SAF.PA,oui,
2012-06-04,FR0000125007,12500,SAINT-GOBAIN,SGO.PA,oui,
2012-06-04,FR0000120578,12057,Sanofi,SAN.PA,oui,
2012-06-04,FR0000121972,12197,Schneider (Ex-Spie Batignolles),SU.PA,oui,
2012-06-04,FR0000130809,13080,Société Générale,GLE.PA,oui,
2012-06-04,NL0000226223,12970,STMicroelectronics (Ex-SGS Thomson Microelectronics),STMPA.PA,oui,
2012-06-04,FR0000131708,13170,Technip,,non,aucune serie servie sur 2009-2018 (candidat TEC.PA)
2012-06-04,FR0000120271,12027,Total,TTE.PA,oui,
2012-06-04,FR0000124711,12471,Unibail-Rodamco,,non,"aucune serie en euros (candidats UL.PA, URW.AS)"
2012-06-04,FR0000120354,12035,Vallourec,VK.PA,oui,
2012-06-04,FR0000124141,12414,Veolia Environnement,VIE.PA,oui,
2012-06-04,FR0000125486,12548,Vinci,DG.PA,oui,
2012-06-04,FR0000127771,12777,Vivendi,VIV.PA,oui,
2012-07-02,FR0000120404,12040,ACCOR,AC.PA,oui,
2012-07-02,FR0000120073,12007,AIR LIQUIDE,AI.PA,oui,
2012-07-02,NL0000235190,5730,Airbus Group (ex-EADS),AIR.PA,oui,
2012-07-02,FR0000130007,13000,ALCATEL,,non,aucune serie servie sur 2009-2018 (candidat ALU.PA)
2012-07-02,FR0010220475,1022047,Alstom,ALO.PA,oui,
2012-07-02,LU0323134006,32313400,ArcelorMittal,MT.AS,oui,
2012-07-02,FR0000120628,12062,Axa,CS.PA,oui,
2012-07-02,FR0000131104,13110,BNP,BNP.PA,oui,
2012-07-02,FR0000120503,12050,BOUYGUES,EN.PA,oui,
2012-07-02,FR0000125338,12533,Cap Gémini,CAP.PA,oui,
2012-07-02,FR0000120172,12017,CARREFOUR,CA.PA,oui,
2012-07-02,FR0000045072,4507,CREDIT AGRICOLE,ACA.PA,oui,
2012-07-02,FR0000120644,12064,DANONE,BN.PA,oui,
2012-07-02,FR0010242511,1024251,EDF,,non,aucune serie servie sur 2009-2018 (candidat EDF.PA)
2012-07-02,FR0010208488,1020848,ENGIE (ex-GDF Suez),ENGI.PA,oui,
2012-07-02,FR0000121667,12166,EssilorLuxottica,EL.PA,oui,
2012-07-02,FR0000121485,12148,Kering (ex: Pinault-Printemps-Redoute),KER.PA,oui,
2012-07-02,FR0000120321,12032,L'Oréal,OR.PA,oui,
2012-07-02,FR0000120537,12053,LafargeHolcim,,non,"servie en CHF seulement (HOLN.SW, 2514 seances)"
2012-07-02,FR0010307819,1030781,Legrand,LR.PA,oui,
2012-07-02,FR0000121014,12101,LVMH MOET HENESSY,MC.PA,oui,
2012-07-02,FR0000121261,12126,Michelin B,ML.PA,oui,
2012-07-02,FR0000133308,13330,Orange (ex: France Télécom),ORA.PA,oui,
2012-07-02,FR0000120693,12069,Pernod Ricard,RI.PA,oui,
2012-07-02,FR0000121501,12150,Peugeot S.A.,,non,aucune serie servie sur 2009-2018 (candidat UG.PA)
2012-07-02,FR0000130577,13057,Publicis Groupe SA,PUB.PA,oui,
2012-07-02,FR0000131906,13190,Renault,RNO.PA,oui,
2012-07-02,FR0000073272,7327,Safran,SAF.PA,oui,
2012-07-02,FR0000125007,12500,SAINT-GOBAIN,SGO.PA,oui,
2012-07-02,FR0000120578,12057,Sanofi,SAN.PA,oui,
2012-07-02,FR0000121972,12197,Schneider (Ex-Spie Batignolles),SU.PA,oui,
2012-07-02,FR0000130809,13080,Société Générale,GLE.PA,oui,
2012-07-02,NL0000226223,12970,STMicroelectronics (Ex-SGS Thomson Microelectronics),STMPA.PA,oui,
2012-07-02,FR0000131708,13170,Technip,,non,aucune serie servie sur 2009-2018 (candidat TEC.PA)
2012-07-02,FR0000120271,12027,Total,TTE.PA,oui,
2012-07-02,FR0000124711,12471,Unibail-Rodamco,,non,"aucune serie en euros (candidats UL.PA, URW.AS)"
2012-07-02,FR0000120354,12035,Vallourec,VK.PA,oui,
2012-07-02,FR0000124141,12414,Veolia Environnement,VIE.PA,oui,
2012-07-02,FR0000125486,12548,Vinci,DG.PA,oui,
2012-07-02,FR0000127771,12777,Vivendi,VIV.PA,oui,
2012-07-30,FR0000120404,12040,ACCOR,AC.PA,oui,
2012-07-30,FR0000120073,12007,AIR LIQUIDE,AI.PA,oui,
2012-07-30,NL0000235190,5730,Airbus Group (ex-EADS),AIR.PA,oui,
2012-07-30,FR0000130007,13000,ALCATEL,,non,aucune serie servie sur 2009-2018 (candidat ALU.PA)
2012-07-30,FR0010220475,1022047,Alstom,ALO.PA,oui,
2012-07-30,LU0323134006,32313400,ArcelorMittal,MT.AS,oui,
2012-07-30,FR0000120628,12062,Axa,CS.PA,oui,
2012-07-30,FR0000131104,13110,BNP,BNP.PA,oui,
2012-07-30,FR0000120503,12050,BOUYGUES,EN.PA,oui,
2012-07-30,FR0000125338,12533,Cap Gémini,CAP.PA,oui,
2012-07-30,FR0000120172,12017,CARREFOUR,CA.PA,oui,
2012-07-30,FR0000045072,4507,CREDIT AGRICOLE,ACA.PA,oui,
2012-07-30,FR0000120644,12064,DANONE,BN.PA,oui,
2012-07-30,FR0010242511,1024251,EDF,,non,aucune serie servie sur 2009-2018 (candidat EDF.PA)
2012-07-30,FR0010208488,1020848,ENGIE (ex-GDF Suez),ENGI.PA,oui,
2012-07-30,FR0000121667,12166,EssilorLuxottica,EL.PA,oui,
2012-07-30,FR0000121485,12148,Kering (ex: Pinault-Printemps-Redoute),KER.PA,oui,
2012-07-30,FR0000120321,12032,L'Oréal,OR.PA,oui,
2012-07-30,FR0000120537,12053,LafargeHolcim,,non,"servie en CHF seulement (HOLN.SW, 2514 seances)"
2012-07-30,FR0010307819,1030781,Legrand,LR.PA,oui,
2012-07-30,FR0000121014,12101,LVMH MOET HENESSY,MC.PA,oui,
2012-07-30,FR0000121261,12126,Michelin B,ML.PA,oui,
2012-07-30,FR0000133308,13330,Orange (ex: France Télécom),ORA.PA,oui,
2012-07-30,FR0000120693,12069,Pernod Ricard,RI.PA,oui,
2012-07-30,FR0000121501,12150,Peugeot S.A.,,non,aucune serie servie sur 2009-2018 (candidat UG.PA)
2012-07-30,FR0000130577,13057,Publicis Groupe SA,PUB.PA,oui,
2012-07-30,FR0000131906,13190,Renault,RNO.PA,oui,
2012-07-30,FR0000073272,7327,Safran,SAF.PA,oui,
2012-07-30,FR0000125007,12500,SAINT-GOBAIN,SGO.PA,oui,
2012-07-30,FR0000120578,12057,Sanofi,SAN.PA,oui,
2012-07-30,FR0000121972,12197,Schneider (Ex-Spie Batignolles),SU.PA,oui,
2012-07-30,FR0000130809,13080,Société Générale,GLE.PA,oui,
2012-07-30,NL0000226223,12970,STMicroelectronics (Ex-SGS Thomson Microelectronics),STMPA.PA,oui,
2012-07-30,FR0000131708,13170,Technip,,non,aucune serie servie sur 2009-2018 (candidat TEC.PA)
2012-07-30,FR0000120271,12027,Total,TTE.PA,oui,
2012-07-30,FR0000124711,12471,Unibail-Rodamco,,non,"aucune serie en euros (candidats UL.PA, URW.AS)"
2012-07-30,FR0000120354,12035,Vallourec,VK.PA,oui,
2012-07-30,FR0000124141,12414,Veolia Environnement,VIE.PA,oui,
2012-07-30,FR0000125486,12548,Vinci,DG.PA,oui,
2012-07-30,FR0000127771,12777,Vivendi,VIV.PA,oui,
2012-08-27,FR0000120404,12040,ACCOR,AC.PA,oui,
2012-08-27,FR0000120073,12007,AIR LIQUIDE,AI.PA,oui,
2012-08-27,NL0000235190,5730,Airbus Group (ex-EADS),AIR.PA,oui,
2012-08-27,FR0000130007,13000,ALCATEL,,non,aucune serie servie sur 2009-2018 (candidat ALU.PA)
2012-08-27,FR0010220475,1022047,Alstom,ALO.PA,oui,
2012-08-27,LU0323134006,32313400,ArcelorMittal,MT.AS,oui,
2012-08-27,FR0000120628,12062,Axa,CS.PA,oui,
2012-08-27,FR0000131104,13110,BNP,BNP.PA,oui,
2012-08-27,FR0000120503,12050,BOUYGUES,EN.PA,oui,
2012-08-27,FR0000125338,12533,Cap Gémini,CAP.PA,oui,
2012-08-27,FR0000120172,12017,CARREFOUR,CA.PA,oui,
2012-08-27,FR0000045072,4507,CREDIT AGRICOLE,ACA.PA,oui,
2012-08-27,FR0000120644,12064,DANONE,BN.PA,oui,
2012-08-27,FR0010242511,1024251,EDF,,non,aucune serie servie sur 2009-2018 (candidat EDF.PA)
2012-08-27,FR0010208488,1020848,ENGIE (ex-GDF Suez),ENGI.PA,oui,
2012-08-27,FR0000121667,12166,EssilorLuxottica,EL.PA,oui,
2012-08-27,FR0000121485,12148,Kering (ex: Pinault-Printemps-Redoute),KER.PA,oui,
2012-08-27,FR0000120321,12032,L'Oréal,OR.PA,oui,
2012-08-27,FR0000120537,12053,LafargeHolcim,,non,"servie en CHF seulement (HOLN.SW, 2514 seances)"
2012-08-27,FR0010307819,1030781,Legrand,LR.PA,oui,
2012-08-27,FR0000121014,12101,LVMH MOET HENESSY,MC.PA,oui,
2012-08-27,FR0000121261,12126,Michelin B,ML.PA,oui,
2012-08-27,FR0000133308,13330,Orange (ex: France Télécom),ORA.PA,oui,
2012-08-27,FR0000120693,12069,Pernod Ricard,RI.PA,oui,
2012-08-27,FR0000121501,12150,Peugeot S.A.,,non,aucune serie servie sur 2009-2018 (candidat UG.PA)
2012-08-27,FR0000130577,13057,Publicis Groupe SA,PUB.PA,oui,
2012-08-27,FR0000131906,13190,Renault,RNO.PA,oui,
2012-08-27,FR0000073272,7327,Safran,SAF.PA,oui,
2012-08-27,FR0000125007,12500,SAINT-GOBAIN,SGO.PA,oui,
2012-08-27,FR0000120578,12057,Sanofi,SAN.PA,oui,
2012-08-27,FR0000121972,12197,Schneider (Ex-Spie Batignolles),SU.PA,oui,
2012-08-27,FR0000130809,13080,Société Générale,GLE.PA,oui,
2012-08-27,NL0000226223,12970,STMicroelectronics (Ex-SGS Thomson Microelectronics),STMPA.PA,oui,
2012-08-27,FR0000131708,13170,Technip,,non,aucune serie servie sur 2009-2018 (candidat TEC.PA)
2012-08-27,FR0000120271,12027,Total,TTE.PA,oui,
2012-08-27,FR0000124711,12471,Unibail-Rodamco,,non,"aucune serie en euros (candidats UL.PA, URW.AS)"
2012-08-27,FR0000120354,12035,Vallourec,VK.PA,oui,
2012-08-27,FR0000124141,12414,Veolia Environnement,VIE.PA,oui,
2012-08-27,FR0000125486,12548,Vinci,DG.PA,oui,
2012-08-27,FR0000127771,12777,Vivendi,VIV.PA,oui,
2012-09-24,FR0000120404,12040,ACCOR,AC.PA,oui,
2012-09-24,FR0000120073,12007,AIR LIQUIDE,AI.PA,oui,
2012-09-24,NL0000235190,5730,Airbus Group (ex-EADS),AIR.PA,oui,
2012-09-24,FR0000130007,13000,ALCATEL,,non,aucune serie servie sur 2009-2018 (candidat ALU.PA)
2012-09-24,FR0010220475,1022047,Alstom,ALO.PA,oui,
2012-09-24,LU0323134006,32313400,ArcelorMittal,MT.AS,oui,
2012-09-24,FR0000120628,12062,Axa,CS.PA,oui,
2012-09-24,FR0000131104,13110,BNP,BNP.PA,oui,
2012-09-24,FR0000120503,12050,BOUYGUES,EN.PA,oui,
2012-09-24,FR0000125338,12533,Cap Gémini,CAP.PA,oui,
2012-09-24,FR0000120172,12017,CARREFOUR,CA.PA,oui,
2012-09-24,FR0000045072,4507,CREDIT AGRICOLE,ACA.PA,oui,
2012-09-24,FR0000120644,12064,DANONE,BN.PA,oui,
2012-09-24,FR0010242511,1024251,EDF,,non,aucune serie servie sur 2009-2018 (candidat EDF.PA)
2012-09-24,FR0010208488,1020848,ENGIE (ex-GDF Suez),ENGI.PA,oui,
2012-09-24,FR0000121667,12166,EssilorLuxottica,EL.PA,oui,
2012-09-24,FR0000121485,12148,Kering (ex: Pinault-Printemps-Redoute),KER.PA,oui,
2012-09-24,FR0000120321,12032,L'Oréal,OR.PA,oui,
2012-09-24,FR0000120537,12053,LafargeHolcim,,non,"servie en CHF seulement (HOLN.SW, 2514 seances)"
2012-09-24,FR0010307819,1030781,Legrand,LR.PA,oui,
2012-09-24,FR0000121014,12101,LVMH MOET HENESSY,MC.PA,oui,
2012-09-24,FR0000121261,12126,Michelin B,ML.PA,oui,
2012-09-24,FR0000133308,13330,Orange (ex: France Télécom),ORA.PA,oui,
2012-09-24,FR0000120693,12069,Pernod Ricard,RI.PA,oui,
2012-09-24,FR0000130577,13057,Publicis Groupe SA,PUB.PA,oui,
2012-09-24,FR0000131906,13190,Renault,RNO.PA,oui,
2012-09-24,FR0000073272,7327,Safran,SAF.PA,oui,
2012-09-24,FR0000125007,12500,SAINT-GOBAIN,SGO.PA,oui,
2012-09-24,FR0000120578,12057,Sanofi,SAN.PA,oui,
2012-09-24,FR0000121972,12197,Schneider (Ex-Spie Batignolles),SU.PA,oui,
2012-09-24,FR0000130809,13080,Société Générale,GLE.PA,oui,
2012-09-24,BE0003470755,5809,Solvay,SOLB.BR,oui,
2012-09-24,NL0000226223,12970,STMicroelectronics (Ex-SGS Thomson Microelectronics),STMPA.PA,oui,
2012-09-24,FR0000131708,13170,Technip,,non,aucune serie servie sur 2009-2018 (candidat TEC.PA)
2012-09-24,FR0000120271,12027,Total,TTE.PA,oui,
2012-09-24,FR0000124711,12471,Unibail-Rodamco,,non,"aucune serie en euros (candidats UL.PA, URW.AS)"
2012-09-24,FR0000120354,12035,Vallourec,VK.PA,oui,
2012-09-24,FR0000124141,12414,Veolia Environnement,VIE.PA,oui,
2012-09-24,FR0000125486,12548,Vinci,DG.PA,oui,
2012-09-24,FR0000127771,12777,Vivendi,VIV.PA,oui,
2012-10-22,FR0000120404,12040,ACCOR,AC.PA,oui,
2012-10-22,FR0000120073,12007,AIR LIQUIDE,AI.PA,oui,
2012-10-22,NL0000235190,5730,Airbus Group (ex-EADS),AIR.PA,oui,
2012-10-22,FR0000130007,13000,ALCATEL,,non,aucune serie servie sur 2009-2018 (candidat ALU.PA)
2012-10-22,FR0010220475,1022047,Alstom,ALO.PA,oui,
2012-10-22,LU0323134006,32313400,ArcelorMittal,MT.AS,oui,
2012-10-22,FR0000120628,12062,Axa,CS.PA,oui,
2012-10-22,FR0000131104,13110,BNP,BNP.PA,oui,
2012-10-22,FR0000120503,12050,BOUYGUES,EN.PA,oui,
2012-10-22,FR0000125338,12533,Cap Gémini,CAP.PA,oui,
2012-10-22,FR0000120172,12017,CARREFOUR,CA.PA,oui,
2012-10-22,FR0000045072,4507,CREDIT AGRICOLE,ACA.PA,oui,
2012-10-22,FR0000120644,12064,DANONE,BN.PA,oui,
2012-10-22,FR0010242511,1024251,EDF,,non,aucune serie servie sur 2009-2018 (candidat EDF.PA)
2012-10-22,FR0010208488,1020848,ENGIE (ex-GDF Suez),ENGI.PA,oui,
2012-10-22,FR0000121667,12166,EssilorLuxottica,EL.PA,oui,
2012-10-22,FR0000121485,12148,Kering (ex: Pinault-Printemps-Redoute),KER.PA,oui,
2012-10-22,FR0000120321,12032,L'Oréal,OR.PA,oui,
2012-10-22,FR0000120537,12053,LafargeHolcim,,non,"servie en CHF seulement (HOLN.SW, 2514 seances)"
2012-10-22,FR0010307819,1030781,Legrand,LR.PA,oui,
2012-10-22,FR0000121014,12101,LVMH MOET HENESSY,MC.PA,oui,
2012-10-22,FR0000121261,12126,Michelin B,ML.PA,oui,
2012-10-22,FR0000133308,13330,Orange (ex: France Télécom),ORA.PA,oui,
2012-10-22,FR0000120693,12069,Pernod Ricard,RI.PA,oui,
2012-10-22,FR0000130577,13057,Publicis Groupe SA,PUB.PA,oui,
2012-10-22,FR0000131906,13190,Renault,RNO.PA,oui,
2012-10-22,FR0000073272,7327,Safran,SAF.PA,oui,
2012-10-22,FR0000125007,12500,SAINT-GOBAIN,SGO.PA,oui,
2012-10-22,FR0000120578,12057,Sanofi,SAN.PA,oui,
2012-10-22,FR0000121972,12197,Schneider (Ex-Spie Batignolles),SU.PA,oui,
2012-10-22,FR0000130809,13080,Société Générale,GLE.PA,oui,
2012-10-22,BE0003470755,5809,Solvay,SOLB.BR,oui,
2012-10-22,NL0000226223,12970,STMicroelectronics (Ex-SGS Thomson Microelectronics),STMPA.PA,oui,
2012-10-22,FR0000131708,13170,Technip,,non,aucune serie servie sur 2009-2018 (candidat TEC.PA)
2012-10-22,FR0000120271,12027,Total,TTE.PA,oui,
2012-10-22,FR0000124711,12471,Unibail-Rodamco,,non,"aucune serie en euros (candidats UL.PA, URW.AS)"
2012-10-22,FR0000120354,12035,Vallourec,VK.PA,oui,
2012-10-22,FR0000124141,12414,Veolia Environnement,VIE.PA,oui,
2012-10-22,FR0000125486,12548,Vinci,DG.PA,oui,
2012-10-22,FR0000127771,12777,Vivendi,VIV.PA,oui,
2012-11-19,FR0000120404,12040,ACCOR,AC.PA,oui,
2012-11-19,FR0000120073,12007,AIR LIQUIDE,AI.PA,oui,
2012-11-19,NL0000235190,5730,Airbus Group (ex-EADS),AIR.PA,oui,
2012-11-19,FR0000130007,13000,ALCATEL,,non,aucune serie servie sur 2009-2018 (candidat ALU.PA)
2012-11-19,FR0010220475,1022047,Alstom,ALO.PA,oui,
2012-11-19,LU0323134006,32313400,ArcelorMittal,MT.AS,oui,
2012-11-19,FR0000120628,12062,Axa,CS.PA,oui,
2012-11-19,FR0000131104,13110,BNP,BNP.PA,oui,
2012-11-19,FR0000120503,12050,BOUYGUES,EN.PA,oui,
2012-11-19,FR0000125338,12533,Cap Gémini,CAP.PA,oui,
2012-11-19,FR0000120172,12017,CARREFOUR,CA.PA,oui,
2012-11-19,FR0000045072,4507,CREDIT AGRICOLE,ACA.PA,oui,
2012-11-19,FR0000120644,12064,DANONE,BN.PA,oui,
2012-11-19,FR0010242511,1024251,EDF,,non,aucune serie servie sur 2009-2018 (candidat EDF.PA)
2012-11-19,FR0010208488,1020848,ENGIE (ex-GDF Suez),ENGI.PA,oui,
2012-11-19,FR0000121667,12166,EssilorLuxottica,EL.PA,oui,
2012-11-19,FR0000121485,12148,Kering (ex: Pinault-Printemps-Redoute),KER.PA,oui,
2012-11-19,FR0000120321,12032,L'Oréal,OR.PA,oui,
2012-11-19,FR0000120537,12053,LafargeHolcim,,non,"servie en CHF seulement (HOLN.SW, 2514 seances)"
2012-11-19,FR0010307819,1030781,Legrand,LR.PA,oui,
2012-11-19,FR0000121014,12101,LVMH MOET HENESSY,MC.PA,oui,
2012-11-19,FR0000121261,12126,Michelin B,ML.PA,oui,
2012-11-19,FR0000133308,13330,Orange (ex: France Télécom),ORA.PA,oui,
2012-11-19,FR0000120693,12069,Pernod Ricard,RI.PA,oui,
2012-11-19,FR0000130577,13057,Publicis Groupe SA,PUB.PA,oui,
2012-11-19,FR0000131906,13190,Renault,RNO.PA,oui,
2012-11-19,FR0000073272,7327,Safran,SAF.PA,oui,
2012-11-19,FR0000125007,12500,SAINT-GOBAIN,SGO.PA,oui,
2012-11-19,FR0000120578,12057,Sanofi,SAN.PA,oui,
2012-11-19,FR0000121972,12197,Schneider (Ex-Spie Batignolles),SU.PA,oui,
2012-11-19,FR0000130809,13080,Société Générale,GLE.PA,oui,
2012-11-19,BE0003470755,5809,Solvay,SOLB.BR,oui,
2012-11-19,NL0000226223,12970,STMicroelectronics (Ex-SGS Thomson Microelectronics),STMPA.PA,oui,
2012-11-19,FR0000131708,13170,Technip,,non,aucune serie servie sur 2009-2018 (candidat TEC.PA)
2012-11-19,FR0000120271,12027,Total,TTE.PA,oui,
2012-11-19,FR0000124711,12471,Unibail-Rodamco,,non,"aucune serie en euros (candidats UL.PA, URW.AS)"
2012-11-19,FR0000120354,12035,Vallourec,VK.PA,oui,
2012-11-19,FR0000124141,12414,Veolia Environnement,VIE.PA,oui,
2012-11-19,FR0000125486,12548,Vinci,DG.PA,oui,
2012-11-19,FR0000127771,12777,Vivendi,VIV.PA,oui,
2012-12-17,FR0000120404,12040,ACCOR,AC.PA,oui,
2012-12-17,FR0000120073,12007,AIR LIQUIDE,AI.PA,oui,
2012-12-17,NL0000235190,5730,Airbus Group (ex-EADS),AIR.PA,oui,
2012-12-17,FR0000130007,13000,ALCATEL,,non,aucune serie servie sur 2009-2018 (candidat ALU.PA)
2012-12-17,FR0010220475,1022047,Alstom,ALO.PA,oui,
2012-12-17,LU0323134006,32313400,ArcelorMittal,MT.AS,oui,
2012-12-17,FR0000120628,12062,Axa,CS.PA,oui,
2012-12-17,FR0000131104,13110,BNP,BNP.PA,oui,
2012-12-17,FR0000120503,12050,BOUYGUES,EN.PA,oui,
2012-12-17,FR0000125338,12533,Cap Gémini,CAP.PA,oui,
2012-12-17,FR0000120172,12017,CARREFOUR,CA.PA,oui,
2012-12-17,FR0000045072,4507,CREDIT AGRICOLE,ACA.PA,oui,
2012-12-17,FR0000120644,12064,DANONE,BN.PA,oui,
2012-12-17,FR0010242511,1024251,EDF,,non,aucune serie servie sur 2009-2018 (candidat EDF.PA)
2012-12-17,FR0010208488,1020848,ENGIE (ex-GDF Suez),ENGI.PA,oui,
2012-12-17,FR0000121667,12166,EssilorLuxottica,EL.PA,oui,
2012-12-17,FR0000121485,12148,Kering (ex: Pinault-Printemps-Redoute),KER.PA,oui,
2012-12-17,FR0000120321,12032,L'Oréal,OR.PA,oui,
2012-12-17,FR0000120537,12053,LafargeHolcim,,non,"servie en CHF seulement (HOLN.SW, 2514 seances)"
2012-12-17,FR0010307819,1030781,Legrand,LR.PA,oui,
2012-12-17,FR0000121014,12101,LVMH MOET HENESSY,MC.PA,oui,
2012-12-17,FR0000121261,12126,Michelin B,ML.PA,oui,
2012-12-17,FR0000133308,13330,Orange (ex: France Télécom),ORA.PA,oui,
2012-12-17,FR0000120693,12069,Pernod Ricard,RI.PA,oui,
2012-12-17,FR0000130577,13057,Publicis Groupe SA,PUB.PA,oui,
2012-12-17,FR0000131906,13190,Renault,RNO.PA,oui,
2012-12-17,FR0000073272,7327,Safran,SAF.PA,oui,
2012-12-17,FR0000125007,12500,SAINT-GOBAIN,SGO.PA,oui,
2012-12-17,FR0000120578,12057,Sanofi,SAN.PA,oui,
2012-12-17,FR0000121972,12197,Schneider (Ex-Spie Batignolles),SU.PA,oui,
2012-12-17,FR0000130809,13080,Société Générale,GLE.PA,oui,
2012-12-17,BE0003470755,5809,Solvay,SOLB.BR,oui,
2012-12-17,NL0000226223,12970,STMicroelectronics (Ex-SGS Thomson Microelectronics),STMPA.PA,oui,
2012-12-17,FR0000131708,13170,Technip,,non,aucune serie servie sur 2009-2018 (candidat TEC.PA)
2012-12-17,FR0000120271,12027,Total,TTE.PA,oui,
2012-12-17,FR0000124711,12471,Unibail-Rodamco,,non,"aucune serie en euros (candidats UL.PA, URW.AS)"
2012-12-17,FR0000120354,12035,Vallourec,VK.PA,oui,
2012-12-17,FR0000124141,12414,Veolia Environnement,VIE.PA,oui,
2012-12-17,FR0000125486,12548,Vinci,DG.PA,oui,
2012-12-17,FR0000127771,12777,Vivendi,VIV.PA,oui,
2013-01-21,FR0000120404,12040,ACCOR,AC.PA,oui,
2013-01-21,FR0000120073,12007,AIR LIQUIDE,AI.PA,oui,
2013-01-21,NL0000235190,5730,Airbus Group (ex-EADS),AIR.PA,oui,
2013-01-21,FR0010220475,1022047,Alstom,ALO.PA,oui,
2013-01-21,LU0323134006,32313400,ArcelorMittal,MT.AS,oui,
2013-01-21,FR0000120628,12062,Axa,CS.PA,oui,
2013-01-21,FR0000131104,13110,BNP,BNP.PA,oui,
2013-01-21,FR0000120503,12050,BOUYGUES,EN.PA,oui,
2013-01-21,FR0000125338,12533,Cap Gémini,CAP.PA,oui,
2013-01-21,FR0000120172,12017,CARREFOUR,CA.PA,oui,
2013-01-21,FR0000045072,4507,CREDIT AGRICOLE,ACA.PA,oui,
2013-01-21,FR0000120644,12064,DANONE,BN.PA,oui,
2013-01-21,FR0010242511,1024251,EDF,,non,aucune serie servie sur 2009-2018 (candidat EDF.PA)
2013-01-21,FR0010208488,1020848,ENGIE (ex-GDF Suez),ENGI.PA,oui,
2013-01-21,FR0000121667,12166,EssilorLuxottica,EL.PA,oui,
2013-01-21,NL0000400653,40065,Gemalto,,non,aucune serie servie sur 2009-2018 (candidat GTO.AS)
2013-01-21,FR0000121485,12148,Kering (ex: Pinault-Printemps-Redoute),KER.PA,oui,
2013-01-21,FR0000120321,12032,L'Oréal,OR.PA,oui,
2013-01-21,FR0000120537,12053,LafargeHolcim,,non,"servie en CHF seulement (HOLN.SW, 2514 seances)"
2013-01-21,FR0010307819,1030781,Legrand,LR.PA,oui,
2013-01-21,FR0000121014,12101,LVMH MOET HENESSY,MC.PA,oui,
2013-01-21,FR0000121261,12126,Michelin B,ML.PA,oui,
2013-01-21,FR0000133308,13330,Orange (ex: France Télécom),ORA.PA,oui,
2013-01-21,FR0000120693,12069,Pernod Ricard,RI.PA,oui,
2013-01-21,FR0000130577,13057,Publicis Groupe SA,PUB.PA,oui,
2013-01-21,FR0000131906,13190,Renault,RNO.PA,oui,
2013-01-21,FR0000073272,7327,Safran,SAF.PA,oui,
2013-01-21,FR0000125007,12500,SAINT-GOBAIN,SGO.PA,oui,
2013-01-21,FR0000120578,12057,Sanofi,SAN.PA,oui,
2013-01-21,FR0000121972,12197,Schneider (Ex-Spie Batignolles),SU.PA,oui,
2013-01-21,FR0000130809,13080,Société Générale,GLE.PA,oui,
2013-01-21,BE0003470755,5809,Solvay,SOLB.BR,oui,
2013-01-21,NL0000226223,12970,STMicroelectronics (Ex-SGS Thomson Microelectronics),STMPA.PA,oui,
2013-01-21,FR0000131708,13170,Technip,,non,aucune serie servie sur 2009-2018 (candidat TEC.PA)
2013-01-21,FR0000120271,12027,Total,TTE.PA,oui,
2013-01-21,FR0000124711,12471,Unibail-Rodamco,,non,"aucune serie en euros (candidats UL.PA, URW.AS)"
2013-01-21,FR0000120354,12035,Vallourec,VK.PA,oui,
2013-01-21,FR0000124141,12414,Veolia Environnement,VIE.PA,oui,
2013-01-21,FR0000125486,12548,Vinci,DG.PA,oui,
2013-01-21,FR0000127771,12777,Vivendi,VIV.PA,oui,
2013-02-18,FR0000120404,12040,ACCOR,AC.PA,oui,
2013-02-18,FR0000120073,12007,AIR LIQUIDE,AI.PA,oui,
2013-02-18,NL0000235190,5730,Airbus Group (ex-EADS),AIR.PA,oui,
2013-02-18,FR0010220475,1022047,Alstom,ALO.PA,oui,
2013-02-18,LU0323134006,32313400,ArcelorMittal,MT.AS,oui,
2013-02-18,FR0000120628,12062,Axa,CS.PA,oui,
2013-02-18,FR0000131104,13110,BNP,BNP.PA,oui,
2013-02-18,FR0000120503,12050,BOUYGUES,EN.PA,oui,
2013-02-18,FR0000125338,12533,Cap Gémini,CAP.PA,oui,
2013-02-18,FR0000120172,12017,CARREFOUR,CA.PA,oui,
2013-02-18,FR0000045072,4507,CREDIT AGRICOLE,ACA.PA,oui,
2013-02-18,FR0000120644,12064,DANONE,BN.PA,oui,
2013-02-18,FR0010242511,1024251,EDF,,non,aucune serie servie sur 2009-2018 (candidat EDF.PA)
2013-02-18,FR0010208488,1020848,ENGIE (ex-GDF Suez),ENGI.PA,oui,
2013-02-18,FR0000121667,12166,EssilorLuxottica,EL.PA,oui,
2013-02-18,NL0000400653,40065,Gemalto,,non,aucune serie servie sur 2009-2018 (candidat GTO.AS)
2013-02-18,FR0000121485,12148,Kering (ex: Pinault-Printemps-Redoute),KER.PA,oui,
2013-02-18,FR0000120321,12032,L'Oréal,OR.PA,oui,
2013-02-18,FR0000120537,12053,LafargeHolcim,,non,"servie en CHF seulement (HOLN.SW, 2514 seances)"
2013-02-18,FR0010307819,1030781,Legrand,LR.PA,oui,
2013-02-18,FR0000121014,12101,LVMH MOET HENESSY,MC.PA,oui,
2013-02-18,FR0000121261,12126,Michelin B,ML.PA,oui,
2013-02-18,FR0000133308,13330,Orange (ex: France Télécom),ORA.PA,oui,
2013-02-18,FR0000120693,12069,Pernod Ricard,RI.PA,oui,
2013-02-18,FR0000130577,13057,Publicis Groupe SA,PUB.PA,oui,
2013-02-18,FR0000131906,13190,Renault,RNO.PA,oui,
2013-02-18,FR0000073272,7327,Safran,SAF.PA,oui,
2013-02-18,FR0000125007,12500,SAINT-GOBAIN,SGO.PA,oui,
2013-02-18,FR0000120578,12057,Sanofi,SAN.PA,oui,
2013-02-18,FR0000121972,12197,Schneider (Ex-Spie Batignolles),SU.PA,oui,
2013-02-18,FR0000130809,13080,Société Générale,GLE.PA,oui,
2013-02-18,BE0003470755,5809,Solvay,SOLB.BR,oui,
2013-02-18,NL0000226223,12970,STMicroelectronics (Ex-SGS Thomson Microelectronics),STMPA.PA,oui,
2013-02-18,FR0000131708,13170,Technip,,non,aucune serie servie sur 2009-2018 (candidat TEC.PA)
2013-02-18,FR0000120271,12027,Total,TTE.PA,oui,
2013-02-18,FR0000124711,12471,Unibail-Rodamco,,non,"aucune serie en euros (candidats UL.PA, URW.AS)"
2013-02-18,FR0000120354,12035,Vallourec,VK.PA,oui,
2013-02-18,FR0000124141,12414,Veolia Environnement,VIE.PA,oui,
2013-02-18,FR0000125486,12548,Vinci,DG.PA,oui,
2013-02-18,FR0000127771,12777,Vivendi,VIV.PA,oui,
2013-03-18,FR0000120404,12040,ACCOR,AC.PA,oui,
2013-03-18,FR0000120073,12007,AIR LIQUIDE,AI.PA,oui,
2013-03-18,NL0000235190,5730,Airbus Group (ex-EADS),AIR.PA,oui,
2013-03-18,FR0010220475,1022047,Alstom,ALO.PA,oui,
2013-03-18,LU0323134006,32313400,ArcelorMittal,MT.AS,oui,
2013-03-18,FR0000120628,12062,Axa,CS.PA,oui,
2013-03-18,FR0000131104,13110,BNP,BNP.PA,oui,
2013-03-18,FR0000120503,12050,BOUYGUES,EN.PA,oui,
2013-03-18,FR0000125338,12533,Cap Gémini,CAP.PA,oui,
2013-03-18,FR0000120172,12017,CARREFOUR,CA.PA,oui,
2013-03-18,FR0000045072,4507,CREDIT AGRICOLE,ACA.PA,oui,
2013-03-18,FR0000120644,12064,DANONE,BN.PA,oui,
2013-03-18,FR0010242511,1024251,EDF,,non,aucune serie servie sur 2009-2018 (candidat EDF.PA)
2013-03-18,FR0010208488,1020848,ENGIE (ex-GDF Suez),ENGI.PA,oui,
2013-03-18,FR0000121667,12166,EssilorLuxottica,EL.PA,oui,
2013-03-18,NL0000400653,40065,Gemalto,,non,aucune serie servie sur 2009-2018 (candidat GTO.AS)
2013-03-18,FR0000121485,12148,Kering (ex: Pinault-Printemps-Redoute),KER.PA,oui,
2013-03-18,FR0000120321,12032,L'Oréal,OR.PA,oui,
2013-03-18,FR0000120537,12053,LafargeHolcim,,non,"servie en CHF seulement (HOLN.SW, 2514 seances)"
2013-03-18,FR0010307819,1030781,Legrand,LR.PA,oui,
2013-03-18,FR0000121014,12101,LVMH MOET HENESSY,MC.PA,oui,
2013-03-18,FR0000121261,12126,Michelin B,ML.PA,oui,
2013-03-18,FR0000133308,13330,Orange (ex: France Télécom),ORA.PA,oui,
2013-03-18,FR0000120693,12069,Pernod Ricard,RI.PA,oui,
2013-03-18,FR0000130577,13057,Publicis Groupe SA,PUB.PA,oui,
2013-03-18,FR0000131906,13190,Renault,RNO.PA,oui,
2013-03-18,FR0000073272,7327,Safran,SAF.PA,oui,
2013-03-18,FR0000125007,12500,SAINT-GOBAIN,SGO.PA,oui,
2013-03-18,FR0000120578,12057,Sanofi,SAN.PA,oui,
2013-03-18,FR0000121972,12197,Schneider (Ex-Spie Batignolles),SU.PA,oui,
2013-03-18,FR0000130809,13080,Société Générale,GLE.PA,oui,
2013-03-18,BE0003470755,5809,Solvay,SOLB.BR,oui,
2013-03-18,NL0000226223,12970,STMicroelectronics (Ex-SGS Thomson Microelectronics),STMPA.PA,oui,
2013-03-18,FR0000131708,13170,Technip,,non,aucune serie servie sur 2009-2018 (candidat TEC.PA)
2013-03-18,FR0000120271,12027,Total,TTE.PA,oui,
2013-03-18,FR0000124711,12471,Unibail-Rodamco,,non,"aucune serie en euros (candidats UL.PA, URW.AS)"
2013-03-18,FR0000120354,12035,Vallourec,VK.PA,oui,
2013-03-18,FR0000124141,12414,Veolia Environnement,VIE.PA,oui,
2013-03-18,FR0000125486,12548,Vinci,DG.PA,oui,
2013-03-18,FR0000127771,12777,Vivendi,VIV.PA,oui,
2013-04-17,FR0000120404,12040,ACCOR,AC.PA,oui,
2013-04-17,FR0000120073,12007,AIR LIQUIDE,AI.PA,oui,
2013-04-17,NL0000235190,5730,Airbus Group (ex-EADS),AIR.PA,oui,
2013-04-17,FR0010220475,1022047,Alstom,ALO.PA,oui,
2013-04-17,LU0323134006,32313400,ArcelorMittal,MT.AS,oui,
2013-04-17,FR0000120628,12062,Axa,CS.PA,oui,
2013-04-17,FR0000131104,13110,BNP,BNP.PA,oui,
2013-04-17,FR0000120503,12050,BOUYGUES,EN.PA,oui,
2013-04-17,FR0000125338,12533,Cap Gémini,CAP.PA,oui,
2013-04-17,FR0000120172,12017,CARREFOUR,CA.PA,oui,
2013-04-17,FR0000045072,4507,CREDIT AGRICOLE,ACA.PA,oui,
2013-04-17,FR0000120644,12064,DANONE,BN.PA,oui,
2013-04-17,FR0010242511,1024251,EDF,,non,aucune serie servie sur 2009-2018 (candidat EDF.PA)
2013-04-17,FR0010208488,1020848,ENGIE (ex-GDF Suez),ENGI.PA,oui,
2013-04-17,FR0000121667,12166,EssilorLuxottica,EL.PA,oui,
2013-04-17,NL0000400653,40065,Gemalto,,non,aucune serie servie sur 2009-2018 (candidat GTO.AS)
2013-04-17,FR0000121485,12148,Kering (ex: Pinault-Printemps-Redoute),KER.PA,oui,
2013-04-17,FR0000120321,12032,L'Oréal,OR.PA,oui,
2013-04-17,FR0000120537,12053,LafargeHolcim,,non,"servie en CHF seulement (HOLN.SW, 2514 seances)"
2013-04-17,FR0010307819,1030781,Legrand,LR.PA,oui,
2013-04-17,FR0000121014,12101,LVMH MOET HENESSY,MC.PA,oui,
2013-04-17,FR0000121261,12126,Michelin B,ML.PA,oui,
2013-04-17,FR0000133308,13330,Orange (ex: France Télécom),ORA.PA,oui,
2013-04-17,FR0000120693,12069,Pernod Ricard,RI.PA,oui,
2013-04-17,FR0000130577,13057,Publicis Groupe SA,PUB.PA,oui,
2013-04-17,FR0000131906,13190,Renault,RNO.PA,oui,
2013-04-17,FR0000073272,7327,Safran,SAF.PA,oui,
2013-04-17,FR0000125007,12500,SAINT-GOBAIN,SGO.PA,oui,
2013-04-17,FR0000120578,12057,Sanofi,SAN.PA,oui,
2013-04-17,FR0000121972,12197,Schneider (Ex-Spie Batignolles),SU.PA,oui,
2013-04-17,FR0000130809,13080,Société Générale,GLE.PA,oui,
2013-04-17,BE0003470755,5809,Solvay,SOLB.BR,oui,
2013-04-17,NL0000226223,12970,STMicroelectronics (Ex-SGS Thomson Microelectronics),STMPA.PA,oui,
2013-04-17,FR0000131708,13170,Technip,,non,aucune serie servie sur 2009-2018 (candidat TEC.PA)
2013-04-17,FR0000120271,12027,Total,TTE.PA,oui,
2013-04-17,FR0000124711,12471,Unibail-Rodamco,,non,"aucune serie en euros (candidats UL.PA, URW.AS)"
2013-04-17,FR0000120354,12035,Vallourec,VK.PA,oui,
2013-04-17,FR0000124141,12414,Veolia Environnement,VIE.PA,oui,
2013-04-17,FR0000125486,12548,Vinci,DG.PA,oui,
2013-04-17,FR0000127771,12777,Vivendi,VIV.PA,oui,
2013-05-16,FR0000120404,12040,ACCOR,AC.PA,oui,
2013-05-16,FR0000120073,12007,AIR LIQUIDE,AI.PA,oui,
2013-05-16,NL0000235190,5730,Airbus Group (ex-EADS),AIR.PA,oui,
2013-05-16,FR0010220475,1022047,Alstom,ALO.PA,oui,
2013-05-16,LU0323134006,32313400,ArcelorMittal,MT.AS,oui,
2013-05-16,FR0000120628,12062,Axa,CS.PA,oui,
2013-05-16,FR0000131104,13110,BNP,BNP.PA,oui,
2013-05-16,FR0000120503,12050,BOUYGUES,EN.PA,oui,
2013-05-16,FR0000125338,12533,Cap Gémini,CAP.PA,oui,
2013-05-16,FR0000120172,12017,CARREFOUR,CA.PA,oui,
2013-05-16,FR0000045072,4507,CREDIT AGRICOLE,ACA.PA,oui,
2013-05-16,FR0000120644,12064,DANONE,BN.PA,oui,
2013-05-16,FR0010242511,1024251,EDF,,non,aucune serie servie sur 2009-2018 (candidat EDF.PA)
2013-05-16,FR0010208488,1020848,ENGIE (ex-GDF Suez),ENGI.PA,oui,
2013-05-16,FR0000121667,12166,EssilorLuxottica,EL.PA,oui,
2013-05-16,NL0000400653,40065,Gemalto,,non,aucune serie servie sur 2009-2018 (candidat GTO.AS)
2013-05-16,FR0000121485,12148,Kering (ex: Pinault-Printemps-Redoute),KER.PA,oui,
2013-05-16,FR0000120321,12032,L'Oréal,OR.PA,oui,
2013-05-16,FR0000120537,12053,LafargeHolcim,,non,"servie en CHF seulement (HOLN.SW, 2514 seances)"
2013-05-16,FR0010307819,1030781,Legrand,LR.PA,oui,
2013-05-16,FR0000121014,12101,LVMH MOET HENESSY,MC.PA,oui,
2013-05-16,FR0000121261,12126,Michelin B,ML.PA,oui,
2013-05-16,FR0000133308,13330,Orange (ex: France Télécom),ORA.PA,oui,
2013-05-16,FR0000120693,12069,Pernod Ricard,RI.PA,oui,
2013-05-16,FR0000130577,13057,Publicis Groupe SA,PUB.PA,oui,
2013-05-16,FR0000131906,13190,Renault,RNO.PA,oui,
2013-05-16,FR0000073272,7327,Safran,SAF.PA,oui,
2013-05-16,FR0000125007,12500,SAINT-GOBAIN,SGO.PA,oui,
2013-05-16,FR0000120578,12057,Sanofi,SAN.PA,oui,
2013-05-16,FR0000121972,12197,Schneider (Ex-Spie Batignolles),SU.PA,oui,
2013-05-16,FR0000130809,13080,Société Générale,GLE.PA,oui,
2013-05-16,BE0003470755,5809,Solvay,SOLB.BR,oui,
2013-05-16,NL0000226223,12970,STMicroelectronics (Ex-SGS Thomson Microelectronics),STMPA.PA,oui,
2013-05-16,FR0000131708,13170,Technip,,non,aucune serie servie sur 2009-2018 (candidat TEC.PA)
2013-05-16,FR0000120271,12027,Total,TTE.PA,oui,
2013-05-16,FR0000124711,12471,Unibail-Rodamco,,non,"aucune serie en euros (candidats UL.PA, URW.AS)"
2013-05-16,FR0000120354,12035,Vallourec,VK.PA,oui,
2013-05-16,FR0000124141,12414,Veolia Environnement,VIE.PA,oui,
2013-05-16,FR0000125486,12548,Vinci,DG.PA,oui,
2013-05-16,FR0000127771,12777,Vivendi,VIV.PA,oui,
2013-06-13,FR0000120404,12040,ACCOR,AC.PA,oui,
2013-06-13,FR0000120073,12007,AIR LIQUIDE,AI.PA,oui,
2013-06-13,NL0000235190,5730,Airbus Group (ex-EADS),AIR.PA,oui,
2013-06-13,FR0010220475,1022047,Alstom,ALO.PA,oui,
2013-06-13,LU0323134006,32313400,ArcelorMittal,MT.AS,oui,
2013-06-13,FR0000120628,12062,Axa,CS.PA,oui,
2013-06-13,FR0000131104,13110,BNP,BNP.PA,oui,
2013-06-13,FR0000120503,12050,BOUYGUES,EN.PA,oui,
2013-06-13,FR0000125338,12533,Cap Gémini,CAP.PA,oui,
2013-06-13,FR0000120172,12017,CARREFOUR,CA.PA,oui,
2013-06-13,FR0000045072,4507,CREDIT AGRICOLE,ACA.PA,oui,
2013-06-13,FR0000120644,12064,DANONE,BN.PA,oui,
2013-06-13,FR0010242511,1024251,EDF,,non,aucune serie servie sur 2009-2018 (candidat EDF.PA)
2013-06-13,FR0010208488,1020848,ENGIE (ex-GDF Suez),ENGI.PA,oui,
2013-06-13,FR0000121667,12166,EssilorLuxottica,EL.PA,oui,
2013-06-13,NL0000400653,40065,Gemalto,,non,aucune serie servie sur 2009-2018 (candidat GTO.AS)
2013-06-13,FR0000121485,12148,Kering (ex: Pinault-Printemps-Redoute),KER.PA,oui,
2013-06-13,FR0000120321,12032,L'Oréal,OR.PA,oui,
2013-06-13,FR0000120537,12053,LafargeHolcim,,non,"servie en CHF seulement (HOLN.SW, 2514 seances)"
2013-06-13,FR0010307819,1030781,Legrand,LR.PA,oui,
2013-06-13,FR0000121014,12101,LVMH MOET HENESSY,MC.PA,oui,
2013-06-13,FR0000121261,12126,Michelin B,ML.PA,oui,
2013-06-13,FR0000133308,13330,Orange (ex: France Télécom),ORA.PA,oui,
2013-06-13,FR0000120693,12069,Pernod Ricard,RI.PA,oui,
2013-06-13,FR0000130577,13057,Publicis Groupe SA,PUB.PA,oui,
2013-06-13,FR0000131906,13190,Renault,RNO.PA,oui,
2013-06-13,FR0000073272,7327,Safran,SAF.PA,oui,
2013-06-13,FR0000125007,12500,SAINT-GOBAIN,SGO.PA,oui,
2013-06-13,FR0000120578,12057,Sanofi,SAN.PA,oui,
2013-06-13,FR0000121972,12197,Schneider (Ex-Spie Batignolles),SU.PA,oui,
2013-06-13,FR0000130809,13080,Société Générale,GLE.PA,oui,
2013-06-13,BE0003470755,5809,Solvay,SOLB.BR,oui,
2013-06-13,NL0000226223,12970,STMicroelectronics (Ex-SGS Thomson Microelectronics),STMPA.PA,oui,
2013-06-13,FR0000131708,13170,Technip,,non,aucune serie servie sur 2009-2018 (candidat TEC.PA)
2013-06-13,FR0000120271,12027,Total,TTE.PA,oui,
2013-06-13,FR0000124711,12471,Unibail-Rodamco,,non,"aucune serie en euros (candidats UL.PA, URW.AS)"
2013-06-13,FR0000120354,12035,Vallourec,VK.PA,oui,
2013-06-13,FR0000124141,12414,Veolia Environnement,VIE.PA,oui,
2013-06-13,FR0000125486,12548,Vinci,DG.PA,oui,
2013-06-13,FR0000127771,12777,Vivendi,VIV.PA,oui,
2013-07-11,FR0000120404,12040,ACCOR,AC.PA,oui,
2013-07-11,FR0000120073,12007,AIR LIQUIDE,AI.PA,oui,
2013-07-11,NL0000235190,5730,Airbus Group (ex-EADS),AIR.PA,oui,
2013-07-11,FR0010220475,1022047,Alstom,ALO.PA,oui,
2013-07-11,LU0323134006,32313400,ArcelorMittal,MT.AS,oui,
2013-07-11,FR0000120628,12062,Axa,CS.PA,oui,
2013-07-11,FR0000131104,13110,BNP,BNP.PA,oui,
2013-07-11,FR0000120503,12050,BOUYGUES,EN.PA,oui,
2013-07-11,FR0000125338,12533,Cap Gémini,CAP.PA,oui,
2013-07-11,FR0000120172,12017,CARREFOUR,CA.PA,oui,
2013-07-11,FR0000045072,4507,CREDIT AGRICOLE,ACA.PA,oui,
2013-07-11,FR0000120644,12064,DANONE,BN.PA,oui,
2013-07-11,FR0010242511,1024251,EDF,,non,aucune serie servie sur 2009-2018 (candidat EDF.PA)
2013-07-11,FR0010208488,1020848,ENGIE (ex-GDF Suez),ENGI.PA,oui,
2013-07-11,FR0000121667,12166,EssilorLuxottica,EL.PA,oui,
2013-07-11,NL0000400653,40065,Gemalto,,non,aucune serie servie sur 2009-2018 (candidat GTO.AS)
2013-07-11,FR0000121485,12148,Kering (ex: Pinault-Printemps-Redoute),KER.PA,oui,
2013-07-11,FR0000120321,12032,L'Oréal,OR.PA,oui,
2013-07-11,FR0000120537,12053,LafargeHolcim,,non,"servie en CHF seulement (HOLN.SW, 2514 seances)"
2013-07-11,FR0010307819,1030781,Legrand,LR.PA,oui,
2013-07-11,FR0000121014,12101,LVMH MOET HENESSY,MC.PA,oui,
2013-07-11,FR0000121261,12126,Michelin B,ML.PA,oui,
2013-07-11,FR0000133308,13330,Orange (ex: France Télécom),ORA.PA,oui,
2013-07-11,FR0000120693,12069,Pernod Ricard,RI.PA,oui,
2013-07-11,FR0000130577,13057,Publicis Groupe SA,PUB.PA,oui,
2013-07-11,FR0000131906,13190,Renault,RNO.PA,oui,
2013-07-11,FR0000073272,7327,Safran,SAF.PA,oui,
2013-07-11,FR0000125007,12500,SAINT-GOBAIN,SGO.PA,oui,
2013-07-11,FR0000120578,12057,Sanofi,SAN.PA,oui,
2013-07-11,FR0000121972,12197,Schneider (Ex-Spie Batignolles),SU.PA,oui,
2013-07-11,FR0000130809,13080,Société Générale,GLE.PA,oui,
2013-07-11,BE0003470755,5809,Solvay,SOLB.BR,oui,
2013-07-11,NL0000226223,12970,STMicroelectronics (Ex-SGS Thomson Microelectronics),STMPA.PA,oui,
2013-07-11,FR0000131708,13170,Technip,,non,aucune serie servie sur 2009-2018 (candidat TEC.PA)
2013-07-11,FR0000120271,12027,Total,TTE.PA,oui,
2013-07-11,FR0000124711,12471,Unibail-Rodamco,,non,"aucune serie en euros (candidats UL.PA, URW.AS)"
2013-07-11,FR0000120354,12035,Vallourec,VK.PA,oui,
2013-07-11,FR0000124141,12414,Veolia Environnement,VIE.PA,oui,
2013-07-11,FR0000125486,12548,Vinci,DG.PA,oui,
2013-07-11,FR0000127771,12777,Vivendi,VIV.PA,oui,
2013-08-08,FR0000120404,12040,ACCOR,AC.PA,oui,
2013-08-08,FR0000120073,12007,AIR LIQUIDE,AI.PA,oui,
2013-08-08,NL0000235190,5730,Airbus Group (ex-EADS),AIR.PA,oui,
2013-08-08,FR0010220475,1022047,Alstom,ALO.PA,oui,
2013-08-08,LU0323134006,32313400,ArcelorMittal,MT.AS,oui,
2013-08-08,FR0000120628,12062,Axa,CS.PA,oui,
2013-08-08,FR0000131104,13110,BNP,BNP.PA,oui,
2013-08-08,FR0000120503,12050,BOUYGUES,EN.PA,oui,
2013-08-08,FR0000125338,12533,Cap Gémini,CAP.PA,oui,
2013-08-08,FR0000120172,12017,CARREFOUR,CA.PA,oui,
2013-08-08,FR0000045072,4507,CREDIT AGRICOLE,ACA.PA,oui,
2013-08-08,FR0000120644,12064,DANONE,BN.PA,oui,
2013-08-08,FR0010242511,1024251,EDF,,non,aucune serie servie sur 2009-2018 (candidat EDF.PA)
2013-08-08,FR0010208488,1020848,ENGIE (ex-GDF Suez),ENGI.PA,oui,
2013-08-08,FR0000121667,12166,EssilorLuxottica,EL.PA,oui,
2013-08-08,NL0000400653,40065,Gemalto,,non,aucune serie servie sur 2009-2018 (candidat GTO.AS)
2013-08-08,FR0000121485,12148,Kering (ex: Pinault-Printemps-Redoute),KER.PA,oui,
2013-08-08,FR0000120321,12032,L'Oréal,OR.PA,oui,
2013-08-08,FR0000120537,12053,LafargeHolcim,,non,"servie en CHF seulement (HOLN.SW, 2514 seances)"
2013-08-08,FR0010307819,1030781,Legrand,LR.PA,oui,
2013-08-08,FR0000121014,12101,LVMH MOET HENESSY,MC.PA,oui,
2013-08-08,FR0000121261,12126,Michelin B,ML.PA,oui,
2013-08-08,FR0000133308,13330,Orange (ex: France Télécom),ORA.PA,oui,
2013-08-08,FR0000120693,12069,Pernod Ricard,RI.PA,oui,
2013-08-08,FR0000130577,13057,Publicis Groupe SA,PUB.PA,oui,
2013-08-08,FR0000131906,13190,Renault,RNO.PA,oui,
2013-08-08,FR0000073272,7327,Safran,SAF.PA,oui,
2013-08-08,FR0000125007,12500,SAINT-GOBAIN,SGO.PA,oui,
2013-08-08,FR0000120578,12057,Sanofi,SAN.PA,oui,
2013-08-08,FR0000121972,12197,Schneider (Ex-Spie Batignolles),SU.PA,oui,
2013-08-08,FR0000130809,13080,Société Générale,GLE.PA,oui,
2013-08-08,BE0003470755,5809,Solvay,SOLB.BR,oui,
2013-08-08,NL0000226223,12970,STMicroelectronics (Ex-SGS Thomson Microelectronics),STMPA.PA,oui,
2013-08-08,FR0000131708,13170,Technip,,non,aucune serie servie sur 2009-2018 (candidat TEC.PA)
2013-08-08,FR0000120271,12027,Total,TTE.PA,oui,
2013-08-08,FR0000124711,12471,Unibail-Rodamco,,non,"aucune serie en euros (candidats UL.PA, URW.AS)"
2013-08-08,FR0000120354,12035,Vallourec,VK.PA,oui,
2013-08-08,FR0000124141,12414,Veolia Environnement,VIE.PA,oui,
2013-08-08,FR0000125486,12548,Vinci,DG.PA,oui,
2013-08-08,FR0000127771,12777,Vivendi,VIV.PA,oui,
2013-09-05,FR0000120404,12040,ACCOR,AC.PA,oui,
2013-09-05,FR0000120073,12007,AIR LIQUIDE,AI.PA,oui,
2013-09-05,NL0000235190,5730,Airbus Group (ex-EADS),AIR.PA,oui,
2013-09-05,FR0010220475,1022047,Alstom,ALO.PA,oui,
2013-09-05,LU0323134006,32313400,ArcelorMittal,MT.AS,oui,
2013-09-05,FR0000120628,12062,Axa,CS.PA,oui,
2013-09-05,FR0000131104,13110,BNP,BNP.PA,oui,
2013-09-05,FR0000120503,12050,BOUYGUES,EN.PA,oui,
2013-09-05,FR0000125338,12533,Cap Gémini,CAP.PA,oui,
2013-09-05,FR0000120172,12017,CARREFOUR,CA.PA,oui,
2013-09-05,FR0000045072,4507,CREDIT AGRICOLE,ACA.PA,oui,
2013-09-05,FR0000120644,12064,DANONE,BN.PA,oui,
2013-09-05,FR0010242511,1024251,EDF,,non,aucune serie servie sur 2009-2018 (candidat EDF.PA)
2013-09-05,FR0010208488,1020848,ENGIE (ex-GDF Suez),ENGI.PA,oui,
2013-09-05,FR0000121667,12166,EssilorLuxottica,EL.PA,oui,
2013-09-05,NL0000400653,40065,Gemalto,,non,aucune serie servie sur 2009-2018 (candidat GTO.AS)
2013-09-05,FR0000121485,12148,Kering (ex: Pinault-Printemps-Redoute),KER.PA,oui,
2013-09-05,FR0000120321,12032,L'Oréal,OR.PA,oui,
2013-09-05,FR0000120537,12053,LafargeHolcim,,non,"servie en CHF seulement (HOLN.SW, 2514 seances)"
2013-09-05,FR0010307819,1030781,Legrand,LR.PA,oui,
2013-09-05,FR0000121014,12101,LVMH MOET HENESSY,MC.PA,oui,
2013-09-05,FR0000121261,12126,Michelin B,ML.PA,oui,
2013-09-05,FR0000133308,13330,Orange (ex: France Télécom),ORA.PA,oui,
2013-09-05,FR0000120693,12069,Pernod Ricard,RI.PA,oui,
2013-09-05,FR0000130577,13057,Publicis Groupe SA,PUB.PA,oui,
2013-09-05,FR0000131906,13190,Renault,RNO.PA,oui,
2013-09-05,FR0000073272,7327,Safran,SAF.PA,oui,
2013-09-05,FR0000125007,12500,SAINT-GOBAIN,SGO.PA,oui,
2013-09-05,FR0000120578,12057,Sanofi,SAN.PA,oui,
2013-09-05,FR0000121972,12197,Schneider (Ex-Spie Batignolles),SU.PA,oui,
2013-09-05,FR0000130809,13080,Société Générale,GLE.PA,oui,
2013-09-05,BE0003470755,5809,Solvay,SOLB.BR,oui,
2013-09-05,NL0000226223,12970,STMicroelectronics (Ex-SGS Thomson Microelectronics),STMPA.PA,oui,
2013-09-05,FR0000131708,13170,Technip,,non,aucune serie servie sur 2009-2018 (candidat TEC.PA)
2013-09-05,FR0000120271,12027,Total,TTE.PA,oui,
2013-09-05,FR0000124711,12471,Unibail-Rodamco,,non,"aucune serie en euros (candidats UL.PA, URW.AS)"
2013-09-05,FR0000120354,12035,Vallourec,VK.PA,oui,
2013-09-05,FR0000124141,12414,Veolia Environnement,VIE.PA,oui,
2013-09-05,FR0000125486,12548,Vinci,DG.PA,oui,
2013-09-05,FR0000127771,12777,Vivendi,VIV.PA,oui,
2013-10-03,FR0000120404,12040,ACCOR,AC.PA,oui,
2013-10-03,FR0000120073,12007,AIR LIQUIDE,AI.PA,oui,
2013-10-03,NL0000235190,5730,Airbus Group (ex-EADS),AIR.PA,oui,
2013-10-03,FR0010220475,1022047,Alstom,ALO.PA,oui,
2013-10-03,LU0323134006,32313400,ArcelorMittal,MT.AS,oui,
2013-10-03,FR0000120628,12062,Axa,CS.PA,oui,
2013-10-03,FR0000131104,13110,BNP,BNP.PA,oui,
2013-10-03,FR0000120503,12050,BOUYGUES,EN.PA,oui,
2013-10-03,FR0000125338,12533,Cap Gémini,CAP.PA,oui,
2013-10-03,FR0000120172,12017,CARREFOUR,CA.PA,oui,
2013-10-03,FR0000045072,4507,CREDIT AGRICOLE,ACA.PA,oui,
2013-10-03,FR0000120644,12064,DANONE,BN.PA,oui,
2013-10-03,FR0010242511,1024251,EDF,,non,aucune serie servie sur 2009-2018 (candidat EDF.PA)
2013-10-03,FR0010208488,1020848,ENGIE (ex-GDF Suez),ENGI.PA,oui,
2013-10-03,FR0000121667,12166,EssilorLuxottica,EL.PA,oui,
2013-10-03,NL0000400653,40065,Gemalto,,non,aucune serie servie sur 2009-2018 (candidat GTO.AS)
2013-10-03,FR0000121485,12148,Kering (ex: Pinault-Printemps-Redoute),KER.PA,oui,
2013-10-03,FR0000120321,12032,L'Oréal,OR.PA,oui,
2013-10-03,FR0000120537,12053,LafargeHolcim,,non,"servie en CHF seulement (HOLN.SW, 2514 seances)"
2013-10-03,FR0010307819,1030781,Legrand,LR.PA,oui,
2013-10-03,FR0000121014,12101,LVMH MOET HENESSY,MC.PA,oui,
2013-10-03,FR0000121261,12126,Michelin B,ML.PA,oui,
2013-10-03,FR0000133308,13330,Orange (ex: France Télécom),ORA.PA,oui,
2013-10-03,FR0000120693,12069,Pernod Ricard,RI.PA,oui,
2013-10-03,FR0000130577,13057,Publicis Groupe SA,PUB.PA,oui,
2013-10-03,FR0000131906,13190,Renault,RNO.PA,oui,
2013-10-03,FR0000073272,7327,Safran,SAF.PA,oui,
2013-10-03,FR0000125007,12500,SAINT-GOBAIN,SGO.PA,oui,
2013-10-03,FR0000120578,12057,Sanofi,SAN.PA,oui,
2013-10-03,FR0000121972,12197,Schneider (Ex-Spie Batignolles),SU.PA,oui,
2013-10-03,FR0000130809,13080,Société Générale,GLE.PA,oui,
2013-10-03,BE0003470755,5809,Solvay,SOLB.BR,oui,
2013-10-03,NL0000226223,12970,STMicroelectronics (Ex-SGS Thomson Microelectronics),STMPA.PA,oui,
2013-10-03,FR0000131708,13170,Technip,,non,aucune serie servie sur 2009-2018 (candidat TEC.PA)
2013-10-03,FR0000120271,12027,Total,TTE.PA,oui,
2013-10-03,FR0000124711,12471,Unibail-Rodamco,,non,"aucune serie en euros (candidats UL.PA, URW.AS)"
2013-10-03,FR0000120354,12035,Vallourec,VK.PA,oui,
2013-10-03,FR0000124141,12414,Veolia Environnement,VIE.PA,oui,
2013-10-03,FR0000125486,12548,Vinci,DG.PA,oui,
2013-10-03,FR0000127771,12777,Vivendi,VIV.PA,oui,
2013-10-31,FR0000120404,12040,ACCOR,AC.PA,oui,
2013-10-31,FR0000120073,12007,AIR LIQUIDE,AI.PA,oui,
2013-10-31,NL0000235190,5730,Airbus Group (ex-EADS),AIR.PA,oui,
2013-10-31,FR0010220475,1022047,Alstom,ALO.PA,oui,
2013-10-31,LU0323134006,32313400,ArcelorMittal,MT.AS,oui,
2013-10-31,FR0000120628,12062,Axa,CS.PA,oui,
2013-10-31,FR0000131104,13110,BNP,BNP.PA,oui,
2013-10-31,FR0000120503,12050,BOUYGUES,EN.PA,oui,
2013-10-31,FR0000125338,12533,Cap Gémini,CAP.PA,oui,
2013-10-31,FR0000120172,12017,CARREFOUR,CA.PA,oui,
2013-10-31,FR0000045072,4507,CREDIT AGRICOLE,ACA.PA,oui,
2013-10-31,FR0000120644,12064,DANONE,BN.PA,oui,
2013-10-31,FR0010242511,1024251,EDF,,non,aucune serie servie sur 2009-2018 (candidat EDF.PA)
2013-10-31,FR0010208488,1020848,ENGIE (ex-GDF Suez),ENGI.PA,oui,
2013-10-31,FR0000121667,12166,EssilorLuxottica,EL.PA,oui,
2013-10-31,NL0000400653,40065,Gemalto,,non,aucune serie servie sur 2009-2018 (candidat GTO.AS)
2013-10-31,FR0000121485,12148,Kering (ex: Pinault-Printemps-Redoute),KER.PA,oui,
2013-10-31,FR0000120321,12032,L'Oréal,OR.PA,oui,
2013-10-31,FR0000120537,12053,LafargeHolcim,,non,"servie en CHF seulement (HOLN.SW, 2514 seances)"
2013-10-31,FR0010307819,1030781,Legrand,LR.PA,oui,
2013-10-31,FR0000121014,12101,LVMH MOET HENESSY,MC.PA,oui,
2013-10-31,FR0000121261,12126,Michelin B,ML.PA,oui,
2013-10-31,FR0000133308,13330,Orange (ex: France Télécom),ORA.PA,oui,
2013-10-31,FR0000120693,12069,Pernod Ricard,RI.PA,oui,
2013-10-31,FR0000130577,13057,Publicis Groupe SA,PUB.PA,oui,
2013-10-31,FR0000131906,13190,Renault,RNO.PA,oui,
2013-10-31,FR0000073272,7327,Safran,SAF.PA,oui,
2013-10-31,FR0000125007,12500,SAINT-GOBAIN,SGO.PA,oui,
2013-10-31,FR0000120578,12057,Sanofi,SAN.PA,oui,
2013-10-31,FR0000121972,12197,Schneider (Ex-Spie Batignolles),SU.PA,oui,
2013-10-31,FR0000130809,13080,Société Générale,GLE.PA,oui,
2013-10-31,BE0003470755,5809,Solvay,SOLB.BR,oui,
2013-10-31,NL0000226223,12970,STMicroelectronics (Ex-SGS Thomson Microelectronics),STMPA.PA,oui,
2013-10-31,FR0000131708,13170,Technip,,non,aucune serie servie sur 2009-2018 (candidat TEC.PA)
2013-10-31,FR0000120271,12027,Total,TTE.PA,oui,
2013-10-31,FR0000124711,12471,Unibail-Rodamco,,non,"aucune serie en euros (candidats UL.PA, URW.AS)"
2013-10-31,FR0000120354,12035,Vallourec,VK.PA,oui,
2013-10-31,FR0000124141,12414,Veolia Environnement,VIE.PA,oui,
2013-10-31,FR0000125486,12548,Vinci,DG.PA,oui,
2013-10-31,FR0000127771,12777,Vivendi,VIV.PA,oui,
2013-11-28,FR0000120404,12040,ACCOR,AC.PA,oui,
2013-11-28,FR0000120073,12007,AIR LIQUIDE,AI.PA,oui,
2013-11-28,NL0000235190,5730,Airbus Group (ex-EADS),AIR.PA,oui,
2013-11-28,FR0010220475,1022047,Alstom,ALO.PA,oui,
2013-11-28,LU0323134006,32313400,ArcelorMittal,MT.AS,oui,
2013-11-28,FR0000120628,12062,Axa,CS.PA,oui,
2013-11-28,FR0000131104,13110,BNP,BNP.PA,oui,
2013-11-28,FR0000120503,12050,BOUYGUES,EN.PA,oui,
2013-11-28,FR0000125338,12533,Cap Gémini,CAP.PA,oui,
2013-11-28,FR0000120172,12017,CARREFOUR,CA.PA,oui,
2013-11-28,FR0000045072,4507,CREDIT AGRICOLE,ACA.PA,oui,
2013-11-28,FR0000120644,12064,DANONE,BN.PA,oui,
2013-11-28,FR0010242511,1024251,EDF,,non,aucune serie servie sur 2009-2018 (candidat EDF.PA)
2013-11-28,FR0010208488,1020848,ENGIE (ex-GDF Suez),ENGI.PA,oui,
2013-11-28,FR0000121667,12166,EssilorLuxottica,EL.PA,oui,
2013-11-28,NL0000400653,40065,Gemalto,,non,aucune serie servie sur 2009-2018 (candidat GTO.AS)
2013-11-28,FR0000121485,12148,Kering (ex: Pinault-Printemps-Redoute),KER.PA,oui,
2013-11-28,FR0000120321,12032,L'Oréal,OR.PA,oui,
2013-11-28,FR0000120537,12053,LafargeHolcim,,non,"servie en CHF seulement (HOLN.SW, 2514 seances)"
2013-11-28,FR0010307819,1030781,Legrand,LR.PA,oui,
2013-11-28,FR0000121014,12101,LVMH MOET HENESSY,MC.PA,oui,
2013-11-28,FR0000121261,12126,Michelin B,ML.PA,oui,
2013-11-28,FR0000133308,13330,Orange (ex: France Télécom),ORA.PA,oui,
2013-11-28,FR0000120693,12069,Pernod Ricard,RI.PA,oui,
2013-11-28,FR0000130577,13057,Publicis Groupe SA,PUB.PA,oui,
2013-11-28,FR0000131906,13190,Renault,RNO.PA,oui,
2013-11-28,FR0000073272,7327,Safran,SAF.PA,oui,
2013-11-28,FR0000125007,12500,SAINT-GOBAIN,SGO.PA,oui,
2013-11-28,FR0000120578,12057,Sanofi,SAN.PA,oui,
2013-11-28,FR0000121972,12197,Schneider (Ex-Spie Batignolles),SU.PA,oui,
2013-11-28,FR0000130809,13080,Société Générale,GLE.PA,oui,
2013-11-28,BE0003470755,5809,Solvay,SOLB.BR,oui,
2013-11-28,NL0000226223,12970,STMicroelectronics (Ex-SGS Thomson Microelectronics),STMPA.PA,oui,
2013-11-28,FR0000131708,13170,Technip,,non,aucune serie servie sur 2009-2018 (candidat TEC.PA)
2013-11-28,FR0000120271,12027,Total,TTE.PA,oui,
2013-11-28,FR0000124711,12471,Unibail-Rodamco,,non,"aucune serie en euros (candidats UL.PA, URW.AS)"
2013-11-28,FR0000120354,12035,Vallourec,VK.PA,oui,
2013-11-28,FR0000124141,12414,Veolia Environnement,VIE.PA,oui,
2013-11-28,FR0000125486,12548,Vinci,DG.PA,oui,
2013-11-28,FR0000127771,12777,Vivendi,VIV.PA,oui,
2013-12-30,FR0000120404,12040,ACCOR,AC.PA,oui,
2013-12-30,FR0000120073,12007,AIR LIQUIDE,AI.PA,oui,
2013-12-30,NL0000235190,5730,Airbus Group (ex-EADS),AIR.PA,oui,
2013-12-30,FR0000130007,13000,ALCATEL,,non,aucune serie servie sur 2009-2018 (candidat ALU.PA)
2013-12-30,FR0010220475,1022047,Alstom,ALO.PA,oui,
2013-12-30,LU0323134006,32313400,ArcelorMittal,MT.AS,oui,
2013-12-30,FR0000120628,12062,Axa,CS.PA,oui,
2013-12-30,FR0000131104,13110,BNP,BNP.PA,oui,
2013-12-30,FR0000120503,12050,BOUYGUES,EN.PA,oui,
2013-12-30,FR0000125338,12533,Cap Gémini,CAP.PA,oui,
2013-12-30,FR0000120172,12017,CARREFOUR,CA.PA,oui,
2013-12-30,FR0000045072,4507,CREDIT AGRICOLE,ACA.PA,oui,
2013-12-30,FR0000120644,12064,DANONE,BN.PA,oui,
2013-12-30,FR0010242511,1024251,EDF,,non,aucune serie servie sur 2009-2018 (candidat EDF.PA)
2013-12-30,FR0010208488,1020848,ENGIE (ex-GDF Suez),ENGI.PA,oui,
2013-12-30,FR0000121667,12166,EssilorLuxottica,EL.PA,oui,
2013-12-30,NL0000400653,40065,Gemalto,,non,aucune serie servie sur 2009-2018 (candidat GTO.AS)
2013-12-30,FR0000121485,12148,Kering (ex: Pinault-Printemps-Redoute),KER.PA,oui,
2013-12-30,FR0000120321,12032,L'Oréal,OR.PA,oui,
2013-12-30,FR0000120537,12053,LafargeHolcim,,non,"servie en CHF seulement (HOLN.SW, 2514 seances)"
2013-12-30,FR0010307819,1030781,Legrand,LR.PA,oui,
2013-12-30,FR0000121014,12101,LVMH MOET HENESSY,MC.PA,oui,
2013-12-30,FR0000121261,12126,Michelin B,ML.PA,oui,
2013-12-30,FR0000133308,13330,Orange (ex: France Télécom),ORA.PA,oui,
2013-12-30,FR0000120693,12069,Pernod Ricard,RI.PA,oui,
2013-12-30,FR0000130577,13057,Publicis Groupe SA,PUB.PA,oui,
2013-12-30,FR0000131906,13190,Renault,RNO.PA,oui,
2013-12-30,FR0000073272,7327,Safran,SAF.PA,oui,
2013-12-30,FR0000125007,12500,SAINT-GOBAIN,SGO.PA,oui,
2013-12-30,FR0000120578,12057,Sanofi,SAN.PA,oui,
2013-12-30,FR0000121972,12197,Schneider (Ex-Spie Batignolles),SU.PA,oui,
2013-12-30,FR0000130809,13080,Société Générale,GLE.PA,oui,
2013-12-30,BE0003470755,5809,Solvay,SOLB.BR,oui,
2013-12-30,FR0000131708,13170,Technip,,non,aucune serie servie sur 2009-2018 (candidat TEC.PA)
2013-12-30,FR0000120271,12027,Total,TTE.PA,oui,
2013-12-30,FR0000124711,12471,Unibail-Rodamco,,non,"aucune serie en euros (candidats UL.PA, URW.AS)"
2013-12-30,FR0000120354,12035,Vallourec,VK.PA,oui,
2013-12-30,FR0000124141,12414,Veolia Environnement,VIE.PA,oui,
2013-12-30,FR0000125486,12548,Vinci,DG.PA,oui,
2013-12-30,FR0000127771,12777,Vivendi,VIV.PA,oui,
2014-01-28,FR0000120404,12040,ACCOR,AC.PA,oui,
2014-01-28,FR0000120073,12007,AIR LIQUIDE,AI.PA,oui,
2014-01-28,NL0000235190,5730,Airbus Group (ex-EADS),AIR.PA,oui,
2014-01-28,FR0000130007,13000,ALCATEL,,non,aucune serie servie sur 2009-2018 (candidat ALU.PA)
2014-01-28,FR0010220475,1022047,Alstom,ALO.PA,oui,
2014-01-28,LU0323134006,32313400,ArcelorMittal,MT.AS,oui,
2014-01-28,FR0000120628,12062,Axa,CS.PA,oui,
2014-01-28,FR0000131104,13110,BNP,BNP.PA,oui,
2014-01-28,FR0000120503,12050,BOUYGUES,EN.PA,oui,
2014-01-28,FR0000125338,12533,Cap Gémini,CAP.PA,oui,
2014-01-28,FR0000120172,12017,CARREFOUR,CA.PA,oui,
2014-01-28,FR0000045072,4507,CREDIT AGRICOLE,ACA.PA,oui,
2014-01-28,FR0000120644,12064,DANONE,BN.PA,oui,
2014-01-28,FR0010242511,1024251,EDF,,non,aucune serie servie sur 2009-2018 (candidat EDF.PA)
2014-01-28,FR0010208488,1020848,ENGIE (ex-GDF Suez),ENGI.PA,oui,
2014-01-28,FR0000121667,12166,EssilorLuxottica,EL.PA,oui,
2014-01-28,NL0000400653,40065,Gemalto,,non,aucune serie servie sur 2009-2018 (candidat GTO.AS)
2014-01-28,FR0000121485,12148,Kering (ex: Pinault-Printemps-Redoute),KER.PA,oui,
2014-01-28,FR0000120321,12032,L'Oréal,OR.PA,oui,
2014-01-28,FR0000120537,12053,LafargeHolcim,,non,"servie en CHF seulement (HOLN.SW, 2514 seances)"
2014-01-28,FR0010307819,1030781,Legrand,LR.PA,oui,
2014-01-28,FR0000121014,12101,LVMH MOET HENESSY,MC.PA,oui,
2014-01-28,FR0000121261,12126,Michelin B,ML.PA,oui,
2014-01-28,FR0000133308,13330,Orange (ex: France Télécom),ORA.PA,oui,
2014-01-28,FR0000120693,12069,Pernod Ricard,RI.PA,oui,
2014-01-28,FR0000130577,13057,Publicis Groupe SA,PUB.PA,oui,
2014-01-28,FR0000131906,13190,Renault,RNO.PA,oui,
2014-01-28,FR0000073272,7327,Safran,SAF.PA,oui,
2014-01-28,FR0000125007,12500,SAINT-GOBAIN,SGO.PA,oui,
2014-01-28,FR0000120578,12057,Sanofi,SAN.PA,oui,
2014-01-28,FR0000121972,12197,Schneider (Ex-Spie Batignolles),SU.PA,oui,
2014-01-28,FR0000130809,13080,Société Générale,GLE.PA,oui,
2014-01-28,BE0003470755,5809,Solvay,SOLB.BR,oui,
2014-01-28,FR0000131708,13170,Technip,,non,aucune serie servie sur 2009-2018 (candidat TEC.PA)
2014-01-28,FR0000120271,12027,Total,TTE.PA,oui,
2014-01-28,FR0000124711,12471,Unibail-Rodamco,,non,"aucune serie en euros (candidats UL.PA, URW.AS)"
2014-01-28,FR0000120354,12035,Vallourec,VK.PA,oui,
2014-01-28,FR0000124141,12414,Veolia Environnement,VIE.PA,oui,
2014-01-28,FR0000125486,12548,Vinci,DG.PA,oui,
2014-01-28,FR0000127771,12777,Vivendi,VIV.PA,oui,
2014-02-25,FR0000120404,12040,ACCOR,AC.PA,oui,
2014-02-25,FR0000120073,12007,AIR LIQUIDE,AI.PA,oui,
2014-02-25,NL0000235190,5730,Airbus Group (ex-EADS),AIR.PA,oui,
2014-02-25,FR0000130007,13000,ALCATEL,,non,aucune serie servie sur 2009-2018 (candidat ALU.PA)
2014-02-25,FR0010220475,1022047,Alstom,ALO.PA,oui,
2014-02-25,LU0323134006,32313400,ArcelorMittal,MT.AS,oui,
2014-02-25,FR0000120628,12062,Axa,CS.PA,oui,
2014-02-25,FR0000131104,13110,BNP,BNP.PA,oui,
2014-02-25,FR0000120503,12050,BOUYGUES,EN.PA,oui,
2014-02-25,FR0000125338,12533,Cap Gémini,CAP.PA,oui,
2014-02-25,FR0000120172,12017,CARREFOUR,CA.PA,oui,
2014-02-25,FR0000045072,4507,CREDIT AGRICOLE,ACA.PA,oui,
2014-02-25,FR0000120644,12064,DANONE,BN.PA,oui,
2014-02-25,FR0010242511,1024251,EDF,,non,aucune serie servie sur 2009-2018 (candidat EDF.PA)
2014-02-25,FR0010208488,1020848,ENGIE (ex-GDF Suez),ENGI.PA,oui,
2014-02-25,FR0000121667,12166,EssilorLuxottica,EL.PA,oui,
2014-02-25,NL0000400653,40065,Gemalto,,non,aucune serie servie sur 2009-2018 (candidat GTO.AS)
2014-02-25,FR0000121485,12148,Kering (ex: Pinault-Printemps-Redoute),KER.PA,oui,
2014-02-25,FR0000120321,12032,L'Oréal,OR.PA,oui,
2014-02-25,FR0000120537,12053,LafargeHolcim,,non,"servie en CHF seulement (HOLN.SW, 2514 seances)"
2014-02-25,FR0010307819,1030781,Legrand,LR.PA,oui,
2014-02-25,FR0000121014,12101,LVMH MOET HENESSY,MC.PA,oui,
2014-02-25,FR0000121261,12126,Michelin B,ML.PA,oui,
2014-02-25,FR0000133308,13330,Orange (ex: France Télécom),ORA.PA,oui,
2014-02-25,FR0000120693,12069,Pernod Ricard,RI.PA,oui,
2014-02-25,FR0000130577,13057,Publicis Groupe SA,PUB.PA,oui,
2014-02-25,FR0000131906,13190,Renault,RNO.PA,oui,
2014-02-25,FR0000073272,7327,Safran,SAF.PA,oui,
2014-02-25,FR0000125007,12500,SAINT-GOBAIN,SGO.PA,oui,
2014-02-25,FR0000120578,12057,Sanofi,SAN.PA,oui,
2014-02-25,FR0000121972,12197,Schneider (Ex-Spie Batignolles),SU.PA,oui,
2014-02-25,FR0000130809,13080,Société Générale,GLE.PA,oui,
2014-02-25,BE0003470755,5809,Solvay,SOLB.BR,oui,
2014-02-25,FR0000131708,13170,Technip,,non,aucune serie servie sur 2009-2018 (candidat TEC.PA)
2014-02-25,FR0000120271,12027,Total,TTE.PA,oui,
2014-02-25,FR0000124711,12471,Unibail-Rodamco,,non,"aucune serie en euros (candidats UL.PA, URW.AS)"
2014-02-25,FR0000120354,12035,Vallourec,VK.PA,oui,
2014-02-25,FR0000124141,12414,Veolia Environnement,VIE.PA,oui,
2014-02-25,FR0000125486,12548,Vinci,DG.PA,oui,
2014-02-25,FR0000127771,12777,Vivendi,VIV.PA,oui,
2014-03-25,FR0000120404,12040,ACCOR,AC.PA,oui,
2014-03-25,FR0000120073,12007,AIR LIQUIDE,AI.PA,oui,
2014-03-25,NL0000235190,5730,Airbus Group (ex-EADS),AIR.PA,oui,
2014-03-25,FR0000130007,13000,ALCATEL,,non,aucune serie servie sur 2009-2018 (candidat ALU.PA)
2014-03-25,FR0010220475,1022047,Alstom,ALO.PA,oui,
2014-03-25,LU0323134006,32313400,ArcelorMittal,MT.AS,oui,
2014-03-25,FR0000120628,12062,Axa,CS.PA,oui,
2014-03-25,FR0000131104,13110,BNP,BNP.PA,oui,
2014-03-25,FR0000120503,12050,BOUYGUES,EN.PA,oui,
2014-03-25,FR0000125338,12533,Cap Gémini,CAP.PA,oui,
2014-03-25,FR0000120172,12017,CARREFOUR,CA.PA,oui,
2014-03-25,FR0000045072,4507,CREDIT AGRICOLE,ACA.PA,oui,
2014-03-25,FR0000120644,12064,DANONE,BN.PA,oui,
2014-03-25,FR0010242511,1024251,EDF,,non,aucune serie servie sur 2009-2018 (candidat EDF.PA)
2014-03-25,FR0010208488,1020848,ENGIE (ex-GDF Suez),ENGI.PA,oui,
2014-03-25,FR0000121667,12166,EssilorLuxottica,EL.PA,oui,
2014-03-25,NL0000400653,40065,Gemalto,,non,aucune serie servie sur 2009-2018 (candidat GTO.AS)
2014-03-25,FR0000121485,12148,Kering (ex: Pinault-Printemps-Redoute),KER.PA,oui,
2014-03-25,FR0000120321,12032,L'Oréal,OR.PA,oui,
2014-03-25,FR0000120537,12053,LafargeHolcim,,non,"servie en CHF seulement (HOLN.SW, 2514 seances)"
2014-03-25,FR0010307819,1030781,Legrand,LR.PA,oui,
2014-03-25,FR0000121014,12101,LVMH MOET HENESSY,MC.PA,oui,
2014-03-25,FR0000121261,12126,Michelin B,ML.PA,oui,
2014-03-25,FR0000133308,13330,Orange (ex: France Télécom),ORA.PA,oui,
2014-03-25,FR0000120693,12069,Pernod Ricard,RI.PA,oui,
2014-03-25,FR0000130577,13057,Publicis Groupe SA,PUB.PA,oui,
2014-03-25,FR0000131906,13190,Renault,RNO.PA,oui,
2014-03-25,FR0000073272,7327,Safran,SAF.PA,oui,
2014-03-25,FR0000125007,12500,SAINT-GOBAIN,SGO.PA,oui,
2014-03-25,FR0000120578,12057,Sanofi,SAN.PA,oui,
2014-03-25,FR0000121972,12197,Schneider (Ex-Spie Batignolles),SU.PA,oui,
2014-03-25,FR0000130809,13080,Société Générale,GLE.PA,oui,
2014-03-25,BE0003470755,5809,Solvay,SOLB.BR,oui,
2014-03-25,FR0000131708,13170,Technip,,non,aucune serie servie sur 2009-2018 (candidat TEC.PA)
2014-03-25,FR0000120271,12027,Total,TTE.PA,oui,
2014-03-25,FR0000124711,12471,Unibail-Rodamco,,non,"aucune serie en euros (candidats UL.PA, URW.AS)"
2014-03-25,FR0000120354,12035,Vallourec,VK.PA,oui,
2014-03-25,FR0000124141,12414,Veolia Environnement,VIE.PA,oui,
2014-03-25,FR0000125486,12548,Vinci,DG.PA,oui,
2014-03-25,FR0000127771,12777,Vivendi,VIV.PA,oui,
2014-04-24,FR0000120404,12040,ACCOR,AC.PA,oui,
2014-04-24,FR0000120073,12007,AIR LIQUIDE,AI.PA,oui,
2014-04-24,NL0000235190,5730,Airbus Group (ex-EADS),AIR.PA,oui,
2014-04-24,FR0000130007,13000,ALCATEL,,non,aucune serie servie sur 2009-2018 (candidat ALU.PA)
2014-04-24,FR0010220475,1022047,Alstom,ALO.PA,oui,
2014-04-24,LU0323134006,32313400,ArcelorMittal,MT.AS,oui,
2014-04-24,FR0000120628,12062,Axa,CS.PA,oui,
2014-04-24,FR0000131104,13110,BNP,BNP.PA,oui,
2014-04-24,FR0000120503,12050,BOUYGUES,EN.PA,oui,
2014-04-24,FR0000125338,12533,Cap Gémini,CAP.PA,oui,
2014-04-24,FR0000120172,12017,CARREFOUR,CA.PA,oui,
2014-04-24,FR0000045072,4507,CREDIT AGRICOLE,ACA.PA,oui,
2014-04-24,FR0000120644,12064,DANONE,BN.PA,oui,
2014-04-24,FR0010242511,1024251,EDF,,non,aucune serie servie sur 2009-2018 (candidat EDF.PA)
2014-04-24,FR0010208488,1020848,ENGIE (ex-GDF Suez),ENGI.PA,oui,
2014-04-24,FR0000121667,12166,EssilorLuxottica,EL.PA,oui,
2014-04-24,NL0000400653,40065,Gemalto,,non,aucune serie servie sur 2009-2018 (candidat GTO.AS)
2014-04-24,FR0000121485,12148,Kering (ex: Pinault-Printemps-Redoute),KER.PA,oui,
2014-04-24,FR0000120321,12032,L'Oréal,OR.PA,oui,
2014-04-24,FR0000120537,12053,LafargeHolcim,,non,"servie en CHF seulement (HOLN.SW, 2514 seances)"
2014-04-24,FR0010307819,1030781,Legrand,LR.PA,oui,
2014-04-24,FR0000121014,12101,LVMH MOET HENESSY,MC.PA,oui,
2014-04-24,FR0000121261,12126,Michelin B,ML.PA,oui,
2014-04-24,FR0000133308,13330,Orange (ex: France Télécom),ORA.PA,oui,
2014-04-24,FR0000120693,12069,Pernod Ricard,RI.PA,oui,
2014-04-24,FR0000130577,13057,Publicis Groupe SA,PUB.PA,oui,
2014-04-24,FR0000131906,13190,Renault,RNO.PA,oui,
2014-04-24,FR0000073272,7327,Safran,SAF.PA,oui,
2014-04-24,FR0000125007,12500,SAINT-GOBAIN,SGO.PA,oui,
2014-04-24,FR0000120578,12057,Sanofi,SAN.PA,oui,
2014-04-24,FR0000121972,12197,Schneider (Ex-Spie Batignolles),SU.PA,oui,
2014-04-24,FR0000130809,13080,Société Générale,GLE.PA,oui,
2014-04-24,BE0003470755,5809,Solvay,SOLB.BR,oui,
2014-04-24,FR0000131708,13170,Technip,,non,aucune serie servie sur 2009-2018 (candidat TEC.PA)
2014-04-24,FR0000120271,12027,Total,TTE.PA,oui,
2014-04-24,FR0000124711,12471,Unibail-Rodamco,,non,"aucune serie en euros (candidats UL.PA, URW.AS)"
2014-04-24,FR0000120354,12035,Vallourec,VK.PA,oui,
2014-04-24,FR0000124141,12414,Veolia Environnement,VIE.PA,oui,
2014-04-24,FR0000125486,12548,Vinci,DG.PA,oui,
2014-04-24,FR0000127771,12777,Vivendi,VIV.PA,oui,
2014-05-22,FR0000120404,12040,ACCOR,AC.PA,oui,
2014-05-22,FR0000120073,12007,AIR LIQUIDE,AI.PA,oui,
2014-05-22,NL0000235190,5730,Airbus Group (ex-EADS),AIR.PA,oui,
2014-05-22,FR0000130007,13000,ALCATEL,,non,aucune serie servie sur 2009-2018 (candidat ALU.PA)
2014-05-22,FR0010220475,1022047,Alstom,ALO.PA,oui,
2014-05-22,LU0323134006,32313400,ArcelorMittal,MT.AS,oui,
2014-05-22,FR0000120628,12062,Axa,CS.PA,oui,
2014-05-22,FR0000131104,13110,BNP,BNP.PA,oui,
2014-05-22,FR0000120503,12050,BOUYGUES,EN.PA,oui,
2014-05-22,FR0000125338,12533,Cap Gémini,CAP.PA,oui,
2014-05-22,FR0000120172,12017,CARREFOUR,CA.PA,oui,
2014-05-22,FR0000045072,4507,CREDIT AGRICOLE,ACA.PA,oui,
2014-05-22,FR0000120644,12064,DANONE,BN.PA,oui,
2014-05-22,FR0010242511,1024251,EDF,,non,aucune serie servie sur 2009-2018 (candidat EDF.PA)
2014-05-22,FR0010208488,1020848,ENGIE (ex-GDF Suez),ENGI.PA,oui,
2014-05-22,FR0000121667,12166,EssilorLuxottica,EL.PA,oui,
2014-05-22,NL0000400653,40065,Gemalto,,non,aucune serie servie sur 2009-2018 (candidat GTO.AS)
2014-05-22,FR0000121485,12148,Kering (ex: Pinault-Printemps-Redoute),KER.PA,oui,
2014-05-22,FR0000120321,12032,L'Oréal,OR.PA,oui,
2014-05-22,FR0000120537,12053,LafargeHolcim,,non,"servie en CHF seulement (HOLN.SW, 2514 seances)"
2014-05-22,FR0010307819,1030781,Legrand,LR.PA,oui,
2014-05-22,FR0000121014,12101,LVMH MOET HENESSY,MC.PA,oui,
2014-05-22,FR0000121261,12126,Michelin B,ML.PA,oui,
2014-05-22,FR0000133308,13330,Orange (ex: France Télécom),ORA.PA,oui,
2014-05-22,FR0000120693,12069,Pernod Ricard,RI.PA,oui,
2014-05-22,FR0000130577,13057,Publicis Groupe SA,PUB.PA,oui,
2014-05-22,FR0000131906,13190,Renault,RNO.PA,oui,
2014-05-22,FR0000073272,7327,Safran,SAF.PA,oui,
2014-05-22,FR0000125007,12500,SAINT-GOBAIN,SGO.PA,oui,
2014-05-22,FR0000120578,12057,Sanofi,SAN.PA,oui,
2014-05-22,FR0000121972,12197,Schneider (Ex-Spie Batignolles),SU.PA,oui,
2014-05-22,FR0000130809,13080,Société Générale,GLE.PA,oui,
2014-05-22,BE0003470755,5809,Solvay,SOLB.BR,oui,
2014-05-22,FR0000131708,13170,Technip,,non,aucune serie servie sur 2009-2018 (candidat TEC.PA)
2014-05-22,FR0000120271,12027,Total,TTE.PA,oui,
2014-05-22,FR0000124711,12471,Unibail-Rodamco,,non,"aucune serie en euros (candidats UL.PA, URW.AS)"
2014-05-22,FR0000120354,12035,Vallourec,VK.PA,oui,
2014-05-22,FR0000124141,12414,Veolia Environnement,VIE.PA,oui,
2014-05-22,FR0000125486,12548,Vinci,DG.PA,oui,
2014-05-22,FR0000127771,12777,Vivendi,VIV.PA,oui,
2014-06-19,FR0000120404,12040,ACCOR,AC.PA,oui,
2014-06-19,FR0000120073,12007,AIR LIQUIDE,AI.PA,oui,
2014-06-19,NL0000235190,5730,Airbus Group (ex-EADS),AIR.PA,oui,
2014-06-19,FR0000130007,13000,ALCATEL,,non,aucune serie servie sur 2009-2018 (candidat ALU.PA)
2014-06-19,FR0010220475,1022047,Alstom,ALO.PA,oui,
2014-06-19,LU0323134006,32313400,ArcelorMittal,MT.AS,oui,
2014-06-19,FR0000120628,12062,Axa,CS.PA,oui,
2014-06-19,FR0000131104,13110,BNP,BNP.PA,oui,
2014-06-19,FR0000120503,12050,BOUYGUES,EN.PA,oui,
2014-06-19,FR0000125338,12533,Cap Gémini,CAP.PA,oui,
2014-06-19,FR0000120172,12017,CARREFOUR,CA.PA,oui,
2014-06-19,FR0000045072,4507,CREDIT AGRICOLE,ACA.PA,oui,
2014-06-19,FR0000120644,12064,DANONE,BN.PA,oui,
2014-06-19,FR0010242511,1024251,EDF,,non,aucune serie servie sur 2009-2018 (candidat EDF.PA)
2014-06-19,FR0010208488,1020848,ENGIE (ex-GDF Suez),ENGI.PA,oui,
2014-06-19,FR0000121667,12166,EssilorLuxottica,EL.PA,oui,
2014-06-19,NL0000400653,40065,Gemalto,,non,aucune serie servie sur 2009-2018 (candidat GTO.AS)
2014-06-19,FR0000121485,12148,Kering (ex: Pinault-Printemps-Redoute),KER.PA,oui,
2014-06-19,FR0000120321,12032,L'Oréal,OR.PA,oui,
2014-06-19,FR0000120537,12053,LafargeHolcim,,non,"servie en CHF seulement (HOLN.SW, 2514 seances)"
2014-06-19,FR0010307819,1030781,Legrand,LR.PA,oui,
2014-06-19,FR0000121014,12101,LVMH MOET HENESSY,MC.PA,oui,
2014-06-19,FR0000121261,12126,Michelin B,ML.PA,oui,
2014-06-19,FR0000133308,13330,Orange (ex: France Télécom),ORA.PA,oui,
2014-06-19,FR0000120693,12069,Pernod Ricard,RI.PA,oui,
2014-06-19,FR0000130577,13057,Publicis Groupe SA,PUB.PA,oui,
2014-06-19,FR0000131906,13190,Renault,RNO.PA,oui,
2014-06-19,FR0000073272,7327,Safran,SAF.PA,oui,
2014-06-19,FR0000125007,12500,SAINT-GOBAIN,SGO.PA,oui,
2014-06-19,FR0000120578,12057,Sanofi,SAN.PA,oui,
2014-06-19,FR0000121972,12197,Schneider (Ex-Spie Batignolles),SU.PA,oui,
2014-06-19,FR0000130809,13080,Société Générale,GLE.PA,oui,
2014-06-19,BE0003470755,5809,Solvay,SOLB.BR,oui,
2014-06-19,FR0000131708,13170,Technip,,non,aucune serie servie sur 2009-2018 (candidat TEC.PA)
2014-06-19,FR0000120271,12027,Total,TTE.PA,oui,
2014-06-19,FR0000124711,12471,Unibail-Rodamco,,non,"aucune serie en euros (candidats UL.PA, URW.AS)"
2014-06-19,FR0000120354,12035,Vallourec,VK.PA,oui,
2014-06-19,FR0000124141,12414,Veolia Environnement,VIE.PA,oui,
2014-06-19,FR0000125486,12548,Vinci,DG.PA,oui,
2014-06-19,FR0000127771,12777,Vivendi,VIV.PA,oui,
2014-07-17,FR0000120404,12040,ACCOR,AC.PA,oui,
2014-07-17,FR0000120073,12007,AIR LIQUIDE,AI.PA,oui,
2014-07-17,NL0000235190,5730,Airbus Group (ex-EADS),AIR.PA,oui,
2014-07-17,FR0000130007,13000,ALCATEL,,non,aucune serie servie sur 2009-2018 (candidat ALU.PA)
2014-07-17,FR0010220475,1022047,Alstom,ALO.PA,oui,
2014-07-17,LU0323134006,32313400,ArcelorMittal,MT.AS,oui,
2014-07-17,FR0000120628,12062,Axa,CS.PA,oui,
2014-07-17,FR0000131104,13110,BNP,BNP.PA,oui,
2014-07-17,FR0000120503,12050,BOUYGUES,EN.PA,oui,
2014-07-17,FR0000125338,12533,Cap Gémini,CAP.PA,oui,
2014-07-17,FR0000120172,12017,CARREFOUR,CA.PA,oui,
2014-07-17,FR0000045072,4507,CREDIT AGRICOLE,ACA.PA,oui,
2014-07-17,FR0000120644,12064,DANONE,BN.PA,oui,
2014-07-17,FR0010242511,1024251,EDF,,non,aucune serie servie sur 2009-2018 (candidat EDF.PA)
2014-07-17,FR0010208488,1020848,ENGIE (ex-GDF Suez),ENGI.PA,oui,
2014-07-17,FR0000121667,12166,EssilorLuxottica,EL.PA,oui,
2014-07-17,NL0000400653,40065,Gemalto,,non,aucune serie servie sur 2009-2018 (candidat GTO.AS)
2014-07-17,FR0000121485,12148,Kering (ex: Pinault-Printemps-Redoute),KER.PA,oui,
2014-07-17,FR0000120321,12032,L'Oréal,OR.PA,oui,
2014-07-17,FR0000120537,12053,LafargeHolcim,,non,"servie en CHF seulement (HOLN.SW, 2514 seances)"
2014-07-17,FR0010307819,1030781,Legrand,LR.PA,oui,
2014-07-17,FR0000121014,12101,LVMH MOET HENESSY,MC.PA,oui,
2014-07-17,FR0000121261,12126,Michelin B,ML.PA,oui,
2014-07-17,FR0000133308,13330,Orange (ex: France Télécom),ORA.PA,oui,
2014-07-17,FR0000120693,12069,Pernod Ricard,RI.PA,oui,
2014-07-17,FR0000130577,13057,Publicis Groupe SA,PUB.PA,oui,
2014-07-17,FR0000131906,13190,Renault,RNO.PA,oui,
2014-07-17,FR0000073272,7327,Safran,SAF.PA,oui,
2014-07-17,FR0000125007,12500,SAINT-GOBAIN,SGO.PA,oui,
2014-07-17,FR0000120578,12057,Sanofi,SAN.PA,oui,
2014-07-17,FR0000121972,12197,Schneider (Ex-Spie Batignolles),SU.PA,oui,
2014-07-17,FR0000130809,13080,Société Générale,GLE.PA,oui,
2014-07-17,BE0003470755,5809,Solvay,SOLB.BR,oui,
2014-07-17,FR0000131708,13170,Technip,,non,aucune serie servie sur 2009-2018 (candidat TEC.PA)
2014-07-17,FR0000120271,12027,Total,TTE.PA,oui,
2014-07-17,FR0000124711,12471,Unibail-Rodamco,,non,"aucune serie en euros (candidats UL.PA, URW.AS)"
2014-07-17,FR0000130338,13033,Valeo,FR.PA,oui,
2014-07-17,FR0000124141,12414,Veolia Environnement,VIE.PA,oui,
2014-07-17,FR0000125486,12548,Vinci,DG.PA,oui,
2014-07-17,FR0000127771,12777,Vivendi,VIV.PA,oui,
2014-08-14,FR0000120404,12040,ACCOR,AC.PA,oui,
2014-08-14,FR0000120073,12007,AIR LIQUIDE,AI.PA,oui,
2014-08-14,NL0000235190,5730,Airbus Group (ex-EADS),AIR.PA,oui,
2014-08-14,FR0000130007,13000,ALCATEL,,non,aucune serie servie sur 2009-2018 (candidat ALU.PA)
2014-08-14,FR0010220475,1022047,Alstom,ALO.PA,oui,
2014-08-14,LU0323134006,32313400,ArcelorMittal,MT.AS,oui,
2014-08-14,FR0000120628,12062,Axa,CS.PA,oui,
2014-08-14,FR0000131104,13110,BNP,BNP.PA,oui,
2014-08-14,FR0000120503,12050,BOUYGUES,EN.PA,oui,
2014-08-14,FR0000125338,12533,Cap Gémini,CAP.PA,oui,
2014-08-14,FR0000120172,12017,CARREFOUR,CA.PA,oui,
2014-08-14,FR0000045072,4507,CREDIT AGRICOLE,ACA.PA,oui,
2014-08-14,FR0000120644,12064,DANONE,BN.PA,oui,
2014-08-14,FR0010242511,1024251,EDF,,non,aucune serie servie sur 2009-2018 (candidat EDF.PA)
2014-08-14,FR0010208488,1020848,ENGIE (ex-GDF Suez),ENGI.PA,oui,
2014-08-14,FR0000121667,12166,EssilorLuxottica,EL.PA,oui,
2014-08-14,NL0000400653,40065,Gemalto,,non,aucune serie servie sur 2009-2018 (candidat GTO.AS)
2014-08-14,FR0000121485,12148,Kering (ex: Pinault-Printemps-Redoute),KER.PA,oui,
2014-08-14,FR0000120321,12032,L'Oréal,OR.PA,oui,
2014-08-14,FR0000120537,12053,LafargeHolcim,,non,"servie en CHF seulement (HOLN.SW, 2514 seances)"
2014-08-14,FR0010307819,1030781,Legrand,LR.PA,oui,
2014-08-14,FR0000121014,12101,LVMH MOET HENESSY,MC.PA,oui,
2014-08-14,FR0000121261,12126,Michelin B,ML.PA,oui,
2014-08-14,FR0000133308,13330,Orange (ex: France Télécom),ORA.PA,oui,
2014-08-14,FR0000120693,12069,Pernod Ricard,RI.PA,oui,
2014-08-14,FR0000130577,13057,Publicis Groupe SA,PUB.PA,oui,
2014-08-14,FR0000131906,13190,Renault,RNO.PA,oui,
2014-08-14,FR0000073272,7327,Safran,SAF.PA,oui,
2014-08-14,FR0000125007,12500,SAINT-GOBAIN,SGO.PA,oui,
2014-08-14,FR0000120578,12057,Sanofi,SAN.PA,oui,
2014-08-14,FR0000121972,12197,Schneider (Ex-Spie Batignolles),SU.PA,oui,
2014-08-14,FR0000130809,13080,Société Générale,GLE.PA,oui,
2014-08-14,BE0003470755,5809,Solvay,SOLB.BR,oui,
2014-08-14,FR0000131708,13170,Technip,,non,aucune serie servie sur 2009-2018 (candidat TEC.PA)
2014-08-14,FR0000120271,12027,Total,TTE.PA,oui,
2014-08-14,FR0000124711,12471,Unibail-Rodamco,,non,"aucune serie en euros (candidats UL.PA, URW.AS)"
2014-08-14,FR0000130338,13033,Valeo,FR.PA,oui,
2014-08-14,FR0000124141,12414,Veolia Environnement,VIE.PA,oui,
2014-08-14,FR0000125486,12548,Vinci,DG.PA,oui,
2014-08-14,FR0000127771,12777,Vivendi,VIV.PA,oui,
2014-09-11,FR0000120404,12040,ACCOR,AC.PA,oui,
2014-09-11,FR0000120073,12007,AIR LIQUIDE,AI.PA,oui,
2014-09-11,NL0000235190,5730,Airbus Group (ex-EADS),AIR.PA,oui,
2014-09-11,FR0000130007,13000,ALCATEL,,non,aucune serie servie sur 2009-2018 (candidat ALU.PA)
2014-09-11,FR0010220475,1022047,Alstom,ALO.PA,oui,
2014-09-11,LU0323134006,32313400,ArcelorMittal,MT.AS,oui,
2014-09-11,FR0000120628,12062,Axa,CS.PA,oui,
2014-09-11,FR0000131104,13110,BNP,BNP.PA,oui,
2014-09-11,FR0000120503,12050,BOUYGUES,EN.PA,oui,
2014-09-11,FR0000125338,12533,Cap Gémini,CAP.PA,oui,
2014-09-11,FR0000120172,12017,CARREFOUR,CA.PA,oui,
2014-09-11,FR0000045072,4507,CREDIT AGRICOLE,ACA.PA,oui,
2014-09-11,FR0000120644,12064,DANONE,BN.PA,oui,
2014-09-11,FR0010242511,1024251,EDF,,non,aucune serie servie sur 2009-2018 (candidat EDF.PA)
2014-09-11,FR0010208488,1020848,ENGIE (ex-GDF Suez),ENGI.PA,oui,
2014-09-11,FR0000121667,12166,EssilorLuxottica,EL.PA,oui,
2014-09-11,NL0000400653,40065,Gemalto,,non,aucune serie servie sur 2009-2018 (candidat GTO.AS)
2014-09-11,FR0000121485,12148,Kering (ex: Pinault-Printemps-Redoute),KER.PA,oui,
2014-09-11,FR0000120321,12032,L'Oréal,OR.PA,oui,
2014-09-11,FR0000120537,12053,LafargeHolcim,,non,"servie en CHF seulement (HOLN.SW, 2514 seances)"
2014-09-11,FR0010307819,1030781,Legrand,LR.PA,oui,
2014-09-11,FR0000121014,12101,LVMH MOET HENESSY,MC.PA,oui,
2014-09-11,FR0000121261,12126,Michelin B,ML.PA,oui,
2014-09-11,FR0000133308,13330,Orange (ex: France Télécom),ORA.PA,oui,
2014-09-11,FR0000120693,12069,Pernod Ricard,RI.PA,oui,
2014-09-11,FR0000130577,13057,Publicis Groupe SA,PUB.PA,oui,
2014-09-11,FR0000131906,13190,Renault,RNO.PA,oui,
2014-09-11,FR0000073272,7327,Safran,SAF.PA,oui,
2014-09-11,FR0000125007,12500,SAINT-GOBAIN,SGO.PA,oui,
2014-09-11,FR0000120578,12057,Sanofi,SAN.PA,oui,
2014-09-11,FR0000121972,12197,Schneider (Ex-Spie Batignolles),SU.PA,oui,
2014-09-11,FR0000130809,13080,Société Générale,GLE.PA,oui,
2014-09-11,BE0003470755,5809,Solvay,SOLB.BR,oui,
2014-09-11,FR0000131708,13170,Technip,,non,aucune serie servie sur 2009-2018 (candidat TEC.PA)
2014-09-11,FR0000120271,12027,Total,TTE.PA,oui,
2014-09-11,FR0000124711,12471,Unibail-Rodamco,,non,"aucune serie en euros (candidats UL.PA, URW.AS)"
2014-09-11,FR0000130338,13033,Valeo,FR.PA,oui,
2014-09-11,FR0000124141,12414,Veolia Environnement,VIE.PA,oui,
2014-09-11,FR0000125486,12548,Vinci,DG.PA,oui,
2014-09-11,FR0000127771,12777,Vivendi,VIV.PA,oui,
2014-10-09,FR0000120404,12040,ACCOR,AC.PA,oui,
2014-10-09,FR0000120073,12007,AIR LIQUIDE,AI.PA,oui,
2014-10-09,NL0000235190,5730,Airbus Group (ex-EADS),AIR.PA,oui,
2014-10-09,FR0000130007,13000,ALCATEL,,non,aucune serie servie sur 2009-2018 (candidat ALU.PA)
2014-10-09,FR0010220475,1022047,Alstom,ALO.PA,oui,
2014-10-09,LU0323134006,32313400,ArcelorMittal,MT.AS,oui,
2014-10-09,FR0000120628,12062,Axa,CS.PA,oui,
2014-10-09,FR0000131104,13110,BNP,BNP.PA,oui,
2014-10-09,FR0000120503,12050,BOUYGUES,EN.PA,oui,
2014-10-09,FR0000125338,12533,Cap Gémini,CAP.PA,oui,
2014-10-09,FR0000120172,12017,CARREFOUR,CA.PA,oui,
2014-10-09,FR0000045072,4507,CREDIT AGRICOLE,ACA.PA,oui,
2014-10-09,FR0000120644,12064,DANONE,BN.PA,oui,
2014-10-09,FR0010242511,1024251,EDF,,non,aucune serie servie sur 2009-2018 (candidat EDF.PA)
2014-10-09,FR0010208488,1020848,ENGIE (ex-GDF Suez),ENGI.PA,oui,
2014-10-09,FR0000121667,12166,EssilorLuxottica,EL.PA,oui,
2014-10-09,NL0000400653,40065,Gemalto,,non,aucune serie servie sur 2009-2018 (candidat GTO.AS)
2014-10-09,FR0000121485,12148,Kering (ex: Pinault-Printemps-Redoute),KER.PA,oui,
2014-10-09,FR0000120321,12032,L'Oréal,OR.PA,oui,
2014-10-09,FR0000120537,12053,LafargeHolcim,,non,"servie en CHF seulement (HOLN.SW, 2514 seances)"
2014-10-09,FR0010307819,1030781,Legrand,LR.PA,oui,
2014-10-09,FR0000121014,12101,LVMH MOET HENESSY,MC.PA,oui,
2014-10-09,FR0000121261,12126,Michelin B,ML.PA,oui,
2014-10-09,FR0000133308,13330,Orange (ex: France Télécom),ORA.PA,oui,
2014-10-09,FR0000120693,12069,Pernod Ricard,RI.PA,oui,
2014-10-09,FR0000130577,13057,Publicis Groupe SA,PUB.PA,oui,
2014-10-09,FR0000131906,13190,Renault,RNO.PA,oui,
2014-10-09,FR0000073272,7327,Safran,SAF.PA,oui,
2014-10-09,FR0000125007,12500,SAINT-GOBAIN,SGO.PA,oui,
2014-10-09,FR0000120578,12057,Sanofi,SAN.PA,oui,
2014-10-09,FR0000121972,12197,Schneider (Ex-Spie Batignolles),SU.PA,oui,
2014-10-09,FR0000130809,13080,Société Générale,GLE.PA,oui,
2014-10-09,BE0003470755,5809,Solvay,SOLB.BR,oui,
2014-10-09,FR0000131708,13170,Technip,,non,aucune serie servie sur 2009-2018 (candidat TEC.PA)
2014-10-09,FR0000120271,12027,Total,TTE.PA,oui,
2014-10-09,FR0000124711,12471,Unibail-Rodamco,,non,"aucune serie en euros (candidats UL.PA, URW.AS)"
2014-10-09,FR0000130338,13033,Valeo,FR.PA,oui,
2014-10-09,FR0000124141,12414,Veolia Environnement,VIE.PA,oui,
2014-10-09,FR0000125486,12548,Vinci,DG.PA,oui,
2014-10-09,FR0000127771,12777,Vivendi,VIV.PA,oui,
2014-11-06,FR0000120404,12040,ACCOR,AC.PA,oui,
2014-11-06,FR0000120073,12007,AIR LIQUIDE,AI.PA,oui,
2014-11-06,NL0000235190,5730,Airbus Group (ex-EADS),AIR.PA,oui,
2014-11-06,FR0000130007,13000,ALCATEL,,non,aucune serie servie sur 2009-2018 (candidat ALU.PA)
2014-11-06,FR0010220475,1022047,Alstom,ALO.PA,oui,
2014-11-06,LU0323134006,32313400,ArcelorMittal,MT.AS,oui,
2014-11-06,FR0000120628,12062,Axa,CS.PA,oui,
2014-11-06,FR0000131104,13110,BNP,BNP.PA,oui,
2014-11-06,FR0000120503,12050,BOUYGUES,EN.PA,oui,
2014-11-06,FR0000125338,12533,Cap Gémini,CAP.PA,oui,
2014-11-06,FR0000120172,12017,CARREFOUR,CA.PA,oui,
2014-11-06,FR0000045072,4507,CREDIT AGRICOLE,ACA.PA,oui,
2014-11-06,FR0000120644,12064,DANONE,BN.PA,oui,
2014-11-06,FR0010242511,1024251,EDF,,non,aucune serie servie sur 2009-2018 (candidat EDF.PA)
2014-11-06,FR0010208488,1020848,ENGIE (ex-GDF Suez),ENGI.PA,oui,
2014-11-06,FR0000121667,12166,EssilorLuxottica,EL.PA,oui,
2014-11-06,NL0000400653,40065,Gemalto,,non,aucune serie servie sur 2009-2018 (candidat GTO.AS)
2014-11-06,FR0000121485,12148,Kering (ex: Pinault-Printemps-Redoute),KER.PA,oui,
2014-11-06,FR0000120321,12032,L'Oréal,OR.PA,oui,
2014-11-06,FR0000120537,12053,LafargeHolcim,,non,"servie en CHF seulement (HOLN.SW, 2514 seances)"
2014-11-06,FR0010307819,1030781,Legrand,LR.PA,oui,
2014-11-06,FR0000121014,12101,LVMH MOET HENESSY,MC.PA,oui,
2014-11-06,FR0000121261,12126,Michelin B,ML.PA,oui,
2014-11-06,FR0000133308,13330,Orange (ex: France Télécom),ORA.PA,oui,
2014-11-06,FR0000120693,12069,Pernod Ricard,RI.PA,oui,
2014-11-06,FR0000130577,13057,Publicis Groupe SA,PUB.PA,oui,
2014-11-06,FR0000131906,13190,Renault,RNO.PA,oui,
2014-11-06,FR0000073272,7327,Safran,SAF.PA,oui,
2014-11-06,FR0000125007,12500,SAINT-GOBAIN,SGO.PA,oui,
2014-11-06,FR0000120578,12057,Sanofi,SAN.PA,oui,
2014-11-06,FR0000121972,12197,Schneider (Ex-Spie Batignolles),SU.PA,oui,
2014-11-06,FR0000130809,13080,Société Générale,GLE.PA,oui,
2014-11-06,BE0003470755,5809,Solvay,SOLB.BR,oui,
2014-11-06,FR0000131708,13170,Technip,,non,aucune serie servie sur 2009-2018 (candidat TEC.PA)
2014-11-06,FR0000120271,12027,Total,TTE.PA,oui,
2014-11-06,FR0000124711,12471,Unibail-Rodamco,,non,"aucune serie en euros (candidats UL.PA, URW.AS)"
2014-11-06,FR0000130338,13033,Valeo,FR.PA,oui,
2014-11-06,FR0000124141,12414,Veolia Environnement,VIE.PA,oui,
2014-11-06,FR0000125486,12548,Vinci,DG.PA,oui,
2014-11-06,FR0000127771,12777,Vivendi,VIV.PA,oui,
2014-12-04,FR0000120404,12040,ACCOR,AC.PA,oui,
2014-12-04,FR0000120073,12007,AIR LIQUIDE,AI.PA,oui,
2014-12-04,NL0000235190,5730,Airbus Group (ex-EADS),AIR.PA,oui,
2014-12-04,FR0000130007,13000,ALCATEL,,non,aucune serie servie sur 2009-2018 (candidat ALU.PA)
2014-12-04,FR0010220475,1022047,Alstom,ALO.PA,oui,
2014-12-04,LU0323134006,32313400,ArcelorMittal,MT.AS,oui,
2014-12-04,FR0000120628,12062,Axa,CS.PA,oui,
2014-12-04,FR0000131104,13110,BNP,BNP.PA,oui,
2014-12-04,FR0000120503,12050,BOUYGUES,EN.PA,oui,
2014-12-04,FR0000125338,12533,Cap Gémini,CAP.PA,oui,
2014-12-04,FR0000120172,12017,CARREFOUR,CA.PA,oui,
2014-12-04,FR0000045072,4507,CREDIT AGRICOLE,ACA.PA,oui,
2014-12-04,FR0000120644,12064,DANONE,BN.PA,oui,
2014-12-04,FR0010242511,1024251,EDF,,non,aucune serie servie sur 2009-2018 (candidat EDF.PA)
2014-12-04,FR0010208488,1020848,ENGIE (ex-GDF Suez),ENGI.PA,oui,
2014-12-04,FR0000121667,12166,EssilorLuxottica,EL.PA,oui,
2014-12-04,NL0000400653,40065,Gemalto,,non,aucune serie servie sur 2009-2018 (candidat GTO.AS)
2014-12-04,FR0000121485,12148,Kering (ex: Pinault-Printemps-Redoute),KER.PA,oui,
2014-12-04,FR0000120321,12032,L'Oréal,OR.PA,oui,
2014-12-04,FR0000120537,12053,LafargeHolcim,,non,"servie en CHF seulement (HOLN.SW, 2514 seances)"
2014-12-04,FR0010307819,1030781,Legrand,LR.PA,oui,
2014-12-04,FR0000121014,12101,LVMH MOET HENESSY,MC.PA,oui,
2014-12-04,FR0000121261,12126,Michelin B,ML.PA,oui,
2014-12-04,FR0000133308,13330,Orange (ex: France Télécom),ORA.PA,oui,
2014-12-04,FR0000120693,12069,Pernod Ricard,RI.PA,oui,
2014-12-04,FR0000130577,13057,Publicis Groupe SA,PUB.PA,oui,
2014-12-04,FR0000131906,13190,Renault,RNO.PA,oui,
2014-12-04,FR0000073272,7327,Safran,SAF.PA,oui,
2014-12-04,FR0000125007,12500,SAINT-GOBAIN,SGO.PA,oui,
2014-12-04,FR0000120578,12057,Sanofi,SAN.PA,oui,
2014-12-04,FR0000121972,12197,Schneider (Ex-Spie Batignolles),SU.PA,oui,
2014-12-04,FR0000130809,13080,Société Générale,GLE.PA,oui,
2014-12-04,BE0003470755,5809,Solvay,SOLB.BR,oui,
2014-12-04,FR0000131708,13170,Technip,,non,aucune serie servie sur 2009-2018 (candidat TEC.PA)
2014-12-04,FR0000120271,12027,Total,TTE.PA,oui,
2014-12-04,FR0000124711,12471,Unibail-Rodamco,,non,"aucune serie en euros (candidats UL.PA, URW.AS)"
2014-12-04,FR0000130338,13033,Valeo,FR.PA,oui,
2014-12-04,FR0000124141,12414,Veolia Environnement,VIE.PA,oui,
2014-12-04,FR0000125486,12548,Vinci,DG.PA,oui,
2014-12-04,FR0000127771,12777,Vivendi,VIV.PA,oui,
2015-01-06,FR0000120404,12040,ACCOR,AC.PA,oui,
2015-01-06,FR0000120073,12007,AIR LIQUIDE,AI.PA,oui,
2015-01-06,NL0000235190,5730,Airbus Group (ex-EADS),AIR.PA,oui,
2015-01-06,FR0000130007,13000,ALCATEL,,non,aucune serie servie sur 2009-2018 (candidat ALU.PA)
2015-01-06,FR0010220475,1022047,Alstom,ALO.PA,oui,
2015-01-06,LU0323134006,32313400,ArcelorMittal,MT.AS,oui,
2015-01-06,FR0000120628,12062,Axa,CS.PA,oui,
2015-01-06,FR0000131104,13110,BNP,BNP.PA,oui,
2015-01-06,FR0000120503,12050,BOUYGUES,EN.PA,oui,
2015-01-06,FR0000125338,12533,Cap Gémini,CAP.PA,oui,
2015-01-06,FR0000120172,12017,CARREFOUR,CA.PA,oui,
2015-01-06,FR0000045072,4507,CREDIT AGRICOLE,ACA.PA,oui,
2015-01-06,FR0000120644,12064,DANONE,BN.PA,oui,
2015-01-06,FR0010242511,1024251,EDF,,non,aucune serie servie sur 2009-2018 (candidat EDF.PA)
2015-01-06,FR0010208488,1020848,ENGIE (ex-GDF Suez),ENGI.PA,oui,
2015-01-06,FR0000121667,12166,EssilorLuxottica,EL.PA,oui,
2015-01-06,NL0000400653,40065,Gemalto,,non,aucune serie servie sur 2009-2018 (candidat GTO.AS)
2015-01-06,FR0000121485,12148,Kering (ex: Pinault-Printemps-Redoute),KER.PA,oui,
2015-01-06,FR0000120321,12032,L'Oréal,OR.PA,oui,
2015-01-06,FR0000120537,12053,LafargeHolcim,,non,"servie en CHF seulement (HOLN.SW, 2514 seances)"
2015-01-06,FR0010307819,1030781,Legrand,LR.PA,oui,
2015-01-06,FR0000121014,12101,LVMH MOET HENESSY,MC.PA,oui,
2015-01-06,FR0000121261,12126,Michelin B,ML.PA,oui,
2015-01-06,FR0000133308,13330,Orange (ex: France Télécom),ORA.PA,oui,
2015-01-06,FR0000120693,12069,Pernod Ricard,RI.PA,oui,
2015-01-06,FR0000130577,13057,Publicis Groupe SA,PUB.PA,oui,
2015-01-06,FR0000131906,13190,Renault,RNO.PA,oui,
2015-01-06,FR0000073272,7327,Safran,SAF.PA,oui,
2015-01-06,FR0000125007,12500,SAINT-GOBAIN,SGO.PA,oui,
2015-01-06,FR0000120578,12057,Sanofi,SAN.PA,oui,
2015-01-06,FR0000121972,12197,Schneider (Ex-Spie Batignolles),SU.PA,oui,
2015-01-06,FR0000130809,13080,Société Générale,GLE.PA,oui,
2015-01-06,BE0003470755,5809,Solvay,SOLB.BR,oui,
2015-01-06,FR0000131708,13170,Technip,,non,aucune serie servie sur 2009-2018 (candidat TEC.PA)
2015-01-06,FR0000120271,12027,Total,TTE.PA,oui,
2015-01-06,FR0000124711,12471,Unibail-Rodamco,,non,"aucune serie en euros (candidats UL.PA, URW.AS)"
2015-01-06,FR0000130338,13033,Valeo,FR.PA,oui,
2015-01-06,FR0000124141,12414,Veolia Environnement,VIE.PA,oui,
2015-01-06,FR0000125486,12548,Vinci,DG.PA,oui,
2015-01-06,FR0000127771,12777,Vivendi,VIV.PA,oui,
2015-02-03,FR0000120404,12040,ACCOR,AC.PA,oui,
2015-02-03,FR0000120073,12007,AIR LIQUIDE,AI.PA,oui,
2015-02-03,NL0000235190,5730,Airbus Group (ex-EADS),AIR.PA,oui,
2015-02-03,FR0000130007,13000,ALCATEL,,non,aucune serie servie sur 2009-2018 (candidat ALU.PA)
2015-02-03,FR0010220475,1022047,Alstom,ALO.PA,oui,
2015-02-03,LU0323134006,32313400,ArcelorMittal,MT.AS,oui,
2015-02-03,FR0000120628,12062,Axa,CS.PA,oui,
2015-02-03,FR0000131104,13110,BNP,BNP.PA,oui,
2015-02-03,FR0000120503,12050,BOUYGUES,EN.PA,oui,
2015-02-03,FR0000125338,12533,Cap Gémini,CAP.PA,oui,
2015-02-03,FR0000120172,12017,CARREFOUR,CA.PA,oui,
2015-02-03,FR0000045072,4507,CREDIT AGRICOLE,ACA.PA,oui,
2015-02-03,FR0000120644,12064,DANONE,BN.PA,oui,
2015-02-03,FR0010242511,1024251,EDF,,non,aucune serie servie sur 2009-2018 (candidat EDF.PA)
2015-02-03,FR0010208488,1020848,ENGIE (ex-GDF Suez),ENGI.PA,oui,
2015-02-03,FR0000121667,12166,EssilorLuxottica,EL.PA,oui,
2015-02-03,NL0000400653,40065,Gemalto,,non,aucune serie servie sur 2009-2018 (candidat GTO.AS)
2015-02-03,FR0000121485,12148,Kering (ex: Pinault-Printemps-Redoute),KER.PA,oui,
2015-02-03,FR0000120321,12032,L'Oréal,OR.PA,oui,
2015-02-03,FR0000120537,12053,LafargeHolcim,,non,"servie en CHF seulement (HOLN.SW, 2514 seances)"
2015-02-03,FR0010307819,1030781,Legrand,LR.PA,oui,
2015-02-03,FR0000121014,12101,LVMH MOET HENESSY,MC.PA,oui,
2015-02-03,FR0000121261,12126,Michelin B,ML.PA,oui,
2015-02-03,FR0000133308,13330,Orange (ex: France Télécom),ORA.PA,oui,
2015-02-03,FR0000120693,12069,Pernod Ricard,RI.PA,oui,
2015-02-03,FR0000130577,13057,Publicis Groupe SA,PUB.PA,oui,
2015-02-03,FR0000131906,13190,Renault,RNO.PA,oui,
2015-02-03,FR0000073272,7327,Safran,SAF.PA,oui,
2015-02-03,FR0000125007,12500,SAINT-GOBAIN,SGO.PA,oui,
2015-02-03,FR0000120578,12057,Sanofi,SAN.PA,oui,
2015-02-03,FR0000121972,12197,Schneider (Ex-Spie Batignolles),SU.PA,oui,
2015-02-03,FR0000130809,13080,Société Générale,GLE.PA,oui,
2015-02-03,BE0003470755,5809,Solvay,SOLB.BR,oui,
2015-02-03,FR0000131708,13170,Technip,,non,aucune serie servie sur 2009-2018 (candidat TEC.PA)
2015-02-03,FR0000120271,12027,Total,TTE.PA,oui,
2015-02-03,FR0000124711,12471,Unibail-Rodamco,,non,"aucune serie en euros (candidats UL.PA, URW.AS)"
2015-02-03,FR0000130338,13033,Valeo,FR.PA,oui,
2015-02-03,FR0000124141,12414,Veolia Environnement,VIE.PA,oui,
2015-02-03,FR0000125486,12548,Vinci,DG.PA,oui,
2015-02-03,FR0000127771,12777,Vivendi,VIV.PA,oui,
2015-03-03,FR0000120404,12040,ACCOR,AC.PA,oui,
2015-03-03,FR0000120073,12007,AIR LIQUIDE,AI.PA,oui,
2015-03-03,NL0000235190,5730,Airbus Group (ex-EADS),AIR.PA,oui,
2015-03-03,FR0000130007,13000,ALCATEL,,non,aucune serie servie sur 2009-2018 (candidat ALU.PA)
2015-03-03,FR0010220475,1022047,Alstom,ALO.PA,oui,
2015-03-03,LU0323134006,32313400,ArcelorMittal,MT.AS,oui,
2015-03-03,FR0000120628,12062,Axa,CS.PA,oui,
2015-03-03,FR0000131104,13110,BNP,BNP.PA,oui,
2015-03-03,FR0000120503,12050,BOUYGUES,EN.PA,oui,
2015-03-03,FR0000125338,12533,Cap Gémini,CAP.PA,oui,
2015-03-03,FR0000120172,12017,CARREFOUR,CA.PA,oui,
2015-03-03,FR0000045072,4507,CREDIT AGRICOLE,ACA.PA,oui,
2015-03-03,FR0000120644,12064,DANONE,BN.PA,oui,
2015-03-03,FR0010242511,1024251,EDF,,non,aucune serie servie sur 2009-2018 (candidat EDF.PA)
2015-03-03,FR0010208488,1020848,ENGIE (ex-GDF Suez),ENGI.PA,oui,
2015-03-03,FR0000121667,12166,EssilorLuxottica,EL.PA,oui,
2015-03-03,NL0000400653,40065,Gemalto,,non,aucune serie servie sur 2009-2018 (candidat GTO.AS)
2015-03-03,FR0000121485,12148,Kering (ex: Pinault-Printemps-Redoute),KER.PA,oui,
2015-03-03,FR0000120321,12032,L'Oréal,OR.PA,oui,
2015-03-03,FR0000120537,12053,LafargeHolcim,,non,"servie en CHF seulement (HOLN.SW, 2514 seances)"
2015-03-03,FR0010307819,1030781,Legrand,LR.PA,oui,
2015-03-03,FR0000121014,12101,LVMH MOET HENESSY,MC.PA,oui,
2015-03-03,FR0000121261,12126,Michelin B,ML.PA,oui,
2015-03-03,FR0000133308,13330,Orange (ex: France Télécom),ORA.PA,oui,
2015-03-03,FR0000120693,12069,Pernod Ricard,RI.PA,oui,
2015-03-03,FR0000130577,13057,Publicis Groupe SA,PUB.PA,oui,
2015-03-03,FR0000131906,13190,Renault,RNO.PA,oui,
2015-03-03,FR0000073272,7327,Safran,SAF.PA,oui,
2015-03-03,FR0000125007,12500,SAINT-GOBAIN,SGO.PA,oui,
2015-03-03,FR0000120578,12057,Sanofi,SAN.PA,oui,
2015-03-03,FR0000121972,12197,Schneider (Ex-Spie Batignolles),SU.PA,oui,
2015-03-03,FR0000130809,13080,Société Générale,GLE.PA,oui,
2015-03-03,BE0003470755,5809,Solvay,SOLB.BR,oui,
2015-03-03,FR0000131708,13170,Technip,,non,aucune serie servie sur 2009-2018 (candidat TEC.PA)
2015-03-03,FR0000120271,12027,Total,TTE.PA,oui,
2015-03-03,FR0000124711,12471,Unibail-Rodamco,,non,"aucune serie en euros (candidats UL.PA, URW.AS)"
2015-03-03,FR0000130338,13033,Valeo,FR.PA,oui,
2015-03-03,FR0000124141,12414,Veolia Environnement,VIE.PA,oui,
2015-03-03,FR0000125486,12548,Vinci,DG.PA,oui,
2015-03-03,FR0000127771,12777,Vivendi,VIV.PA,oui,
2015-03-31,FR0000120404,12040,ACCOR,AC.PA,oui,
2015-03-31,FR0000120073,12007,AIR LIQUIDE,AI.PA,oui,
2015-03-31,NL0000235190,5730,Airbus Group (ex-EADS),AIR.PA,oui,
2015-03-31,FR0000130007,13000,ALCATEL,,non,aucune serie servie sur 2009-2018 (candidat ALU.PA)
2015-03-31,FR0010220475,1022047,Alstom,ALO.PA,oui,
2015-03-31,LU0323134006,32313400,ArcelorMittal,MT.AS,oui,
2015-03-31,FR0000120628,12062,Axa,CS.PA,oui,
2015-03-31,FR0000131104,13110,BNP,BNP.PA,oui,
2015-03-31,FR0000120503,12050,BOUYGUES,EN.PA,oui,
2015-03-31,FR0000125338,12533,Cap Gémini,CAP.PA,oui,
2015-03-31,FR0000120172,12017,CARREFOUR,CA.PA,oui,
2015-03-31,FR0000045072,4507,CREDIT AGRICOLE,ACA.PA,oui,
2015-03-31,FR0000120644,12064,DANONE,BN.PA,oui,
2015-03-31,FR0010242511,1024251,EDF,,non,aucune serie servie sur 2009-2018 (candidat EDF.PA)
2015-03-31,FR0010208488,1020848,ENGIE (ex-GDF Suez),ENGI.PA,oui,
2015-03-31,FR0000121667,12166,EssilorLuxottica,EL.PA,oui,
2015-03-31,FR0000121485,12148,Kering (ex: Pinault-Printemps-Redoute),KER.PA,oui,
2015-03-31,FR0000120321,12032,L'Oréal,OR.PA,oui,
2015-03-31,FR0000120537,12053,LafargeHolcim,,non,"servie en CHF seulement (HOLN.SW, 2514 seances)"
2015-03-31,FR0010307819,1030781,Legrand,LR.PA,oui,
2015-03-31,FR0000121014,12101,LVMH MOET HENESSY,MC.PA,oui,
2015-03-31,FR0000121261,12126,Michelin B,ML.PA,oui,
2015-03-31,FR0000133308,13330,Orange (ex: France Télécom),ORA.PA,oui,
2015-03-31,FR0000120693,12069,Pernod Ricard,RI.PA,oui,
2015-03-31,FR0000121501,12150,Peugeot S.A.,,non,aucune serie servie sur 2009-2018 (candidat UG.PA)
2015-03-31,FR0000130577,13057,Publicis Groupe SA,PUB.PA,oui,
2015-03-31,FR0000131906,13190,Renault,RNO.PA,oui,
2015-03-31,FR0000073272,7327,Safran,SAF.PA,oui,
2015-03-31,FR0000125007,12500,SAINT-GOBAIN,SGO.PA,oui,
2015-03-31,FR0000120578,12057,Sanofi,SAN.PA,oui,
2015-03-31,FR0000121972,12197,Schneider (Ex-Spie Batignolles),SU.PA,oui,
2015-03-31,FR0000130809,13080,Société Générale,GLE.PA,oui,
2015-03-31,BE0003470755,5809,Solvay,SOLB.BR,oui,
2015-03-31,FR0000131708,13170,Technip,,non,aucune serie servie sur 2009-2018 (candidat TEC.PA)
2015-03-31,FR0000120271,12027,Total,TTE.PA,oui,
2015-03-31,FR0000124711,12471,Unibail-Rodamco,,non,"aucune serie en euros (candidats UL.PA, URW.AS)"
2015-03-31,FR0000130338,13033,Valeo,FR.PA,oui,
2015-03-31,FR0000124141,12414,Veolia Environnement,VIE.PA,oui,
2015-03-31,FR0000125486,12548,Vinci,DG.PA,oui,
2015-03-31,FR0000127771,12777,Vivendi,VIV.PA,oui,
2015-04-30,FR0000120404,12040,ACCOR,AC.PA,oui,
2015-04-30,FR0000120073,12007,AIR LIQUIDE,AI.PA,oui,
2015-04-30,NL0000235190,5730,Airbus Group (ex-EADS),AIR.PA,oui,
2015-04-30,FR0000130007,13000,ALCATEL,,non,aucune serie servie sur 2009-2018 (candidat ALU.PA)
2015-04-30,FR0010220475,1022047,Alstom,ALO.PA,oui,
2015-04-30,LU0323134006,32313400,ArcelorMittal,MT.AS,oui,
2015-04-30,FR0000120628,12062,Axa,CS.PA,oui,
2015-04-30,FR0000131104,13110,BNP,BNP.PA,oui,
2015-04-30,FR0000120503,12050,BOUYGUES,EN.PA,oui,
2015-04-30,FR0000125338,12533,Cap Gémini,CAP.PA,oui,
2015-04-30,FR0000120172,12017,CARREFOUR,CA.PA,oui,
2015-04-30,FR0000045072,4507,CREDIT AGRICOLE,ACA.PA,oui,
2015-04-30,FR0000120644,12064,DANONE,BN.PA,oui,
2015-04-30,FR0010242511,1024251,EDF,,non,aucune serie servie sur 2009-2018 (candidat EDF.PA)
2015-04-30,FR0010208488,1020848,ENGIE (ex-GDF Suez),ENGI.PA,oui,
2015-04-30,FR0000121667,12166,EssilorLuxottica,EL.PA,oui,
2015-04-30,FR0000121485,12148,Kering (ex: Pinault-Printemps-Redoute),KER.PA,oui,
2015-04-30,FR0000120321,12032,L'Oréal,OR.PA,oui,
2015-04-30,FR0000120537,12053,LafargeHolcim,,non,"servie en CHF seulement (HOLN.SW, 2514 seances)"
2015-04-30,FR0010307819,1030781,Legrand,LR.PA,oui,
2015-04-30,FR0000121014,12101,LVMH MOET HENESSY,MC.PA,oui,
2015-04-30,FR0000121261,12126,Michelin B,ML.PA,oui,
2015-04-30,FR0000133308,13330,Orange (ex: France Télécom),ORA.PA,oui,
2015-04-30,FR0000120693,12069,Pernod Ricard,RI.PA,oui,
2015-04-30,FR0000121501,12150,Peugeot S.A.,,non,aucune serie servie sur 2009-2018 (candidat UG.PA)
2015-04-30,FR0000130577,13057,Publicis Groupe SA,PUB.PA,oui,
2015-04-30,FR0000131906,13190,Renault,RNO.PA,oui,
2015-04-30,FR0000073272,7327,Safran,SAF.PA,oui,
2015-04-30,FR0000125007,12500,SAINT-GOBAIN,SGO.PA,oui,
2015-04-30,FR0000120578,12057,Sanofi,SAN.PA,oui,
2015-04-30,FR0000121972,12197,Schneider (Ex-Spie Batignolles),SU.PA,oui,
2015-04-30,FR0000130809,13080,Société Générale,GLE.PA,oui,
2015-04-30,BE0003470755,5809,Solvay,SOLB.BR,oui,
2015-04-30,FR0000131708,13170,Technip,,non,aucune serie servie sur 2009-2018 (candidat TEC.PA)
2015-04-30,FR0000120271,12027,Total,TTE.PA,oui,
2015-04-30,FR0000124711,12471,Unibail-Rodamco,,non,"aucune serie en euros (candidats UL.PA, URW.AS)"
2015-04-30,FR0000130338,13033,Valeo,FR.PA,oui,
2015-04-30,FR0000124141,12414,Veolia Environnement,VIE.PA,oui,
2015-04-30,FR0000125486,12548,Vinci,DG.PA,oui,
2015-04-30,FR0000127771,12777,Vivendi,VIV.PA,oui,
2015-05-29,FR0000120404,12040,ACCOR,AC.PA,oui,
2015-05-29,FR0000120073,12007,AIR LIQUIDE,AI.PA,oui,
2015-05-29,NL0000235190,5730,Airbus Group (ex-EADS),AIR.PA,oui,
2015-05-29,FR0000130007,13000,ALCATEL,,non,aucune serie servie sur 2009-2018 (candidat ALU.PA)
2015-05-29,FR0010220475,1022047,Alstom,ALO.PA,oui,
2015-05-29,LU0323134006,32313400,ArcelorMittal,MT.AS,oui,
2015-05-29,FR0000120628,12062,Axa,CS.PA,oui,
2015-05-29,FR0000131104,13110,BNP,BNP.PA,oui,
2015-05-29,FR0000120503,12050,BOUYGUES,EN.PA,oui,
2015-05-29,FR0000125338,12533,Cap Gémini,CAP.PA,oui,
2015-05-29,FR0000120172,12017,CARREFOUR,CA.PA,oui,
2015-05-29,FR0000045072,4507,CREDIT AGRICOLE,ACA.PA,oui,
2015-05-29,FR0000120644,12064,DANONE,BN.PA,oui,
2015-05-29,FR0010242511,1024251,EDF,,non,aucune serie servie sur 2009-2018 (candidat EDF.PA)
2015-05-29,FR0010208488,1020848,ENGIE (ex-GDF Suez),ENGI.PA,oui,
2015-05-29,FR0000121667,12166,EssilorLuxottica,EL.PA,oui,
2015-05-29,FR0000121485,12148,Kering (ex: Pinault-Printemps-Redoute),KER.PA,oui,
2015-05-29,FR0000120321,12032,L'Oréal,OR.PA,oui,
2015-05-29,FR0000120537,12053,LafargeHolcim,,non,"servie en CHF seulement (HOLN.SW, 2514 seances)"
2015-05-29,FR0010307819,1030781,Legrand,LR.PA,oui,
2015-05-29,FR0000121014,12101,LVMH MOET HENESSY,MC.PA,oui,
2015-05-29,FR0000121261,12126,Michelin B,ML.PA,oui,
2015-05-29,FR0000133308,13330,Orange (ex: France Télécom),ORA.PA,oui,
2015-05-29,FR0000120693,12069,Pernod Ricard,RI.PA,oui,
2015-05-29,FR0000121501,12150,Peugeot S.A.,,non,aucune serie servie sur 2009-2018 (candidat UG.PA)
2015-05-29,FR0000130577,13057,Publicis Groupe SA,PUB.PA,oui,
2015-05-29,FR0000131906,13190,Renault,RNO.PA,oui,
2015-05-29,FR0000073272,7327,Safran,SAF.PA,oui,
2015-05-29,FR0000125007,12500,SAINT-GOBAIN,SGO.PA,oui,
2015-05-29,FR0000120578,12057,Sanofi,SAN.PA,oui,
2015-05-29,FR0000121972,12197,Schneider (Ex-Spie Batignolles),SU.PA,oui,
2015-05-29,FR0000130809,13080,Société Générale,GLE.PA,oui,
2015-05-29,BE0003470755,5809,Solvay,SOLB.BR,oui,
2015-05-29,FR0000131708,13170,Technip,,non,aucune serie servie sur 2009-2018 (candidat TEC.PA)
2015-05-29,FR0000120271,12027,Total,TTE.PA,oui,
2015-05-29,FR0000124711,12471,Unibail-Rodamco,,non,"aucune serie en euros (candidats UL.PA, URW.AS)"
2015-05-29,FR0000130338,13033,Valeo,FR.PA,oui,
2015-05-29,FR0000124141,12414,Veolia Environnement,VIE.PA,oui,
2015-05-29,FR0000125486,12548,Vinci,DG.PA,oui,
2015-05-29,FR0000127771,12777,Vivendi,VIV.PA,oui,
2015-06-26,FR0000120404,12040,ACCOR,AC.PA,oui,
2015-06-26,FR0000120073,12007,AIR LIQUIDE,AI.PA,oui,
2015-06-26,NL0000235190,5730,Airbus Group (ex-EADS),AIR.PA,oui,
2015-06-26,FR0000130007,13000,ALCATEL,,non,aucune serie servie sur 2009-2018 (candidat ALU.PA)
2015-06-26,FR0010220475,1022047,Alstom,ALO.PA,oui,
2015-06-26,LU0323134006,32313400,ArcelorMittal,MT.AS,oui,
2015-06-26,FR0000120628,12062,Axa,CS.PA,oui,
2015-06-26,FR0000131104,13110,BNP,BNP.PA,oui,
2015-06-26,FR0000120503,12050,BOUYGUES,EN.PA,oui,
2015-06-26,FR0000125338,12533,Cap Gémini,CAP.PA,oui,
2015-06-26,FR0000120172,12017,CARREFOUR,CA.PA,oui,
2015-06-26,FR0000045072,4507,CREDIT AGRICOLE,ACA.PA,oui,
2015-06-26,FR0000120644,12064,DANONE,BN.PA,oui,
2015-06-26,FR0010242511,1024251,EDF,,non,aucune serie servie sur 2009-2018 (candidat EDF.PA)
2015-06-26,FR0010208488,1020848,ENGIE (ex-GDF Suez),ENGI.PA,oui,
2015-06-26,FR0000121667,12166,EssilorLuxottica,EL.PA,oui,
2015-06-26,FR0000121485,12148,Kering (ex: Pinault-Printemps-Redoute),KER.PA,oui,
2015-06-26,FR0000120321,12032,L'Oréal,OR.PA,oui,
2015-06-26,FR0000120537,12053,LafargeHolcim,,non,"servie en CHF seulement (HOLN.SW, 2514 seances)"
2015-06-26,FR0010307819,1030781,Legrand,LR.PA,oui,
2015-06-26,FR0000121014,12101,LVMH MOET HENESSY,MC.PA,oui,
2015-06-26,FR0000121261,12126,Michelin B,ML.PA,oui,
2015-06-26,FR0000133308,13330,Orange (ex: France Télécom),ORA.PA,oui,
2015-06-26,FR0000120693,12069,Pernod Ricard,RI.PA,oui,
2015-06-26,FR0000121501,12150,Peugeot S.A.,,non,aucune serie servie sur 2009-2018 (candidat UG.PA)
2015-06-26,FR0000130577,13057,Publicis Groupe SA,PUB.PA,oui,
2015-06-26,FR0000131906,13190,Renault,RNO.PA,oui,
2015-06-26,FR0000073272,7327,Safran,SAF.PA,oui,
2015-06-26,FR0000125007,12500,SAINT-GOBAIN,SGO.PA,oui,
2015-06-26,FR0000120578,12057,Sanofi,SAN.PA,oui,
2015-06-26,FR0000121972,12197,Schneider (Ex-Spie Batignolles),SU.PA,oui,
2015-06-26,FR0000130809,13080,Société Générale,GLE.PA,oui,
2015-06-26,BE0003470755,5809,Solvay,SOLB.BR,oui,
2015-06-26,FR0000131708,13170,Technip,,non,aucune serie servie sur 2009-2018 (candidat TEC.PA)
2015-06-26,FR0000120271,12027,Total,TTE.PA,oui,
2015-06-26,FR0000124711,12471,Unibail-Rodamco,,non,"aucune serie en euros (candidats UL.PA, URW.AS)"
2015-06-26,FR0000130338,13033,Valeo,FR.PA,oui,
2015-06-26,FR0000124141,12414,Veolia Environnement,VIE.PA,oui,
2015-06-26,FR0000125486,12548,Vinci,DG.PA,oui,
2015-06-26,FR0000127771,12777,Vivendi,VIV.PA,oui,
2015-07-24,FR0000120404,12040,ACCOR,AC.PA,oui,
2015-07-24,FR0000120073,12007,AIR LIQUIDE,AI.PA,oui,
2015-07-24,NL0000235190,5730,Airbus Group (ex-EADS),AIR.PA,oui,
2015-07-24,FR0000130007,13000,ALCATEL,,non,aucune serie servie sur 2009-2018 (candidat ALU.PA)
2015-07-24,FR0010220475,1022047,Alstom,ALO.PA,oui,
2015-07-24,LU0323134006,32313400,ArcelorMittal,MT.AS,oui,
2015-07-24,FR0000120628,12062,Axa,CS.PA,oui,
2015-07-24,FR0000131104,13110,BNP,BNP.PA,oui,
2015-07-24,FR0000120503,12050,BOUYGUES,EN.PA,oui,
2015-07-24,FR0000125338,12533,Cap Gémini,CAP.PA,oui,
2015-07-24,FR0000120172,12017,CARREFOUR,CA.PA,oui,
2015-07-24,FR0000045072,4507,CREDIT AGRICOLE,ACA.PA,oui,
2015-07-24,FR0000120644,12064,DANONE,BN.PA,oui,
2015-07-24,FR0010242511,1024251,EDF,,non,aucune serie servie sur 2009-2018 (candidat EDF.PA)
2015-07-24,FR0010208488,1020848,ENGIE (ex-GDF Suez),ENGI.PA,oui,
2015-07-24,FR0000121667,12166,EssilorLuxottica,EL.PA,oui,
2015-07-24,FR0000121485,12148,Kering (ex: Pinault-Printemps-Redoute),KER.PA,oui,
2015-07-24,FR0000120321,12032,L'Oréal,OR.PA,oui,
2015-07-24,FR0000120537,12053,LafargeHolcim,,non,"servie en CHF seulement (HOLN.SW, 2514 seances)"
2015-07-24,FR0010307819,1030781,Legrand,LR.PA,oui,
2015-07-24,FR0000121014,12101,LVMH MOET HENESSY,MC.PA,oui,
2015-07-24,FR0000121261,12126,Michelin B,ML.PA,oui,
2015-07-24,FR0000133308,13330,Orange (ex: France Télécom),ORA.PA,oui,
2015-07-24,FR0000120693,12069,Pernod Ricard,RI.PA,oui,
2015-07-24,FR0000121501,12150,Peugeot S.A.,,non,aucune serie servie sur 2009-2018 (candidat UG.PA)
2015-07-24,FR0000130577,13057,Publicis Groupe SA,PUB.PA,oui,
2015-07-24,FR0000131906,13190,Renault,RNO.PA,oui,
2015-07-24,FR0000073272,7327,Safran,SAF.PA,oui,
2015-07-24,FR0000125007,12500,SAINT-GOBAIN,SGO.PA,oui,
2015-07-24,FR0000120578,12057,Sanofi,SAN.PA,oui,
2015-07-24,FR0000121972,12197,Schneider (Ex-Spie Batignolles),SU.PA,oui,
2015-07-24,FR0000130809,13080,Société Générale,GLE.PA,oui,
2015-07-24,BE0003470755,5809,Solvay,SOLB.BR,oui,
2015-07-24,FR0000131708,13170,Technip,,non,aucune serie servie sur 2009-2018 (candidat TEC.PA)
2015-07-24,FR0000120271,12027,Total,TTE.PA,oui,
2015-07-24,FR0000124711,12471,Unibail-Rodamco,,non,"aucune serie en euros (candidats UL.PA, URW.AS)"
2015-07-24,FR0000130338,13033,Valeo,FR.PA,oui,
2015-07-24,FR0000124141,12414,Veolia Environnement,VIE.PA,oui,
2015-07-24,FR0000125486,12548,Vinci,DG.PA,oui,
2015-07-24,FR0000127771,12777,Vivendi,VIV.PA,oui,
2015-08-21,FR0000120404,12040,ACCOR,AC.PA,oui,
2015-08-21,FR0000120073,12007,AIR LIQUIDE,AI.PA,oui,
2015-08-21,NL0000235190,5730,Airbus Group (ex-EADS),AIR.PA,oui,
2015-08-21,FR0000130007,13000,ALCATEL,,non,aucune serie servie sur 2009-2018 (candidat ALU.PA)
2015-08-21,FR0010220475,1022047,Alstom,ALO.PA,oui,
2015-08-21,LU0323134006,32313400,ArcelorMittal,MT.AS,oui,
2015-08-21,FR0000120628,12062,Axa,CS.PA,oui,
2015-08-21,FR0000131104,13110,BNP,BNP.PA,oui,
2015-08-21,FR0000120503,12050,BOUYGUES,EN.PA,oui,
2015-08-21,FR0000125338,12533,Cap Gémini,CAP.PA,oui,
2015-08-21,FR0000120172,12017,CARREFOUR,CA.PA,oui,
2015-08-21,FR0000045072,4507,CREDIT AGRICOLE,ACA.PA,oui,
2015-08-21,FR0000120644,12064,DANONE,BN.PA,oui,
2015-08-21,FR0010242511,1024251,EDF,,non,aucune serie servie sur 2009-2018 (candidat EDF.PA)
2015-08-21,FR0010208488,1020848,ENGIE (ex-GDF Suez),ENGI.PA,oui,
2015-08-21,FR0000121667,12166,EssilorLuxottica,EL.PA,oui,
2015-08-21,FR0000121485,12148,Kering (ex: Pinault-Printemps-Redoute),KER.PA,oui,
2015-08-21,FR0000120321,12032,L'Oréal,OR.PA,oui,
2015-08-21,FR0000120537,12053,LafargeHolcim,,non,"servie en CHF seulement (HOLN.SW, 2514 seances)"
2015-08-21,FR0010307819,1030781,Legrand,LR.PA,oui,
2015-08-21,FR0000121014,12101,LVMH MOET HENESSY,MC.PA,oui,
2015-08-21,FR0000121261,12126,Michelin B,ML.PA,oui,
2015-08-21,FR0000133308,13330,Orange (ex: France Télécom),ORA.PA,oui,
2015-08-21,FR0000120693,12069,Pernod Ricard,RI.PA,oui,
2015-08-21,FR0000121501,12150,Peugeot S.A.,,non,aucune serie servie sur 2009-2018 (candidat UG.PA)
2015-08-21,FR0000130577,13057,Publicis Groupe SA,PUB.PA,oui,
2015-08-21,FR0000131906,13190,Renault,RNO.PA,oui,
2015-08-21,FR0000073272,7327,Safran,SAF.PA,oui,
2015-08-21,FR0000125007,12500,SAINT-GOBAIN,SGO.PA,oui,
2015-08-21,FR0000120578,12057,Sanofi,SAN.PA,oui,
2015-08-21,FR0000121972,12197,Schneider (Ex-Spie Batignolles),SU.PA,oui,
2015-08-21,FR0000130809,13080,Société Générale,GLE.PA,oui,
2015-08-21,BE0003470755,5809,Solvay,SOLB.BR,oui,
2015-08-21,FR0000131708,13170,Technip,,non,aucune serie servie sur 2009-2018 (candidat TEC.PA)
2015-08-21,FR0000120271,12027,Total,TTE.PA,oui,
2015-08-21,FR0000124711,12471,Unibail-Rodamco,,non,"aucune serie en euros (candidats UL.PA, URW.AS)"
2015-08-21,FR0000130338,13033,Valeo,FR.PA,oui,
2015-08-21,FR0000124141,12414,Veolia Environnement,VIE.PA,oui,
2015-08-21,FR0000125486,12548,Vinci,DG.PA,oui,
2015-08-21,FR0000127771,12777,Vivendi,VIV.PA,oui,
2015-09-18,FR0000120404,12040,ACCOR,AC.PA,oui,
2015-09-18,FR0000120073,12007,AIR LIQUIDE,AI.PA,oui,
2015-09-18,NL0000235190,5730,Airbus Group (ex-EADS),AIR.PA,oui,
2015-09-18,FR0000130007,13000,ALCATEL,,non,aucune serie servie sur 2009-2018 (candidat ALU.PA)
2015-09-18,FR0010220475,1022047,Alstom,ALO.PA,oui,
2015-09-18,LU0323134006,32313400,ArcelorMittal,MT.AS,oui,
2015-09-18,FR0000120628,12062,Axa,CS.PA,oui,
2015-09-18,FR0000131104,13110,BNP,BNP.PA,oui,
2015-09-18,FR0000120503,12050,BOUYGUES,EN.PA,oui,
2015-09-18,FR0000125338,12533,Cap Gémini,CAP.PA,oui,
2015-09-18,FR0000120172,12017,CARREFOUR,CA.PA,oui,
2015-09-18,FR0000045072,4507,CREDIT AGRICOLE,ACA.PA,oui,
2015-09-18,FR0000120644,12064,DANONE,BN.PA,oui,
2015-09-18,FR0010242511,1024251,EDF,,non,aucune serie servie sur 2009-2018 (candidat EDF.PA)
2015-09-18,FR0010208488,1020848,ENGIE (ex-GDF Suez),ENGI.PA,oui,
2015-09-18,FR0000121667,12166,EssilorLuxottica,EL.PA,oui,
2015-09-18,FR0000121485,12148,Kering (ex: Pinault-Printemps-Redoute),KER.PA,oui,
2015-09-18,FR0000120321,12032,L'Oréal,OR.PA,oui,
2015-09-18,FR0000120537,12053,LafargeHolcim,,non,"servie en CHF seulement (HOLN.SW, 2514 seances)"
2015-09-18,FR0010307819,1030781,Legrand,LR.PA,oui,
2015-09-18,FR0000121014,12101,LVMH MOET HENESSY,MC.PA,oui,
2015-09-18,FR0000121261,12126,Michelin B,ML.PA,oui,
2015-09-18,FR0000133308,13330,Orange (ex: France Télécom),ORA.PA,oui,
2015-09-18,FR0000120693,12069,Pernod Ricard,RI.PA,oui,
2015-09-18,FR0000121501,12150,Peugeot S.A.,,non,aucune serie servie sur 2009-2018 (candidat UG.PA)
2015-09-18,FR0000130577,13057,Publicis Groupe SA,PUB.PA,oui,
2015-09-18,FR0000131906,13190,Renault,RNO.PA,oui,
2015-09-18,FR0000073272,7327,Safran,SAF.PA,oui,
2015-09-18,FR0000125007,12500,SAINT-GOBAIN,SGO.PA,oui,
2015-09-18,FR0000120578,12057,Sanofi,SAN.PA,oui,
2015-09-18,FR0000121972,12197,Schneider (Ex-Spie Batignolles),SU.PA,oui,
2015-09-18,FR0000130809,13080,Société Générale,GLE.PA,oui,
2015-09-18,BE0003470755,5809,Solvay,SOLB.BR,oui,
2015-09-18,FR0000131708,13170,Technip,,non,aucune serie servie sur 2009-2018 (candidat TEC.PA)
2015-09-18,FR0000120271,12027,Total,TTE.PA,oui,
2015-09-18,FR0000124711,12471,Unibail-Rodamco,,non,"aucune serie en euros (candidats UL.PA, URW.AS)"
2015-09-18,FR0000130338,13033,Valeo,FR.PA,oui,
2015-09-18,FR0000124141,12414,Veolia Environnement,VIE.PA,oui,
2015-09-18,FR0000125486,12548,Vinci,DG.PA,oui,
2015-09-18,FR0000127771,12777,Vivendi,VIV.PA,oui,
2015-10-16,FR0000120404,12040,ACCOR,AC.PA,oui,
2015-10-16,FR0000120073,12007,AIR LIQUIDE,AI.PA,oui,
2015-10-16,NL0000235190,5730,Airbus Group (ex-EADS),AIR.PA,oui,
2015-10-16,FR0000130007,13000,ALCATEL,,non,aucune serie servie sur 2009-2018 (candidat ALU.PA)
2015-10-16,FR0010220475,1022047,Alstom,ALO.PA,oui,
2015-10-16,LU0323134006,32313400,ArcelorMittal,MT.AS,oui,
2015-10-16,FR0000120628,12062,Axa,CS.PA,oui,
2015-10-16,FR0000131104,13110,BNP,BNP.PA,oui,
2015-10-16,FR0000120503,12050,BOUYGUES,EN.PA,oui,
2015-10-16,FR0000125338,12533,Cap Gémini,CAP.PA,oui,
2015-10-16,FR0000120172,12017,CARREFOUR,CA.PA,oui,
2015-10-16,FR0000045072,4507,CREDIT AGRICOLE,ACA.PA,oui,
2015-10-16,FR0000120644,12064,DANONE,BN.PA,oui,
2015-10-16,FR0010242511,1024251,EDF,,non,aucune serie servie sur 2009-2018 (candidat EDF.PA)
2015-10-16,FR0010208488,1020848,ENGIE (ex-GDF Suez),ENGI.PA,oui,
2015-10-16,FR0000121667,12166,EssilorLuxottica,EL.PA,oui,
2015-10-16,FR0000121485,12148,Kering (ex: Pinault-Printemps-Redoute),KER.PA,oui,
2015-10-16,FR0000120321,12032,L'Oréal,OR.PA,oui,
2015-10-16,FR0000120537,12053,LafargeHolcim,,non,"servie en CHF seulement (HOLN.SW, 2514 seances)"
2015-10-16,FR0010307819,1030781,Legrand,LR.PA,oui,
2015-10-16,FR0000121014,12101,LVMH MOET HENESSY,MC.PA,oui,
2015-10-16,FR0000121261,12126,Michelin B,ML.PA,oui,
2015-10-16,FR0000133308,13330,Orange (ex: France Télécom),ORA.PA,oui,
2015-10-16,FR0000120693,12069,Pernod Ricard,RI.PA,oui,
2015-10-16,FR0000121501,12150,Peugeot S.A.,,non,aucune serie servie sur 2009-2018 (candidat UG.PA)
2015-10-16,FR0000130577,13057,Publicis Groupe SA,PUB.PA,oui,
2015-10-16,FR0000131906,13190,Renault,RNO.PA,oui,
2015-10-16,FR0000073272,7327,Safran,SAF.PA,oui,
2015-10-16,FR0000125007,12500,SAINT-GOBAIN,SGO.PA,oui,
2015-10-16,FR0000120578,12057,Sanofi,SAN.PA,oui,
2015-10-16,FR0000121972,12197,Schneider (Ex-Spie Batignolles),SU.PA,oui,
2015-10-16,FR0000130809,13080,Société Générale,GLE.PA,oui,
2015-10-16,BE0003470755,5809,Solvay,SOLB.BR,oui,
2015-10-16,FR0000131708,13170,Technip,,non,aucune serie servie sur 2009-2018 (candidat TEC.PA)
2015-10-16,FR0000120271,12027,Total,TTE.PA,oui,
2015-10-16,FR0000124711,12471,Unibail-Rodamco,,non,"aucune serie en euros (candidats UL.PA, URW.AS)"
2015-10-16,FR0000130338,13033,Valeo,FR.PA,oui,
2015-10-16,FR0000124141,12414,Veolia Environnement,VIE.PA,oui,
2015-10-16,FR0000125486,12548,Vinci,DG.PA,oui,
2015-10-16,FR0000127771,12777,Vivendi,VIV.PA,oui,
2015-11-13,FR0000120404,12040,ACCOR,AC.PA,oui,
2015-11-13,FR0000120073,12007,AIR LIQUIDE,AI.PA,oui,
2015-11-13,NL0000235190,5730,Airbus Group (ex-EADS),AIR.PA,oui,
2015-11-13,FR0000130007,13000,ALCATEL,,non,aucune serie servie sur 2009-2018 (candidat ALU.PA)
2015-11-13,FR0010220475,1022047,Alstom,ALO.PA,oui,
2015-11-13,LU0323134006,32313400,ArcelorMittal,MT.AS,oui,
2015-11-13,FR0000120628,12062,Axa,CS.PA,oui,
2015-11-13,FR0000131104,13110,BNP,BNP.PA,oui,
2015-11-13,FR0000120503,12050,BOUYGUES,EN.PA,oui,
2015-11-13,FR0000125338,12533,Cap Gémini,CAP.PA,oui,
2015-11-13,FR0000120172,12017,CARREFOUR,CA.PA,oui,
2015-11-13,FR0000045072,4507,CREDIT AGRICOLE,ACA.PA,oui,
2015-11-13,FR0000120644,12064,DANONE,BN.PA,oui,
2015-11-13,FR0010242511,1024251,EDF,,non,aucune serie servie sur 2009-2018 (candidat EDF.PA)
2015-11-13,FR0010208488,1020848,ENGIE (ex-GDF Suez),ENGI.PA,oui,
2015-11-13,FR0000121667,12166,EssilorLuxottica,EL.PA,oui,
2015-11-13,FR0000121485,12148,Kering (ex: Pinault-Printemps-Redoute),KER.PA,oui,
2015-11-13,FR0000120321,12032,L'Oréal,OR.PA,oui,
2015-11-13,FR0000120537,12053,LafargeHolcim,,non,"servie en CHF seulement (HOLN.SW, 2514 seances)"
2015-11-13,FR0010307819,1030781,Legrand,LR.PA,oui,
2015-11-13,FR0000121014,12101,LVMH MOET HENESSY,MC.PA,oui,
2015-11-13,FR0000121261,12126,Michelin B,ML.PA,oui,
2015-11-13,FR0000133308,13330,Orange (ex: France Télécom),ORA.PA,oui,
2015-11-13,FR0000120693,12069,Pernod Ricard,RI.PA,oui,
2015-11-13,FR0000121501,12150,Peugeot S.A.,,non,aucune serie servie sur 2009-2018 (candidat UG.PA)
2015-11-13,FR0000130577,13057,Publicis Groupe SA,PUB.PA,oui,
2015-11-13,FR0000131906,13190,Renault,RNO.PA,oui,
2015-11-13,FR0000073272,7327,Safran,SAF.PA,oui,
2015-11-13,FR0000125007,12500,SAINT-GOBAIN,SGO.PA,oui,
2015-11-13,FR0000120578,12057,Sanofi,SAN.PA,oui,
2015-11-13,FR0000121972,12197,Schneider (Ex-Spie Batignolles),SU.PA,oui,
2015-11-13,FR0000130809,13080,Société Générale,GLE.PA,oui,
2015-11-13,BE0003470755,5809,Solvay,SOLB.BR,oui,
2015-11-13,FR0000131708,13170,Technip,,non,aucune serie servie sur 2009-2018 (candidat TEC.PA)
2015-11-13,FR0000120271,12027,Total,TTE.PA,oui,
2015-11-13,FR0000124711,12471,Unibail-Rodamco,,non,"aucune serie en euros (candidats UL.PA, URW.AS)"
2015-11-13,FR0000130338,13033,Valeo,FR.PA,oui,
2015-11-13,FR0000124141,12414,Veolia Environnement,VIE.PA,oui,
2015-11-13,FR0000125486,12548,Vinci,DG.PA,oui,
2015-11-13,FR0000127771,12777,Vivendi,VIV.PA,oui,
2015-12-11,FR0000120404,12040,ACCOR,AC.PA,oui,
2015-12-11,FR0000120073,12007,AIR LIQUIDE,AI.PA,oui,
2015-12-11,NL0000235190,5730,Airbus Group (ex-EADS),AIR.PA,oui,
2015-12-11,FR0000130007,13000,ALCATEL,,non,aucune serie servie sur 2009-2018 (candidat ALU.PA)
2015-12-11,FR0010220475,1022047,Alstom,ALO.PA,oui,
2015-12-11,LU0323134006,32313400,ArcelorMittal,MT.AS,oui,
2015-12-11,FR0000120628,12062,Axa,CS.PA,oui,
2015-12-11,FR0000131104,13110,BNP,BNP.PA,oui,
2015-12-11,FR0000120503,12050,BOUYGUES,EN.PA,oui,
2015-12-11,FR0000125338,12533,Cap Gémini,CAP.PA,oui,
2015-12-11,FR0000120172,12017,CARREFOUR,CA.PA,oui,
2015-12-11,FR0000045072,4507,CREDIT AGRICOLE,ACA.PA,oui,
2015-12-11,FR0000120644,12064,DANONE,BN.PA,oui,
2015-12-11,FR0010242511,1024251,EDF,,non,aucune serie servie sur 2009-2018 (candidat EDF.PA)
2015-12-11,FR0010208488,1020848,ENGIE (ex-GDF Suez),ENGI.PA,oui,
2015-12-11,FR0000121667,12166,EssilorLuxottica,EL.PA,oui,
2015-12-11,FR0000121485,12148,Kering (ex: Pinault-Printemps-Redoute),KER.PA,oui,
2015-12-11,FR0000120321,12032,L'Oréal,OR.PA,oui,
2015-12-11,FR0000120537,12053,LafargeHolcim,,non,"servie en CHF seulement (HOLN.SW, 2514 seances)"
2015-12-11,FR0010307819,1030781,Legrand,LR.PA,oui,
2015-12-11,FR0000121014,12101,LVMH MOET HENESSY,MC.PA,oui,
2015-12-11,FR0000121261,12126,Michelin B,ML.PA,oui,
2015-12-11,FR0000133308,13330,Orange (ex: France Télécom),ORA.PA,oui,
2015-12-11,FR0000120693,12069,Pernod Ricard,RI.PA,oui,
2015-12-11,FR0000121501,12150,Peugeot S.A.,,non,aucune serie servie sur 2009-2018 (candidat UG.PA)
2015-12-11,FR0000130577,13057,Publicis Groupe SA,PUB.PA,oui,
2015-12-11,FR0000131906,13190,Renault,RNO.PA,oui,
2015-12-11,FR0000073272,7327,Safran,SAF.PA,oui,
2015-12-11,FR0000125007,12500,SAINT-GOBAIN,SGO.PA,oui,
2015-12-11,FR0000120578,12057,Sanofi,SAN.PA,oui,
2015-12-11,FR0000121972,12197,Schneider (Ex-Spie Batignolles),SU.PA,oui,
2015-12-11,FR0000130809,13080,Société Générale,GLE.PA,oui,
2015-12-11,BE0003470755,5809,Solvay,SOLB.BR,oui,
2015-12-11,FR0000131708,13170,Technip,,non,aucune serie servie sur 2009-2018 (candidat TEC.PA)
2015-12-11,FR0000120271,12027,Total,TTE.PA,oui,
2015-12-11,FR0000124711,12471,Unibail-Rodamco,,non,"aucune serie en euros (candidats UL.PA, URW.AS)"
2015-12-11,FR0000130338,13033,Valeo,FR.PA,oui,
2015-12-11,FR0000124141,12414,Veolia Environnement,VIE.PA,oui,
2015-12-11,FR0000125486,12548,Vinci,DG.PA,oui,
2015-12-11,FR0000127771,12777,Vivendi,VIV.PA,oui,
2016-01-13,FR0000120404,12040,ACCOR,AC.PA,oui,
2016-01-13,FR0000120073,12007,AIR LIQUIDE,AI.PA,oui,
2016-01-13,NL0000235190,5730,Airbus Group (ex-EADS),AIR.PA,oui,
2016-01-13,FR0010220475,1022047,Alstom,ALO.PA,oui,
2016-01-13,LU0323134006,32313400,ArcelorMittal,MT.AS,oui,
2016-01-13,FR0000120628,12062,Axa,CS.PA,oui,
2016-01-13,FR0000131104,13110,BNP,BNP.PA,oui,
2016-01-13,FR0000120503,12050,BOUYGUES,EN.PA,oui,
2016-01-13,FR0000125338,12533,Cap Gémini,CAP.PA,oui,
2016-01-13,FR0000120172,12017,CARREFOUR,CA.PA,oui,
2016-01-13,FR0000045072,4507,CREDIT AGRICOLE,ACA.PA,oui,
2016-01-13,FR0000120644,12064,DANONE,BN.PA,oui,
2016-01-13,FR0010208488,1020848,ENGIE (ex-GDF Suez),ENGI.PA,oui,
2016-01-13,FR0000121667,12166,EssilorLuxottica,EL.PA,oui,
2016-01-13,FR0000121485,12148,Kering (ex: Pinault-Printemps-Redoute),KER.PA,oui,
2016-01-13,FR0000121964,12196,Klepierre,LI.PA,oui,
2016-01-13,FR0000120321,12032,L'Oréal,OR.PA,oui,
2016-01-13,FR0000120537,12053,LafargeHolcim,,non,"servie en CHF seulement (HOLN.SW, 2514 seances)"
2016-01-13,FR0010307819,1030781,Legrand,LR.PA,oui,
2016-01-13,FR0000121014,12101,LVMH MOET HENESSY,MC.PA,oui,
2016-01-13,FR0000121261,12126,Michelin B,ML.PA,oui,
2016-01-13,FI0009000681,90068,Nokia,NOKIA.HE,oui,
2016-01-13,FR0000133308,13330,Orange (ex: France Télécom),ORA.PA,oui,
2016-01-13,FR0000120693,12069,Pernod Ricard,RI.PA,oui,
2016-01-13,FR0000121501,12150,Peugeot S.A.,,non,aucune serie servie sur 2009-2018 (candidat UG.PA)
2016-01-13,FR0000130577,13057,Publicis Groupe SA,PUB.PA,oui,
2016-01-13,FR0000131906,13190,Renault,RNO.PA,oui,
2016-01-13,FR0000073272,7327,Safran,SAF.PA,oui,
2016-01-13,FR0000125007,12500,SAINT-GOBAIN,SGO.PA,oui,
2016-01-13,FR0000120578,12057,Sanofi,SAN.PA,oui,
2016-01-13,FR0000121972,12197,Schneider (Ex-Spie Batignolles),SU.PA,oui,
2016-01-13,FR0000130809,13080,Société Générale,GLE.PA,oui,
2016-01-13,BE0003470755,5809,Solvay,SOLB.BR,oui,
2016-01-13,FR0000131708,13170,Technip,,non,aucune serie servie sur 2009-2018 (candidat TEC.PA)
2016-01-13,FR0000120271,12027,Total,TTE.PA,oui,
2016-01-13,FR0000124711,12471,Unibail-Rodamco,,non,"aucune serie en euros (candidats UL.PA, URW.AS)"
2016-01-13,FR0000130338,13033,Valeo,FR.PA,oui,
2016-01-13,FR0000124141,12414,Veolia Environnement,VIE.PA,oui,
2016-01-13,FR0000125486,12548,Vinci,DG.PA,oui,
2016-01-13,FR0000127771,12777,Vivendi,VIV.PA,oui,
2016-02-10,FR0000120404,12040,ACCOR,AC.PA,oui,
2016-02-10,FR0000120073,12007,AIR LIQUIDE,AI.PA,oui,
2016-02-10,NL0000235190,5730,Airbus Group (ex-EADS),AIR.PA,oui,
2016-02-10,FR0010220475,1022047,Alstom,ALO.PA,oui,
2016-02-10,LU0323134006,32313400,ArcelorMittal,MT.AS,oui,
2016-02-10,FR0000120628,12062,Axa,CS.PA,oui,
2016-02-10,FR0000131104,13110,BNP,BNP.PA,oui,
2016-02-10,FR0000120503,12050,BOUYGUES,EN.PA,oui,
2016-02-10,FR0000125338,12533,Cap Gémini,CAP.PA,oui,
2016-02-10,FR0000120172,12017,CARREFOUR,CA.PA,oui,
2016-02-10,FR0000045072,4507,CREDIT AGRICOLE,ACA.PA,oui,
2016-02-10,FR0000120644,12064,DANONE,BN.PA,oui,
2016-02-10,FR0010208488,1020848,ENGIE (ex-GDF Suez),ENGI.PA,oui,
2016-02-10,FR0000121667,12166,EssilorLuxottica,EL.PA,oui,
2016-02-10,FR0000121485,12148,Kering (ex: Pinault-Printemps-Redoute),KER.PA,oui,
2016-02-10,FR0000121964,12196,Klepierre,LI.PA,oui,
2016-02-10,FR0000120321,12032,L'Oréal,OR.PA,oui,
2016-02-10,FR0000120537,12053,LafargeHolcim,,non,"servie en CHF seulement (HOLN.SW, 2514 seances)"
2016-02-10,FR0010307819,1030781,Legrand,LR.PA,oui,
2016-02-10,FR0000121014,12101,LVMH MOET HENESSY,MC.PA,oui,
2016-02-10,FR0000121261,12126,Michelin B,ML.PA,oui,
2016-02-10,FI0009000681,90068,Nokia,NOKIA.HE,oui,
2016-02-10,FR0000133308,13330,Orange (ex: France Télécom),ORA.PA,oui,
2016-02-10,FR0000120693,12069,Pernod Ricard,RI.PA,oui,
2016-02-10,FR0000121501,12150,Peugeot S.A.,,non,aucune serie servie sur 2009-2018 (candidat UG.PA)
2016-02-10,FR0000130577,13057,Publicis Groupe SA,PUB.PA,oui,
2016-02-10,FR0000131906,13190,Renault,RNO.PA,oui,
2016-02-10,FR0000073272,7327,Safran,SAF.PA,oui,
2016-02-10,FR0000125007,12500,SAINT-GOBAIN,SGO.PA,oui,
2016-02-10,FR0000120578,12057,Sanofi,SAN.PA,oui,
2016-02-10,FR0000121972,12197,Schneider (Ex-Spie Batignolles),SU.PA,oui,
2016-02-10,FR0000130809,13080,Société Générale,GLE.PA,oui,
2016-02-10,BE0003470755,5809,Solvay,SOLB.BR,oui,
2016-02-10,FR0000131708,13170,Technip,,non,aucune serie servie sur 2009-2018 (candidat TEC.PA)
2016-02-10,FR0000120271,12027,Total,TTE.PA,oui,
2016-02-10,FR0000124711,12471,Unibail-Rodamco,,non,"aucune serie en euros (candidats UL.PA, URW.AS)"
2016-02-10,FR0000130338,13033,Valeo,FR.PA,oui,
2016-02-10,FR0000124141,12414,Veolia Environnement,VIE.PA,oui,
2016-02-10,FR0000125486,12548,Vinci,DG.PA,oui,
2016-02-10,FR0000127771,12777,Vivendi,VIV.PA,oui,
2016-03-09,FR0000120404,12040,ACCOR,AC.PA,oui,
2016-03-09,FR0000120073,12007,AIR LIQUIDE,AI.PA,oui,
2016-03-09,NL0000235190,5730,Airbus Group (ex-EADS),AIR.PA,oui,
2016-03-09,FR0010220475,1022047,Alstom,ALO.PA,oui,
2016-03-09,LU0323134006,32313400,ArcelorMittal,MT.AS,oui,
2016-03-09,FR0000120628,12062,Axa,CS.PA,oui,
2016-03-09,FR0000131104,13110,BNP,BNP.PA,oui,
2016-03-09,FR0000120503,12050,BOUYGUES,EN.PA,oui,
2016-03-09,FR0000125338,12533,Cap Gémini,CAP.PA,oui,
2016-03-09,FR0000120172,12017,CARREFOUR,CA.PA,oui,
2016-03-09,FR0000045072,4507,CREDIT AGRICOLE,ACA.PA,oui,
2016-03-09,FR0000120644,12064,DANONE,BN.PA,oui,
2016-03-09,FR0010208488,1020848,ENGIE (ex-GDF Suez),ENGI.PA,oui,
2016-03-09,FR0000121667,12166,EssilorLuxottica,EL.PA,oui,
2016-03-09,FR0000121485,12148,Kering (ex: Pinault-Printemps-Redoute),KER.PA,oui,
2016-03-09,FR0000121964,12196,Klepierre,LI.PA,oui,
2016-03-09,FR0000120321,12032,L'Oréal,OR.PA,oui,
2016-03-09,FR0000120537,12053,LafargeHolcim,,non,"servie en CHF seulement (HOLN.SW, 2514 seances)"
2016-03-09,FR0010307819,1030781,Legrand,LR.PA,oui,
2016-03-09,FR0000121014,12101,LVMH MOET HENESSY,MC.PA,oui,
2016-03-09,FR0000121261,12126,Michelin B,ML.PA,oui,
2016-03-09,FI0009000681,90068,Nokia,NOKIA.HE,oui,
2016-03-09,FR0000133308,13330,Orange (ex: France Télécom),ORA.PA,oui,
2016-03-09,FR0000120693,12069,Pernod Ricard,RI.PA,oui,
2016-03-09,FR0000121501,12150,Peugeot S.A.,,non,aucune serie servie sur 2009-2018 (candidat UG.PA)
2016-03-09,FR0000130577,13057,Publicis Groupe SA,PUB.PA,oui,
2016-03-09,FR0000131906,13190,Renault,RNO.PA,oui,
2016-03-09,FR0000073272,7327,Safran,SAF.PA,oui,
2016-03-09,FR0000125007,12500,SAINT-GOBAIN,SGO.PA,oui,
2016-03-09,FR0000120578,12057,Sanofi,SAN.PA,oui,
2016-03-09,FR0000121972,12197,Schneider (Ex-Spie Batignolles),SU.PA,oui,
2016-03-09,FR0000130809,13080,Société Générale,GLE.PA,oui,
2016-03-09,BE0003470755,5809,Solvay,SOLB.BR,oui,
2016-03-09,FR0000131708,13170,Technip,,non,aucune serie servie sur 2009-2018 (candidat TEC.PA)
2016-03-09,FR0000120271,12027,Total,TTE.PA,oui,
2016-03-09,FR0000124711,12471,Unibail-Rodamco,,non,"aucune serie en euros (candidats UL.PA, URW.AS)"
2016-03-09,FR0000130338,13033,Valeo,FR.PA,oui,
2016-03-09,FR0000124141,12414,Veolia Environnement,VIE.PA,oui,
2016-03-09,FR0000125486,12548,Vinci,DG.PA,oui,
2016-03-09,FR0000127771,12777,Vivendi,VIV.PA,oui,
2016-04-08,FR0000120404,12040,ACCOR,AC.PA,oui,
2016-04-08,FR0000120073,12007,AIR LIQUIDE,AI.PA,oui,
2016-04-08,NL0000235190,5730,Airbus Group (ex-EADS),AIR.PA,oui,
2016-04-08,LU0323134006,32313400,ArcelorMittal,MT.AS,oui,
2016-04-08,FR0000120628,12062,Axa,CS.PA,oui,
2016-04-08,FR0000131104,13110,BNP,BNP.PA,oui,
2016-04-08,FR0000120503,12050,BOUYGUES,EN.PA,oui,
2016-04-08,FR0000125338,12533,Cap Gémini,CAP.PA,oui,
2016-04-08,FR0000120172,12017,CARREFOUR,CA.PA,oui,
2016-04-08,FR0000045072,4507,CREDIT AGRICOLE,ACA.PA,oui,
2016-04-08,FR0000120644,12064,DANONE,BN.PA,oui,
2016-04-08,FR0010208488,1020848,ENGIE (ex-GDF Suez),ENGI.PA,oui,
2016-04-08,FR0000121667,12166,EssilorLuxottica,EL.PA,oui,
2016-04-08,FR0000121485,12148,Kering (ex: Pinault-Printemps-Redoute),KER.PA,oui,
2016-04-08,FR0000121964,12196,Klepierre,LI.PA,oui,
2016-04-08,FR0000120321,12032,L'Oréal,OR.PA,oui,
2016-04-08,FR0000120537,12053,LafargeHolcim,,non,"servie en CHF seulement (HOLN.SW, 2514 seances)"
2016-04-08,FR0010307819,1030781,Legrand,LR.PA,oui,
2016-04-08,FR0000121014,12101,LVMH MOET HENESSY,MC.PA,oui,
2016-04-08,FR0000121261,12126,Michelin B,ML.PA,oui,
2016-04-08,FI0009000681,90068,Nokia,NOKIA.HE,oui,
2016-04-08,FR0000133308,13330,Orange (ex: France Télécom),ORA.PA,oui,
2016-04-08,FR0000120693,12069,Pernod Ricard,RI.PA,oui,
2016-04-08,FR0000121501,12150,Peugeot S.A.,,non,aucune serie servie sur 2009-2018 (candidat UG.PA)
2016-04-08,FR0000130577,13057,Publicis Groupe SA,PUB.PA,oui,
2016-04-08,FR0000131906,13190,Renault,RNO.PA,oui,
2016-04-08,FR0000073272,7327,Safran,SAF.PA,oui,
2016-04-08,FR0000125007,12500,SAINT-GOBAIN,SGO.PA,oui,
2016-04-08,FR0000120578,12057,Sanofi,SAN.PA,oui,
2016-04-08,FR0000121972,12197,Schneider (Ex-Spie Batignolles),SU.PA,oui,
2016-04-08,FR0000130809,13080,Société Générale,GLE.PA,oui,
2016-04-08,FR0000121220,12122,Sodexo (ex: Sodexho),SW.PA,oui,
2016-04-08,BE0003470755,5809,Solvay,SOLB.BR,oui,
2016-04-08,FR0000131708,13170,Technip,,non,aucune serie servie sur 2009-2018 (candidat TEC.PA)
2016-04-08,FR0000120271,12027,Total,TTE.PA,oui,
2016-04-08,FR0000124711,12471,Unibail-Rodamco,,non,"aucune serie en euros (candidats UL.PA, URW.AS)"
2016-04-08,FR0000130338,13033,Valeo,FR.PA,oui,
2016-04-08,FR0000124141,12414,Veolia Environnement,VIE.PA,oui,
2016-04-08,FR0000125486,12548,Vinci,DG.PA,oui,
2016-04-08,FR0000127771,12777,Vivendi,VIV.PA,oui,
2016-05-06,FR0000120404,12040,ACCOR,AC.PA,oui,
2016-05-06,FR0000120073,12007,AIR LIQUIDE,AI.PA,oui,
2016-05-06,NL0000235190,5730,Airbus Group (ex-EADS),AIR.PA,oui,
2016-05-06,LU0323134006,32313400,ArcelorMittal,MT.AS,oui,
2016-05-06,FR0000120628,12062,Axa,CS.PA,oui,
2016-05-06,FR0000131104,13110,BNP,BNP.PA,oui,
2016-05-06,FR0000120503,12050,BOUYGUES,EN.PA,oui,
2016-05-06,FR0000125338,12533,Cap Gémini,CAP.PA,oui,
2016-05-06,FR0000120172,12017,CARREFOUR,CA.PA,oui,
2016-05-06,FR0000045072,4507,CREDIT AGRICOLE,ACA.PA,oui,
2016-05-06,FR0000120644,12064,DANONE,BN.PA,oui,
2016-05-06,FR0010208488,1020848,ENGIE (ex-GDF Suez),ENGI.PA,oui,
2016-05-06,FR0000121667,12166,EssilorLuxottica,EL.PA,oui,
2016-05-06,FR0000121485,12148,Kering (ex: Pinault-Printemps-Redoute),KER.PA,oui,
2016-05-06,FR0000121964,12196,Klepierre,LI.PA,oui,
2016-05-06,FR0000120321,12032,L'Oréal,OR.PA,oui,
2016-05-06,FR0000120537,12053,LafargeHolcim,,non,"servie en CHF seulement (HOLN.SW, 2514 seances)"
2016-05-06,FR0010307819,1030781,Legrand,LR.PA,oui,
2016-05-06,FR0000121014,12101,LVMH MOET HENESSY,MC.PA,oui,
2016-05-06,FR0000121261,12126,Michelin B,ML.PA,oui,
2016-05-06,FI0009000681,90068,Nokia,NOKIA.HE,oui,
2016-05-06,FR0000133308,13330,Orange (ex: France Télécom),ORA.PA,oui,
2016-05-06,FR0000120693,12069,Pernod Ricard,RI.PA,oui,
2016-05-06,FR0000121501,12150,Peugeot S.A.,,non,aucune serie servie sur 2009-2018 (candidat UG.PA)
2016-05-06,FR0000130577,13057,Publicis Groupe SA,PUB.PA,oui,
2016-05-06,FR0000131906,13190,Renault,RNO.PA,oui,
2016-05-06,FR0000073272,7327,Safran,SAF.PA,oui,
2016-05-06,FR0000125007,12500,SAINT-GOBAIN,SGO.PA,oui,
2016-05-06,FR0000120578,12057,Sanofi,SAN.PA,oui,
2016-05-06,FR0000121972,12197,Schneider (Ex-Spie Batignolles),SU.PA,oui,
2016-05-06,FR0000130809,13080,Société Générale,GLE.PA,oui,
2016-05-06,FR0000121220,12122,Sodexo (ex: Sodexho),SW.PA,oui,
2016-05-06,BE0003470755,5809,Solvay,SOLB.BR,oui,
2016-05-06,FR0000131708,13170,Technip,,non,aucune serie servie sur 2009-2018 (candidat TEC.PA)
2016-05-06,FR0000120271,12027,Total,TTE.PA,oui,
2016-05-06,FR0000124711,12471,Unibail-Rodamco,,non,"aucune serie en euros (candidats UL.PA, URW.AS)"
2016-05-06,FR0000130338,13033,Valeo,FR.PA,oui,
2016-05-06,FR0000124141,12414,Veolia Environnement,VIE.PA,oui,
2016-05-06,FR0000125486,12548,Vinci,DG.PA,oui,
2016-05-06,FR0000127771,12777,Vivendi,VIV.PA,oui,
2016-06-03,FR0000120404,12040,ACCOR,AC.PA,oui,
2016-06-03,FR0000120073,12007,AIR LIQUIDE,AI.PA,oui,
2016-06-03,NL0000235190,5730,Airbus Group (ex-EADS),AIR.PA,oui,
2016-06-03,LU0323134006,32313400,ArcelorMittal,MT.AS,oui,
2016-06-03,FR0000120628,12062,Axa,CS.PA,oui,
2016-06-03,FR0000131104,13110,BNP,BNP.PA,oui,
2016-06-03,FR0000120503,12050,BOUYGUES,EN.PA,oui,
2016-06-03,FR0000125338,12533,Cap Gémini,CAP.PA,oui,
2016-06-03,FR0000120172,12017,CARREFOUR,CA.PA,oui,
2016-06-03,FR0000045072,4507,CREDIT AGRICOLE,ACA.PA,oui,
2016-06-03,FR0000120644,12064,DANONE,BN.PA,oui,
2016-06-03,FR0010208488,1020848,ENGIE (ex-GDF Suez),ENGI.PA,oui,
2016-06-03,FR0000121667,12166,EssilorLuxottica,EL.PA,oui,
2016-06-03,FR0000121485,12148,Kering (ex: Pinault-Printemps-Redoute),KER.PA,oui,
2016-06-03,FR0000121964,12196,Klepierre,LI.PA,oui,
2016-06-03,FR0000120321,12032,L'Oréal,OR.PA,oui,
2016-06-03,FR0000120537,12053,LafargeHolcim,,non,"servie en CHF seulement (HOLN.SW, 2514 seances)"
2016-06-03,FR0010307819,1030781,Legrand,LR.PA,oui,
2016-06-03,FR0000121014,12101,LVMH MOET HENESSY,MC.PA,oui,
2016-06-03,FR0000121261,12126,Michelin B,ML.PA,oui,
2016-06-03,FI0009000681,90068,Nokia,NOKIA.HE,oui,
2016-06-03,FR0000133308,13330,Orange (ex: France Télécom),ORA.PA,oui,
2016-06-03,FR0000120693,12069,Pernod Ricard,RI.PA,oui,
2016-06-03,FR0000121501,12150,Peugeot S.A.,,non,aucune serie servie sur 2009-2018 (candidat UG.PA)
2016-06-03,FR0000130577,13057,Publicis Groupe SA,PUB.PA,oui,
2016-06-03,FR0000131906,13190,Renault,RNO.PA,oui,
2016-06-03,FR0000073272,7327,Safran,SAF.PA,oui,
2016-06-03,FR0000125007,12500,SAINT-GOBAIN,SGO.PA,oui,
2016-06-03,FR0000120578,12057,Sanofi,SAN.PA,oui,
2016-06-03,FR0000121972,12197,Schneider (Ex-Spie Batignolles),SU.PA,oui,
2016-06-03,FR0000130809,13080,Société Générale,GLE.PA,oui,
2016-06-03,FR0000121220,12122,Sodexo (ex: Sodexho),SW.PA,oui,
2016-06-03,BE0003470755,5809,Solvay,SOLB.BR,oui,
2016-06-03,FR0000131708,13170,Technip,,non,aucune serie servie sur 2009-2018 (candidat TEC.PA)
2016-06-03,FR0000120271,12027,Total,TTE.PA,oui,
2016-06-03,FR0000124711,12471,Unibail-Rodamco,,non,"aucune serie en euros (candidats UL.PA, URW.AS)"
2016-06-03,FR0000130338,13033,Valeo,FR.PA,oui,
2016-06-03,FR0000124141,12414,Veolia Environnement,VIE.PA,oui,
2016-06-03,FR0000125486,12548,Vinci,DG.PA,oui,
2016-06-03,FR0000127771,12777,Vivendi,VIV.PA,oui,
2016-07-01,FR0000120404,12040,ACCOR,AC.PA,oui,
2016-07-01,FR0000120073,12007,AIR LIQUIDE,AI.PA,oui,
2016-07-01,NL0000235190,5730,Airbus Group (ex-EADS),AIR.PA,oui,
2016-07-01,LU0323134006,32313400,ArcelorMittal,MT.AS,oui,
2016-07-01,FR0000120628,12062,Axa,CS.PA,oui,
2016-07-01,FR0000131104,13110,BNP,BNP.PA,oui,
2016-07-01,FR0000120503,12050,BOUYGUES,EN.PA,oui,
2016-07-01,FR0000125338,12533,Cap Gémini,CAP.PA,oui,
2016-07-01,FR0000120172,12017,CARREFOUR,CA.PA,oui,
2016-07-01,FR0000045072,4507,CREDIT AGRICOLE,ACA.PA,oui,
2016-07-01,FR0000120644,12064,DANONE,BN.PA,oui,
2016-07-01,FR0010208488,1020848,ENGIE (ex-GDF Suez),ENGI.PA,oui,
2016-07-01,FR0000121667,12166,EssilorLuxottica,EL.PA,oui,
2016-07-01,FR0000121485,12148,Kering (ex: Pinault-Printemps-Redoute),KER.PA,oui,
2016-07-01,FR0000121964,12196,Klepierre,LI.PA,oui,
2016-07-01,FR0000120321,12032,L'Oréal,OR.PA,oui,
2016-07-01,FR0000120537,12053,LafargeHolcim,,non,"servie en CHF seulement (HOLN.SW, 2514 seances)"
2016-07-01,FR0010307819,1030781,Legrand,LR.PA,oui,
2016-07-01,FR0000121014,12101,LVMH MOET HENESSY,MC.PA,oui,
2016-07-01,FR0000121261,12126,Michelin B,ML.PA,oui,
2016-07-01,FI0009000681,90068,Nokia,NOKIA.HE,oui,
2016-07-01,FR0000133308,13330,Orange (ex: France Télécom),ORA.PA,oui,
2016-07-01,FR0000120693,12069,Pernod Ricard,RI.PA,oui,
2016-07-01,FR0000121501,12150,Peugeot S.A.,,non,aucune serie servie sur 2009-2018 (candidat UG.PA)
2016-07-01,FR0000130577,13057,Publicis Groupe SA,PUB.PA,oui,
2016-07-01,FR0000131906,13190,Renault,RNO.PA,oui,
2016-07-01,FR0000073272,7327,Safran,SAF.PA,oui,
2016-07-01,FR0000125007,12500,SAINT-GOBAIN,SGO.PA,oui,
2016-07-01,FR0000120578,12057,Sanofi,SAN.PA,oui,
2016-07-01,FR0000121972,12197,Schneider (Ex-Spie Batignolles),SU.PA,oui,
2016-07-01,FR0000130809,13080,Société Générale,GLE.PA,oui,
2016-07-01,FR0000121220,12122,Sodexo (ex: Sodexho),SW.PA,oui,
2016-07-01,BE0003470755,5809,Solvay,SOLB.BR,oui,
2016-07-01,FR0000131708,13170,Technip,,non,aucune serie servie sur 2009-2018 (candidat TEC.PA)
2016-07-01,FR0000120271,12027,Total,TTE.PA,oui,
2016-07-01,FR0000124711,12471,Unibail-Rodamco,,non,"aucune serie en euros (candidats UL.PA, URW.AS)"
2016-07-01,FR0000130338,13033,Valeo,FR.PA,oui,
2016-07-01,FR0000124141,12414,Veolia Environnement,VIE.PA,oui,
2016-07-01,FR0000125486,12548,Vinci,DG.PA,oui,
2016-07-01,FR0000127771,12777,Vivendi,VIV.PA,oui,
2016-07-29,FR0000120404,12040,ACCOR,AC.PA,oui,
2016-07-29,FR0000120073,12007,AIR LIQUIDE,AI.PA,oui,
2016-07-29,NL0000235190,5730,Airbus Group (ex-EADS),AIR.PA,oui,
2016-07-29,LU0323134006,32313400,ArcelorMittal,MT.AS,oui,
2016-07-29,FR0000120628,12062,Axa,CS.PA,oui,
2016-07-29,FR0000131104,13110,BNP,BNP.PA,oui,
2016-07-29,FR0000120503,12050,BOUYGUES,EN.PA,oui,
2016-07-29,FR0000125338,12533,Cap Gémini,CAP.PA,oui,
2016-07-29,FR0000120172,12017,CARREFOUR,CA.PA,oui,
2016-07-29,FR0000045072,4507,CREDIT AGRICOLE,ACA.PA,oui,
2016-07-29,FR0000120644,12064,DANONE,BN.PA,oui,
2016-07-29,FR0010208488,1020848,ENGIE (ex-GDF Suez),ENGI.PA,oui,
2016-07-29,FR0000121667,12166,EssilorLuxottica,EL.PA,oui,
2016-07-29,FR0000121485,12148,Kering (ex: Pinault-Printemps-Redoute),KER.PA,oui,
2016-07-29,FR0000121964,12196,Klepierre,LI.PA,oui,
2016-07-29,FR0000120321,12032,L'Oréal,OR.PA,oui,
2016-07-29,FR0000120537,12053,LafargeHolcim,,non,"servie en CHF seulement (HOLN.SW, 2514 seances)"
2016-07-29,FR0010307819,1030781,Legrand,LR.PA,oui,
2016-07-29,FR0000121014,12101,LVMH MOET HENESSY,MC.PA,oui,
2016-07-29,FR0000121261,12126,Michelin B,ML.PA,oui,
2016-07-29,FI0009000681,90068,Nokia,NOKIA.HE,oui,
2016-07-29,FR0000133308,13330,Orange (ex: France Télécom),ORA.PA,oui,
2016-07-29,FR0000120693,12069,Pernod Ricard,RI.PA,oui,
2016-07-29,FR0000121501,12150,Peugeot S.A.,,non,aucune serie servie sur 2009-2018 (candidat UG.PA)
2016-07-29,FR0000130577,13057,Publicis Groupe SA,PUB.PA,oui,
2016-07-29,FR0000131906,13190,Renault,RNO.PA,oui,
2016-07-29,FR0000073272,7327,Safran,SAF.PA,oui,
2016-07-29,FR0000125007,12500,SAINT-GOBAIN,SGO.PA,oui,
2016-07-29,FR0000120578,12057,Sanofi,SAN.PA,oui,
2016-07-29,FR0000121972,12197,Schneider (Ex-Spie Batignolles),SU.PA,oui,
2016-07-29,FR0000130809,13080,Société Générale,GLE.PA,oui,
2016-07-29,FR0000121220,12122,Sodexo (ex: Sodexho),SW.PA,oui,
2016-07-29,BE0003470755,5809,Solvay,SOLB.BR,oui,
2016-07-29,FR0000131708,13170,Technip,,non,aucune serie servie sur 2009-2018 (candidat TEC.PA)
2016-07-29,FR0000120271,12027,Total,TTE.PA,oui,
2016-07-29,FR0000124711,12471,Unibail-Rodamco,,non,"aucune serie en euros (candidats UL.PA, URW.AS)"
2016-07-29,FR0000130338,13033,Valeo,FR.PA,oui,
2016-07-29,FR0000124141,12414,Veolia Environnement,VIE.PA,oui,
2016-07-29,FR0000125486,12548,Vinci,DG.PA,oui,
2016-07-29,FR0000127771,12777,Vivendi,VIV.PA,oui,
2016-08-26,FR0000120404,12040,ACCOR,AC.PA,oui,
2016-08-26,FR0000120073,12007,AIR LIQUIDE,AI.PA,oui,
2016-08-26,NL0000235190,5730,Airbus Group (ex-EADS),AIR.PA,oui,
2016-08-26,LU0323134006,32313400,ArcelorMittal,MT.AS,oui,
2016-08-26,FR0000120628,12062,Axa,CS.PA,oui,
2016-08-26,FR0000131104,13110,BNP,BNP.PA,oui,
2016-08-26,FR0000120503,12050,BOUYGUES,EN.PA,oui,
2016-08-26,FR0000125338,12533,Cap Gémini,CAP.PA,oui,
2016-08-26,FR0000120172,12017,CARREFOUR,CA.PA,oui,
2016-08-26,FR0000045072,4507,CREDIT AGRICOLE,ACA.PA,oui,
2016-08-26,FR0000120644,12064,DANONE,BN.PA,oui,
2016-08-26,FR0010208488,1020848,ENGIE (ex-GDF Suez),ENGI.PA,oui,
2016-08-26,FR0000121667,12166,EssilorLuxottica,EL.PA,oui,
2016-08-26,FR0000121485,12148,Kering (ex: Pinault-Printemps-Redoute),KER.PA,oui,
2016-08-26,FR0000121964,12196,Klepierre,LI.PA,oui,
2016-08-26,FR0000120321,12032,L'Oréal,OR.PA,oui,
2016-08-26,FR0000120537,12053,LafargeHolcim,,non,"servie en CHF seulement (HOLN.SW, 2514 seances)"
2016-08-26,FR0010307819,1030781,Legrand,LR.PA,oui,
2016-08-26,FR0000121014,12101,LVMH MOET HENESSY,MC.PA,oui,
2016-08-26,FR0000121261,12126,Michelin B,ML.PA,oui,
2016-08-26,FI0009000681,90068,Nokia,NOKIA.HE,oui,
2016-08-26,FR0000133308,13330,Orange (ex: France Télécom),ORA.PA,oui,
2016-08-26,FR0000120693,12069,Pernod Ricard,RI.PA,oui,
2016-08-26,FR0000121501,12150,Peugeot S.A.,,non,aucune serie servie sur 2009-2018 (candidat UG.PA)
2016-08-26,FR0000130577,13057,Publicis Groupe SA,PUB.PA,oui,
2016-08-26,FR0000131906,13190,Renault,RNO.PA,oui,
2016-08-26,FR0000073272,7327,Safran,SAF.PA,oui,
2016-08-26,FR0000125007,12500,SAINT-GOBAIN,SGO.PA,oui,
2016-08-26,FR0000120578,12057,Sanofi,SAN.PA,oui,
2016-08-26,FR0000121972,12197,Schneider (Ex-Spie Batignolles),SU.PA,oui,
2016-08-26,FR0000130809,13080,Société Générale,GLE.PA,oui,
2016-08-26,FR0000121220,12122,Sodexo (ex: Sodexho),SW.PA,oui,
2016-08-26,BE0003470755,5809,Solvay,SOLB.BR,oui,
2016-08-26,FR0000131708,13170,Technip,,non,aucune serie servie sur 2009-2018 (candidat TEC.PA)
2016-08-26,FR0000120271,12027,Total,TTE.PA,oui,
2016-08-26,FR0000124711,12471,Unibail-Rodamco,,non,"aucune serie en euros (candidats UL.PA, URW.AS)"
2016-08-26,FR0000130338,13033,Valeo,FR.PA,oui,
2016-08-26,FR0000124141,12414,Veolia Environnement,VIE.PA,oui,
2016-08-26,FR0000125486,12548,Vinci,DG.PA,oui,
2016-08-26,FR0000127771,12777,Vivendi,VIV.PA,oui,
2016-09-23,FR0000120404,12040,ACCOR,AC.PA,oui,
2016-09-23,FR0000120073,12007,AIR LIQUIDE,AI.PA,oui,
2016-09-23,NL0000235190,5730,Airbus Group (ex-EADS),AIR.PA,oui,
2016-09-23,LU0323134006,32313400,ArcelorMittal,MT.AS,oui,
2016-09-23,FR0000120628,12062,Axa,CS.PA,oui,
2016-09-23,FR0000131104,13110,BNP,BNP.PA,oui,
2016-09-23,FR0000120503,12050,BOUYGUES,EN.PA,oui,
2016-09-23,FR0000125338,12533,Cap Gémini,CAP.PA,oui,
2016-09-23,FR0000120172,12017,CARREFOUR,CA.PA,oui,
2016-09-23,FR0000045072,4507,CREDIT AGRICOLE,ACA.PA,oui,
2016-09-23,FR0000120644,12064,DANONE,BN.PA,oui,
2016-09-23,FR0010208488,1020848,ENGIE (ex-GDF Suez),ENGI.PA,oui,
2016-09-23,FR0000121667,12166,EssilorLuxottica,EL.PA,oui,
2016-09-23,FR0000121485,12148,Kering (ex: Pinault-Printemps-Redoute),KER.PA,oui,
2016-09-23,FR0000121964,12196,Klepierre,LI.PA,oui,
2016-09-23,FR0000120321,12032,L'Oréal,OR.PA,oui,
2016-09-23,FR0000120537,12053,LafargeHolcim,,non,"servie en CHF seulement (HOLN.SW, 2514 seances)"
2016-09-23,FR0010307819,1030781,Legrand,LR.PA,oui,
2016-09-23,FR0000121014,12101,LVMH MOET HENESSY,MC.PA,oui,
2016-09-23,FR0000121261,12126,Michelin B,ML.PA,oui,
2016-09-23,FI0009000681,90068,Nokia,NOKIA.HE,oui,
2016-09-23,FR0000133308,13330,Orange (ex: France Télécom),ORA.PA,oui,
2016-09-23,FR0000120693,12069,Pernod Ricard,RI.PA,oui,
2016-09-23,FR0000121501,12150,Peugeot S.A.,,non,aucune serie servie sur 2009-2018 (candidat UG.PA)
2016-09-23,FR0000130577,13057,Publicis Groupe SA,PUB.PA,oui,
2016-09-23,FR0000131906,13190,Renault,RNO.PA,oui,
2016-09-23,FR0000073272,7327,Safran,SAF.PA,oui,
2016-09-23,FR0000125007,12500,SAINT-GOBAIN,SGO.PA,oui,
2016-09-23,FR0000120578,12057,Sanofi,SAN.PA,oui,
2016-09-23,FR0000121972,12197,Schneider (Ex-Spie Batignolles),SU.PA,oui,
2016-09-23,FR0000130809,13080,Société Générale,GLE.PA,oui,
2016-09-23,FR0000121220,12122,Sodexo (ex: Sodexho),SW.PA,oui,
2016-09-23,BE0003470755,5809,Solvay,SOLB.BR,oui,
2016-09-23,FR0000131708,13170,Technip,,non,aucune serie servie sur 2009-2018 (candidat TEC.PA)
2016-09-23,FR0000120271,12027,Total,TTE.PA,oui,
2016-09-23,FR0000124711,12471,Unibail-Rodamco,,non,"aucune serie en euros (candidats UL.PA, URW.AS)"
2016-09-23,FR0000130338,13033,Valeo,FR.PA,oui,
2016-09-23,FR0000124141,12414,Veolia Environnement,VIE.PA,oui,
2016-09-23,FR0000125486,12548,Vinci,DG.PA,oui,
2016-09-23,FR0000127771,12777,Vivendi,VIV.PA,oui,
2016-10-21,FR0000120404,12040,ACCOR,AC.PA,oui,
2016-10-21,FR0000120073,12007,AIR LIQUIDE,AI.PA,oui,
2016-10-21,NL0000235190,5730,Airbus Group (ex-EADS),AIR.PA,oui,
2016-10-21,LU0323134006,32313400,ArcelorMittal,MT.AS,oui,
2016-10-21,FR0000120628,12062,Axa,CS.PA,oui,
2016-10-21,FR0000131104,13110,BNP,BNP.PA,oui,
2016-10-21,FR0000120503,12050,BOUYGUES,EN.PA,oui,
2016-10-21,FR0000125338,12533,Cap Gémini,CAP.PA,oui,
2016-10-21,FR0000120172,12017,CARREFOUR,CA.PA,oui,
2016-10-21,FR0000045072,4507,CREDIT AGRICOLE,ACA.PA,oui,
2016-10-21,FR0000120644,12064,DANONE,BN.PA,oui,
2016-10-21,FR0010208488,1020848,ENGIE (ex-GDF Suez),ENGI.PA,oui,
2016-10-21,FR0000121667,12166,EssilorLuxottica,EL.PA,oui,
2016-10-21,FR0000121485,12148,Kering (ex: Pinault-Printemps-Redoute),KER.PA,oui,
2016-10-21,FR0000121964,12196,Klepierre,LI.PA,oui,
2016-10-21,FR0000120321,12032,L'Oréal,OR.PA,oui,
2016-10-21,FR0000120537,12053,LafargeHolcim,,non,"servie en CHF seulement (HOLN.SW, 2514 seances)"
2016-10-21,FR0010307819,1030781,Legrand,LR.PA,oui,
2016-10-21,FR0000121014,12101,LVMH MOET HENESSY,MC.PA,oui,
2016-10-21,FR0000121261,12126,Michelin B,ML.PA,oui,
2016-10-21,FI0009000681,90068,Nokia,NOKIA.HE,oui,
2016-10-21,FR0000133308,13330,Orange (ex: France Télécom),ORA.PA,oui,
2016-10-21,FR0000120693,12069,Pernod Ricard,RI.PA,oui,
2016-10-21,FR0000121501,12150,Peugeot S.A.,,non,aucune serie servie sur 2009-2018 (candidat UG.PA)
2016-10-21,FR0000130577,13057,Publicis Groupe SA,PUB.PA,oui,
2016-10-21,FR0000131906,13190,Renault,RNO.PA,oui,
2016-10-21,FR0000073272,7327,Safran,SAF.PA,oui,
2016-10-21,FR0000125007,12500,SAINT-GOBAIN,SGO.PA,oui,
2016-10-21,FR0000120578,12057,Sanofi,SAN.PA,oui,
2016-10-21,FR0000121972,12197,Schneider (Ex-Spie Batignolles),SU.PA,oui,
2016-10-21,FR0000130809,13080,Société Générale,GLE.PA,oui,
2016-10-21,FR0000121220,12122,Sodexo (ex: Sodexho),SW.PA,oui,
2016-10-21,BE0003470755,5809,Solvay,SOLB.BR,oui,
2016-10-21,FR0000131708,13170,Technip,,non,aucune serie servie sur 2009-2018 (candidat TEC.PA)
2016-10-21,FR0000120271,12027,Total,TTE.PA,oui,
2016-10-21,FR0000124711,12471,Unibail-Rodamco,,non,"aucune serie en euros (candidats UL.PA, URW.AS)"
2016-10-21,FR0000130338,13033,Valeo,FR.PA,oui,
2016-10-21,FR0000124141,12414,Veolia Environnement,VIE.PA,oui,
2016-10-21,FR0000125486,12548,Vinci,DG.PA,oui,
2016-10-21,FR0000127771,12777,Vivendi,VIV.PA,oui,
2016-11-18,FR0000120404,12040,ACCOR,AC.PA,oui,
2016-11-18,FR0000120073,12007,AIR LIQUIDE,AI.PA,oui,
2016-11-18,NL0000235190,5730,Airbus Group (ex-EADS),AIR.PA,oui,
2016-11-18,LU0323134006,32313400,ArcelorMittal,MT.AS,oui,
2016-11-18,FR0000120628,12062,Axa,CS.PA,oui,
2016-11-18,FR0000131104,13110,BNP,BNP.PA,oui,
2016-11-18,FR0000120503,12050,BOUYGUES,EN.PA,oui,
2016-11-18,FR0000125338,12533,Cap Gémini,CAP.PA,oui,
2016-11-18,FR0000120172,12017,CARREFOUR,CA.PA,oui,
2016-11-18,FR0000045072,4507,CREDIT AGRICOLE,ACA.PA,oui,
2016-11-18,FR0000120644,12064,DANONE,BN.PA,oui,
2016-11-18,FR0010208488,1020848,ENGIE (ex-GDF Suez),ENGI.PA,oui,
2016-11-18,FR0000121667,12166,EssilorLuxottica,EL.PA,oui,
2016-11-18,FR0000121485,12148,Kering (ex: Pinault-Printemps-Redoute),KER.PA,oui,
2016-11-18,FR0000121964,12196,Klepierre,LI.PA,oui,
2016-11-18,FR0000120321,12032,L'Oréal,OR.PA,oui,
2016-11-18,FR0000120537,12053,LafargeHolcim,,non,"servie en CHF seulement (HOLN.SW, 2514 seances)"
2016-11-18,FR0010307819,1030781,Legrand,LR.PA,oui,
2016-11-18,FR0000121014,12101,LVMH MOET HENESSY,MC.PA,oui,
2016-11-18,FR0000121261,12126,Michelin B,ML.PA,oui,
2016-11-18,FI0009000681,90068,Nokia,NOKIA.HE,oui,
2016-11-18,FR0000133308,13330,Orange (ex: France Télécom),ORA.PA,oui,
2016-11-18,FR0000120693,12069,Pernod Ricard,RI.PA,oui,
2016-11-18,FR0000121501,12150,Peugeot S.A.,,non,aucune serie servie sur 2009-2018 (candidat UG.PA)
2016-11-18,FR0000130577,13057,Publicis Groupe SA,PUB.PA,oui,
2016-11-18,FR0000131906,13190,Renault,RNO.PA,oui,
2016-11-18,FR0000073272,7327,Safran,SAF.PA,oui,
2016-11-18,FR0000125007,12500,SAINT-GOBAIN,SGO.PA,oui,
2016-11-18,FR0000120578,12057,Sanofi,SAN.PA,oui,
2016-11-18,FR0000121972,12197,Schneider (Ex-Spie Batignolles),SU.PA,oui,
2016-11-18,FR0000130809,13080,Société Générale,GLE.PA,oui,
2016-11-18,FR0000121220,12122,Sodexo (ex: Sodexho),SW.PA,oui,
2016-11-18,BE0003470755,5809,Solvay,SOLB.BR,oui,
2016-11-18,FR0000131708,13170,Technip,,non,aucune serie servie sur 2009-2018 (candidat TEC.PA)
2016-11-18,FR0000120271,12027,Total,TTE.PA,oui,
2016-11-18,FR0000124711,12471,Unibail-Rodamco,,non,"aucune serie en euros (candidats UL.PA, URW.AS)"
2016-11-18,FR0000130338,13033,Valeo,FR.PA,oui,
2016-11-18,FR0000124141,12414,Veolia Environnement,VIE.PA,oui,
2016-11-18,FR0000125486,12548,Vinci,DG.PA,oui,
2016-11-18,FR0000127771,12777,Vivendi,VIV.PA,oui,
2016-12-16,FR0000120404,12040,ACCOR,AC.PA,oui,
2016-12-16,FR0000120073,12007,AIR LIQUIDE,AI.PA,oui,
2016-12-16,NL0000235190,5730,Airbus Group (ex-EADS),AIR.PA,oui,
2016-12-16,LU0323134006,32313400,ArcelorMittal,MT.AS,oui,
2016-12-16,FR0000120628,12062,Axa,CS.PA,oui,
2016-12-16,FR0000131104,13110,BNP,BNP.PA,oui,
2016-12-16,FR0000120503,12050,BOUYGUES,EN.PA,oui,
2016-12-16,FR0000125338,12533,Cap Gémini,CAP.PA,oui,
2016-12-16,FR0000120172,12017,CARREFOUR,CA.PA,oui,
2016-12-16,FR0000045072,4507,CREDIT AGRICOLE,ACA.PA,oui,
2016-12-16,FR0000120644,12064,DANONE,BN.PA,oui,
2016-12-16,FR0010208488,1020848,ENGIE (ex-GDF Suez),ENGI.PA,oui,
2016-12-16,FR0000121667,12166,EssilorLuxottica,EL.PA,oui,
2016-12-16,FR0000121485,12148,Kering (ex: Pinault-Printemps-Redoute),KER.PA,oui,
2016-12-16,FR0000121964,12196,Klepierre,LI.PA,oui,
2016-12-16,FR0000120321,12032,L'Oréal,OR.PA,oui,
2016-12-16,FR0000120537,12053,LafargeHolcim,,non,"servie en CHF seulement (HOLN.SW, 2514 seances)"
2016-12-16,FR0010307819,1030781,Legrand,LR.PA,oui,
2016-12-16,FR0000121014,12101,LVMH MOET HENESSY,MC.PA,oui,
2016-12-16,FR0000121261,12126,Michelin B,ML.PA,oui,
2016-12-16,FI0009000681,90068,Nokia,NOKIA.HE,oui,
2016-12-16,FR0000133308,13330,Orange (ex: France Télécom),ORA.PA,oui,
2016-12-16,FR0000120693,12069,Pernod Ricard,RI.PA,oui,
2016-12-16,FR0000121501,12150,Peugeot S.A.,,non,aucune serie servie sur 2009-2018 (candidat UG.PA)
2016-12-16,FR0000130577,13057,Publicis Groupe SA,PUB.PA,oui,
2016-12-16,FR0000131906,13190,Renault,RNO.PA,oui,
2016-12-16,FR0000073272,7327,Safran,SAF.PA,oui,
2016-12-16,FR0000125007,12500,SAINT-GOBAIN,SGO.PA,oui,
2016-12-16,FR0000120578,12057,Sanofi,SAN.PA,oui,
2016-12-16,FR0000121972,12197,Schneider (Ex-Spie Batignolles),SU.PA,oui,
2016-12-16,FR0000130809,13080,Société Générale,GLE.PA,oui,
2016-12-16,FR0000121220,12122,Sodexo (ex: Sodexho),SW.PA,oui,
2016-12-16,BE0003470755,5809,Solvay,SOLB.BR,oui,
2016-12-16,FR0000131708,13170,Technip,,non,aucune serie servie sur 2009-2018 (candidat TEC.PA)
2016-12-16,FR0000120271,12027,Total,TTE.PA,oui,
2016-12-16,FR0000124711,12471,Unibail-Rodamco,,non,"aucune serie en euros (candidats UL.PA, URW.AS)"
2016-12-16,FR0000130338,13033,Valeo,FR.PA,oui,
2016-12-16,FR0000124141,12414,Veolia Environnement,VIE.PA,oui,
2016-12-16,FR0000125486,12548,Vinci,DG.PA,oui,
2016-12-16,FR0000127771,12777,Vivendi,VIV.PA,oui,
2017-01-16,FR0000120404,12040,ACCOR,AC.PA,oui,
2017-01-16,FR0000120073,12007,AIR LIQUIDE,AI.PA,oui,
2017-01-16,NL0000235190,5730,Airbus Group (ex-EADS),AIR.PA,oui,
2017-01-16,LU0323134006,32313400,ArcelorMittal,MT.AS,oui,
2017-01-16,FR0000120628,12062,Axa,CS.PA,oui,
2017-01-16,FR0000131104,13110,BNP,BNP.PA,oui,
2017-01-16,FR0000120503,12050,BOUYGUES,EN.PA,oui,
2017-01-16,FR0000125338,12533,Cap Gémini,CAP.PA,oui,
2017-01-16,FR0000120172,12017,CARREFOUR,CA.PA,oui,
2017-01-16,FR0000045072,4507,CREDIT AGRICOLE,ACA.PA,oui,
2017-01-16,FR0000120644,12064,DANONE,BN.PA,oui,
2017-01-16,FR0010208488,1020848,ENGIE (ex-GDF Suez),ENGI.PA,oui,
2017-01-16,FR0000121667,12166,EssilorLuxottica,EL.PA,oui,
2017-01-16,FR0000121485,12148,Kering (ex: Pinault-Printemps-Redoute),KER.PA,oui,
2017-01-16,FR0000121964,12196,Klepierre,LI.PA,oui,
2017-01-16,FR0000120321,12032,L'Oréal,OR.PA,oui,
2017-01-16,FR0000120537,12053,LafargeHolcim,,non,"servie en CHF seulement (HOLN.SW, 2514 seances)"
2017-01-16,FR0010307819,1030781,Legrand,LR.PA,oui,
2017-01-16,FR0000121014,12101,LVMH MOET HENESSY,MC.PA,oui,
2017-01-16,FR0000121261,12126,Michelin B,ML.PA,oui,
2017-01-16,FI0009000681,90068,Nokia,NOKIA.HE,oui,
2017-01-16,FR0000133308,13330,Orange (ex: France Télécom),ORA.PA,oui,
2017-01-16,FR0000120693,12069,Pernod Ricard,RI.PA,oui,
2017-01-16,FR0000121501,12150,Peugeot S.A.,,non,aucune serie servie sur 2009-2018 (candidat UG.PA)
2017-01-16,FR0000130577,13057,Publicis Groupe SA,PUB.PA,oui,
2017-01-16,FR0000131906,13190,Renault,RNO.PA,oui,
2017-01-16,FR0000073272,7327,Safran,SAF.PA,oui,
2017-01-16,FR0000125007,12500,SAINT-GOBAIN,SGO.PA,oui,
2017-01-16,FR0000120578,12057,Sanofi,SAN.PA,oui,
2017-01-16,FR0000121972,12197,Schneider (Ex-Spie Batignolles),SU.PA,oui,
2017-01-16,FR0000130809,13080,Société Générale,GLE.PA,oui,
2017-01-16,FR0000121220,12122,Sodexo (ex: Sodexho),SW.PA,oui,
2017-01-16,BE0003470755,5809,Solvay,SOLB.BR,oui,
2017-01-16,FR0000131708,13170,Technip,,non,aucune serie servie sur 2009-2018 (candidat TEC.PA)
2017-01-16,FR0000120271,12027,Total,TTE.PA,oui,
2017-01-16,FR0000124711,12471,Unibail-Rodamco,,non,"aucune serie en euros (candidats UL.PA, URW.AS)"
2017-01-16,FR0000130338,13033,Valeo,FR.PA,oui,
2017-01-16,FR0000124141,12414,Veolia Environnement,VIE.PA,oui,
2017-01-16,FR0000125486,12548,Vinci,DG.PA,oui,
2017-01-16,FR0000127771,12777,Vivendi,VIV.PA,oui,
2017-02-13,FR0000120404,12040,ACCOR,AC.PA,oui,
2017-02-13,FR0000120073,12007,AIR LIQUIDE,AI.PA,oui,
2017-02-13,NL0000235190,5730,Airbus Group (ex-EADS),AIR.PA,oui,
2017-02-13,LU0323134006,32313400,ArcelorMittal,MT.AS,oui,
2017-02-13,FR0000120628,12062,Axa,CS.PA,oui,
2017-02-13,FR0000131104,13110,BNP,BNP.PA,oui,
2017-02-13,FR0000120503,12050,BOUYGUES,EN.PA,oui,
2017-02-13,FR0000125338,12533,Cap Gémini,CAP.PA,oui,
2017-02-13,FR0000120172,12017,CARREFOUR,CA.PA,oui,
2017-02-13,FR0000045072,4507,CREDIT AGRICOLE,ACA.PA,oui,
2017-02-13,FR0000120644,12064,DANONE,BN.PA,oui,
2017-02-13,FR0010208488,1020848,ENGIE (ex-GDF Suez),ENGI.PA,oui,
2017-02-13,FR0000121667,12166,EssilorLuxottica,EL.PA,oui,
2017-02-13,FR0000121485,12148,Kering (ex: Pinault-Printemps-Redoute),KER.PA,oui,
2017-02-13,FR0000121964,12196,Klepierre,LI.PA,oui,
2017-02-13,FR0000120321,12032,L'Oréal,OR.PA,oui,
2017-02-13,FR0000120537,12053,LafargeHolcim,,non,"servie en CHF seulement (HOLN.SW, 2514 seances)"
2017-02-13,FR0010307819,1030781,Legrand,LR.PA,oui,
2017-02-13,FR0000121014,12101,LVMH MOET HENESSY,MC.PA,oui,
2017-02-13,FR0000121261,12126,Michelin B,ML.PA,oui,
2017-02-13,FI0009000681,90068,Nokia,NOKIA.HE,oui,
2017-02-13,FR0000133308,13330,Orange (ex: France Télécom),ORA.PA,oui,
2017-02-13,FR0000120693,12069,Pernod Ricard,RI.PA,oui,
2017-02-13,FR0000121501,12150,Peugeot S.A.,,non,aucune serie servie sur 2009-2018 (candidat UG.PA)
2017-02-13,FR0000130577,13057,Publicis Groupe SA,PUB.PA,oui,
2017-02-13,FR0000131906,13190,Renault,RNO.PA,oui,
2017-02-13,FR0000073272,7327,Safran,SAF.PA,oui,
2017-02-13,FR0000125007,12500,SAINT-GOBAIN,SGO.PA,oui,
2017-02-13,FR0000120578,12057,Sanofi,SAN.PA,oui,
2017-02-13,FR0000121972,12197,Schneider (Ex-Spie Batignolles),SU.PA,oui,
2017-02-13,FR0000130809,13080,Société Générale,GLE.PA,oui,
2017-02-13,FR0000121220,12122,Sodexo (ex: Sodexho),SW.PA,oui,
2017-02-13,BE0003470755,5809,Solvay,SOLB.BR,oui,
2017-02-13,FR0000131708,13170,Technip,,non,aucune serie servie sur 2009-2018 (candidat TEC.PA)
2017-02-13,FR0000120271,12027,Total,TTE.PA,oui,
2017-02-13,FR0000124711,12471,Unibail-Rodamco,,non,"aucune serie en euros (candidats UL.PA, URW.AS)"
2017-02-13,FR0000130338,13033,Valeo,FR.PA,oui,
2017-02-13,FR0000124141,12414,Veolia Environnement,VIE.PA,oui,
2017-02-13,FR0000125486,12548,Vinci,DG.PA,oui,
2017-02-13,FR0000127771,12777,Vivendi,VIV.PA,oui,
2017-03-13,FR0000120404,12040,ACCOR,AC.PA,oui,
2017-03-13,FR0000120073,12007,AIR LIQUIDE,AI.PA,oui,
2017-03-13,NL0000235190,5730,Airbus Group (ex-EADS),AIR.PA,oui,
2017-03-13,LU0323134006,32313400,ArcelorMittal,MT.AS,oui,
2017-03-13,FR0000120628,12062,Axa,CS.PA,oui,
2017-03-13,FR0000131104,13110,BNP,BNP.PA,oui,
2017-03-13,FR0000120503,12050,BOUYGUES,EN.PA,oui,
2017-03-13,FR0000125338,12533,Cap Gémini,CAP.PA,oui,
2017-03-13,FR0000120172,12017,CARREFOUR,CA.PA,oui,
2017-03-13,FR0000045072,4507,CREDIT AGRICOLE,ACA.PA,oui,
2017-03-13,FR0000120644,12064,DANONE,BN.PA,oui,
2017-03-13,FR0010208488,1020848,ENGIE (ex-GDF Suez),ENGI.PA,oui,
2017-03-13,FR0000121667,12166,EssilorLuxottica,EL.PA,oui,
2017-03-13,FR0000121485,12148,Kering (ex: Pinault-Printemps-Redoute),KER.PA,oui,
2017-03-13,FR0000121964,12196,Klepierre,LI.PA,oui,
2017-03-13,FR0000120321,12032,L'Oréal,OR.PA,oui,
2017-03-13,FR0000120537,12053,LafargeHolcim,,non,"servie en CHF seulement (HOLN.SW, 2514 seances)"
2017-03-13,FR0010307819,1030781,Legrand,LR.PA,oui,
2017-03-13,FR0000121014,12101,LVMH MOET HENESSY,MC.PA,oui,
2017-03-13,FR0000121261,12126,Michelin B,ML.PA,oui,
2017-03-13,FI0009000681,90068,Nokia,NOKIA.HE,oui,
2017-03-13,FR0000133308,13330,Orange (ex: France Télécom),ORA.PA,oui,
2017-03-13,FR0000120693,12069,Pernod Ricard,RI.PA,oui,
2017-03-13,FR0000121501,12150,Peugeot S.A.,,non,aucune serie servie sur 2009-2018 (candidat UG.PA)
2017-03-13,FR0000130577,13057,Publicis Groupe SA,PUB.PA,oui,
2017-03-13,FR0000131906,13190,Renault,RNO.PA,oui,
2017-03-13,FR0000073272,7327,Safran,SAF.PA,oui,
2017-03-13,FR0000125007,12500,SAINT-GOBAIN,SGO.PA,oui,
2017-03-13,FR0000120578,12057,Sanofi,SAN.PA,oui,
2017-03-13,FR0000121972,12197,Schneider (Ex-Spie Batignolles),SU.PA,oui,
2017-03-13,FR0000130809,13080,Société Générale,GLE.PA,oui,
2017-03-13,FR0000121220,12122,Sodexo (ex: Sodexho),SW.PA,oui,
2017-03-13,BE0003470755,5809,Solvay,SOLB.BR,oui,
2017-03-13,FR0000131708,13170,Technip,,non,aucune serie servie sur 2009-2018 (candidat TEC.PA)
2017-03-13,FR0000120271,12027,Total,TTE.PA,oui,
2017-03-13,FR0000124711,12471,Unibail-Rodamco,,non,"aucune serie en euros (candidats UL.PA, URW.AS)"
2017-03-13,FR0000130338,13033,Valeo,FR.PA,oui,
2017-03-13,FR0000124141,12414,Veolia Environnement,VIE.PA,oui,
2017-03-13,FR0000125486,12548,Vinci,DG.PA,oui,
2017-03-13,FR0000127771,12777,Vivendi,VIV.PA,oui,
2017-04-10,FR0000120404,12040,ACCOR,AC.PA,oui,
2017-04-10,FR0000120073,12007,AIR LIQUIDE,AI.PA,oui,
2017-04-10,NL0000235190,5730,Airbus Group (ex-EADS),AIR.PA,oui,
2017-04-10,LU0323134006,32313400,ArcelorMittal,MT.AS,oui,
2017-04-10,FR0000051732,5173,Atos,ATO.PA,oui,
2017-04-10,FR0000120628,12062,Axa,CS.PA,oui,
2017-04-10,FR0000131104,13110,BNP,BNP.PA,oui,
2017-04-10,FR0000120503,12050,BOUYGUES,EN.PA,oui,
2017-04-10,FR0000125338,12533,Cap Gémini,CAP.PA,oui,
2017-04-10,FR0000120172,12017,CARREFOUR,CA.PA,oui,
2017-04-10,FR0000045072,4507,CREDIT AGRICOLE,ACA.PA,oui,
2017-04-10,FR0000120644,12064,DANONE,BN.PA,oui,
2017-04-10,FR0010208488,1020848,ENGIE (ex-GDF Suez),ENGI.PA,oui,
2017-04-10,FR0000121667,12166,EssilorLuxottica,EL.PA,oui,
2017-04-10,FR0000121485,12148,Kering (ex: Pinault-Printemps-Redoute),KER.PA,oui,
2017-04-10,FR0000120321,12032,L'Oréal,OR.PA,oui,
2017-04-10,FR0000120537,12053,LafargeHolcim,,non,"servie en CHF seulement (HOLN.SW, 2514 seances)"
2017-04-10,FR0010307819,1030781,Legrand,LR.PA,oui,
2017-04-10,FR0000121014,12101,LVMH MOET HENESSY,MC.PA,oui,
2017-04-10,FR0000121261,12126,Michelin B,ML.PA,oui,
2017-04-10,FI0009000681,90068,Nokia,NOKIA.HE,oui,
2017-04-10,FR0000133308,13330,Orange (ex: France Télécom),ORA.PA,oui,
2017-04-10,FR0000120693,12069,Pernod Ricard,RI.PA,oui,
2017-04-10,FR0000121501,12150,Peugeot S.A.,,non,aucune serie servie sur 2009-2018 (candidat UG.PA)
2017-04-10,FR0000130577,13057,Publicis Groupe SA,PUB.PA,oui,
2017-04-10,FR0000131906,13190,Renault,RNO.PA,oui,
2017-04-10,FR0000073272,7327,Safran,SAF.PA,oui,
2017-04-10,FR0000125007,12500,SAINT-GOBAIN,SGO.PA,oui,
2017-04-10,FR0000120578,12057,Sanofi,SAN.PA,oui,
2017-04-10,FR0000121972,12197,Schneider (Ex-Spie Batignolles),SU.PA,oui,
2017-04-10,FR0000130809,13080,Société Générale,GLE.PA,oui,
2017-04-10,FR0000121220,12122,Sodexo (ex: Sodexho),SW.PA,oui,
2017-04-10,BE0003470755,5809,Solvay,SOLB.BR,oui,
2017-04-10,FR0000131708,13170,Technip,,non,aucune serie servie sur 2009-2018 (candidat TEC.PA)
2017-04-10,FR0000120271,12027,Total,TTE.PA,oui,
2017-04-10,FR0000124711,12471,Unibail-Rodamco,,non,"aucune serie en euros (candidats UL.PA, URW.AS)"
2017-04-10,FR0000130338,13033,Valeo,FR.PA,oui,
2017-04-10,FR0000124141,12414,Veolia Environnement,VIE.PA,oui,
2017-04-10,FR0000125486,12548,Vinci,DG.PA,oui,
2017-04-10,FR0000127771,12777,Vivendi,VIV.PA,oui,
2017-05-11,FR0000120404,12040,ACCOR,AC.PA,oui,
2017-05-11,FR0000120073,12007,AIR LIQUIDE,AI.PA,oui,
2017-05-11,NL0000235190,5730,Airbus Group (ex-EADS),AIR.PA,oui,
2017-05-11,LU0323134006,32313400,ArcelorMittal,MT.AS,oui,
2017-05-11,FR0000051732,5173,Atos,ATO.PA,oui,
2017-05-11,FR0000120628,12062,Axa,CS.PA,oui,
2017-05-11,FR0000131104,13110,BNP,BNP.PA,oui,
2017-05-11,FR0000120503,12050,BOUYGUES,EN.PA,oui,
2017-05-11,FR0000125338,12533,Cap Gémini,CAP.PA,oui,
2017-05-11,FR0000120172,12017,CARREFOUR,CA.PA,oui,
2017-05-11,FR0000045072,4507,CREDIT AGRICOLE,ACA.PA,oui,
2017-05-11,FR0000120644,12064,DANONE,BN.PA,oui,
2017-05-11,FR0010208488,1020848,ENGIE (ex-GDF Suez),ENGI.PA,oui,
2017-05-11,FR0000121667,12166,EssilorLuxottica,EL.PA,oui,
2017-05-11,FR0000121485,12148,Kering (ex: Pinault-Printemps-Redoute),KER.PA,oui,
2017-05-11,FR0000120321,12032,L'Oréal,OR.PA,oui,
2017-05-11,FR0000120537,12053,LafargeHolcim,,non,"servie en CHF seulement (HOLN.SW, 2514 seances)"
2017-05-11,FR0010307819,1030781,Legrand,LR.PA,oui,
2017-05-11,FR0000121014,12101,LVMH MOET HENESSY,MC.PA,oui,
2017-05-11,FR0000121261,12126,Michelin B,ML.PA,oui,
2017-05-11,FI0009000681,90068,Nokia,NOKIA.HE,oui,
2017-05-11,FR0000133308,13330,Orange (ex: France Télécom),ORA.PA,oui,
2017-05-11,FR0000120693,12069,Pernod Ricard,RI.PA,oui,
2017-05-11,FR0000121501,12150,Peugeot S.A.,,non,aucune serie servie sur 2009-2018 (candidat UG.PA)
2017-05-11,FR0000130577,13057,Publicis Groupe SA,PUB.PA,oui,
2017-05-11,FR0000131906,13190,Renault,RNO.PA,oui,
2017-05-11,FR0000073272,7327,Safran,SAF.PA,oui,
2017-05-11,FR0000125007,12500,SAINT-GOBAIN,SGO.PA,oui,
2017-05-11,FR0000120578,12057,Sanofi,SAN.PA,oui,
2017-05-11,FR0000121972,12197,Schneider (Ex-Spie Batignolles),SU.PA,oui,
2017-05-11,FR0000130809,13080,Société Générale,GLE.PA,oui,
2017-05-11,FR0000121220,12122,Sodexo (ex: Sodexho),SW.PA,oui,
2017-05-11,BE0003470755,5809,Solvay,SOLB.BR,oui,
2017-05-11,FR0000131708,13170,Technip,,non,aucune serie servie sur 2009-2018 (candidat TEC.PA)
2017-05-11,FR0000120271,12027,Total,TTE.PA,oui,
2017-05-11,FR0000124711,12471,Unibail-Rodamco,,non,"aucune serie en euros (candidats UL.PA, URW.AS)"
2017-05-11,FR0000130338,13033,Valeo,FR.PA,oui,
2017-05-11,FR0000124141,12414,Veolia Environnement,VIE.PA,oui,
2017-05-11,FR0000125486,12548,Vinci,DG.PA,oui,
2017-05-11,FR0000127771,12777,Vivendi,VIV.PA,oui,
2017-06-08,FR0000120404,12040,ACCOR,AC.PA,oui,
2017-06-08,FR0000120073,12007,AIR LIQUIDE,AI.PA,oui,
2017-06-08,NL0000235190,5730,Airbus Group (ex-EADS),AIR.PA,oui,
2017-06-08,LU0323134006,32313400,ArcelorMittal,MT.AS,oui,
2017-06-08,FR0000051732,5173,Atos,ATO.PA,oui,
2017-06-08,FR0000120628,12062,Axa,CS.PA,oui,
2017-06-08,FR0000131104,13110,BNP,BNP.PA,oui,
2017-06-08,FR0000120503,12050,BOUYGUES,EN.PA,oui,
2017-06-08,FR0000125338,12533,Cap Gémini,CAP.PA,oui,
2017-06-08,FR0000120172,12017,CARREFOUR,CA.PA,oui,
2017-06-08,FR0000045072,4507,CREDIT AGRICOLE,ACA.PA,oui,
2017-06-08,FR0000120644,12064,DANONE,BN.PA,oui,
2017-06-08,FR0010208488,1020848,ENGIE (ex-GDF Suez),ENGI.PA,oui,
2017-06-08,FR0000121667,12166,EssilorLuxottica,EL.PA,oui,
2017-06-08,FR0000121485,12148,Kering (ex: Pinault-Printemps-Redoute),KER.PA,oui,
2017-06-08,FR0000120321,12032,L'Oréal,OR.PA,oui,
2017-06-08,FR0000120537,12053,LafargeHolcim,,non,"servie en CHF seulement (HOLN.SW, 2514 seances)"
2017-06-08,FR0010307819,1030781,Legrand,LR.PA,oui,
2017-06-08,FR0000121014,12101,LVMH MOET HENESSY,MC.PA,oui,
2017-06-08,FR0000121261,12126,Michelin B,ML.PA,oui,
2017-06-08,FI0009000681,90068,Nokia,NOKIA.HE,oui,
2017-06-08,FR0000133308,13330,Orange (ex: France Télécom),ORA.PA,oui,
2017-06-08,FR0000120693,12069,Pernod Ricard,RI.PA,oui,
2017-06-08,FR0000121501,12150,Peugeot S.A.,,non,aucune serie servie sur 2009-2018 (candidat UG.PA)
2017-06-08,FR0000130577,13057,Publicis Groupe SA,PUB.PA,oui,
2017-06-08,FR0000131906,13190,Renault,RNO.PA,oui,
2017-06-08,FR0000073272,7327,Safran,SAF.PA,oui,
2017-06-08,FR0000125007,12500,SAINT-GOBAIN,SGO.PA,oui,
2017-06-08,FR0000120578,12057,Sanofi,SAN.PA,oui,
2017-06-08,FR0000121972,12197,Schneider (Ex-Spie Batignolles),SU.PA,oui,
2017-06-08,FR0000130809,13080,Société Générale,GLE.PA,oui,
2017-06-08,FR0000121220,12122,Sodexo (ex: Sodexho),SW.PA,oui,
2017-06-08,BE0003470755,5809,Solvay,SOLB.BR,oui,
2017-06-08,FR0000131708,13170,Technip,,non,aucune serie servie sur 2009-2018 (candidat TEC.PA)
2017-06-08,FR0000120271,12027,Total,TTE.PA,oui,
2017-06-08,FR0000124711,12471,Unibail-Rodamco,,non,"aucune serie en euros (candidats UL.PA, URW.AS)"
2017-06-08,FR0000130338,13033,Valeo,FR.PA,oui,
2017-06-08,FR0000124141,12414,Veolia Environnement,VIE.PA,oui,
2017-06-08,FR0000125486,12548,Vinci,DG.PA,oui,
2017-06-08,FR0000127771,12777,Vivendi,VIV.PA,oui,
2017-07-06,FR0000120404,12040,ACCOR,AC.PA,oui,
2017-07-06,FR0000120073,12007,AIR LIQUIDE,AI.PA,oui,
2017-07-06,NL0000235190,5730,Airbus Group (ex-EADS),AIR.PA,oui,
2017-07-06,LU0323134006,32313400,ArcelorMittal,MT.AS,oui,
2017-07-06,FR0000051732,5173,Atos,ATO.PA,oui,
2017-07-06,FR0000120628,12062,Axa,CS.PA,oui,
2017-07-06,FR0000131104,13110,BNP,BNP.PA,oui,
2017-07-06,FR0000120503,12050,BOUYGUES,EN.PA,oui,
2017-07-06,FR0000125338,12533,Cap Gémini,CAP.PA,oui,
2017-07-06,FR0000120172,12017,CARREFOUR,CA.PA,oui,
2017-07-06,FR0000045072,4507,CREDIT AGRICOLE,ACA.PA,oui,
2017-07-06,FR0000120644,12064,DANONE,BN.PA,oui,
2017-07-06,FR0010208488,1020848,ENGIE (ex-GDF Suez),ENGI.PA,oui,
2017-07-06,FR0000121667,12166,EssilorLuxottica,EL.PA,oui,
2017-07-06,FR0000121485,12148,Kering (ex: Pinault-Printemps-Redoute),KER.PA,oui,
2017-07-06,FR0000120321,12032,L'Oréal,OR.PA,oui,
2017-07-06,FR0000120537,12053,LafargeHolcim,,non,"servie en CHF seulement (HOLN.SW, 2514 seances)"
2017-07-06,FR0010307819,1030781,Legrand,LR.PA,oui,
2017-07-06,FR0000121014,12101,LVMH MOET HENESSY,MC.PA,oui,
2017-07-06,FR0000121261,12126,Michelin B,ML.PA,oui,
2017-07-06,FI0009000681,90068,Nokia,NOKIA.HE,oui,
2017-07-06,FR0000133308,13330,Orange (ex: France Télécom),ORA.PA,oui,
2017-07-06,FR0000120693,12069,Pernod Ricard,RI.PA,oui,
2017-07-06,FR0000121501,12150,Peugeot S.A.,,non,aucune serie servie sur 2009-2018 (candidat UG.PA)
2017-07-06,FR0000130577,13057,Publicis Groupe SA,PUB.PA,oui,
2017-07-06,FR0000131906,13190,Renault,RNO.PA,oui,
2017-07-06,FR0000073272,7327,Safran,SAF.PA,oui,
2017-07-06,FR0000125007,12500,SAINT-GOBAIN,SGO.PA,oui,
2017-07-06,FR0000120578,12057,Sanofi,SAN.PA,oui,
2017-07-06,FR0000121972,12197,Schneider (Ex-Spie Batignolles),SU.PA,oui,
2017-07-06,FR0000130809,13080,Société Générale,GLE.PA,oui,
2017-07-06,FR0000121220,12122,Sodexo (ex: Sodexho),SW.PA,oui,
2017-07-06,BE0003470755,5809,Solvay,SOLB.BR,oui,
2017-07-06,FR0000131708,13170,Technip,,non,aucune serie servie sur 2009-2018 (candidat TEC.PA)
2017-07-06,FR0000120271,12027,Total,TTE.PA,oui,
2017-07-06,FR0000124711,12471,Unibail-Rodamco,,non,"aucune serie en euros (candidats UL.PA, URW.AS)"
2017-07-06,FR0000130338,13033,Valeo,FR.PA,oui,
2017-07-06,FR0000124141,12414,Veolia Environnement,VIE.PA,oui,
2017-07-06,FR0000125486,12548,Vinci,DG.PA,oui,
2017-07-06,FR0000127771,12777,Vivendi,VIV.PA,oui,
2017-08-03,FR0000120404,12040,ACCOR,AC.PA,oui,
2017-08-03,FR0000120073,12007,AIR LIQUIDE,AI.PA,oui,
2017-08-03,NL0000235190,5730,Airbus Group (ex-EADS),AIR.PA,oui,
2017-08-03,LU0323134006,32313400,ArcelorMittal,MT.AS,oui,
2017-08-03,FR0000051732,5173,Atos,ATO.PA,oui,
2017-08-03,FR0000120628,12062,Axa,CS.PA,oui,
2017-08-03,FR0000131104,13110,BNP,BNP.PA,oui,
2017-08-03,FR0000120503,12050,BOUYGUES,EN.PA,oui,
2017-08-03,FR0000125338,12533,Cap Gémini,CAP.PA,oui,
2017-08-03,FR0000120172,12017,CARREFOUR,CA.PA,oui,
2017-08-03,FR0000045072,4507,CREDIT AGRICOLE,ACA.PA,oui,
2017-08-03,FR0000120644,12064,DANONE,BN.PA,oui,
2017-08-03,FR0010208488,1020848,ENGIE (ex-GDF Suez),ENGI.PA,oui,
2017-08-03,FR0000121667,12166,EssilorLuxottica,EL.PA,oui,
2017-08-03,FR0000121485,12148,Kering (ex: Pinault-Printemps-Redoute),KER.PA,oui,
2017-08-03,FR0000120321,12032,L'Oréal,OR.PA,oui,
2017-08-03,FR0000120537,12053,LafargeHolcim,,non,"servie en CHF seulement (HOLN.SW, 2514 seances)"
2017-08-03,FR0010307819,1030781,Legrand,LR.PA,oui,
2017-08-03,FR0000121014,12101,LVMH MOET HENESSY,MC.PA,oui,
2017-08-03,FR0000121261,12126,Michelin B,ML.PA,oui,
2017-08-03,FI0009000681,90068,Nokia,NOKIA.HE,oui,
2017-08-03,FR0000133308,13330,Orange (ex: France Télécom),ORA.PA,oui,
2017-08-03,FR0000120693,12069,Pernod Ricard,RI.PA,oui,
2017-08-03,FR0000121501,12150,Peugeot S.A.,,non,aucune serie servie sur 2009-2018 (candidat UG.PA)
2017-08-03,FR0000130577,13057,Publicis Groupe SA,PUB.PA,oui,
2017-08-03,FR0000131906,13190,Renault,RNO.PA,oui,
2017-08-03,FR0000073272,7327,Safran,SAF.PA,oui,
2017-08-03,FR0000125007,12500,SAINT-GOBAIN,SGO.PA,oui,
2017-08-03,FR0000120578,12057,Sanofi,SAN.PA,oui,
2017-08-03,FR0000121972,12197,Schneider (Ex-Spie Batignolles),SU.PA,oui,
2017-08-03,FR0000130809,13080,Société Générale,GLE.PA,oui,
2017-08-03,FR0000121220,12122,Sodexo (ex: Sodexho),SW.PA,oui,
2017-08-03,BE0003470755,5809,Solvay,SOLB.BR,oui,
2017-08-03,FR0000131708,13170,Technip,,non,aucune serie servie sur 2009-2018 (candidat TEC.PA)
2017-08-03,FR0000120271,12027,Total,TTE.PA,oui,
2017-08-03,FR0000124711,12471,Unibail-Rodamco,,non,"aucune serie en euros (candidats UL.PA, URW.AS)"
2017-08-03,FR0000130338,13033,Valeo,FR.PA,oui,
2017-08-03,FR0000124141,12414,Veolia Environnement,VIE.PA,oui,
2017-08-03,FR0000125486,12548,Vinci,DG.PA,oui,
2017-08-03,FR0000127771,12777,Vivendi,VIV.PA,oui,
2017-08-31,FR0000120404,12040,ACCOR,AC.PA,oui,
2017-08-31,FR0000120073,12007,AIR LIQUIDE,AI.PA,oui,
2017-08-31,NL0000235190,5730,Airbus Group (ex-EADS),AIR.PA,oui,
2017-08-31,LU0323134006,32313400,ArcelorMittal,MT.AS,oui,
2017-08-31,FR0000051732,5173,Atos,ATO.PA,oui,
2017-08-31,FR0000120628,12062,Axa,CS.PA,oui,
2017-08-31,FR0000131104,13110,BNP,BNP.PA,oui,
2017-08-31,FR0000120503,12050,BOUYGUES,EN.PA,oui,
2017-08-31,FR0000125338,12533,Cap Gémini,CAP.PA,oui,
2017-08-31,FR0000120172,12017,CARREFOUR,CA.PA,oui,
2017-08-31,FR0000045072,4507,CREDIT AGRICOLE,ACA.PA,oui,
2017-08-31,FR0000120644,12064,DANONE,BN.PA,oui,
2017-08-31,FR0010208488,1020848,ENGIE (ex-GDF Suez),ENGI.PA,oui,
2017-08-31,FR0000121667,12166,EssilorLuxottica,EL.PA,oui,
2017-08-31,FR0000121485,12148,Kering (ex: Pinault-Printemps-Redoute),KER.PA,oui,
2017-08-31,FR0000120321,12032,L'Oréal,OR.PA,oui,
2017-08-31,FR0000120537,12053,LafargeHolcim,,non,"servie en CHF seulement (HOLN.SW, 2514 seances)"
2017-08-31,FR0010307819,1030781,Legrand,LR.PA,oui,
2017-08-31,FR0000121014,12101,LVMH MOET HENESSY,MC.PA,oui,
2017-08-31,FR0000121261,12126,Michelin B,ML.PA,oui,
2017-08-31,FI0009000681,90068,Nokia,NOKIA.HE,oui,
2017-08-31,FR0000133308,13330,Orange (ex: France Télécom),ORA.PA,oui,
2017-08-31,FR0000120693,12069,Pernod Ricard,RI.PA,oui,
2017-08-31,FR0000121501,12150,Peugeot S.A.,,non,aucune serie servie sur 2009-2018 (candidat UG.PA)
2017-08-31,FR0000130577,13057,Publicis Groupe SA,PUB.PA,oui,
2017-08-31,FR0000131906,13190,Renault,RNO.PA,oui,
2017-08-31,FR0000073272,7327,Safran,SAF.PA,oui,
2017-08-31,FR0000125007,12500,SAINT-GOBAIN,SGO.PA,oui,
2017-08-31,FR0000120578,12057,Sanofi,SAN.PA,oui,
2017-08-31,FR0000121972,12197,Schneider (Ex-Spie Batignolles),SU.PA,oui,
2017-08-31,FR0000130809,13080,Société Générale,GLE.PA,oui,
2017-08-31,FR0000121220,12122,Sodexo (ex: Sodexho),SW.PA,oui,
2017-08-31,BE0003470755,5809,Solvay,SOLB.BR,oui,
2017-08-31,FR0000131708,13170,Technip,,non,aucune serie servie sur 2009-2018 (candidat TEC.PA)
2017-08-31,FR0000120271,12027,Total,TTE.PA,oui,
2017-08-31,FR0000124711,12471,Unibail-Rodamco,,non,"aucune serie en euros (candidats UL.PA, URW.AS)"
2017-08-31,FR0000130338,13033,Valeo,FR.PA,oui,
2017-08-31,FR0000124141,12414,Veolia Environnement,VIE.PA,oui,
2017-08-31,FR0000125486,12548,Vinci,DG.PA,oui,
2017-08-31,FR0000127771,12777,Vivendi,VIV.PA,oui,
2017-09-28,FR0000120404,12040,ACCOR,AC.PA,oui,
2017-09-28,FR0000120073,12007,AIR LIQUIDE,AI.PA,oui,
2017-09-28,NL0000235190,5730,Airbus Group (ex-EADS),AIR.PA,oui,
2017-09-28,LU0323134006,32313400,ArcelorMittal,MT.AS,oui,
2017-09-28,FR0000051732,5173,Atos,ATO.PA,oui,
2017-09-28,FR0000120628,12062,Axa,CS.PA,oui,
2017-09-28,FR0000131104,13110,BNP,BNP.PA,oui,
2017-09-28,FR0000120503,12050,BOUYGUES,EN.PA,oui,
2017-09-28,FR0000125338,12533,Cap Gémini,CAP.PA,oui,
2017-09-28,FR0000120172,12017,CARREFOUR,CA.PA,oui,
2017-09-28,FR0000045072,4507,CREDIT AGRICOLE,ACA.PA,oui,
2017-09-28,FR0000120644,12064,DANONE,BN.PA,oui,
2017-09-28,FR0010208488,1020848,ENGIE (ex-GDF Suez),ENGI.PA,oui,
2017-09-28,FR0000121667,12166,EssilorLuxottica,EL.PA,oui,
2017-09-28,FR0000121485,12148,Kering (ex: Pinault-Printemps-Redoute),KER.PA,oui,
2017-09-28,FR0000120321,12032,L'Oréal,OR.PA,oui,
2017-09-28,FR0000120537,12053,LafargeHolcim,,non,"servie en CHF seulement (HOLN.SW, 2514 seances)"
2017-09-28,FR0010307819,1030781,Legrand,LR.PA,oui,
2017-09-28,FR0000121014,12101,LVMH MOET HENESSY,MC.PA,oui,
2017-09-28,FR0000121261,12126,Michelin B,ML.PA,oui,
2017-09-28,FR0000133308,13330,Orange (ex: France Télécom),ORA.PA,oui,
2017-09-28,FR0000120693,12069,Pernod Ricard,RI.PA,oui,
2017-09-28,FR0000121501,12150,Peugeot S.A.,,non,aucune serie servie sur 2009-2018 (candidat UG.PA)
2017-09-28,FR0000130577,13057,Publicis Groupe SA,PUB.PA,oui,
2017-09-28,FR0000131906,13190,Renault,RNO.PA,oui,
2017-09-28,FR0000073272,7327,Safran,SAF.PA,oui,
2017-09-28,FR0000125007,12500,SAINT-GOBAIN,SGO.PA,oui,
2017-09-28,FR0000120578,12057,Sanofi,SAN.PA,oui,
2017-09-28,FR0000121972,12197,Schneider (Ex-Spie Batignolles),SU.PA,oui,
2017-09-28,FR0000130809,13080,Société Générale,GLE.PA,oui,
2017-09-28,FR0000121220,12122,Sodexo (ex: Sodexho),SW.PA,oui,
2017-09-28,BE0003470755,5809,Solvay,SOLB.BR,oui,
2017-09-28,NL0000226223,12970,STMicroelectronics (Ex-SGS Thomson Microelectronics),STMPA.PA,oui,
2017-09-28,FR0000131708,13170,Technip,,non,aucune serie servie sur 2009-2018 (candidat TEC.PA)
2017-09-28,FR0000120271,12027,Total,TTE.PA,oui,
2017-09-28,FR0000124711,12471,Unibail-Rodamco,,non,"aucune serie en euros (candidats UL.PA, URW.AS)"
2017-09-28,FR0000130338,13033,Valeo,FR.PA,oui,
2017-09-28,FR0000124141,12414,Veolia Environnement,VIE.PA,oui,
2017-09-28,FR0000125486,12548,Vinci,DG.PA,oui,
2017-09-28,FR0000127771,12777,Vivendi,VIV.PA,oui,
2017-10-26,FR0000120404,12040,ACCOR,AC.PA,oui,
2017-10-26,FR0000120073,12007,AIR LIQUIDE,AI.PA,oui,
2017-10-26,NL0000235190,5730,Airbus Group (ex-EADS),AIR.PA,oui,
2017-10-26,LU0323134006,32313400,ArcelorMittal,MT.AS,oui,
2017-10-26,FR0000051732,5173,Atos,ATO.PA,oui,
2017-10-26,FR0000120628,12062,Axa,CS.PA,oui,
2017-10-26,FR0000131104,13110,BNP,BNP.PA,oui,
2017-10-26,FR0000120503,12050,BOUYGUES,EN.PA,oui,
2017-10-26,FR0000125338,12533,Cap Gémini,CAP.PA,oui,
2017-10-26,FR0000120172,12017,CARREFOUR,CA.PA,oui,
2017-10-26,FR0000045072,4507,CREDIT AGRICOLE,ACA.PA,oui,
2017-10-26,FR0000120644,12064,DANONE,BN.PA,oui,
2017-10-26,FR0010208488,1020848,ENGIE (ex-GDF Suez),ENGI.PA,oui,
2017-10-26,FR0000121667,12166,EssilorLuxottica,EL.PA,oui,
2017-10-26,FR0000121485,12148,Kering (ex: Pinault-Printemps-Redoute),KER.PA,oui,
2017-10-26,FR0000120321,12032,L'Oréal,OR.PA,oui,
2017-10-26,FR0000120537,12053,LafargeHolcim,,non,"servie en CHF seulement (HOLN.SW, 2514 seances)"
2017-10-26,FR0010307819,1030781,Legrand,LR.PA,oui,
2017-10-26,FR0000121014,12101,LVMH MOET HENESSY,MC.PA,oui,
2017-10-26,FR0000121261,12126,Michelin B,ML.PA,oui,
2017-10-26,FR0000133308,13330,Orange (ex: France Télécom),ORA.PA,oui,
2017-10-26,FR0000120693,12069,Pernod Ricard,RI.PA,oui,
2017-10-26,FR0000121501,12150,Peugeot S.A.,,non,aucune serie servie sur 2009-2018 (candidat UG.PA)
2017-10-26,FR0000130577,13057,Publicis Groupe SA,PUB.PA,oui,
2017-10-26,FR0000131906,13190,Renault,RNO.PA,oui,
2017-10-26,FR0000073272,7327,Safran,SAF.PA,oui,
2017-10-26,FR0000125007,12500,SAINT-GOBAIN,SGO.PA,oui,
2017-10-26,FR0000120578,12057,Sanofi,SAN.PA,oui,
2017-10-26,FR0000121972,12197,Schneider (Ex-Spie Batignolles),SU.PA,oui,
2017-10-26,FR0000130809,13080,Société Générale,GLE.PA,oui,
2017-10-26,FR0000121220,12122,Sodexo (ex: Sodexho),SW.PA,oui,
2017-10-26,BE0003470755,5809,Solvay,SOLB.BR,oui,
2017-10-26,NL0000226223,12970,STMicroelectronics (Ex-SGS Thomson Microelectronics),STMPA.PA,oui,
2017-10-26,FR0000131708,13170,Technip,,non,aucune serie servie sur 2009-2018 (candidat TEC.PA)
2017-10-26,FR0000120271,12027,Total,TTE.PA,oui,
2017-10-26,FR0000124711,12471,Unibail-Rodamco,,non,"aucune serie en euros (candidats UL.PA, URW.AS)"
2017-10-26,FR0000130338,13033,Valeo,FR.PA,oui,
2017-10-26,FR0000124141,12414,Veolia Environnement,VIE.PA,oui,
2017-10-26,FR0000125486,12548,Vinci,DG.PA,oui,
2017-10-26,FR0000127771,12777,Vivendi,VIV.PA,oui,
2017-11-23,FR0000120404,12040,ACCOR,AC.PA,oui,
2017-11-23,FR0000120073,12007,AIR LIQUIDE,AI.PA,oui,
2017-11-23,NL0000235190,5730,Airbus Group (ex-EADS),AIR.PA,oui,
2017-11-23,LU0323134006,32313400,ArcelorMittal,MT.AS,oui,
2017-11-23,FR0000051732,5173,Atos,ATO.PA,oui,
2017-11-23,FR0000120628,12062,Axa,CS.PA,oui,
2017-11-23,FR0000131104,13110,BNP,BNP.PA,oui,
2017-11-23,FR0000120503,12050,BOUYGUES,EN.PA,oui,
2017-11-23,FR0000125338,12533,Cap Gémini,CAP.PA,oui,
2017-11-23,FR0000120172,12017,CARREFOUR,CA.PA,oui,
2017-11-23,FR0000045072,4507,CREDIT AGRICOLE,ACA.PA,oui,
2017-11-23,FR0000120644,12064,DANONE,BN.PA,oui,
2017-11-23,FR0010208488,1020848,ENGIE (ex-GDF Suez),ENGI.PA,oui,
2017-11-23,FR0000121667,12166,EssilorLuxottica,EL.PA,oui,
2017-11-23,FR0000121485,12148,Kering (ex: Pinault-Printemps-Redoute),KER.PA,oui,
2017-11-23,FR0000120321,12032,L'Oréal,OR.PA,oui,
2017-11-23,FR0000120537,12053,LafargeHolcim,,non,"servie en CHF seulement (HOLN.SW, 2514 seances)"
2017-11-23,FR0010307819,1030781,Legrand,LR.PA,oui,
2017-11-23,FR0000121014,12101,LVMH MOET HENESSY,MC.PA,oui,
2017-11-23,FR0000121261,12126,Michelin B,ML.PA,oui,
2017-11-23,FR0000133308,13330,Orange (ex: France Télécom),ORA.PA,oui,
2017-11-23,FR0000120693,12069,Pernod Ricard,RI.PA,oui,
2017-11-23,FR0000121501,12150,Peugeot S.A.,,non,aucune serie servie sur 2009-2018 (candidat UG.PA)
2017-11-23,FR0000130577,13057,Publicis Groupe SA,PUB.PA,oui,
2017-11-23,FR0000131906,13190,Renault,RNO.PA,oui,
2017-11-23,FR0000073272,7327,Safran,SAF.PA,oui,
2017-11-23,FR0000125007,12500,SAINT-GOBAIN,SGO.PA,oui,
2017-11-23,FR0000120578,12057,Sanofi,SAN.PA,oui,
2017-11-23,FR0000121972,12197,Schneider (Ex-Spie Batignolles),SU.PA,oui,
2017-11-23,FR0000130809,13080,Société Générale,GLE.PA,oui,
2017-11-23,FR0000121220,12122,Sodexo (ex: Sodexho),SW.PA,oui,
2017-11-23,BE0003470755,5809,Solvay,SOLB.BR,oui,
2017-11-23,NL0000226223,12970,STMicroelectronics (Ex-SGS Thomson Microelectronics),STMPA.PA,oui,
2017-11-23,FR0000131708,13170,Technip,,non,aucune serie servie sur 2009-2018 (candidat TEC.PA)
2017-11-23,FR0000120271,12027,Total,TTE.PA,oui,
2017-11-23,FR0000124711,12471,Unibail-Rodamco,,non,"aucune serie en euros (candidats UL.PA, URW.AS)"
2017-11-23,FR0000130338,13033,Valeo,FR.PA,oui,
2017-11-23,FR0000124141,12414,Veolia Environnement,VIE.PA,oui,
2017-11-23,FR0000125486,12548,Vinci,DG.PA,oui,
2017-11-23,FR0000127771,12777,Vivendi,VIV.PA,oui,
2017-12-21,FR0000120404,12040,ACCOR,AC.PA,oui,
2017-12-21,FR0000120073,12007,AIR LIQUIDE,AI.PA,oui,
2017-12-21,NL0000235190,5730,Airbus Group (ex-EADS),AIR.PA,oui,
2017-12-21,LU0323134006,32313400,ArcelorMittal,MT.AS,oui,
2017-12-21,FR0000051732,5173,Atos,ATO.PA,oui,
2017-12-21,FR0000120628,12062,Axa,CS.PA,oui,
2017-12-21,FR0000131104,13110,BNP,BNP.PA,oui,
2017-12-21,FR0000120503,12050,BOUYGUES,EN.PA,oui,
2017-12-21,FR0000125338,12533,Cap Gémini,CAP.PA,oui,
2017-12-21,FR0000120172,12017,CARREFOUR,CA.PA,oui,
2017-12-21,FR0000045072,4507,CREDIT AGRICOLE,ACA.PA,oui,
2017-12-21,FR0000120644,12064,DANONE,BN.PA,oui,
2017-12-21,FR0010208488,1020848,ENGIE (ex-GDF Suez),ENGI.PA,oui,
2017-12-21,FR0000121667,12166,EssilorLuxottica,EL.PA,oui,
2017-12-21,FR0000121485,12148,Kering (ex: Pinault-Printemps-Redoute),KER.PA,oui,
2017-12-21,FR0000120321,12032,L'Oréal,OR.PA,oui,
2017-12-21,FR0000120537,12053,LafargeHolcim,,non,"servie en CHF seulement (HOLN.SW, 2514 seances)"
2017-12-21,FR0010307819,1030781,Legrand,LR.PA,oui,
2017-12-21,FR0000121014,12101,LVMH MOET HENESSY,MC.PA,oui,
2017-12-21,FR0000121261,12126,Michelin B,ML.PA,oui,
2017-12-21,FR0000133308,13330,Orange (ex: France Télécom),ORA.PA,oui,
2017-12-21,FR0000120693,12069,Pernod Ricard,RI.PA,oui,
2017-12-21,FR0000121501,12150,Peugeot S.A.,,non,aucune serie servie sur 2009-2018 (candidat UG.PA)
2017-12-21,FR0000130577,13057,Publicis Groupe SA,PUB.PA,oui,
2017-12-21,FR0000131906,13190,Renault,RNO.PA,oui,
2017-12-21,FR0000073272,7327,Safran,SAF.PA,oui,
2017-12-21,FR0000125007,12500,SAINT-GOBAIN,SGO.PA,oui,
2017-12-21,FR0000120578,12057,Sanofi,SAN.PA,oui,
2017-12-21,FR0000121972,12197,Schneider (Ex-Spie Batignolles),SU.PA,oui,
2017-12-21,FR0000130809,13080,Société Générale,GLE.PA,oui,
2017-12-21,FR0000121220,12122,Sodexo (ex: Sodexho),SW.PA,oui,
2017-12-21,BE0003470755,5809,Solvay,SOLB.BR,oui,
2017-12-21,NL0000226223,12970,STMicroelectronics (Ex-SGS Thomson Microelectronics),STMPA.PA,oui,
2017-12-21,FR0000131708,13170,Technip,,non,aucune serie servie sur 2009-2018 (candidat TEC.PA)
2017-12-21,FR0000120271,12027,Total,TTE.PA,oui,
2017-12-21,FR0000124711,12471,Unibail-Rodamco,,non,"aucune serie en euros (candidats UL.PA, URW.AS)"
2017-12-21,FR0000130338,13033,Valeo,FR.PA,oui,
2017-12-21,FR0000124141,12414,Veolia Environnement,VIE.PA,oui,
2017-12-21,FR0000125486,12548,Vinci,DG.PA,oui,
2017-12-21,FR0000127771,12777,Vivendi,VIV.PA,oui,
2018-01-23,FR0000120404,12040,ACCOR,AC.PA,oui,
2018-01-23,FR0000120073,12007,AIR LIQUIDE,AI.PA,oui,
2018-01-23,NL0000235190,5730,Airbus Group (ex-EADS),AIR.PA,oui,
2018-01-23,LU0323134006,32313400,ArcelorMittal,MT.AS,oui,
2018-01-23,FR0000051732,5173,Atos,ATO.PA,oui,
2018-01-23,FR0000120628,12062,Axa,CS.PA,oui,
2018-01-23,FR0000131104,13110,BNP,BNP.PA,oui,
2018-01-23,FR0000120503,12050,BOUYGUES,EN.PA,oui,
2018-01-23,FR0000125338,12533,Cap Gémini,CAP.PA,oui,
2018-01-23,FR0000120172,12017,CARREFOUR,CA.PA,oui,
2018-01-23,FR0000045072,4507,CREDIT AGRICOLE,ACA.PA,oui,
2018-01-23,FR0000120644,12064,DANONE,BN.PA,oui,
2018-01-23,FR0010208488,1020848,ENGIE (ex-GDF Suez),ENGI.PA,oui,
2018-01-23,FR0000121667,12166,EssilorLuxottica,EL.PA,oui,
2018-01-23,FR0000121485,12148,Kering (ex: Pinault-Printemps-Redoute),KER.PA,oui,
2018-01-23,FR0000120321,12032,L'Oréal,OR.PA,oui,
2018-01-23,FR0000120537,12053,LafargeHolcim,,non,"servie en CHF seulement (HOLN.SW, 2514 seances)"
2018-01-23,FR0010307819,1030781,Legrand,LR.PA,oui,
2018-01-23,FR0000121014,12101,LVMH MOET HENESSY,MC.PA,oui,
2018-01-23,FR0000121261,12126,Michelin B,ML.PA,oui,
2018-01-23,FR0000133308,13330,Orange (ex: France Télécom),ORA.PA,oui,
2018-01-23,FR0000120693,12069,Pernod Ricard,RI.PA,oui,
2018-01-23,FR0000121501,12150,Peugeot S.A.,,non,aucune serie servie sur 2009-2018 (candidat UG.PA)
2018-01-23,FR0000130577,13057,Publicis Groupe SA,PUB.PA,oui,
2018-01-23,FR0000131906,13190,Renault,RNO.PA,oui,
2018-01-23,FR0000073272,7327,Safran,SAF.PA,oui,
2018-01-23,FR0000125007,12500,SAINT-GOBAIN,SGO.PA,oui,
2018-01-23,FR0000120578,12057,Sanofi,SAN.PA,oui,
2018-01-23,FR0000121972,12197,Schneider (Ex-Spie Batignolles),SU.PA,oui,
2018-01-23,FR0000130809,13080,Société Générale,GLE.PA,oui,
2018-01-23,FR0000121220,12122,Sodexo (ex: Sodexho),SW.PA,oui,
2018-01-23,BE0003470755,5809,Solvay,SOLB.BR,oui,
2018-01-23,NL0000226223,12970,STMicroelectronics (Ex-SGS Thomson Microelectronics),STMPA.PA,oui,
2018-01-23,FR0000131708,13170,Technip,,non,aucune serie servie sur 2009-2018 (candidat TEC.PA)
2018-01-23,FR0000120271,12027,Total,TTE.PA,oui,
2018-01-23,FR0000124711,12471,Unibail-Rodamco,,non,"aucune serie en euros (candidats UL.PA, URW.AS)"
2018-01-23,FR0000130338,13033,Valeo,FR.PA,oui,
2018-01-23,FR0000124141,12414,Veolia Environnement,VIE.PA,oui,
2018-01-23,FR0000125486,12548,Vinci,DG.PA,oui,
2018-01-23,FR0000127771,12777,Vivendi,VIV.PA,oui,
2018-02-20,FR0000120404,12040,ACCOR,AC.PA,oui,
2018-02-20,FR0000120073,12007,AIR LIQUIDE,AI.PA,oui,
2018-02-20,NL0000235190,5730,Airbus Group (ex-EADS),AIR.PA,oui,
2018-02-20,LU0323134006,32313400,ArcelorMittal,MT.AS,oui,
2018-02-20,FR0000051732,5173,Atos,ATO.PA,oui,
2018-02-20,FR0000120628,12062,Axa,CS.PA,oui,
2018-02-20,FR0000131104,13110,BNP,BNP.PA,oui,
2018-02-20,FR0000120503,12050,BOUYGUES,EN.PA,oui,
2018-02-20,FR0000125338,12533,Cap Gémini,CAP.PA,oui,
2018-02-20,FR0000120172,12017,CARREFOUR,CA.PA,oui,
2018-02-20,FR0000045072,4507,CREDIT AGRICOLE,ACA.PA,oui,
2018-02-20,FR0000120644,12064,DANONE,BN.PA,oui,
2018-02-20,FR0010208488,1020848,ENGIE (ex-GDF Suez),ENGI.PA,oui,
2018-02-20,FR0000121667,12166,EssilorLuxottica,EL.PA,oui,
2018-02-20,FR0000121485,12148,Kering (ex: Pinault-Printemps-Redoute),KER.PA,oui,
2018-02-20,FR0000120321,12032,L'Oréal,OR.PA,oui,
2018-02-20,FR0000120537,12053,LafargeHolcim,,non,"servie en CHF seulement (HOLN.SW, 2514 seances)"
2018-02-20,FR0010307819,1030781,Legrand,LR.PA,oui,
2018-02-20,FR0000121014,12101,LVMH MOET HENESSY,MC.PA,oui,
2018-02-20,FR0000121261,12126,Michelin B,ML.PA,oui,
2018-02-20,FR0000133308,13330,Orange (ex: France Télécom),ORA.PA,oui,
2018-02-20,FR0000120693,12069,Pernod Ricard,RI.PA,oui,
2018-02-20,FR0000121501,12150,Peugeot S.A.,,non,aucune serie servie sur 2009-2018 (candidat UG.PA)
2018-02-20,FR0000130577,13057,Publicis Groupe SA,PUB.PA,oui,
2018-02-20,FR0000131906,13190,Renault,RNO.PA,oui,
2018-02-20,FR0000073272,7327,Safran,SAF.PA,oui,
2018-02-20,FR0000125007,12500,SAINT-GOBAIN,SGO.PA,oui,
2018-02-20,FR0000120578,12057,Sanofi,SAN.PA,oui,
2018-02-20,FR0000121972,12197,Schneider (Ex-Spie Batignolles),SU.PA,oui,
2018-02-20,FR0000130809,13080,Société Générale,GLE.PA,oui,
2018-02-20,FR0000121220,12122,Sodexo (ex: Sodexho),SW.PA,oui,
2018-02-20,BE0003470755,5809,Solvay,SOLB.BR,oui,
2018-02-20,NL0000226223,12970,STMicroelectronics (Ex-SGS Thomson Microelectronics),STMPA.PA,oui,
2018-02-20,FR0000131708,13170,Technip,,non,aucune serie servie sur 2009-2018 (candidat TEC.PA)
2018-02-20,FR0000120271,12027,Total,TTE.PA,oui,
2018-02-20,FR0000124711,12471,Unibail-Rodamco,,non,"aucune serie en euros (candidats UL.PA, URW.AS)"
2018-02-20,FR0000130338,13033,Valeo,FR.PA,oui,
2018-02-20,FR0000124141,12414,Veolia Environnement,VIE.PA,oui,
2018-02-20,FR0000125486,12548,Vinci,DG.PA,oui,
2018-02-20,FR0000127771,12777,Vivendi,VIV.PA,oui,
2018-03-20,FR0000120404,12040,ACCOR,AC.PA,oui,
2018-03-20,FR0000120073,12007,AIR LIQUIDE,AI.PA,oui,
2018-03-20,NL0000235190,5730,Airbus Group (ex-EADS),AIR.PA,oui,
2018-03-20,LU0323134006,32313400,ArcelorMittal,MT.AS,oui,
2018-03-20,FR0000051732,5173,Atos,ATO.PA,oui,
2018-03-20,FR0000120628,12062,Axa,CS.PA,oui,
2018-03-20,FR0000131104,13110,BNP,BNP.PA,oui,
2018-03-20,FR0000120503,12050,BOUYGUES,EN.PA,oui,
2018-03-20,FR0000125338,12533,Cap Gémini,CAP.PA,oui,
2018-03-20,FR0000120172,12017,CARREFOUR,CA.PA,oui,
2018-03-20,FR0000045072,4507,CREDIT AGRICOLE,ACA.PA,oui,
2018-03-20,FR0000120644,12064,DANONE,BN.PA,oui,
2018-03-20,FR0010208488,1020848,ENGIE (ex-GDF Suez),ENGI.PA,oui,
2018-03-20,FR0000121667,12166,EssilorLuxottica,EL.PA,oui,
2018-03-20,FR0000121485,12148,Kering (ex: Pinault-Printemps-Redoute),KER.PA,oui,
2018-03-20,FR0000120321,12032,L'Oréal,OR.PA,oui,
2018-03-20,FR0000120537,12053,LafargeHolcim,,non,"servie en CHF seulement (HOLN.SW, 2514 seances)"
2018-03-20,FR0010307819,1030781,Legrand,LR.PA,oui,
2018-03-20,FR0000121014,12101,LVMH MOET HENESSY,MC.PA,oui,
2018-03-20,FR0000121261,12126,Michelin B,ML.PA,oui,
2018-03-20,FR0000133308,13330,Orange (ex: France Télécom),ORA.PA,oui,
2018-03-20,FR0000120693,12069,Pernod Ricard,RI.PA,oui,
2018-03-20,FR0000121501,12150,Peugeot S.A.,,non,aucune serie servie sur 2009-2018 (candidat UG.PA)
2018-03-20,FR0000130577,13057,Publicis Groupe SA,PUB.PA,oui,
2018-03-20,FR0000131906,13190,Renault,RNO.PA,oui,
2018-03-20,FR0000073272,7327,Safran,SAF.PA,oui,
2018-03-20,FR0000125007,12500,SAINT-GOBAIN,SGO.PA,oui,
2018-03-20,FR0000120578,12057,Sanofi,SAN.PA,oui,
2018-03-20,FR0000121972,12197,Schneider (Ex-Spie Batignolles),SU.PA,oui,
2018-03-20,FR0000130809,13080,Société Générale,GLE.PA,oui,
2018-03-20,FR0000121220,12122,Sodexo (ex: Sodexho),SW.PA,oui,
2018-03-20,BE0003470755,5809,Solvay,SOLB.BR,oui,
2018-03-20,NL0000226223,12970,STMicroelectronics (Ex-SGS Thomson Microelectronics),STMPA.PA,oui,
2018-03-20,FR0000131708,13170,Technip,,non,aucune serie servie sur 2009-2018 (candidat TEC.PA)
2018-03-20,FR0000120271,12027,Total,TTE.PA,oui,
2018-03-20,FR0000124711,12471,Unibail-Rodamco,,non,"aucune serie en euros (candidats UL.PA, URW.AS)"
2018-03-20,FR0000130338,13033,Valeo,FR.PA,oui,
2018-03-20,FR0000124141,12414,Veolia Environnement,VIE.PA,oui,
2018-03-20,FR0000125486,12548,Vinci,DG.PA,oui,
2018-03-20,FR0000127771,12777,Vivendi,VIV.PA,oui,
2018-04-19,FR0000120404,12040,ACCOR,AC.PA,oui,
2018-04-19,FR0000120073,12007,AIR LIQUIDE,AI.PA,oui,
2018-04-19,NL0000235190,5730,Airbus Group (ex-EADS),AIR.PA,oui,
2018-04-19,LU0323134006,32313400,ArcelorMittal,MT.AS,oui,
2018-04-19,FR0000051732,5173,Atos,ATO.PA,oui,
2018-04-19,FR0000120628,12062,Axa,CS.PA,oui,
2018-04-19,FR0000131104,13110,BNP,BNP.PA,oui,
2018-04-19,FR0000120503,12050,BOUYGUES,EN.PA,oui,
2018-04-19,FR0000125338,12533,Cap Gémini,CAP.PA,oui,
2018-04-19,FR0000120172,12017,CARREFOUR,CA.PA,oui,
2018-04-19,FR0000045072,4507,CREDIT AGRICOLE,ACA.PA,oui,
2018-04-19,FR0000120644,12064,DANONE,BN.PA,oui,
2018-04-19,FR0010208488,1020848,ENGIE (ex-GDF Suez),ENGI.PA,oui,
2018-04-19,FR0000121667,12166,EssilorLuxottica,EL.PA,oui,
2018-04-19,FR0000121485,12148,Kering (ex: Pinault-Printemps-Redoute),KER.PA,oui,
2018-04-19,FR0000120321,12032,L'Oréal,OR.PA,oui,
2018-04-19,FR0000120537,12053,LafargeHolcim,,non,"servie en CHF seulement (HOLN.SW, 2514 seances)"
2018-04-19,FR0010307819,1030781,Legrand,LR.PA,oui,
2018-04-19,FR0000121014,12101,LVMH MOET HENESSY,MC.PA,oui,
2018-04-19,FR0000121261,12126,Michelin B,ML.PA,oui,
2018-04-19,FR0000133308,13330,Orange (ex: France Télécom),ORA.PA,oui,
2018-04-19,FR0000120693,12069,Pernod Ricard,RI.PA,oui,
2018-04-19,FR0000121501,12150,Peugeot S.A.,,non,aucune serie servie sur 2009-2018 (candidat UG.PA)
2018-04-19,FR0000130577,13057,Publicis Groupe SA,PUB.PA,oui,
2018-04-19,FR0000131906,13190,Renault,RNO.PA,oui,
2018-04-19,FR0000073272,7327,Safran,SAF.PA,oui,
2018-04-19,FR0000125007,12500,SAINT-GOBAIN,SGO.PA,oui,
2018-04-19,FR0000120578,12057,Sanofi,SAN.PA,oui,
2018-04-19,FR0000121972,12197,Schneider (Ex-Spie Batignolles),SU.PA,oui,
2018-04-19,FR0000130809,13080,Société Générale,GLE.PA,oui,
2018-04-19,FR0000121220,12122,Sodexo (ex: Sodexho),SW.PA,oui,
2018-04-19,BE0003470755,5809,Solvay,SOLB.BR,oui,
2018-04-19,NL0000226223,12970,STMicroelectronics (Ex-SGS Thomson Microelectronics),STMPA.PA,oui,
2018-04-19,FR0000131708,13170,Technip,,non,aucune serie servie sur 2009-2018 (candidat TEC.PA)
2018-04-19,FR0000120271,12027,Total,TTE.PA,oui,
2018-04-19,FR0000124711,12471,Unibail-Rodamco,,non,"aucune serie en euros (candidats UL.PA, URW.AS)"
2018-04-19,FR0000130338,13033,Valeo,FR.PA,oui,
2018-04-19,FR0000124141,12414,Veolia Environnement,VIE.PA,oui,
2018-04-19,FR0000125486,12548,Vinci,DG.PA,oui,
2018-04-19,FR0000127771,12777,Vivendi,VIV.PA,oui,
2018-05-18,FR0000120404,12040,ACCOR,AC.PA,oui,
2018-05-18,FR0000120073,12007,AIR LIQUIDE,AI.PA,oui,
2018-05-18,NL0000235190,5730,Airbus Group (ex-EADS),AIR.PA,oui,
2018-05-18,LU0323134006,32313400,ArcelorMittal,MT.AS,oui,
2018-05-18,FR0000051732,5173,Atos,ATO.PA,oui,
2018-05-18,FR0000120628,12062,Axa,CS.PA,oui,
2018-05-18,FR0000131104,13110,BNP,BNP.PA,oui,
2018-05-18,FR0000120503,12050,BOUYGUES,EN.PA,oui,
2018-05-18,FR0000125338,12533,Cap Gémini,CAP.PA,oui,
2018-05-18,FR0000120172,12017,CARREFOUR,CA.PA,oui,
2018-05-18,FR0000045072,4507,CREDIT AGRICOLE,ACA.PA,oui,
2018-05-18,FR0000120644,12064,DANONE,BN.PA,oui,
2018-05-18,FR0010208488,1020848,ENGIE (ex-GDF Suez),ENGI.PA,oui,
2018-05-18,FR0000121667,12166,EssilorLuxottica,EL.PA,oui,
2018-05-18,FR0000121485,12148,Kering (ex: Pinault-Printemps-Redoute),KER.PA,oui,
2018-05-18,FR0000120321,12032,L'Oréal,OR.PA,oui,
2018-05-18,FR0000120537,12053,LafargeHolcim,,non,"servie en CHF seulement (HOLN.SW, 2514 seances)"
2018-05-18,FR0010307819,1030781,Legrand,LR.PA,oui,
2018-05-18,FR0000121014,12101,LVMH MOET HENESSY,MC.PA,oui,
2018-05-18,FR0000121261,12126,Michelin B,ML.PA,oui,
2018-05-18,FR0000133308,13330,Orange (ex: France Télécom),ORA.PA,oui,
2018-05-18,FR0000120693,12069,Pernod Ricard,RI.PA,oui,
2018-05-18,FR0000121501,12150,Peugeot S.A.,,non,aucune serie servie sur 2009-2018 (candidat UG.PA)
2018-05-18,FR0000130577,13057,Publicis Groupe SA,PUB.PA,oui,
2018-05-18,FR0000131906,13190,Renault,RNO.PA,oui,
2018-05-18,FR0000073272,7327,Safran,SAF.PA,oui,
2018-05-18,FR0000125007,12500,SAINT-GOBAIN,SGO.PA,oui,
2018-05-18,FR0000120578,12057,Sanofi,SAN.PA,oui,
2018-05-18,FR0000121972,12197,Schneider (Ex-Spie Batignolles),SU.PA,oui,
2018-05-18,FR0000130809,13080,Société Générale,GLE.PA,oui,
2018-05-18,FR0000121220,12122,Sodexo (ex: Sodexho),SW.PA,oui,
2018-05-18,BE0003470755,5809,Solvay,SOLB.BR,oui,
2018-05-18,NL0000226223,12970,STMicroelectronics (Ex-SGS Thomson Microelectronics),STMPA.PA,oui,
2018-05-18,FR0000131708,13170,Technip,,non,aucune serie servie sur 2009-2018 (candidat TEC.PA)
2018-05-18,FR0000120271,12027,Total,TTE.PA,oui,
2018-05-18,FR0000124711,12471,Unibail-Rodamco,,non,"aucune serie en euros (candidats UL.PA, URW.AS)"
2018-05-18,FR0000130338,13033,Valeo,FR.PA,oui,
2018-05-18,FR0000124141,12414,Veolia Environnement,VIE.PA,oui,
2018-05-18,FR0000125486,12548,Vinci,DG.PA,oui,
2018-05-18,FR0000127771,12777,Vivendi,VIV.PA,oui,
2018-06-15,FR0000120404,12040,ACCOR,AC.PA,oui,
2018-06-15,FR0000120073,12007,AIR LIQUIDE,AI.PA,oui,
2018-06-15,NL0000235190,5730,Airbus Group (ex-EADS),AIR.PA,oui,
2018-06-15,LU0323134006,32313400,ArcelorMittal,MT.AS,oui,
2018-06-15,FR0000051732,5173,Atos,ATO.PA,oui,
2018-06-15,FR0000120628,12062,Axa,CS.PA,oui,
2018-06-15,FR0000131104,13110,BNP,BNP.PA,oui,
2018-06-15,FR0000120503,12050,BOUYGUES,EN.PA,oui,
2018-06-15,FR0000125338,12533,Cap Gémini,CAP.PA,oui,
2018-06-15,FR0000120172,12017,CARREFOUR,CA.PA,oui,
2018-06-15,FR0000045072,4507,CREDIT AGRICOLE,ACA.PA,oui,
2018-06-15,FR0000120644,12064,DANONE,BN.PA,oui,
2018-06-15,FR0010208488,1020848,ENGIE (ex-GDF Suez),ENGI.PA,oui,
2018-06-15,FR0000121667,12166,EssilorLuxottica,EL.PA,oui,
2018-06-15,FR0000121485,12148,Kering (ex: Pinault-Printemps-Redoute),KER.PA,oui,
2018-06-15,FR0000120321,12032,L'Oréal,OR.PA,oui,
2018-06-15,FR0010307819,1030781,Legrand,LR.PA,oui,
2018-06-15,FR0000121014,12101,LVMH MOET HENESSY,MC.PA,oui,
2018-06-15,FR0000121261,12126,Michelin B,ML.PA,oui,
2018-06-15,FR0000133308,13330,Orange (ex: France Télécom),ORA.PA,oui,
2018-06-15,FR0000120693,12069,Pernod Ricard,RI.PA,oui,
2018-06-15,FR0000121501,12150,Peugeot S.A.,,non,aucune serie servie sur 2009-2018 (candidat UG.PA)
2018-06-15,FR0000130577,13057,Publicis Groupe SA,PUB.PA,oui,
2018-06-15,FR0000131906,13190,Renault,RNO.PA,oui,
2018-06-15,FR0000073272,7327,Safran,SAF.PA,oui,
2018-06-15,FR0000125007,12500,SAINT-GOBAIN,SGO.PA,oui,
2018-06-15,FR0000120578,12057,Sanofi,SAN.PA,oui,
2018-06-15,FR0000121972,12197,Schneider (Ex-Spie Batignolles),SU.PA,oui,
2018-06-15,FR0000130809,13080,Société Générale,GLE.PA,oui,
2018-06-15,FR0000121220,12122,Sodexo (ex: Sodexho),SW.PA,oui,
2018-06-15,BE0003470755,5809,Solvay,SOLB.BR,oui,
2018-06-15,NL0000226223,12970,STMicroelectronics (Ex-SGS Thomson Microelectronics),STMPA.PA,oui,
2018-06-15,FR0000131708,13170,Technip,,non,aucune serie servie sur 2009-2018 (candidat TEC.PA)
2018-06-15,FR0000120271,12027,Total,TTE.PA,oui,
2018-06-15,FR0000124711,12471,Unibail-Rodamco,,non,"aucune serie en euros (candidats UL.PA, URW.AS)"
2018-06-15,FR0000130338,13033,Valeo,FR.PA,oui,
2018-06-15,FR0000124141,12414,Veolia Environnement,VIE.PA,oui,
2018-06-15,FR0000125486,12548,Vinci,DG.PA,oui,
2018-06-15,FR0000127771,12777,Vivendi,VIV.PA,oui,
2018-07-13,FR0000120404,12040,ACCOR,AC.PA,oui,
2018-07-13,FR0000120073,12007,AIR LIQUIDE,AI.PA,oui,
2018-07-13,NL0000235190,5730,Airbus Group (ex-EADS),AIR.PA,oui,
2018-07-13,LU0323134006,32313400,ArcelorMittal,MT.AS,oui,
2018-07-13,FR0000051732,5173,Atos,ATO.PA,oui,
2018-07-13,FR0000120628,12062,Axa,CS.PA,oui,
2018-07-13,FR0000131104,13110,BNP,BNP.PA,oui,
2018-07-13,FR0000120503,12050,BOUYGUES,EN.PA,oui,
2018-07-13,FR0000125338,12533,Cap Gémini,CAP.PA,oui,
2018-07-13,FR0000120172,12017,CARREFOUR,CA.PA,oui,
2018-07-13,FR0000045072,4507,CREDIT AGRICOLE,ACA.PA,oui,
2018-07-13,FR0000120644,12064,DANONE,BN.PA,oui,
2018-07-13,FR0010208488,1020848,ENGIE (ex-GDF Suez),ENGI.PA,oui,
2018-07-13,FR0000121667,12166,EssilorLuxottica,EL.PA,oui,
2018-07-13,FR0000052292,5229,Hermes International,RMS.PA,oui,
2018-07-13,FR0000121485,12148,Kering (ex: Pinault-Printemps-Redoute),KER.PA,oui,
2018-07-13,FR0000120321,12032,L'Oréal,OR.PA,oui,
2018-07-13,FR0010307819,1030781,Legrand,LR.PA,oui,
2018-07-13,FR0000121014,12101,LVMH MOET HENESSY,MC.PA,oui,
2018-07-13,FR0000121261,12126,Michelin B,ML.PA,oui,
2018-07-13,FR0000133308,13330,Orange (ex: France Télécom),ORA.PA,oui,
2018-07-13,FR0000120693,12069,Pernod Ricard,RI.PA,oui,
2018-07-13,FR0000121501,12150,Peugeot S.A.,,non,aucune serie servie sur 2009-2018 (candidat UG.PA)
2018-07-13,FR0000130577,13057,Publicis Groupe SA,PUB.PA,oui,
2018-07-13,FR0000131906,13190,Renault,RNO.PA,oui,
2018-07-13,FR0000073272,7327,Safran,SAF.PA,oui,
2018-07-13,FR0000125007,12500,SAINT-GOBAIN,SGO.PA,oui,
2018-07-13,FR0000120578,12057,Sanofi,SAN.PA,oui,
2018-07-13,FR0000121972,12197,Schneider (Ex-Spie Batignolles),SU.PA,oui,
2018-07-13,FR0000130809,13080,Société Générale,GLE.PA,oui,
2018-07-13,FR0000121220,12122,Sodexo (ex: Sodexho),SW.PA,oui,
2018-07-13,NL0000226223,12970,STMicroelectronics (Ex-SGS Thomson Microelectronics),STMPA.PA,oui,
2018-07-13,FR0000131708,13170,Technip,,non,aucune serie servie sur 2009-2018 (candidat TEC.PA)
2018-07-13,FR0000120271,12027,Total,TTE.PA,oui,
2018-07-13,FR0000124711,12471,Unibail-Rodamco,,non,"aucune serie en euros (candidats UL.PA, URW.AS)"
2018-07-13,FR0000130338,13033,Valeo,FR.PA,oui,
2018-07-13,FR0000124141,12414,Veolia Environnement,VIE.PA,oui,
2018-07-13,FR0000125486,12548,Vinci,DG.PA,oui,
2018-07-13,FR0000127771,12777,Vivendi,VIV.PA,oui,
2018-08-10,FR0000120404,12040,ACCOR,AC.PA,oui,
2018-08-10,FR0000120073,12007,AIR LIQUIDE,AI.PA,oui,
2018-08-10,NL0000235190,5730,Airbus Group (ex-EADS),AIR.PA,oui,
2018-08-10,LU0323134006,32313400,ArcelorMittal,MT.AS,oui,
2018-08-10,FR0000051732,5173,Atos,ATO.PA,oui,
2018-08-10,FR0000120628,12062,Axa,CS.PA,oui,
2018-08-10,FR0000131104,13110,BNP,BNP.PA,oui,
2018-08-10,FR0000120503,12050,BOUYGUES,EN.PA,oui,
2018-08-10,FR0000125338,12533,Cap Gémini,CAP.PA,oui,
2018-08-10,FR0000120172,12017,CARREFOUR,CA.PA,oui,
2018-08-10,FR0000045072,4507,CREDIT AGRICOLE,ACA.PA,oui,
2018-08-10,FR0000120644,12064,DANONE,BN.PA,oui,
2018-08-10,FR0010208488,1020848,ENGIE (ex-GDF Suez),ENGI.PA,oui,
2018-08-10,FR0000121667,12166,EssilorLuxottica,EL.PA,oui,
2018-08-10,FR0000052292,5229,Hermes International,RMS.PA,oui,
2018-08-10,FR0000121485,12148,Kering (ex: Pinault-Printemps-Redoute),KER.PA,oui,
2018-08-10,FR0000120321,12032,L'Oréal,OR.PA,oui,
2018-08-10,FR0010307819,1030781,Legrand,LR.PA,oui,
2018-08-10,FR0000121014,12101,LVMH MOET HENESSY,MC.PA,oui,
2018-08-10,FR0000121261,12126,Michelin B,ML.PA,oui,
2018-08-10,FR0000133308,13330,Orange (ex: France Télécom),ORA.PA,oui,
2018-08-10,FR0000120693,12069,Pernod Ricard,RI.PA,oui,
2018-08-10,FR0000121501,12150,Peugeot S.A.,,non,aucune serie servie sur 2009-2018 (candidat UG.PA)
2018-08-10,FR0000130577,13057,Publicis Groupe SA,PUB.PA,oui,
2018-08-10,FR0000131906,13190,Renault,RNO.PA,oui,
2018-08-10,FR0000073272,7327,Safran,SAF.PA,oui,
2018-08-10,FR0000125007,12500,SAINT-GOBAIN,SGO.PA,oui,
2018-08-10,FR0000120578,12057,Sanofi,SAN.PA,oui,
2018-08-10,FR0000121972,12197,Schneider (Ex-Spie Batignolles),SU.PA,oui,
2018-08-10,FR0000130809,13080,Société Générale,GLE.PA,oui,
2018-08-10,FR0000121220,12122,Sodexo (ex: Sodexho),SW.PA,oui,
2018-08-10,NL0000226223,12970,STMicroelectronics (Ex-SGS Thomson Microelectronics),STMPA.PA,oui,
2018-08-10,FR0000131708,13170,Technip,,non,aucune serie servie sur 2009-2018 (candidat TEC.PA)
2018-08-10,FR0000120271,12027,Total,TTE.PA,oui,
2018-08-10,FR0000124711,12471,Unibail-Rodamco,,non,"aucune serie en euros (candidats UL.PA, URW.AS)"
2018-08-10,FR0000130338,13033,Valeo,FR.PA,oui,
2018-08-10,FR0000124141,12414,Veolia Environnement,VIE.PA,oui,
2018-08-10,FR0000125486,12548,Vinci,DG.PA,oui,
2018-08-10,FR0000127771,12777,Vivendi,VIV.PA,oui,
2018-09-07,FR0000120404,12040,ACCOR,AC.PA,oui,
2018-09-07,FR0000120073,12007,AIR LIQUIDE,AI.PA,oui,
2018-09-07,NL0000235190,5730,Airbus Group (ex-EADS),AIR.PA,oui,
2018-09-07,LU0323134006,32313400,ArcelorMittal,MT.AS,oui,
2018-09-07,FR0000051732,5173,Atos,ATO.PA,oui,
2018-09-07,FR0000120628,12062,Axa,CS.PA,oui,
2018-09-07,FR0000131104,13110,BNP,BNP.PA,oui,
2018-09-07,FR0000120503,12050,BOUYGUES,EN.PA,oui,
2018-09-07,FR0000125338,12533,Cap Gémini,CAP.PA,oui,
2018-09-07,FR0000120172,12017,CARREFOUR,CA.PA,oui,
2018-09-07,FR0000045072,4507,CREDIT AGRICOLE,ACA.PA,oui,
2018-09-07,FR0000120644,12064,DANONE,BN.PA,oui,
2018-09-07,FR0010208488,1020848,ENGIE (ex-GDF Suez),ENGI.PA,oui,
2018-09-07,FR0000121667,12166,EssilorLuxottica,EL.PA,oui,
2018-09-07,FR0000052292,5229,Hermes International,RMS.PA,oui,
2018-09-07,FR0000121485,12148,Kering (ex: Pinault-Printemps-Redoute),KER.PA,oui,
2018-09-07,FR0000120321,12032,L'Oréal,OR.PA,oui,
2018-09-07,FR0010307819,1030781,Legrand,LR.PA,oui,
2018-09-07,FR0000121014,12101,LVMH MOET HENESSY,MC.PA,oui,
2018-09-07,FR0000121261,12126,Michelin B,ML.PA,oui,
2018-09-07,FR0000133308,13330,Orange (ex: France Télécom),ORA.PA,oui,
2018-09-07,FR0000120693,12069,Pernod Ricard,RI.PA,oui,
2018-09-07,FR0000121501,12150,Peugeot S.A.,,non,aucune serie servie sur 2009-2018 (candidat UG.PA)
2018-09-07,FR0000130577,13057,Publicis Groupe SA,PUB.PA,oui,
2018-09-07,FR0000131906,13190,Renault,RNO.PA,oui,
2018-09-07,FR0000073272,7327,Safran,SAF.PA,oui,
2018-09-07,FR0000125007,12500,SAINT-GOBAIN,SGO.PA,oui,
2018-09-07,FR0000120578,12057,Sanofi,SAN.PA,oui,
2018-09-07,FR0000121972,12197,Schneider (Ex-Spie Batignolles),SU.PA,oui,
2018-09-07,FR0000130809,13080,Société Générale,GLE.PA,oui,
2018-09-07,FR0000121220,12122,Sodexo (ex: Sodexho),SW.PA,oui,
2018-09-07,NL0000226223,12970,STMicroelectronics (Ex-SGS Thomson Microelectronics),STMPA.PA,oui,
2018-09-07,FR0000131708,13170,Technip,,non,aucune serie servie sur 2009-2018 (candidat TEC.PA)
2018-09-07,FR0000120271,12027,Total,TTE.PA,oui,
2018-09-07,FR0000124711,12471,Unibail-Rodamco,,non,"aucune serie en euros (candidats UL.PA, URW.AS)"
2018-09-07,FR0000130338,13033,Valeo,FR.PA,oui,
2018-09-07,FR0000124141,12414,Veolia Environnement,VIE.PA,oui,
2018-09-07,FR0000125486,12548,Vinci,DG.PA,oui,
2018-09-07,FR0000127771,12777,Vivendi,VIV.PA,oui,
2018-10-05,FR0000120404,12040,ACCOR,AC.PA,oui,
2018-10-05,FR0000120073,12007,AIR LIQUIDE,AI.PA,oui,
2018-10-05,NL0000235190,5730,Airbus Group (ex-EADS),AIR.PA,oui,
2018-10-05,LU0323134006,32313400,ArcelorMittal,MT.AS,oui,
2018-10-05,FR0000051732,5173,Atos,ATO.PA,oui,
2018-10-05,FR0000120628,12062,Axa,CS.PA,oui,
2018-10-05,FR0000131104,13110,BNP,BNP.PA,oui,
2018-10-05,FR0000120503,12050,BOUYGUES,EN.PA,oui,
2018-10-05,FR0000125338,12533,Cap Gémini,CAP.PA,oui,
2018-10-05,FR0000120172,12017,CARREFOUR,CA.PA,oui,
2018-10-05,FR0000045072,4507,CREDIT AGRICOLE,ACA.PA,oui,
2018-10-05,FR0000120644,12064,DANONE,BN.PA,oui,
2018-10-05,FR0000130650,13065,Dassault Systèmes,DSY.PA,oui,
2018-10-05,FR0010208488,1020848,ENGIE (ex-GDF Suez),ENGI.PA,oui,
2018-10-05,FR0000121667,12166,EssilorLuxottica,EL.PA,oui,
2018-10-05,FR0000052292,5229,Hermes International,RMS.PA,oui,
2018-10-05,FR0000121485,12148,Kering (ex: Pinault-Printemps-Redoute),KER.PA,oui,
2018-10-05,FR0000120321,12032,L'Oréal,OR.PA,oui,
2018-10-05,FR0010307819,1030781,Legrand,LR.PA,oui,
2018-10-05,FR0000121014,12101,LVMH MOET HENESSY,MC.PA,oui,
2018-10-05,FR0000121261,12126,Michelin B,ML.PA,oui,
2018-10-05,FR0000133308,13330,Orange (ex: France Télécom),ORA.PA,oui,
2018-10-05,FR0000120693,12069,Pernod Ricard,RI.PA,oui,
2018-10-05,FR0000121501,12150,Peugeot S.A.,,non,aucune serie servie sur 2009-2018 (candidat UG.PA)
2018-10-05,FR0000130577,13057,Publicis Groupe SA,PUB.PA,oui,
2018-10-05,FR0000131906,13190,Renault,RNO.PA,oui,
2018-10-05,FR0000073272,7327,Safran,SAF.PA,oui,
2018-10-05,FR0000125007,12500,SAINT-GOBAIN,SGO.PA,oui,
2018-10-05,FR0000120578,12057,Sanofi,SAN.PA,oui,
2018-10-05,FR0000121972,12197,Schneider (Ex-Spie Batignolles),SU.PA,oui,
2018-10-05,FR0000130809,13080,Société Générale,GLE.PA,oui,
2018-10-05,FR0000121220,12122,Sodexo (ex: Sodexho),SW.PA,oui,
2018-10-05,NL0000226223,12970,STMicroelectronics (Ex-SGS Thomson Microelectronics),STMPA.PA,oui,
2018-10-05,FR0000131708,13170,Technip,,non,aucune serie servie sur 2009-2018 (candidat TEC.PA)
2018-10-05,FR0000120271,12027,Total,TTE.PA,oui,
2018-10-05,FR0000124711,12471,Unibail-Rodamco,,non,"aucune serie en euros (candidats UL.PA, URW.AS)"
2018-10-05,FR0000130338,13033,Valeo,FR.PA,oui,
2018-10-05,FR0000124141,12414,Veolia Environnement,VIE.PA,oui,
2018-10-05,FR0000125486,12548,Vinci,DG.PA,oui,
2018-10-05,FR0000127771,12777,Vivendi,VIV.PA,oui,
2018-11-02,FR0000120404,12040,ACCOR,AC.PA,oui,
2018-11-02,FR0000120073,12007,AIR LIQUIDE,AI.PA,oui,
2018-11-02,NL0000235190,5730,Airbus Group (ex-EADS),AIR.PA,oui,
2018-11-02,LU0323134006,32313400,ArcelorMittal,MT.AS,oui,
2018-11-02,FR0000051732,5173,Atos,ATO.PA,oui,
2018-11-02,FR0000120628,12062,Axa,CS.PA,oui,
2018-11-02,FR0000131104,13110,BNP,BNP.PA,oui,
2018-11-02,FR0000120503,12050,BOUYGUES,EN.PA,oui,
2018-11-02,FR0000125338,12533,Cap Gémini,CAP.PA,oui,
2018-11-02,FR0000120172,12017,CARREFOUR,CA.PA,oui,
2018-11-02,FR0000045072,4507,CREDIT AGRICOLE,ACA.PA,oui,
2018-11-02,FR0000120644,12064,DANONE,BN.PA,oui,
2018-11-02,FR0000130650,13065,Dassault Systèmes,DSY.PA,oui,
2018-11-02,FR0010208488,1020848,ENGIE (ex-GDF Suez),ENGI.PA,oui,
2018-11-02,FR0000121667,12166,EssilorLuxottica,EL.PA,oui,
2018-11-02,FR0000052292,5229,Hermes International,RMS.PA,oui,
2018-11-02,FR0000121485,12148,Kering (ex: Pinault-Printemps-Redoute),KER.PA,oui,
2018-11-02,FR0000120321,12032,L'Oréal,OR.PA,oui,
2018-11-02,FR0010307819,1030781,Legrand,LR.PA,oui,
2018-11-02,FR0000121014,12101,LVMH MOET HENESSY,MC.PA,oui,
2018-11-02,FR0000121261,12126,Michelin B,ML.PA,oui,
2018-11-02,FR0000133308,13330,Orange (ex: France Télécom),ORA.PA,oui,
2018-11-02,FR0000120693,12069,Pernod Ricard,RI.PA,oui,
2018-11-02,FR0000121501,12150,Peugeot S.A.,,non,aucune serie servie sur 2009-2018 (candidat UG.PA)
2018-11-02,FR0000130577,13057,Publicis Groupe SA,PUB.PA,oui,
2018-11-02,FR0000131906,13190,Renault,RNO.PA,oui,
2018-11-02,FR0000073272,7327,Safran,SAF.PA,oui,
2018-11-02,FR0000125007,12500,SAINT-GOBAIN,SGO.PA,oui,
2018-11-02,FR0000120578,12057,Sanofi,SAN.PA,oui,
2018-11-02,FR0000121972,12197,Schneider (Ex-Spie Batignolles),SU.PA,oui,
2018-11-02,FR0000130809,13080,Société Générale,GLE.PA,oui,
2018-11-02,FR0000121220,12122,Sodexo (ex: Sodexho),SW.PA,oui,
2018-11-02,NL0000226223,12970,STMicroelectronics (Ex-SGS Thomson Microelectronics),STMPA.PA,oui,
2018-11-02,FR0000131708,13170,Technip,,non,aucune serie servie sur 2009-2018 (candidat TEC.PA)
2018-11-02,FR0000120271,12027,Total,TTE.PA,oui,
2018-11-02,FR0000124711,12471,Unibail-Rodamco,,non,"aucune serie en euros (candidats UL.PA, URW.AS)"
2018-11-02,FR0000130338,13033,Valeo,FR.PA,oui,
2018-11-02,FR0000124141,12414,Veolia Environnement,VIE.PA,oui,
2018-11-02,FR0000125486,12548,Vinci,DG.PA,oui,
2018-11-02,FR0000127771,12777,Vivendi,VIV.PA,oui,
2018-11-30,FR0000120404,12040,ACCOR,AC.PA,oui,
2018-11-30,FR0000120073,12007,AIR LIQUIDE,AI.PA,oui,
2018-11-30,NL0000235190,5730,Airbus Group (ex-EADS),AIR.PA,oui,
2018-11-30,LU0323134006,32313400,ArcelorMittal,MT.AS,oui,
2018-11-30,FR0000051732,5173,Atos,ATO.PA,oui,
2018-11-30,FR0000120628,12062,Axa,CS.PA,oui,
2018-11-30,FR0000131104,13110,BNP,BNP.PA,oui,
2018-11-30,FR0000120503,12050,BOUYGUES,EN.PA,oui,
2018-11-30,FR0000125338,12533,Cap Gémini,CAP.PA,oui,
2018-11-30,FR0000120172,12017,CARREFOUR,CA.PA,oui,
2018-11-30,FR0000045072,4507,CREDIT AGRICOLE,ACA.PA,oui,
2018-11-30,FR0000120644,12064,DANONE,BN.PA,oui,
2018-11-30,FR0000130650,13065,Dassault Systèmes,DSY.PA,oui,
2018-11-30,FR0010208488,1020848,ENGIE (ex-GDF Suez),ENGI.PA,oui,
2018-11-30,FR0000121667,12166,EssilorLuxottica,EL.PA,oui,
2018-11-30,FR0000052292,5229,Hermes International,RMS.PA,oui,
2018-11-30,FR0000121485,12148,Kering (ex: Pinault-Printemps-Redoute),KER.PA,oui,
2018-11-30,FR0000120321,12032,L'Oréal,OR.PA,oui,
2018-11-30,FR0010307819,1030781,Legrand,LR.PA,oui,
2018-11-30,FR0000121014,12101,LVMH MOET HENESSY,MC.PA,oui,
2018-11-30,FR0000121261,12126,Michelin B,ML.PA,oui,
2018-11-30,FR0000133308,13330,Orange (ex: France Télécom),ORA.PA,oui,
2018-11-30,FR0000120693,12069,Pernod Ricard,RI.PA,oui,
2018-11-30,FR0000121501,12150,Peugeot S.A.,,non,aucune serie servie sur 2009-2018 (candidat UG.PA)
2018-11-30,FR0000130577,13057,Publicis Groupe SA,PUB.PA,oui,
2018-11-30,FR0000131906,13190,Renault,RNO.PA,oui,
2018-11-30,FR0000073272,7327,Safran,SAF.PA,oui,
2018-11-30,FR0000125007,12500,SAINT-GOBAIN,SGO.PA,oui,
2018-11-30,FR0000120578,12057,Sanofi,SAN.PA,oui,
2018-11-30,FR0000121972,12197,Schneider (Ex-Spie Batignolles),SU.PA,oui,
2018-11-30,FR0000130809,13080,Société Générale,GLE.PA,oui,
2018-11-30,FR0000121220,12122,Sodexo (ex: Sodexho),SW.PA,oui,
2018-11-30,NL0000226223,12970,STMicroelectronics (Ex-SGS Thomson Microelectronics),STMPA.PA,oui,
2018-11-30,FR0000131708,13170,Technip,,non,aucune serie servie sur 2009-2018 (candidat TEC.PA)
2018-11-30,FR0000120271,12027,Total,TTE.PA,oui,
2018-11-30,FR0000124711,12471,Unibail-Rodamco,,non,"aucune serie en euros (candidats UL.PA, URW.AS)"
2018-11-30,FR0000130338,13033,Valeo,FR.PA,oui,
2018-11-30,FR0000124141,12414,Veolia Environnement,VIE.PA,oui,
2018-11-30,FR0000125486,12548,Vinci,DG.PA,oui,
2018-11-30,FR0000127771,12777,Vivendi,VIV.PA,oui,
