DATE,ROLE,DATE_EVALUEE,TICKER,CLOSE,TEND_120,TEND_20,POSITION,ALPHA,ALPHA_BAS,ALPHA_HAUT,MOMENTUM,SUPPORT,RESISTANCE,PENTE_SUP,PENTE_RES,PORTEE_SUP,PORTEE_RES,EPISODES_SUP,EPISODES_RES,LARGEUR,TAU,VETOS,VERDICT
2022-12-30,DECISION,2022-12-30,AIR.PA,103.31397247314453,1.0,0.0,2.5,-4.35,-34.2,25.51,-5.89,103.13,110.52,0.3589,0.0741,63.0,58.0,3.0,3.0,7.39,26.0,aucun,ATTENTE
2022-12-30,DECISION,2022-12-30,MC.PA,631.1861572265625,1.0,-1.0,5.1,1.13,-23.32,25.57,4.19,627.83,693.52,1.4351,0.4246,51.0,75.0,4.0,4.0,65.69,65.0,veto 3 : critères 1 et 2 de signes opposés,ATTENTE
2022-12-30,DECISION,2022-12-30,OR.PA,312.0907897949219,-1.0,-1.0,2.8,-6.35,-30.82,18.12,-12.12,311.3,339.56,0.7496,-0.0862,40.0,89.0,3.0,4.0,28.26,33.8,aucun,ATTENTE
2022-12-30,DECISION,2022-12-30,SAN.PA,75.43019104003906,-1.0,1.0,87.2,5.65,-20.73,32.03,1.54,65.66,76.86,0.0147,-0.0713,32.0,94.0,2.0,4.0,11.2,130.3,veto 1 : moins de 3 épisodes de contact d'un côté; veto 3 : critères 1 et 2 de signes opposés,ATTENTE
2022-12-30,DECISION,2022-12-30,BNP.PA,41.15745544433594,1.0,1.0,15.3,2.59,-25.92,31.11,-11.09,40.92,42.49,0.1579,0.0339,46.0,75.0,3.0,7.0,1.57,12.7,veto 2 : canal se refermant en 12.7 séances,ATTENTE
2022-12-30,DECISION,2022-12-30,TTE.PA,48.1181755065918,1.0,1.0,38.5,23.4,-8.53,55.33,35.37,46.78,50.26,0.1444,0.0724,56.0,71.0,3.0,6.0,3.49,48.4,aucun,ATTENTE
2022-12-30,DECISION,2022-12-30,SU.PA,122.10205078125,1.0,-1.0,1.0,-7.88,-32.15,16.39,-16.09,121.95,136.47,0.2748,0.0808,66.0,71.0,3.0,5.0,14.52,74.8,veto 3 : critères 1 et 2 de signes opposés,ATTENTE
2022-12-30,DECISION,2022-12-30,AI.PA,101.55265045166016,1.0,-1.0,0.5,-4.34,-23.84,15.16,-1.04,101.51,110.1,0.2496,0.0454,55.0,73.0,2.0,3.0,8.59,42.1,veto 1 : moins de 3 épisodes de contact d'un côté; veto 3 : critères 1 et 2 de signes opposés,ATTENTE
2022-12-30,DECISION,2022-12-30,DG.PA,80.49412536621094,1.0,-1.0,3.2,-3.05,-24.1,18.0,6.37,80.31,86.18,0.1935,0.0431,57.0,58.0,3.0,3.0,5.87,39.1,veto 3 : critères 1 et 2 de signes opposés,ATTENTE
2022-12-30,DECISION,2022-12-30,CAP.PA,142.29864501953125,-1.0,-1.0,5.5,-1.33,-28.85,26.18,-13.39,141.1,162.94,0.0309,-0.1306,68.0,73.0,3.0,4.0,21.84,135.2,aucun,ATTENTE
2022-12-30,DECISION,2022-12-30,RI.PA,156.84153747558594,0.0,-1.0,12.8,-0.18,-22.28,21.91,-5.05,155.89,163.32,0.2428,-0.0241,42.0,80.0,3.0,2.0,7.42,27.8,veto 1 : moins de 3 épisodes de contact d'un côté,ATTENTE
2022-12-30,DECISION,2022-12-30,ORA.PA,7.487525939941406,-1.0,0.0,35.4,0.96,-17.6,19.53,7.33,7.38,7.69,0.0047,-0.0052,52.0,93.0,4.0,4.0,0.31,31.4,aucun,ATTENTE
2023-01-31,DECISION,2023-01-31,AIR.PA,106.86882781982422,1.0,0.0,23.6,-8.53,-37.67,20.61,-0.13,104.69,113.91,0.2844,0.0889,85.0,115.0,2.0,5.0,9.21,47.1,veto 1 : moins de 3 épisodes de contact d'un côté,ATTENTE
2023-01-31,DECISION,2023-01-31,MC.PA,742.6812133789062,1.0,1.0,86.3,3.24,-20.45,26.92,0.11,659.4,755.95,1.4351,0.8764,51.0,109.0,4.0,3.0,96.55,172.8,aucun,ATTENTE
2023-01-31,DECISION,2023-01-31,OR.PA,353.6748046875,1.0,1.0,69.0,-4.44,-28.36,19.48,-7.3,327.79,365.29,0.7496,0.1928,40.0,106.0,2.0,3.0,37.5,67.4,veto 1 : moins de 3 épisodes de contact d'un côté,ATTENTE
2023-01-31,DECISION,2023-01-31,SAN.PA,75.28746032714844,1.0,-1.0,10.2,3.47,-22.06,29.01,1.78,74.74,80.09,0.1177,0.0551,85.0,81.0,3.0,3.0,5.35,85.5,veto 3 : critères 1 et 2 de signes opposés,ATTENTE
2023-01-31,DECISION,2023-01-31,BNP.PA,48.61603927612305,1.0,1.0,96.5,4.94,-22.61,32.49,-10.67,44.39,48.77,0.1579,0.0808,46.0,118.0,3.0,2.0,4.38,56.8,veto 1 : moins de 3 épisodes de contact d'un côté,ATTENTE
2023-01-31,DECISION,2023-01-31,TTE.PA,47.30458068847656,1.0,0.0,5.6,18.26,-12.93,49.45,25.63,47.02,52.07,0.1107,0.0743,87.0,94.0,2.0,6.0,5.05,138.4,veto 1 : moins de 3 épisodes de contact d'un côté,ATTENTE
2023-01-31,DECISION,2023-01-31,SU.PA,138.541748046875,1.0,1.0,82.8,-6.74,-30.27,16.78,-7.76,128.0,140.74,0.2748,0.1019,66.0,106.0,3.0,6.0,12.74,73.6,aucun,ATTENTE
2023-01-31,DECISION,2023-01-31,AI.PA,112.03005981445312,1.0,1.0,67.9,-2.82,-22.0,16.35,3.69,107.0,114.4,0.2496,0.0732,55.0,118.0,3.0,2.0,7.41,42.0,veto 1 : moins de 3 épisodes de contact d'un côté,ATTENTE
2023-01-31,DECISION,2023-01-31,DG.PA,89.42450714111328,1.0,1.0,72.9,-2.31,-22.73,18.11,-3.01,84.56,91.23,0.1935,0.0814,57.0,116.0,2.0,4.0,6.66,59.5,veto 1 : moins de 3 épisodes de contact d'un côté,ATTENTE
2023-01-31,DECISION,2023-01-31,CAP.PA,158.67733764648438,-1.0,1.0,86.9,-0.82,-27.62,25.98,-17.49,141.78,161.22,0.0309,-0.113,68.0,109.0,3.0,6.0,19.44,135.1,veto 3 : critères 1 et 2 de signes opposés,ATTENTE
2023-01-31,DECISION,2023-01-31,RI.PA,162.09091186523438,1.0,0.0,49.4,-1.77,-23.74,20.19,-0.64,155.37,168.98,0.1601,0.032,69.0,109.0,4.0,2.0,13.61,106.2,veto 1 : moins de 3 épisodes de contact d'un côté,ATTENTE
2023-01-31,DECISION,2023-01-31,ORA.PA,7.8433051109313965,0.0,-1.0,63.3,1.83,-16.44,20.1,-6.63,7.48,8.05,0.0047,-0.0009,52.0,101.0,4.0,3.0,0.57,102.0,aucun,ATTENTE
2023-02-28,DECISION,2023-02-28,AIR.PA,115.41163635253906,1.0,1.0,73.8,-6.87,-35.42,21.68,24.48,107.81,118.1,0.26,0.1293,93.0,74.0,3.0,4.0,10.29,78.8,aucun,ATTENTE
2023-02-28,DECISION,2023-02-28,MC.PA,732.46923828125,1.0,0.0,8.8,0.5,-22.57,23.58,47.88,726.28,796.7,2.3371,1.5121,40.0,102.0,2.0,5.0,70.42,85.4,veto 1 : moins de 3 épisodes de contact d'un côté,ATTENTE
2023-02-28,DECISION,2023-02-28,OR.PA,350.91497802734375,1.0,0.0,7.9,-6.17,-29.63,17.29,17.51,349.11,371.78,0.9004,0.2807,40.0,89.0,3.0,4.0,22.66,36.6,aucun,ATTENTE
2023-02-28,DECISION,2023-02-28,SAN.PA,74.63257598876953,1.0,1.0,64.1,2.55,-22.63,27.73,1.77,69.89,77.29,0.0491,-0.0281,88.0,37.0,2.0,3.0,7.4,95.7,veto 1 : moins de 3 épisodes de contact d'un côté,ATTENTE
2023-02-28,DECISION,2023-02-28,BNP.PA,51.12799835205078,1.0,1.0,78.3,5.35,-21.86,32.55,42.55,48.7,51.8,0.1806,0.1038,36.0,119.0,4.0,3.0,3.1,40.3,aucun,ATTENTE
2023-02-28,DECISION,2023-02-28,TTE.PA,48.624595642089844,1.0,1.0,48.6,17.74,-12.97,48.46,35.93,47.15,50.18,0.0913,-0.0101,89.0,32.0,2.0,4.0,3.02,29.8,veto 1 : moins de 3 épisodes de contact d'un côté,ATTENTE
2023-02-28,DECISION,2023-02-28,SU.PA,142.09121704101562,1.0,0.0,18.8,-7.29,-30.27,15.69,12.36,140.04,150.96,0.4306,0.2324,40.0,66.0,2.0,5.0,10.92,55.1,veto 1 : moins de 3 épisodes de contact d'un côté,ATTENTE
2023-02-28,DECISION,2023-02-28,AI.PA,115.48161315917969,1.0,1.0,61.0,-2.56,-21.44,16.31,20.32,111.94,117.75,0.2491,0.1324,85.0,60.0,5.0,7.0,5.81,49.9,aucun,ATTENTE
2023-02-28,DECISION,2023-02-28,DG.PA,93.04841613769531,1.0,1.0,40.5,-1.93,-21.93,18.07,27.39,91.37,95.53,0.2628,0.1064,39.0,110.0,3.0,2.0,4.16,26.6,veto 1 : moins de 3 épisodes de contact d'un côté,ATTENTE
2023-02-28,DECISION,2023-02-28,CAP.PA,162.28158569335938,1.0,-1.0,12.8,-1.44,-28.04,25.16,5.18,160.64,173.47,0.4552,0.0415,43.0,111.0,3.0,4.0,12.83,31.0,veto 3 : critères 1 et 2 de signes opposés,ATTENTE
2023-02-28,DECISION,2023-02-28,RI.PA,168.7486572265625,1.0,1.0,62.9,-1.2,-22.69,20.29,10.17,158.57,174.75,0.1601,0.0957,69.0,116.0,4.0,2.0,16.18,251.1,veto 1 : moins de 3 épisodes de contact d'un côté,ATTENTE
2023-02-28,DECISION,2023-02-28,ORA.PA,8.706536293029785,1.0,1.0,85.5,6.09,-12.67,24.86,0.14,7.81,8.86,0.0096,0.0066,36.0,119.0,4.0,2.0,1.04,348.4,veto 1 : moins de 3 épisodes de contact d'un côté,ATTENTE
2023-03-31,DECISION,2023-03-31,AIR.PA,114.7229995727539,1.0,0.0,53.1,-7.13,-34.64,20.38,20.56,107.52,121.08,0.1508,0.1293,110.0,74.0,2.0,5.0,13.56,631.2,veto 1 : moins de 3 épisodes de contact d'un côté,ATTENTE
2023-03-31,DECISION,2023-03-31,MC.PA,783.89990234375,1.0,1.0,93.7,3.34,-19.09,25.77,29.67,731.73,787.43,1.594,0.4108,53.0,40.0,3.0,4.0,55.7,47.1,aucun,ATTENTE
2023-03-31,DECISION,2023-03-31,OR.PA,384.73419189453125,1.0,1.0,94.2,-1.8,-24.74,21.14,4.34,350.07,386.89,0.6549,0.4439,93.0,53.0,5.0,4.0,36.81,174.5,aucun,ATTENTE
2023-03-31,DECISION,2023-03-31,SAN.PA,84.16209411621094,1.0,1.0,94.0,7.93,-17.0,32.86,-11.17,69.82,85.08,0.0191,0.0874,75.0,79.0,2.0,2.0,15.25,inf,veto 1 : moins de 3 épisodes de contact d'un côté,ATTENTE
2023-03-31,DECISION,2023-03-31,BNP.PA,42.672359466552734,1.0,-1.0,32.0,-3.79,-31.15,23.57,42.16,36.54,55.69,0.022,0.1526,110.0,63.0,2.0,6.0,19.15,inf,veto 1 : moins de 3 épisodes de contact d'un côté; veto 3 : critères 1 et 2 de signes opposés,ATTENTE
2023-03-31,DECISION,2023-03-31,TTE.PA,45.700618743896484,1.0,-1.0,40.6,13.76,-16.2,43.72,37.0,42.8,49.95,0.0098,-0.0101,114.0,32.0,3.0,4.0,7.15,358.4,veto 3 : critères 1 et 2 de signes opposés,ATTENTE
2023-03-31,DECISION,2023-03-31,SU.PA,143.54837036132812,1.0,-1.0,48.6,-7.03,-29.53,15.46,7.66,131.51,156.3,0.1628,0.2324,113.0,66.0,5.0,3.0,24.79,inf,veto 3 : critères 1 et 2 de signes opposés,ATTENTE
2023-03-31,DECISION,2023-03-31,AI.PA,118.27355194091797,1.0,1.0,60.2,-1.55,-19.88,16.79,3.26,114.45,120.79,0.2057,0.1324,108.0,60.0,5.0,6.0,6.34,86.6,aucun,ATTENTE
2023-03-31,DECISION,2023-03-31,DG.PA,91.21920013427734,1.0,-1.0,33.7,-3.02,-22.45,16.41,26.8,86.86,99.81,0.1277,0.1637,109.0,72.0,5.0,9.0,12.94,inf,veto 3 : critères 1 et 2 de signes opposés,ATTENTE
2023-03-31,DECISION,2023-03-31,CAP.PA,155.80308532714844,1.0,-1.0,25.4,-3.31,-29.17,22.55,-4.82,148.71,176.57,0.1159,0.096,63.0,58.0,3.0,4.0,27.86,1399.7,veto 3 : critères 1 et 2 de signes opposés,ATTENTE
2023-03-31,DECISION,2023-03-31,RI.PA,178.1378173828125,1.0,1.0,93.9,1.25,-19.79,22.3,2.21,162.26,179.17,0.1601,0.1808,69.0,59.0,4.0,7.0,16.91,inf,aucun,ATTENTE
2023-03-31,DECISION,2023-03-31,ORA.PA,8.835618019104004,1.0,0.0,34.4,6.48,-11.85,24.8,4.16,8.63,9.22,0.0262,0.0146,31.0,87.0,4.0,4.0,0.59,51.0,aucun,ATTENTE
2023-04-28,DECISION,2023-04-28,AIR.PA,119.99940490722656,1.0,1.0,90.6,-7.6,-34.5,19.31,10.44,108.62,121.17,0.091,0.0826,72.0,41.0,5.0,4.0,12.56,1499.6,aucun,ATTENTE
2023-04-28,DECISION,2023-04-28,MC.PA,814.9183349609375,1.0,1.0,22.1,2.57,-19.81,24.96,45.89,806.4,844.88,3.1267,1.2739,30.0,54.0,4.0,5.0,38.48,20.8,aucun,ACHAT
2023-04-28,DECISION,2023-04-28,OR.PA,410.544677734375,1.0,1.0,87.5,-0.74,-23.58,22.1,25.98,359.72,417.78,0.5834,0.7427,53.0,98.0,2.0,4.0,58.06,inf,veto 1 : moins de 3 épisodes de contact d'un côté,ATTENTE
2023-04-28,DECISION,2023-04-28,SAN.PA,83.9605941772461,1.0,1.0,76.2,6.87,-17.61,31.34,3.04,69.32,88.52,0.0046,0.1063,59.0,97.0,3.0,4.0,19.2,inf,aucun,ATTENTE
2023-04-28,DECISION,2023-04-28,BNP.PA,45.28479766845703,1.0,1.0,94.9,-3.58,-30.54,23.37,10.26,35.72,45.8,-0.0231,-0.1464,92.0,35.0,2.0,4.0,10.08,81.8,veto 1 : moins de 3 épisodes de contact d'un côté,ATTENTE
2023-04-28,DECISION,2023-04-28,TTE.PA,48.710330963134766,0.0,1.0,83.3,14.59,-15.14,44.31,13.31,42.22,50.01,-0.0229,-0.0071,88.0,72.0,4.0,5.0,7.79,inf,aucun,ATTENTE
2023-04-28,DECISION,2023-04-28,SU.PA,147.41543579101562,1.0,1.0,92.9,-7.89,-30.46,14.67,17.7,134.05,148.44,0.1457,-0.0133,60.0,49.0,3.0,3.0,14.4,90.5,aucun,ATTENTE
2023-04-28,DECISION,2023-04-28,AI.PA,125.16133880615234,1.0,1.0,88.9,-0.54,-18.46,17.38,4.58,117.94,126.06,0.198,0.1594,55.0,103.0,5.0,5.0,8.12,209.9,aucun,ATTENTE
2023-04-28,DECISION,2023-04-28,DG.PA,99.4975814819336,1.0,1.0,97.8,-1.06,-20.26,18.14,14.85,88.61,99.74,0.1037,0.1035,67.0,48.0,3.0,3.0,11.13,52994.0,aucun,ATTENTE
2023-04-28,DECISION,2023-04-28,CAP.PA,150.4651641845703,0.0,-1.0,53.8,-6.63,-32.14,18.88,-10.32,144.1,155.92,0.0362,-0.3744,82.0,34.0,3.0,3.0,11.81,28.8,aucun,ATTENTE
2023-04-28,DECISION,2023-04-28,RI.PA,178.73532104492188,1.0,1.0,28.8,0.0,-20.72,20.73,13.76,175.49,186.74,0.3406,0.2228,53.0,100.0,4.0,4.0,11.25,95.5,aucun,ACHAT
2023-04-28,DECISION,2023-04-28,ORA.PA,9.532657623291016,1.0,1.0,88.7,9.03,-9.12,27.17,0.28,9.1,9.59,0.0262,0.0159,31.0,117.0,5.0,5.0,0.48,47.0,aucun,ATTENTE
2023-05-31,DECISION,2023-05-31,AIR.PA,115.65776062011719,1.0,1.0,0.8,-6.4,-32.64,19.85,15.31,115.58,124.83,0.1923,0.109,49.0,61.0,3.0,4.0,9.25,111.2,aucun,ACHAT
2023-05-31,DECISION,2023-05-31,MC.PA,761.4949340820312,1.0,-1.0,5.0,1.76,-20.3,23.81,44.88,755.6,872.91,1.2249,1.2739,109.0,54.0,3.0,5.0,117.31,inf,veto 3 : critères 1 et 2 de signes opposés,ATTENTE
2023-05-31,DECISION,2023-05-31,OR.PA,378.5264892578125,1.0,-1.0,3.6,-2.53,-24.72,19.67,33.44,376.44,434.81,0.6582,0.7683,52.0,66.0,5.0,4.0,58.37,inf,veto 3 : critères 1 et 2 de signes opposés,ATTENTE
2023-05-31,DECISION,2023-05-31,SAN.PA,82.63483428955078,1.0,0.0,6.3,6.53,-17.49,30.55,-2.82,82.05,91.36,0.1624,0.1272,79.0,78.0,4.0,6.0,9.32,265.0,aucun,ATTENTE
2023-05-31,DECISION,2023-05-31,BNP.PA,44.654693603515625,0.0,1.0,3.8,-1.95,-28.19,24.29,8.6,44.56,47.18,0.1676,-0.0734,49.0,61.0,2.0,2.0,2.62,10.9,veto 1 : moins de 3 épisodes de contact d'un côté; veto 2 : canal se refermant en 10.9 séances,ATTENTE
2023-05-31,DECISION,2023-05-31,TTE.PA,44.624515533447266,-1.0,0.0,11.7,11.74,-17.45,40.93,5.78,43.94,49.85,0.0263,-0.0071,45.0,72.0,3.0,5.0,5.92,176.9,aucun,ATTENTE
2023-05-31,DECISION,2023-05-31,SU.PA,153.75326538085938,1.0,1.0,18.6,-3.97,-26.01,18.08,20.22,152.49,159.25,0.5676,0.143,31.0,70.0,4.0,3.0,6.76,15.9,veto 2 : canal se refermant en 15.9 séances,ATTENTE
2023-05-31,DECISION,2023-05-31,AI.PA,122.34989929199219,1.0,0.0,8.0,-0.25,-17.62,17.12,10.06,121.65,130.39,0.1918,0.1912,105.0,58.0,6.0,7.0,8.75,14876.1,aucun,ATTENTE
2023-05-31,DECISION,2023-05-31,DG.PA,94.28326416015625,1.0,-1.0,4.8,-1.59,-20.25,17.06,24.53,93.89,102.02,0.1704,0.1035,45.0,48.0,4.0,3.0,8.12,121.3,veto 3 : critères 1 et 2 de signes opposés,ATTENTE
2023-05-31,DECISION,2023-05-31,CAP.PA,151.6789093017578,-1.0,-1.0,85.0,-4.16,-29.93,21.6,-8.82,140.36,153.68,-0.0066,-0.2861,103.0,68.0,3.0,3.0,13.32,47.7,aucun,VENTE
2023-05-31,DECISION,2023-05-31,RI.PA,172.50433349609375,1.0,-1.0,8.4,-0.15,-20.43,20.12,18.92,170.67,192.48,0.1838,0.2561,85.0,68.0,4.0,4.0,21.81,inf,veto 3 : critères 1 et 2 de signes opposés,ATTENTE
2023-05-31,DECISION,2023-05-31,ORA.PA,9.013105392456055,1.0,-1.0,3.9,6.85,-10.86,24.56,8.14,8.97,9.96,0.0169,0.0169,76.0,45.0,3.0,5.0,0.98,20870.2,veto 3 : critères 1 et 2 de signes opposés,ATTENTE
2023-06-30,DECISION,2023-06-30,AIR.PA,124.92623138427734,1.0,1.0,71.1,-5.28,-30.83,20.27,34.91,118.69,127.46,0.1764,0.1115,67.0,83.0,4.0,5.0,8.77,135.3,aucun,ATTENTE
2023-06-30,DECISION,2023-06-30,MC.PA,807.433349609375,1.0,1.0,96.5,1.99,-19.5,23.47,34.57,763.23,809.02,0.6842,-1.0212,53.0,35.0,3.0,3.0,45.79,26.9,aucun,ATTENTE
2023-06-30,DECISION,2023-06-30,OR.PA,405.1845703125,1.0,1.0,93.2,-1.31,-22.83,20.21,17.99,383.01,406.8,0.5513,-0.253,70.0,42.0,4.0,2.0,23.79,29.6,veto 1 : moins de 3 épisodes de contact d'un côté,ATTENTE
2023-06-30,DECISION,2023-06-30,SAN.PA,85.52635192871094,1.0,1.0,72.8,7.06,-16.48,30.59,-1.56,82.73,86.57,0.1341,-0.0379,91.0,45.0,2.0,2.0,3.83,22.3,veto 1 : moins de 3 épisodes de contact d'un côté,ATTENTE
2023-06-30,DECISION,2023-06-30,BNP.PA,47.72207260131836,-1.0,0.0,84.5,-1.32,-26.91,24.27,30.79,44.88,48.24,0.1202,-0.0419,67.0,85.0,2.0,2.0,3.36,20.8,veto 1 : moins de 3 épisodes de contact d'un côté,ATTENTE
2023-06-30,DECISION,2023-06-30,TTE.PA,44.8026123046875,-1.0,-1.0,17.3,10.24,-18.29,38.77,15.19,43.75,49.82,0.0149,-0.0047,65.0,40.0,3.0,5.0,6.07,309.6,aucun,ATTENTE
2023-06-30,DECISION,2023-06-30,SU.PA,158.6325225830078,1.0,0.0,67.8,-4.39,-25.88,17.11,43.31,150.69,162.4,0.3213,0.143,54.0,70.0,3.0,5.0,11.71,65.7,aucun,ATTENTE
2023-06-30,DECISION,2023-06-30,AI.PA,128.2549591064453,1.0,1.0,52.3,0.24,-16.96,17.45,26.01,123.39,132.69,0.1541,0.1511,71.0,33.0,5.0,5.0,9.3,3167.6,aucun,ATTENTE
2023-06-30,DECISION,2023-06-30,DG.PA,94.33647155761719,1.0,-1.0,47.0,-3.16,-21.41,15.1,28.7,91.55,97.47,0.0795,-0.0501,63.0,34.0,3.0,3.0,5.92,45.7,veto 3 : critères 1 et 2 de signes opposés,ATTENTE
2023-06-30,DECISION,2023-06-30,CAP.PA,161.69456481933594,-1.0,0.0,79.9,-3.25,-28.52,22.01,4.41,139.06,167.39,-0.0529,-0.0639,94.0,80.0,3.0,4.0,28.33,2582.6,aucun,ATTENTE
2023-06-30,DECISION,2023-06-30,RI.PA,172.76040649414062,1.0,0.0,92.1,-1.31,-21.05,18.43,15.64,166.77,173.27,0.1096,-0.3364,104.0,34.0,3.0,4.0,6.5,14.6,veto 2 : canal se refermant en 14.6 séances,ATTENTE
2023-06-30,DECISION,2023-06-30,ORA.PA,8.958818435668945,1.0,0.0,20.8,6.08,-11.39,23.55,7.4,8.6,10.33,0.0093,0.0169,92.0,45.0,3.0,4.0,1.73,inf,aucun,ATTENTE
2023-07-31,DECISION,2023-07-31,AIR.PA,126.45524597167969,1.0,1.0,47.0,-3.75,-29.11,21.6,28.12,122.0,131.47,0.1722,0.1263,90.0,109.0,5.0,5.0,9.47,206.3,aucun,ATTENTE
2023-07-31,DECISION,2023-07-31,MC.PA,793.4927978515625,1.0,0.0,50.1,1.44,-19.76,22.64,28.36,754.01,832.89,0.4358,-0.2121,92.0,45.0,2.0,2.0,78.88,121.7,veto 1 : moins de 3 épisodes de contact d'un côté,ATTENTE
2023-07-31,DECISION,2023-07-31,OR.PA,401.4847412109375,1.0,0.0,87.7,-1.29,-22.45,19.86,20.93,379.57,404.57,0.3932,-0.204,88.0,63.0,3.0,3.0,25.0,41.9,aucun,ATTENTE
2023-07-31,DECISION,2023-07-31,SAN.PA,84.55960083007812,1.0,0.0,60.5,6.37,-16.76,29.5,4.47,81.73,86.4,0.0826,-0.0285,96.0,47.0,5.0,4.0,4.67,42.1,aucun,ATTENTE
2023-07-31,DECISION,2023-07-31,BNP.PA,49.623680114746094,0.0,1.0,83.7,0.64,-24.29,25.57,26.42,46.64,50.2,0.112,-0.0151,76.0,105.0,3.0,2.0,3.56,28.0,veto 1 : moins de 3 épisodes de contact d'un côté,ATTENTE
2023-07-31,DECISION,2023-07-31,TTE.PA,47.113075256347656,-1.0,1.0,95.7,12.01,-15.87,39.89,15.26,43.14,47.29,0.0044,-0.0376,79.0,74.0,4.0,3.0,4.16,99.0,veto 3 : critères 1 et 2 de signes opposés,ATTENTE
2023-07-31,DECISION,2023-07-31,SU.PA,154.42034912109375,1.0,1.0,32.4,-4.93,-26.01,16.16,28.52,149.15,165.4,0.2164,0.143,77.0,70.0,4.0,5.0,16.25,221.5,aucun,ACHAT
2023-07-31,DECISION,2023-07-31,AI.PA,127.59883117675781,1.0,1.0,92.3,0.12,-16.68,16.91,25.4,121.8,128.08,0.1089,-0.0998,102.0,31.0,4.0,3.0,6.29,30.1,aucun,ATTENTE
2023-07-31,DECISION,2023-07-31,DG.PA,94.69119262695312,1.0,1.0,64.9,-2.6,-20.35,15.14,20.23,90.33,97.05,0.0467,-0.0405,72.0,64.0,3.0,4.0,6.72,77.1,aucun,ATTENTE
2023-07-31,DECISION,2023-07-31,CAP.PA,153.5888671875,0.0,0.0,18.1,-4.83,-30.04,20.37,-5.92,150.41,168.03,0.2179,-0.046,45.0,109.0,2.0,6.0,17.63,66.8,veto 1 : moins de 3 épisodes de contact d'un côté,ATTENTE
2023-07-31,DECISION,2023-07-31,RI.PA,172.96896362304688,0.0,1.0,63.5,-0.94,-20.19,18.3,7.02,167.53,176.1,0.0855,-0.1583,103.0,54.0,4.0,4.0,8.58,35.2,aucun,ATTENTE
2023-07-31,DECISION,2023-07-31,ORA.PA,8.608902931213379,1.0,0.0,0.0,4.38,-12.78,21.55,13.25,8.61,9.14,0.0077,-0.0067,119.0,60.0,3.0,4.0,0.53,37.0,aucun,ATTENTE
2023-08-31,DECISION,2023-08-31,AIR.PA,127.77662658691406,1.0,0.0,54.2,-2.37,-27.04,22.3,39.25,119.25,134.97,0.1138,0.1483,106.0,48.0,2.0,4.0,15.72,inf,veto 1 : moins de 3 épisodes de contact d'un côté,ATTENTE
2023-08-31,DECISION,2023-08-31,MC.PA,731.8359375,-1.0,-1.0,36.7,-1.02,-21.66,19.61,28.7,715.29,760.32,0.0228,-2.2029,109.0,33.0,2.0,3.0,45.03,20.2,veto 1 : moins de 3 épisodes de contact d'un côté,ATTENTE
2023-08-31,DECISION,2023-08-31,OR.PA,384.9775390625,0.0,0.0,37.8,-2.36,-22.92,18.19,22.74,375.93,399.89,0.2857,-0.2038,109.0,64.0,2.0,3.0,23.97,49.0,veto 1 : moins de 3 épisodes de contact d'un côté,ATTENTE
2023-08-31,DECISION,2023-08-31,SAN.PA,85.9095687866211,1.0,1.0,75.1,6.87,-15.7,29.45,22.08,80.98,87.55,0.0597,-0.0085,99.0,88.0,3.0,3.0,6.57,96.3,aucun,ATTENTE
2023-08-31,DECISION,2023-08-31,BNP.PA,49.367374420166016,1.0,0.0,28.3,1.11,-23.15,25.36,32.49,48.55,51.43,0.1062,0.0506,106.0,70.0,4.0,5.0,2.88,51.8,aucun,ATTENTE
2023-08-31,DECISION,2023-08-31,TTE.PA,49.5088005065918,0.0,1.0,94.5,13.92,-13.32,41.16,14.37,43.24,49.88,0.0044,-0.002,79.0,97.0,4.0,5.0,6.64,1032.0,aucun,ATTENTE
2023-08-31,DECISION,2023-08-31,SU.PA,151.123046875,1.0,0.0,12.3,-4.83,-25.38,15.71,37.28,146.87,181.36,0.1457,0.321,102.0,45.0,4.0,3.0,34.49,inf,aucun,ATTENTE
2023-08-31,DECISION,2023-08-31,AI.PA,130.33262634277344,1.0,1.0,83.4,1.28,-15.01,17.57,32.1,123.97,131.6,0.1005,0.0078,78.0,54.0,4.0,2.0,7.62,82.3,veto 1 : moins de 3 épisodes de contact d'un côté,ATTENTE
2023-08-31,DECISION,2023-08-31,DG.PA,91.30365753173828,0.0,0.0,44.5,-3.33,-20.57,13.9,13.74,87.45,96.11,0.0121,-0.0405,109.0,64.0,3.0,4.0,8.67,165.0,aucun,ATTENTE
2023-08-31,DECISION,2023-08-31,CAP.PA,160.5765380859375,1.0,1.0,44.0,-2.34,-27.03,22.35,-1.76,147.96,176.61,0.1099,0.1589,60.0,62.0,2.0,4.0,28.65,inf,veto 1 : moins de 3 épisodes de contact d'un côté,ATTENTE
2023-08-31,DECISION,2023-08-31,RI.PA,156.2411346435547,-1.0,-1.0,0.0,-4.35,-23.56,14.86,9.28,156.24,172.46,-0.0894,-0.1583,118.0,54.0,2.0,5.0,16.22,235.3,veto 1 : moins de 3 épisodes de contact d'un côté,ATTENTE
2023-08-31,DECISION,2023-08-31,ORA.PA,8.670848846435547,-1.0,1.0,52.0,4.61,-12.02,21.25,8.3,8.33,8.99,-0.0013,-0.0067,95.0,60.0,3.0,4.0,0.66,123.1,veto 3 : critères 1 et 2 de signes opposés,ATTENTE
2023-09-29,DECISION,2023-09-29,AIR.PA,119.84839630126953,1.0,-1.0,38.4,-3.55,-27.75,20.64,47.42,114.29,128.76,0.0094,-0.046,98.0,32.0,2.0,2.0,14.47,260.9,veto 1 : moins de 3 épisodes de contact d'un côté; veto 3 : critères 1 et 2 de signes opposés,ATTENTE
2023-09-29,DECISION,2023-09-29,MC.PA,670.272705078125,-1.0,-1.0,34.2,-3.29,-23.63,17.04,24.97,647.48,714.06,-1.1789,-2.2029,85.0,33.0,5.0,4.0,66.58,65.0,aucun,ATTENTE
2023-09-29,DECISION,2023-09-29,OR.PA,373.0240783691406,-1.0,-1.0,32.4,-2.87,-22.95,17.2,23.11,365.74,388.25,-0.1052,-0.3752,83.0,33.0,4.0,3.0,22.51,83.4,aucun,ATTENTE
2023-09-29,DECISION,2023-09-29,SAN.PA,88.38304138183594,1.0,1.0,37.2,7.94,-14.08,29.96,28.98,86.82,91.03,0.1714,0.0245,41.0,101.0,2.0,3.0,4.22,28.7,veto 1 : moins de 3 épisodes de contact d'un côté,ATTENTE
2023-09-29,DECISION,2023-09-29,BNP.PA,49.96266174316406,1.0,1.0,41.6,2.43,-21.22,26.08,46.38,48.41,52.14,0.0593,0.0426,45.0,38.0,3.0,3.0,3.72,223.0,aucun,ATTENTE
2023-09-29,DECISION,2023-09-29,TTE.PA,53.75470733642578,,,,,,,,,,,,,,,,,,,ERREUR
2023-09-29,DECISION,2023-09-29,SU.PA,149.59828186035156,0.0,0.0,69.0,-4.18,-24.29,15.92,31.97,144.89,151.71,0.0552,-0.1268,108.0,46.0,3.0,6.0,6.83,37.5,aucun,ATTENTE
2023-09-29,DECISION,2023-09-29,AI.PA,124.84938049316406,1.0,-1.0,19.0,0.25,-15.74,16.24,41.48,123.23,131.76,0.053,0.0078,59.0,54.0,2.0,3.0,8.53,189.0,veto 1 : moins de 3 épisodes de contact d'un côté; veto 3 : critères 1 et 2 de signes opposés,ATTENTE
2023-09-29,DECISION,2023-09-29,DG.PA,93.13043975830078,-1.0,1.0,75.9,-1.84,-18.66,14.97,31.12,85.39,95.59,-0.0649,-0.0374,88.0,99.0,3.0,6.0,10.2,inf,veto 3 : critères 1 et 2 de signes opposés,ATTENTE
2023-09-29,DECISION,2023-09-29,CAP.PA,154.47396850585938,1.0,-1.0,13.9,-2.89,-26.95,21.17,2.94,149.03,188.33,0.096,0.2706,89.0,44.0,3.0,2.0,39.3,inf,veto 1 : moins de 3 épisodes de contact d'un côté; veto 3 : critères 1 et 2 de signes opposés,ATTENTE
2023-09-29,DECISION,2023-09-29,RI.PA,136.10740661621094,-1.0,-1.0,1.6,-8.6,-27.42,10.21,0.37,135.58,169.14,-0.3504,-0.1583,118.0,54.0,3.0,7.0,33.55,inf,aucun,ATTENTE
2023-09-29,DECISION,2023-09-29,ORA.PA,9.091081619262695,-1.0,1.0,72.3,6.38,-10.02,22.77,21.64,8.11,9.47,-0.006,-0.001,36.0,102.0,3.0,2.0,1.36,inf,veto 1 : moins de 3 épisodes de contact d'un côté; veto 3 : critères 1 et 2 de signes opposés,ATTENTE
2023-10-31,DECISION,2023-10-31,AIR.PA,119.18769836425781,-1.0,0.0,85.0,-2.24,-25.93,21.45,11.73,113.4,120.21,-0.02,-0.2443,103.0,36.0,5.0,2.0,6.8,30.3,veto 1 : moins de 3 épisodes de contact d'un côté,ATTENTE
2023-10-31,DECISION,2023-10-31,MC.PA,631.0704956054688,-1.0,-1.0,48.0,-3.93,-24.29,16.43,10.58,599.25,665.59,-1.3853,-2.2029,98.0,33.0,3.0,7.0,66.34,81.1,aucun,ATTENTE
2023-10-31,DECISION,2023-10-31,OR.PA,375.82269287109375,-1.0,0.0,88.0,-1.63,-21.22,17.96,23.53,351.4,379.14,-0.2165,-0.4017,101.0,32.0,3.0,5.0,27.75,149.8,aucun,ATTENTE
2023-10-31,DECISION,2023-10-31,SAN.PA,74.63959503173828,1.0,-1.0,20.5,2.46,-22.48,27.4,21.7,69.99,92.7,-0.105,0.0598,105.0,85.0,3.0,4.0,22.71,inf,veto 3 : critères 1 et 2 de signes opposés,ATTENTE
2023-10-31,DECISION,2023-10-31,BNP.PA,44.886199951171875,1.0,-1.0,13.2,0.02,-23.15,23.19,25.96,43.65,53.08,-0.0082,0.0426,116.0,38.0,4.0,3.0,9.43,inf,veto 3 : critères 1 et 2 de signes opposés,ATTENTE
2023-10-31,DECISION,2023-10-31,TTE.PA,54.52251052856445,1.0,1.0,28.3,18.24,-7.88,44.37,13.21,53.32,57.57,0.1363,0.0819,72.0,91.0,5.0,2.0,4.25,78.3,veto 1 : moins de 3 épisodes de contact d'un côté,ATTENTE
2023-10-31,DECISION,2023-10-31,SU.PA,138.16258239746094,-1.0,-1.0,47.9,-5.53,-25.45,14.38,18.91,127.49,149.75,-0.1896,-0.1147,116.0,55.0,3.0,8.0,22.25,inf,aucun,ATTENTE
2023-10-31,DECISION,2023-10-31,AI.PA,126.28658294677734,0.0,0.0,59.2,1.43,-14.35,17.2,19.72,118.08,131.93,-0.024,0.0078,76.0,54.0,2.0,3.0,13.85,inf,veto 1 : moins de 3 épisodes de contact d'un côté,ATTENTE
2023-10-31,DECISION,2023-10-31,DG.PA,92.65158081054688,-1.0,0.0,69.9,-0.91,-17.48,15.66,14.62,87.53,94.85,0.0037,-0.0348,45.0,85.0,2.0,5.0,7.32,189.7,veto 1 : moins de 3 épisodes de contact d'un côté,ATTENTE
2023-10-31,DECISION,2023-10-31,CAP.PA,155.1261444091797,0.0,0.0,76.0,-1.6,-25.09,21.89,4.58,148.09,157.35,0.0688,-0.1584,110.0,55.0,3.0,3.0,9.26,40.8,aucun,ATTENTE
2023-10-31,DECISION,2023-10-31,RI.PA,144.42819213867188,-1.0,1.0,94.1,-5.47,-24.16,13.23,-11.08,126.65,145.55,-0.4036,-0.5497,83.0,44.0,3.0,2.0,18.9,129.3,veto 1 : moins de 3 épisodes de contact d'un côté; veto 3 : critères 1 et 2 de signes opposés,ATTENTE
2023-10-31,DECISION,2023-10-31,ORA.PA,9.300361633300781,1.0,0.0,70.6,7.33,-8.74,23.4,19.69,8.86,9.48,0.0081,0.0003,58.0,85.0,5.0,2.0,0.62,79.1,veto 1 : moins de 3 épisodes de contact d'un côté,ATTENTE
2023-11-30,DECISION,2023-11-30,AIR.PA,128.55056762695312,-1.0,1.0,97.0,-2.25,-25.49,21.0,19.71,111.61,129.08,-0.0563,-0.0205,66.0,91.0,4.0,3.0,17.46,inf,veto 3 : critères 1 et 2 de signes opposés,ATTENTE
2023-11-30,DECISION,2023-11-30,MC.PA,657.4547119140625,-1.0,0.0,97.3,-5.17,-25.22,14.89,-4.52,550.88,660.39,-1.9128,-1.766,81.0,88.0,5.0,5.0,109.51,inf,aucun,ATTENTE
2023-11-30,DECISION,2023-11-30,OR.PA,408.9319152832031,0.0,1.0,94.3,-0.74,-19.88,18.39,12.94,343.76,412.85,-0.3155,0.0555,86.0,106.0,2.0,2.0,69.08,inf,veto 1 : moins de 3 épisodes de contact d'un côté,ATTENTE
2023-11-30,DECISION,2023-11-30,SAN.PA,74.43057250976562,-1.0,0.0,26.6,1.32,-23.08,25.72,-0.56,67.13,94.6,-0.1277,0.0706,94.0,54.0,3.0,3.0,27.47,inf,aucun,ATTENTE
2023-11-30,DECISION,2023-11-30,BNP.PA,47.76341247558594,0.0,1.0,96.3,-0.5,-23.14,22.13,11.91,43.46,47.93,-0.0083,-0.0767,88.0,51.0,2.0,2.0,4.46,65.3,veto 1 : moins de 3 épisodes de contact d'un côté,ATTENTE
2023-11-30,DECISION,2023-11-30,TTE.PA,53.711570739746094,1.0,0.0,5.9,15.59,-10.21,41.38,18.34,53.21,61.75,0.1043,0.1347,96.0,74.0,7.0,3.0,8.54,inf,aucun,ATTENTE
2023-11-30,DECISION,2023-11-30,SU.PA,160.69093322753906,-1.0,1.0,98.7,-2.83,-22.75,17.08,7.72,122.13,161.21,-0.2371,0.0185,89.0,109.0,2.0,4.0,39.07,inf,veto 1 : moins de 3 épisodes de contact d'un côté; veto 3 : critères 1 et 2 de signes opposés,ATTENTE
2023-11-30,DECISION,2023-11-30,AI.PA,135.75340270996094,1.0,1.0,94.7,2.2,-13.2,17.59,20.08,117.55,136.77,-0.024,0.047,76.0,119.0,2.0,2.0,19.22,inf,veto 1 : moins de 3 épisodes de contact d'un côté,ATTENTE
2023-11-30,DECISION,2023-11-30,DG.PA,100.57225799560547,1.0,1.0,97.7,-0.16,-16.33,16.0,10.66,87.62,100.88,0.0037,0.0244,45.0,119.0,2.0,2.0,13.26,inf,veto 1 : moins de 3 épisodes de contact d'un côté,ATTENTE
2023-11-30,DECISION,2023-11-30,CAP.PA,175.15745544433594,0.0,1.0,93.0,0.35,-22.87,23.57,0.93,148.42,177.16,0.0196,0.0767,50.0,119.0,5.0,2.0,28.74,inf,veto 1 : moins de 3 épisodes de contact d'un côté,ATTENTE
2023-11-30,DECISION,2023-11-30,RI.PA,138.90289306640625,-1.0,-1.0,33.5,-8.31,-27.03,10.4,-9.53,135.49,145.69,0.0187,-0.3643,36.0,51.0,2.0,6.0,10.2,26.6,veto 1 : moins de 3 épisodes de contact d'un côté,ATTENTE
2023-11-30,DECISION,2023-11-30,ORA.PA,9.462760925292969,1.0,1.0,89.7,7.16,-8.54,22.86,24.35,9.04,9.51,0.0081,0.0007,58.0,49.0,5.0,3.0,0.47,63.8,aucun,ATTENTE
2023-12-29,DECISION,2023-12-29,AIR.PA,131.92950439453125,1.0,0.0,23.6,-2.43,-25.24,20.39,18.28,130.57,136.33,0.3626,0.0483,43.0,102.0,4.0,2.0,5.76,18.3,veto 1 : moins de 3 épisodes de contact d'un côté; veto 2 : canal se refermant en 18.3 séances,ATTENTE
2023-12-29,DECISION,2023-12-29,MC.PA,691.8069458007812,-1.0,1.0,94.8,-4.49,-24.15,15.16,-6.52,475.17,703.58,-2.523,-1.1156,30.0,113.0,6.0,2.0,228.41,inf,veto 1 : moins de 3 épisodes de contact d'un côté; veto 3 : critères 1 et 2 de signes opposés,ATTENTE
2023-12-29,DECISION,2023-12-29,OR.PA,427.52618408203125,1.0,1.0,40.4,-0.05,-18.77,18.67,22.63,420.24,438.29,1.4027,0.3151,42.0,101.0,2.0,4.0,18.05,16.6,veto 1 : moins de 3 épisodes de contact d'un côté; veto 2 : canal se refermant en 16.6 séances,ATTENTE
2023-12-29,DECISION,2023-12-29,SAN.PA,78.17561340332031,-1.0,1.0,99.2,2.52,-21.37,26.42,-3.59,64.02,78.29,-0.1436,-0.243,76.0,51.0,3.0,3.0,14.27,143.5,veto 3 : critères 1 et 2 de signes opposés,ATTENTE
2023-12-29,DECISION,2023-12-29,BNP.PA,51.74851608276367,0.0,1.0,88.5,1.03,-21.24,23.31,3.61,41.88,53.03,-0.0408,0.0171,73.0,62.0,2.0,3.0,11.16,inf,veto 1 : moins de 3 épisodes de contact d'un côté,ATTENTE
2023-12-29,DECISION,2023-12-29,TTE.PA,53.142189025878906,1.0,0.0,27.6,14.16,-11.1,39.42,14.0,52.76,54.14,0.0833,-0.0465,116.0,36.0,5.0,5.0,1.37,10.6,veto 2 : canal se refermant en 10.6 séances,ATTENTE
2023-12-29,DECISION,2023-12-29,SU.PA,173.23211669921875,1.0,1.0,30.5,-1.32,-20.8,18.16,21.17,172.66,174.54,1.0136,0.1559,44.0,101.0,2.0,2.0,1.88,2.2,veto 1 : moins de 3 épisodes de contact d'un côté; veto 2 : canal se refermant en 2.2 séances,ATTENTE
2023-12-29,DECISION,2023-12-29,AI.PA,137.56553649902344,1.0,1.0,1.8,1.96,-13.22,17.13,28.41,137.49,141.94,0.4098,0.1231,47.0,75.0,2.0,3.0,4.45,15.5,veto 1 : moins de 3 épisodes de contact d'un côté; veto 2 : canal se refermant en 15.5 séances,ATTENTE
2023-12-29,DECISION,2023-12-29,DG.PA,101.8260498046875,1.0,0.0,5.0,-0.61,-16.46,15.24,18.8,101.63,105.56,0.2989,0.0785,47.0,99.0,2.0,3.0,3.93,17.8,veto 1 : moins de 3 épisodes de contact d'un côté; veto 2 : canal se refermant en 17.8 séances,ATTENTE
2023-12-29,DECISION,2023-12-29,CAP.PA,175.85621643066406,1.0,0.0,0.0,-0.46,-23.18,22.25,14.17,175.86,184.54,0.6625,0.1468,36.0,106.0,3.0,3.0,8.68,16.8,veto 2 : canal se refermant en 16.8 séances,ATTENTE
2023-12-29,DECISION,2023-12-29,RI.PA,139.95419311523438,-1.0,1.0,69.6,-8.52,-27.02,9.98,-12.97,135.8,141.77,0.0179,-0.329,45.0,80.0,2.0,6.0,5.97,17.2,veto 1 : moins de 3 épisodes de contact d'un côté; veto 2 : canal se refermant en 17.2 séances; veto 3 : critères 1 et 2 de signes opposés,ATTENTE
2023-12-29,DECISION,2023-12-29,ORA.PA,8.859149932861328,1.0,-1.0,2.2,4.61,-10.94,20.16,19.52,8.84,9.71,0.0047,0.0034,104.0,55.0,2.0,2.0,0.87,657.6,veto 1 : moins de 3 épisodes de contact d'un côté; veto 3 : critères 1 et 2 de signes opposés,ATTENTE
2024-01-31,DECISION,2024-01-31,AIR.PA,139.4990692138672,1.0,1.0,53.6,-1.5,-23.91,20.91,22.35,135.24,143.18,0.3147,0.1355,49.0,95.0,3.0,4.0,7.94,44.3,aucun,ATTENTE
2024-01-31,DECISION,2024-01-31,MC.PA,729.5282592773438,-1.0,1.0,91.6,-3.84,-24.14,16.47,-11.45,606.39,740.79,-0.092,-0.2464,63.0,118.0,4.0,3.0,134.4,870.6,veto 3 : critères 1 et 2 de signes opposés,ATTENTE
2024-01-31,DECISION,2024-01-31,OR.PA,421.88153076171875,1.0,0.0,41.4,-1.16,-19.64,17.32,17.08,402.72,449.0,0.7115,0.4501,60.0,90.0,2.0,3.0,46.28,177.0,veto 1 : moins de 3 épisodes de contact d'un côté,ATTENTE
2024-01-31,DECISION,2024-01-31,SAN.PA,81.31099700927734,-1.0,-1.0,47.6,3.49,-19.9,26.89,10.74,80.14,82.61,0.2112,-0.1106,32.0,60.0,2.0,3.0,2.47,7.7,veto 1 : moins de 3 épisodes de contact d'un côté; veto 2 : canal se refermant en 7.7 séances,ATTENTE
2024-01-31,DECISION,2024-01-31,BNP.PA,51.71544647216797,1.0,0.0,49.1,0.15,-21.7,21.99,9.81,50.08,53.41,0.0971,0.0171,56.0,62.0,4.0,5.0,3.33,41.6,aucun,ATTENTE
2024-01-31,DECISION,2024-01-31,TTE.PA,52.47856903076172,1.0,-1.0,50.4,12.85,-11.92,37.61,15.71,50.33,54.6,0.0234,-0.0218,110.0,41.0,4.0,2.0,4.27,94.5,veto 1 : moins de 3 épisodes de contact d'un côté; veto 3 : critères 1 et 2 de signes opposés,ATTENTE
2024-01-31,DECISION,2024-01-31,SU.PA,174.2994384765625,1.0,1.0,30.5,-1.91,-20.99,17.17,17.86,171.75,180.11,0.662,0.2272,56.0,88.0,3.0,4.0,8.35,19.2,veto 2 : canal se refermant en 19.2 séances,ATTENTE
2024-01-31,DECISION,2024-01-31,AI.PA,135.65966796875,1.0,0.0,18.0,0.92,-13.99,15.82,22.56,133.69,144.65,0.2242,0.1231,63.0,75.0,2.0,2.0,10.95,108.4,veto 1 : moins de 3 épisodes de contact d'un côté,ATTENTE
2024-01-31,DECISION,2024-01-31,DG.PA,104.85307312011719,1.0,1.0,4.9,-0.33,-15.87,15.21,12.27,104.62,109.33,0.247,0.1407,69.0,61.0,3.0,3.0,4.71,44.3,aucun,ACHAT
2024-01-31,DECISION,2024-01-31,CAP.PA,193.04586791992188,1.0,1.0,84.2,1.76,-20.58,24.1,2.35,175.99,196.25,0.4314,0.3146,50.0,105.0,3.0,2.0,20.26,173.4,veto 1 : moins de 3 épisodes de contact d'un côté,ATTENTE
2024-01-31,DECISION,2024-01-31,RI.PA,133.60260009765625,-1.0,0.0,77.7,-10.44,-29.26,8.38,-17.83,122.16,136.89,-0.1547,-0.307,78.0,104.0,3.0,4.0,14.73,96.7,aucun,ATTENTE
2024-01-31,DECISION,2024-01-31,ORA.PA,9.455836296081543,1.0,1.0,61.3,6.51,-8.91,21.93,16.58,8.92,9.79,0.0037,0.0035,94.0,87.0,4.0,3.0,0.87,3303.8,aucun,ATTENTE
2024-02-29,DECISION,2024-02-29,AIR.PA,144.35040283203125,1.0,0.0,71.5,-1.15,-23.24,20.93,20.99,137.47,147.09,0.2661,0.1745,83.0,90.0,4.0,7.0,9.62,105.0,aucun,ATTENTE
2024-02-29,DECISION,2024-02-29,MC.PA,794.7859497070312,1.0,1.0,92.6,-1.87,-21.86,18.12,-4.75,604.46,809.97,-0.092,0.7526,63.0,116.0,4.0,2.0,205.51,inf,veto 1 : moins de 3 épisodes de contact d'un côté,ATTENTE
2024-02-29,DECISION,2024-02-29,OR.PA,419.03546142578125,1.0,0.0,46.0,-1.93,-20.58,16.73,19.22,403.48,437.27,0.5557,0.0178,77.0,32.0,2.0,4.0,33.79,62.8,veto 1 : moins de 3 épisodes de contact d'un côté,ATTENTE
2024-02-29,DECISION,2024-02-29,SAN.PA,76.54695892333984,-1.0,1.0,35.1,1.18,-21.84,24.2,8.59,74.52,80.29,0.0503,-0.1106,75.0,60.0,3.0,3.0,5.76,35.8,veto 3 : critères 1 et 2 de signes opposés,ATTENTE
2024-02-29,DECISION,2024-02-29,BNP.PA,45.78739547729492,0.0,0.0,18.9,-4.44,-26.41,17.52,3.03,43.93,53.77,0.0029,0.0171,73.0,62.0,2.0,5.0,9.84,inf,veto 1 : moins de 3 épisodes de contact d'un côté,ATTENTE
2024-02-29,DECISION,2024-02-29,TTE.PA,51.509334564208984,-1.0,0.0,38.5,11.49,-12.86,35.84,6.6,49.86,54.14,-0.0107,-0.0218,74.0,41.0,4.0,2.0,4.28,388.3,veto 1 : moins de 3 épisodes de contact d'un côté,ATTENTE
2024-02-29,DECISION,2024-02-29,SU.PA,199.9345245361328,1.0,1.0,86.4,1.71,-17.25,20.67,19.95,185.65,202.18,0.662,0.4308,56.0,115.0,3.0,2.0,16.53,71.5,veto 1 : moins de 3 épisodes de contact d'un côté,ATTENTE
2024-02-29,DECISION,2024-02-29,AI.PA,146.7667694091797,1.0,1.0,85.9,2.88,-12.63,18.4,18.83,132.21,149.15,0.1554,0.1515,72.0,112.0,3.0,4.0,16.95,4373.9,aucun,ATTENTE
2024-02-29,DECISION,2024-02-29,DG.PA,106.03521728515625,1.0,0.0,35.6,-0.56,-15.84,14.72,11.28,102.59,112.29,0.1668,0.1407,82.0,61.0,2.0,2.0,9.7,371.7,veto 1 : moins de 3 épisodes de contact d'un côté,ATTENTE
2024-02-29,DECISION,2024-02-29,CAP.PA,209.3504180908203,1.0,1.0,85.2,3.54,-18.63,25.72,16.63,185.05,213.59,0.4314,0.4537,50.0,115.0,4.0,2.0,28.54,inf,veto 1 : moins de 3 épisodes de contact d'un côté,ATTENTE
2024-02-29,DECISION,2024-02-29,RI.PA,135.3985595703125,-1.0,1.0,68.1,-10.2,-28.76,8.36,-21.93,118.91,143.12,-0.1547,-0.1044,78.0,67.0,4.0,3.0,24.2,inf,veto 3 : critères 1 et 2 de signes opposés,ATTENTE
2024-02-29,DECISION,2024-02-29,ORA.PA,9.118803024291992,1.0,0.0,3.9,5.06,-10.07,20.19,7.81,9.09,9.87,0.0058,0.0035,39.0,87.0,4.0,3.0,0.78,335.8,aucun,ATTENTE
2024-03-28,DECISION,2024-03-28,AIR.PA,161.13182067871094,1.0,1.0,88.8,1.07,-20.63,22.77,24.53,142.79,163.44,0.2661,0.3635,83.0,116.0,5.0,3.0,20.64,inf,aucun,ATTENTE
2024-03-28,DECISION,2024-03-28,MC.PA,786.2044677734375,1.0,0.0,16.9,-3.33,-22.97,16.31,2.01,773.33,849.54,3.2553,1.3642,50.0,109.0,3.0,4.0,76.21,40.3,aucun,ATTENTE
2024-03-28,DECISION,2024-03-28,OR.PA,416.14190673828125,1.0,-1.0,28.4,-2.99,-21.26,15.29,9.0,407.61,437.62,0.4928,0.0178,108.0,32.0,2.0,5.0,30.01,63.2,veto 1 : moins de 3 épisodes de contact d'un côté; veto 3 : critères 1 et 2 de signes opposés,ATTENTE
2024-03-28,DECISION,2024-03-28,SAN.PA,79.22074127197266,-1.0,1.0,81.3,1.79,-20.77,24.35,-7.51,75.53,80.07,0.0503,-0.0931,75.0,113.0,5.0,3.0,4.54,31.7,veto 3 : critères 1 et 2 de signes opposés,ATTENTE
2024-03-28,DECISION,2024-03-28,BNP.PA,54.452110290527344,1.0,1.0,99.5,-0.28,-21.89,21.33,6.3,43.99,54.51,0.0029,0.0227,73.0,71.0,2.0,4.0,10.52,inf,veto 1 : moins de 3 épisodes de contact d'un côté,ATTENTE
2024-03-28,DECISION,2024-03-28,TTE.PA,56.06645965576172,-1.0,1.0,96.2,13.05,-10.84,36.94,7.18,48.71,56.35,-0.0304,0.0045,71.0,96.0,3.0,3.0,7.65,inf,veto 3 : critères 1 et 2 de signes opposés,ATTENTE
2024-03-28,DECISION,2024-03-28,SU.PA,199.79156494140625,1.0,1.0,19.4,0.59,-18.13,19.3,39.96,196.57,213.16,0.6403,0.5293,106.0,93.0,4.0,5.0,16.59,149.4,aucun,ACHAT
2024-03-28,DECISION,2024-03-28,AI.PA,150.62535095214844,1.0,0.0,73.6,2.87,-12.35,18.09,24.83,135.31,156.11,0.1554,0.2123,72.0,63.0,2.0,4.0,20.8,inf,veto 1 : moins de 3 épisodes de contact d'un côté,ATTENTE
2024-03-28,DECISION,2024-03-28,DG.PA,106.35762786865234,1.0,0.0,57.5,-1.36,-16.43,13.71,17.9,103.68,108.34,0.1464,0.0402,107.0,33.0,2.0,7.0,4.66,43.9,veto 1 : moins de 3 épisodes de contact d'un côté,ATTENTE
2024-03-28,DECISION,2024-03-28,CAP.PA,198.7291717529297,1.0,-1.0,2.1,0.88,-20.88,22.63,34.87,198.17,225.29,0.5116,0.563,56.0,93.0,4.0,5.0,27.12,inf,veto 3 : critères 1 et 2 de signes opposés,ATTENTE
2024-03-28,DECISION,2024-03-28,RI.PA,131.3685760498047,-1.0,-1.0,32.6,-11.56,-29.84,6.72,-22.87,126.71,141.03,0.0769,-0.1044,41.0,67.0,3.0,3.0,14.32,79.0,aucun,ATTENTE
2024-03-28,DECISION,2024-03-28,ORA.PA,9.361259460449219,0.0,1.0,93.3,5.55,-9.37,20.46,3.64,8.93,9.39,0.0014,-0.0083,52.0,46.0,3.0,2.0,0.46,47.8,veto 1 : moins de 3 épisodes de contact d'un côté,ATTENTE
2024-04-30,DECISION,2024-04-30,AIR.PA,148.53482055664062,1.0,-1.0,1.7,-0.49,-21.78,20.8,39.71,148.13,171.44,0.2609,0.3801,46.0,74.0,4.0,5.0,23.3,inf,veto 3 : critères 1 et 2 de signes opposés,ATTENTE
2024-04-30,DECISION,2024-04-30,MC.PA,737.221923828125,1.0,0.0,1.4,-4.32,-23.65,15.0,-4.17,734.94,894.2,1.7726,1.8806,72.0,83.0,3.0,4.0,159.26,inf,aucun,ATTENTE
2024-04-30,DECISION,2024-04-30,OR.PA,423.5051574707031,0.0,1.0,90.2,-1.68,-19.9,16.53,3.35,387.3,427.45,0.0235,-0.2119,103.0,31.0,3.0,2.0,40.16,170.6,veto 1 : moins de 3 épisodes de contact d'un côté,ATTENTE
2024-04-30,DECISION,2024-04-30,SAN.PA,81.067138671875,0.0,1.0,98.7,2.83,-19.53,25.19,-7.09,74.21,81.15,0.0171,-0.0386,91.0,75.0,3.0,2.0,6.94,124.7,veto 1 : moins de 3 épisodes de contact d'un côté,ATTENTE
2024-04-30,DECISION,2024-04-30,BNP.PA,55.898983001708984,1.0,0.0,38.2,1.42,-19.87,22.71,21.7,54.81,57.66,0.2256,0.0517,31.0,89.0,3.0,3.0,2.85,16.4,veto 2 : canal se refermant en 16.4 séances,ATTENTE
2024-04-30,DECISION,2024-04-30,TTE.PA,60.58921813964844,1.0,1.0,89.8,15.72,-7.86,39.3,18.81,47.59,62.06,-0.0374,0.065,49.0,113.0,4.0,3.0,14.47,inf,aucun,ATTENTE
2024-04-30,DECISION,2024-04-30,SU.PA,204.9853057861328,1.0,1.0,25.0,2.17,-16.47,20.8,34.83,197.81,226.47,0.4798,0.5781,113.0,47.0,6.0,5.0,28.66,inf,aucun,ACHAT
2024-04-30,DECISION,2024-04-30,AI.PA,143.62680053710938,1.0,-1.0,12.2,1.86,-13.08,16.8,20.18,141.28,160.57,0.2025,0.2123,50.0,63.0,2.0,3.0,19.29,inf,veto 1 : moins de 3 épisodes de contact d'un côté; veto 3 : critères 1 et 2 de signes opposés,ATTENTE
2024-04-30,DECISION,2024-04-30,DG.PA,101.83026885986328,1.0,0.0,17.3,-2.0,-16.77,12.77,9.95,100.3,109.18,0.0665,0.0402,109.0,33.0,2.0,7.0,8.89,337.7,veto 1 : moins de 3 épisodes de contact d'un côté,ATTENTE
2024-04-30,DECISION,2024-04-30,CAP.PA,184.38116455078125,1.0,-1.0,1.9,-0.55,-22.04,20.94,30.07,183.36,238.54,0.2188,0.5949,119.0,48.0,5.0,5.0,55.19,inf,veto 3 : critères 1 et 2 de signes opposés,ATTENTE
2024-04-30,DECISION,2024-04-30,RI.PA,124.40372467041016,-1.0,0.0,48.4,-12.41,-30.38,5.56,-28.25,121.24,127.78,-0.0272,-0.3212,58.0,45.0,4.0,6.0,6.54,22.2,aucun,ATTENTE
2024-04-30,DECISION,2024-04-30,ORA.PA,8.963183403015137,-1.0,0.0,14.2,4.28,-10.61,19.16,-0.3,8.87,9.54,0.0003,-0.0035,74.0,62.0,3.0,2.0,0.67,173.8,veto 1 : moins de 3 épisodes de contact d'un côté,ATTENTE
2024-05-31,DECISION,2024-05-31,AIR.PA,149.70635986328125,1.0,0.0,22.3,-0.53,-21.4,20.34,22.61,148.29,154.67,0.1859,-0.1911,104.0,37.0,4.0,5.0,6.38,16.9,veto 2 : canal se refermant en 16.9 séances,ATTENTE
2024-05-31,DECISION,2024-05-31,MC.PA,699.6182861328125,1.0,-1.0,22.5,-6.03,-24.98,12.93,-3.92,689.83,733.28,0.8779,-1.9362,93.0,43.0,3.0,3.0,43.45,15.4,veto 2 : canal se refermant en 15.4 séances; veto 3 : critères 1 et 2 de signes opposés,ATTENTE
2024-05-31,DECISION,2024-05-31,OR.PA,435.49798583984375,0.0,0.0,62.5,-1.04,-18.89,16.82,9.92,424.35,442.19,1.0954,0.0517,30.0,100.0,2.0,3.0,17.84,17.1,veto 1 : moins de 3 épisodes de contact d'un côté; veto 2 : canal se refermant en 17.1 séances,ATTENTE
2024-05-31,DECISION,2024-05-31,SAN.PA,81.42106628417969,0.0,0.0,69.3,2.76,-19.19,24.71,-4.64,74.17,84.64,0.0027,0.0061,45.0,83.0,3.0,2.0,10.47,inf,veto 1 : moins de 3 épisodes de contact d'un côté,ATTENTE
2024-05-31,DECISION,2024-05-31,BNP.PA,59.743202209472656,1.0,1.0,41.9,3.07,-17.78,23.92,19.44,58.79,61.07,0.2097,0.0717,61.0,105.0,5.0,4.0,2.28,16.5,veto 2 : canal se refermant en 16.5 séances,ATTENTE
2024-05-31,DECISION,2024-05-31,TTE.PA,59.193519592285156,1.0,-1.0,26.5,14.48,-8.68,37.64,29.26,57.41,64.16,0.1023,0.0862,59.0,80.0,4.0,5.0,6.76,417.5,veto 3 : critères 1 et 2 de signes opposés,ATTENTE
2024-05-31,DECISION,2024-05-31,SU.PA,219.99453735351562,1.0,1.0,48.6,3.83,-14.46,22.12,30.06,207.57,233.12,0.4515,0.4875,66.0,56.0,5.0,6.0,25.55,inf,aucun,ATTENTE
2024-05-31,DECISION,2024-05-31,AI.PA,143.4278106689453,1.0,0.0,22.6,1.53,-13.09,16.15,14.75,142.25,147.46,0.1585,-0.1297,79.0,43.0,2.0,5.0,5.21,18.1,veto 1 : moins de 3 épisodes de contact d'un côté; veto 2 : canal se refermant en 18.1 séances,ATTENTE
2024-05-31,DECISION,2024-05-31,DG.PA,105.70951080322266,1.0,0.0,25.3,-1.12,-15.55,13.32,7.21,104.24,110.07,0.1439,0.0402,31.0,33.0,5.0,4.0,5.83,56.2,aucun,ATTENTE
2024-05-31,DECISION,2024-05-31,CAP.PA,175.7657928466797,1.0,0.0,15.7,-2.06,-23.45,19.34,19.67,171.41,199.17,0.0191,-0.2157,99.0,54.0,2.0,3.0,27.76,118.3,veto 1 : moins de 3 épisodes de contact d'un côté,ATTENTE
2024-05-31,DECISION,2024-05-31,RI.PA,119.97949981689453,-1.0,-1.0,15.9,-13.41,-31.1,4.27,-28.01,118.08,130.0,-0.0556,-0.194,89.0,63.0,2.0,3.0,11.91,86.1,veto 1 : moins de 3 épisodes de contact d'un côté,ATTENTE
2024-05-31,DECISION,2024-05-31,ORA.PA,9.221116065979004,-1.0,1.0,59.1,4.91,-9.65,19.48,0.01,8.87,9.46,0.0003,-0.0035,74.0,62.0,3.0,2.0,0.59,151.8,veto 1 : moins de 3 épisodes de contact d'un côté; veto 3 : critères 1 et 2 de signes opposés,ATTENTE
2024-06-28,DECISION,2024-06-28,AIR.PA,123.1644515991211,1.0,-1.0,2.4,-2.95,-24.02,18.12,23.26,122.47,150.85,-0.1037,-0.1911,119.0,37.0,2.0,5.0,28.37,324.8,veto 1 : moins de 3 épisodes de contact d'un côté; veto 3 : critères 1 et 2 de signes opposés,ATTENTE
2024-06-28,DECISION,2024-06-28,MC.PA,679.3407592773438,0.0,-1.0,22.1,-3.65,-22.4,15.1,-12.78,672.49,703.55,0.5718,-1.813,105.0,58.0,4.0,4.0,31.06,13.0,veto 2 : canal se refermant en 13.0 séances,ATTENTE
2024-06-28,DECISION,2024-06-28,OR.PA,394.99212646484375,1.0,-1.0,5.3,-1.6,-19.25,16.04,6.5,392.1,446.4,0.0893,0.0943,58.0,84.0,3.0,3.0,54.3,inf,veto 3 : critères 1 et 2 de signes opposés,ATTENTE
2024-06-28,DECISION,2024-06-28,SAN.PA,81.58434295654297,1.0,0.0,52.6,3.7,-17.85,25.25,-5.61,78.83,84.07,0.0966,-0.0142,40.0,32.0,2.0,2.0,5.24,47.3,veto 1 : moins de 3 épisodes de contact d'un côté,ATTENTE
2024-06-28,DECISION,2024-06-28,BNP.PA,52.53342056274414,1.0,-1.0,9.7,2.11,-18.43,22.64,24.99,51.39,63.15,0.0774,0.0942,87.0,90.0,4.0,4.0,11.76,inf,veto 3 : critères 1 et 2 de signes opposés,ATTENTE
2024-06-28,DECISION,2024-06-28,TTE.PA,55.76020812988281,1.0,-1.0,11.5,14.3,-8.45,37.05,26.18,54.15,68.18,0.0394,0.1287,88.0,63.0,6.0,3.0,14.04,inf,veto 3 : critères 1 et 2 de signes opposés,ATTENTE
2024-06-28,DECISION,2024-06-28,SU.PA,216.94778442382812,1.0,0.0,5.6,6.0,-12.12,24.12,43.84,215.4,242.88,0.441,0.4875,114.0,56.0,6.0,4.0,27.48,inf,aucun,ATTENTE
2024-06-28,DECISION,2024-06-28,AI.PA,141.0021209716797,1.0,-1.0,15.8,2.64,-11.79,17.07,12.42,139.62,148.36,0.1011,-0.0811,91.0,58.0,4.0,2.0,8.75,48.0,veto 1 : moins de 3 épisodes de contact d'un côté; veto 3 : critères 1 et 2 de signes opposés,ATTENTE
2024-06-28,DECISION,2024-06-28,DG.PA,90.86676788330078,-1.0,-1.0,8.8,-3.36,-17.78,11.07,12.04,88.94,110.87,-0.1118,0.0402,109.0,33.0,2.0,5.0,21.93,inf,veto 1 : moins de 3 épisodes de contact d'un côté,ATTENTE
2024-06-28,DECISION,2024-06-28,CAP.PA,175.8604736328125,-1.0,0.0,23.2,0.47,-20.59,21.52,12.15,170.14,194.86,0.0052,-0.2157,109.0,54.0,3.0,3.0,24.72,111.9,aucun,ATTENTE
2024-06-28,DECISION,2024-06-28,RI.PA,110.9996566772461,-1.0,-1.0,3.4,-13.54,-30.94,3.87,-31.14,110.47,126.12,-0.1147,-0.194,110.0,63.0,3.0,3.0,15.64,197.3,aucun,ATTENTE
2024-06-28,DECISION,2024-06-28,ORA.PA,8.364209175109863,-1.0,-1.0,15.6,2.55,-12.04,17.14,2.82,8.15,9.55,-0.0073,-0.0021,109.0,92.0,2.0,2.0,1.4,inf,veto 1 : moins de 3 épisodes de contact d'un côté,ATTENTE
2024-07-31,DECISION,2024-07-31,AIR.PA,134.39964294433594,-1.0,0.0,83.0,-1.33,-22.12,19.46,2.58,119.12,137.53,-0.146,-0.3695,90.0,50.0,3.0,3.0,18.41,82.4,aucun,ATTENTE
2024-07-31,DECISION,2024-07-31,MC.PA,621.650146484375,-1.0,-1.0,19.0,-6.88,-25.4,11.65,-11.52,609.93,671.67,-1.106,-1.7108,112.0,83.0,2.0,7.0,61.73,102.1,veto 1 : moins de 3 épisodes de contact d'un côté,ATTENTE
2024-07-31,DECISION,2024-07-31,OR.PA,385.93731689453125,-1.0,-1.0,16.9,-2.89,-20.2,14.42,0.01,372.71,451.17,-0.1755,0.161,80.0,71.0,3.0,4.0,78.46,inf,aucun,ATTENTE
2024-07-31,DECISION,2024-07-31,SAN.PA,86.47359466552734,1.0,1.0,64.8,4.93,-16.34,26.19,0.29,81.05,89.42,0.0966,0.0854,40.0,53.0,2.0,2.0,8.37,745.9,veto 1 : moins de 3 épisodes de contact d'un côté,ATTENTE
2024-07-31,DECISION,2024-07-31,BNP.PA,56.00152587890625,1.0,1.0,21.2,2.97,-17.21,23.15,10.23,55.65,57.31,0.1524,-0.0781,33.0,40.0,4.0,4.0,1.66,7.2,veto 2 : canal se refermant en 7.2 séances,ATTENTE
2024-07-31,DECISION,2024-07-31,TTE.PA,55.89439392089844,1.0,-1.0,45.7,13.43,-8.85,35.71,20.87,54.26,57.84,0.0298,-0.0611,108.0,49.0,4.0,4.0,3.58,39.3,veto 3 : critères 1 et 2 de signes opposés,ATTENTE
2024-07-31,DECISION,2024-07-31,SU.PA,215.54531860351562,1.0,-1.0,20.8,4.91,-13.14,22.96,41.62,205.41,254.09,0.2118,0.4875,114.0,56.0,2.0,4.0,48.67,inf,veto 1 : moins de 3 épisodes de contact d'un côté; veto 3 : critères 1 et 2 de signes opposés,ATTENTE
2024-07-31,DECISION,2024-07-31,AI.PA,147.55914306640625,0.0,1.0,89.0,3.23,-10.93,17.38,14.65,141.5,148.31,0.0928,-0.062,103.0,95.0,5.0,2.0,6.81,44.0,veto 1 : moins de 3 épisodes de contact d'un côté,ATTENTE
2024-07-31,DECISION,2024-07-31,DG.PA,97.5353775024414,-1.0,1.0,85.0,-2.04,-16.32,12.24,3.51,85.53,99.65,-0.137,-0.1895,82.0,39.0,2.0,2.0,14.11,269.1,veto 1 : moins de 3 épisodes de contact d'un côté; veto 3 : critères 1 et 2 de signes opposés,ATTENTE
2024-07-31,DECISION,2024-07-31,CAP.PA,173.8717498779297,-1.0,0.0,47.5,-0.53,-21.22,20.16,19.18,162.3,186.65,-0.2119,-0.2848,40.0,40.0,4.0,2.0,24.35,333.9,veto 1 : moins de 3 épisodes de contact d'un côté,ATTENTE
2024-07-31,DECISION,2024-07-31,RI.PA,110.71231079101562,-1.0,0.0,70.7,-13.88,-31.14,3.38,-33.79,105.23,112.99,-0.2161,-0.3576,61.0,50.0,8.0,2.0,7.75,54.8,veto 1 : moins de 3 épisodes de contact d'un côté,ATTENTE
2024-07-31,DECISION,2024-07-31,ORA.PA,9.165398597717285,-1.0,1.0,94.9,4.88,-9.49,19.26,0.51,7.91,9.23,-0.0095,-0.0087,86.0,38.0,2.0,2.0,1.33,inf,veto 1 : moins de 3 épisodes de contact d'un côté; veto 3 : critères 1 et 2 de signes opposés,ATTENTE
2024-08-30,DECISION,2024-08-30,AIR.PA,133.304931640625,-1.0,1.0,89.9,-2.03,-22.42,18.36,1.6,106.4,136.31,-0.3571,-0.2735,74.0,70.0,2.0,6.0,29.91,inf,veto 1 : moins de 3 épisodes de contact d'un côté; veto 3 : critères 1 et 2 de signes opposés,ATTENTE
2024-08-30,DECISION,2024-08-30,MC.PA,641.9276123046875,-1.0,1.0,87.9,-6.3,-24.5,11.9,-13.95,546.76,654.97,-1.8624,-1.5333,80.0,118.0,3.0,2.0,108.21,inf,veto 1 : moins de 3 épisodes de contact d'un côté; veto 3 : critères 1 et 2 de signes opposés,ATTENTE
2024-08-30,DECISION,2024-08-30,OR.PA,382.0360412597656,-1.0,1.0,87.7,-3.48,-20.49,13.54,-2.48,354.24,385.94,-0.3173,-0.9664,84.0,61.0,3.0,4.0,31.7,48.8,veto 3 : critères 1 et 2 de signes opposés,ATTENTE
2024-08-30,DECISION,2024-08-30,SAN.PA,91.79825592041016,1.0,1.0,86.4,6.21,-14.63,27.05,-0.06,86.16,92.69,0.1519,0.103,36.0,79.0,4.0,3.0,6.53,133.4,aucun,ATTENTE
2024-08-30,DECISION,2024-08-30,BNP.PA,55.22495651245117,0.0,1.0,94.3,2.0,-17.76,21.77,10.46,49.19,55.59,-0.0046,-0.0781,99.0,40.0,2.0,3.0,6.4,87.1,veto 1 : moins de 3 épisodes de contact d'un côté,ATTENTE
2024-08-30,DECISION,2024-08-30,TTE.PA,55.63496398925781,-1.0,1.0,78.3,12.62,-9.22,34.45,8.45,51.69,56.73,-0.0098,-0.0585,100.0,89.0,2.0,5.0,5.03,103.3,veto 1 : moins de 3 épisodes de contact d'un côté; veto 3 : critères 1 et 2 de signes opposés,ATTENTE
2024-08-30,DECISION,2024-08-30,SU.PA,222.17079162597656,1.0,1.0,96.9,5.05,-12.72,22.81,38.4,181.52,223.48,-0.1187,-0.1294,88.0,34.0,2.0,3.0,41.96,3903.7,veto 1 : moins de 3 épisodes de contact d'un côté,ATTENTE
2024-08-30,DECISION,2024-08-30,AI.PA,147.50668334960938,-1.0,1.0,88.6,2.82,-11.05,16.68,13.38,139.46,148.54,0.0155,-0.0484,36.0,117.0,2.0,2.0,9.08,141.9,veto 1 : moins de 3 épisodes de contact d'un côté; veto 3 : critères 1 et 2 de signes opposés,ATTENTE
2024-08-30,DECISION,2024-08-30,DG.PA,99.8906478881836,-1.0,1.0,93.8,-1.77,-15.76,12.22,5.17,92.25,100.4,0.0417,-0.1126,35.0,64.0,3.0,4.0,8.15,52.8,veto 3 : critères 1 et 2 de signes opposés,ATTENTE
2024-08-30,DECISION,2024-08-30,CAP.PA,177.5651092529297,-1.0,1.0,88.0,-0.31,-20.59,19.97,6.83,156.89,180.39,-0.2234,-0.2848,46.0,40.0,4.0,3.0,23.5,382.3,veto 3 : critères 1 et 2 de signes opposés,ATTENTE
2024-08-30,DECISION,2024-08-30,RI.PA,114.99794006347656,-1.0,1.0,57.1,-12.83,-29.87,4.2,-29.06,100.48,125.89,-0.2161,-0.0869,61.0,117.0,6.0,3.0,25.41,inf,veto 3 : critères 1 et 2 de signes opposés,ATTENTE
2024-08-30,DECISION,2024-08-30,ORA.PA,9.210107803344727,0.0,1.0,17.2,4.81,-9.33,18.94,6.12,9.17,9.4,0.0199,-0.0029,45.0,61.0,3.0,2.0,0.23,10.3,veto 1 : moins de 3 épisodes de contact d'un côté; veto 2 : canal se refermant en 10.3 séances,ATTENTE
2024-09-30,DECISION,2024-09-30,AIR.PA,126.00686645507812,-1.0,0.0,32.1,-3.5,-23.55,16.55,14.33,123.85,130.57,0.0473,-0.2735,39.0,70.0,5.0,4.0,6.72,20.9,aucun,ATTENTE
2024-09-30,DECISION,2024-09-30,MC.PA,655.4458618164062,-1.0,0.0,85.1,-5.85,-24.32,12.62,-3.7,550.16,673.82,-0.7997,-0.8791,35.0,117.0,3.0,3.0,123.66,1556.0,aucun,ATTENTE
2024-09-30,DECISION,2024-09-30,OR.PA,387.2859191894531,-1.0,0.0,80.5,-3.22,-20.29,13.85,2.72,345.38,397.45,-0.3722,-0.5786,78.0,81.0,4.0,2.0,52.07,252.3,veto 1 : moins de 3 épisodes de contact d'un côté,ATTENTE
2024-09-30,DECISION,2024-09-30,SAN.PA,93.34032440185547,1.0,-1.0,16.3,6.55,-13.99,27.09,3.52,92.3,98.71,0.2275,0.1416,38.0,80.0,2.0,2.0,6.41,74.7,veto 1 : moins de 3 épisodes de contact d'un côté; veto 3 : critères 1 et 2 de signes opposés,ATTENTE
2024-09-30,DECISION,2024-09-30,BNP.PA,54.31601333618164,-1.0,0.0,7.1,1.6,-18.0,21.2,13.91,54.06,57.68,0.1196,-0.0342,40.0,79.0,2.0,3.0,3.62,23.6,veto 1 : moins de 3 épisodes de contact d'un côté,ATTENTE
2024-09-30,DECISION,2024-09-30,TTE.PA,53.0016975402832,-1.0,0.0,7.4,11.11,-10.46,32.67,7.32,52.74,56.31,0.0215,-0.0511,40.0,106.0,2.0,4.0,3.57,49.1,veto 1 : moins de 3 épisodes de contact d'un côté,ATTENTE
2024-09-30,DECISION,2024-09-30,SU.PA,228.4577178955078,1.0,1.0,81.9,5.59,-11.97,23.14,51.56,177.74,239.68,-0.1508,0.1229,74.0,95.0,3.0,4.0,61.94,inf,aucun,ATTENTE
2024-09-30,DECISION,2024-09-30,AI.PA,151.47586059570312,1.0,1.0,77.9,3.35,-10.38,17.08,20.61,139.79,154.79,0.0155,0.0478,36.0,112.0,2.0,2.0,15.01,inf,veto 1 : moins de 3 épisodes de contact d'un côté,ATTENTE
2024-09-30,DECISION,2024-09-30,DG.PA,96.93502044677734,-1.0,0.0,1.4,-2.49,-16.47,11.49,10.54,96.84,103.33,0.1346,-0.0503,40.0,78.0,2.0,5.0,6.48,35.1,veto 1 : moins de 3 épisodes de contact d'un côté,ATTENTE
2024-09-30,DECISION,2024-09-30,CAP.PA,183.67333984375,-1.0,1.0,85.1,0.47,-19.63,20.58,15.79,152.2,189.19,-0.2234,-0.1205,46.0,89.0,4.0,2.0,36.99,inf,veto 1 : moins de 3 épisodes de contact d'un côté; veto 3 : critères 1 et 2 de signes opposés,ATTENTE
2024-09-30,DECISION,2024-09-30,RI.PA,121.06925964355469,-1.0,1.0,84.6,-11.45,-28.44,5.55,-16.49,95.86,125.67,-0.2174,-0.0653,54.0,96.0,3.0,3.0,29.81,inf,veto 3 : critères 1 et 2 de signes opposés,ATTENTE
2024-09-30,DECISION,2024-09-30,ORA.PA,9.196695327758789,1.0,0.0,5.3,4.84,-9.19,18.87,0.09,9.16,9.84,0.0134,0.0025,66.0,104.0,3.0,3.0,0.68,61.6,aucun,ATTENTE
2024-10-31,DECISION,2024-10-31,AIR.PA,134.59169006347656,-1.0,1.0,76.8,0.39,-19.48,20.26,0.89,119.17,139.24,-0.0351,-0.1445,53.0,116.0,4.0,2.0,20.07,183.5,veto 1 : moins de 3 épisodes de contact d'un côté; veto 3 : critères 1 et 2 de signes opposés,ATTENTE
2024-10-31,DECISION,2024-10-31,MC.PA,580.524169921875,-1.0,-1.0,39.6,-6.78,-25.17,11.61,-2.45,531.76,654.93,-0.7997,-0.8211,35.0,96.0,3.0,3.0,123.17,5750.6,aucun,ATTENTE
2024-10-31,DECISION,2024-10-31,OR.PA,331.6084289550781,-1.0,-1.0,11.5,-5.73,-22.58,11.13,-0.69,324.77,384.14,-0.5634,-0.5786,63.0,81.0,5.0,2.0,59.37,3926.7,veto 1 : moins de 3 épisodes de contact d'un côté,ATTENTE
2024-10-31,DECISION,2024-10-31,SAN.PA,88.0882339477539,1.0,-1.0,2.6,5.61,-14.6,25.82,25.29,87.69,103.18,0.0993,0.1697,98.0,72.0,2.0,3.0,15.49,inf,veto 1 : moins de 3 épisodes de contact d'un côté; veto 3 : critères 1 et 2 de signes opposés,ATTENTE
2024-10-31,DECISION,2024-10-31,BNP.PA,55.374977111816406,0.0,1.0,33.8,4.06,-15.22,23.34,14.53,53.48,59.09,0.0667,-0.0139,63.0,106.0,3.0,4.0,5.61,69.6,aucun,ATTENTE
2024-10-31,DECISION,2024-10-31,TTE.PA,52.00509262084961,-1.0,-1.0,4.0,11.67,-9.66,33.0,1.64,51.8,57.05,-0.0013,-0.026,63.0,90.0,2.0,4.0,5.25,212.1,veto 1 : moins de 3 épisodes de contact d'un côté,ATTENTE
2024-10-31,DECISION,2024-10-31,SU.PA,229.42495727539062,1.0,0.0,11.9,7.41,-9.88,24.7,61.04,227.64,242.69,0.6962,0.1301,63.0,87.0,2.0,4.0,15.05,26.6,veto 1 : moins de 3 épisodes de contact d'un côté,ATTENTE
2024-10-31,DECISION,2024-10-31,AI.PA,143.9571533203125,1.0,0.0,5.4,3.18,-10.3,16.66,17.11,143.26,156.31,0.0649,0.0651,63.0,94.0,2.0,3.0,13.05,inf,veto 1 : moins de 3 épisodes de contact d'un côté,ATTENTE
2024-10-31,DECISION,2024-10-31,DG.PA,95.79426574707031,0.0,-1.0,39.3,-1.17,-15.13,12.78,3.61,91.66,102.17,0.017,-0.0503,94.0,78.0,4.0,4.0,10.5,156.0,aucun,ATTENTE
2024-10-31,DECISION,2024-10-31,CAP.PA,150.76461791992188,-1.0,-1.0,2.3,-3.03,-22.94,16.89,15.56,149.91,186.42,-0.1781,-0.1205,63.0,89.0,3.0,2.0,36.5,inf,veto 1 : moins de 3 épisodes de contact d'un côté,ATTENTE
2024-10-31,DECISION,2024-10-31,RI.PA,102.00711059570312,-1.0,-1.0,1.2,-14.43,-31.27,2.41,-18.74,101.74,124.17,-0.0833,-0.0653,67.0,96.0,5.0,3.0,22.43,inf,aucun,ATTENTE
2024-10-31,DECISION,2024-10-31,ORA.PA,9.026800155639648,1.0,0.0,25.2,4.65,-9.35,18.65,-1.99,8.73,9.91,0.0051,0.0031,79.0,74.0,3.0,2.0,1.19,594.0,veto 1 : moins de 3 épisodes de contact d'un côté,ATTENTE
2024-11-29,DECISION,2024-11-29,AIR.PA,141.69769287109375,0.0,0.0,98.5,2.73,-16.91,22.38,4.42,130.47,141.87,0.2817,-0.014,36.0,114.0,2.0,2.0,11.4,38.6,veto 1 : moins de 3 épisodes de contact d'un côté,ATTENTE
2024-11-29,DECISION,2024-11-29,MC.PA,564.0547485351562,-1.0,-1.0,80.6,-6.28,-24.5,11.94,-13.69,532.9,571.55,-0.4337,-2.3243,36.0,41.0,4.0,2.0,38.65,20.4,veto 1 : moins de 3 épisodes de contact d'un côté,ATTENTE
2024-11-29,DECISION,2024-11-29,OR.PA,316.581298828125,-1.0,-1.0,81.1,-6.0,-22.67,10.67,-20.51,300.41,320.35,-0.7126,-1.7262,78.0,44.0,3.0,3.0,19.94,19.7,veto 2 : canal se refermant en 19.7 séances,ATTENTE
2024-11-29,DECISION,2024-11-29,SAN.PA,83.53459930419922,1.0,-1.0,5.1,4.51,-15.4,24.41,17.06,82.03,111.59,0.0343,0.2455,113.0,48.0,3.0,4.0,29.56,inf,veto 3 : critères 1 et 2 de signes opposés,ATTENTE
2024-11-29,DECISION,2024-11-29,BNP.PA,49.983089447021484,0.0,-1.0,15.7,2.5,-16.63,21.63,12.08,48.18,59.68,-0.013,0.0246,82.0,70.0,2.0,4.0,11.5,inf,veto 1 : moins de 3 épisodes de contact d'un côté,ATTENTE
2024-11-29,DECISION,2024-11-29,TTE.PA,49.80348205566406,-1.0,-1.0,15.4,10.95,-10.03,31.92,-1.77,48.56,56.67,-0.0395,-0.0216,82.0,66.0,2.0,2.0,8.12,inf,veto 1 : moins de 3 épisodes de contact d'un côté,ATTENTE
2024-11-29,DECISION,2024-11-29,SU.PA,235.5184326171875,1.0,0.0,32.3,8.83,-8.25,25.9,41.6,228.9,249.36,0.5373,0.2158,82.0,54.0,3.0,5.0,20.46,63.7,aucun,ATTENTE
2024-11-29,DECISION,2024-11-29,AI.PA,137.50503540039062,0.0,-1.0,8.1,2.55,-10.7,15.8,5.65,135.54,159.81,-0.0294,0.1126,117.0,68.0,2.0,2.0,24.27,inf,veto 1 : moins de 3 épisodes de contact d'un côté,ATTENTE
2024-11-29,DECISION,2024-11-29,DG.PA,93.14522552490234,0.0,-1.0,18.4,-1.04,-14.78,12.69,-7.23,89.78,108.03,-0.0018,0.0854,117.0,53.0,3.0,6.0,18.25,inf,aucun,ATTENTE
2024-11-29,DECISION,2024-11-29,CAP.PA,143.8513946533203,-1.0,-1.0,5.8,-3.23,-23.01,16.54,-14.4,141.0,190.19,-0.2396,0.0195,82.0,51.0,4.0,2.0,49.18,inf,veto 1 : moins de 3 épisodes de contact d'un côté,ATTENTE
2024-11-29,DECISION,2024-11-29,RI.PA,96.68224334716797,-1.0,-1.0,85.7,-14.84,-31.5,1.83,-26.86,93.44,97.22,-0.1512,-0.6465,103.0,43.0,8.0,3.0,3.78,7.6,veto 2 : canal se refermant en 7.6 séances,ATTENTE
2024-11-29,DECISION,2024-11-29,ORA.PA,9.017858505249023,1.0,0.0,84.1,4.7,-9.11,18.52,-6.01,8.69,9.08,0.0038,-0.0138,98.0,52.0,3.0,2.0,0.39,22.3,veto 1 : moins de 3 épisodes de contact d'un côté,ATTENTE
2024-12-31,DECISION,2024-12-31,AIR.PA,148.630859375,1.0,0.0,62.4,3.3,-16.07,22.66,5.7,136.1,156.19,0.2817,0.1744,36.0,97.0,3.0,2.0,20.09,187.3,veto 1 : moins de 3 épisodes de contact d'un côté,ATTENTE
2024-12-31,DECISION,2024-12-31,MC.PA,610.6588745117188,-1.0,0.0,88.7,-4.81,-22.85,13.24,-14.06,524.23,621.63,-0.4337,-0.8154,36.0,50.0,4.0,3.0,97.4,255.2,aucun,ATTENTE
2024-12-31,DECISION,2024-12-31,OR.PA,329.2966003417969,-1.0,0.0,98.8,-5.4,-21.83,11.03,-23.1,286.16,329.84,-0.7126,-1.0491,78.0,64.0,3.0,4.0,43.68,129.8,aucun,ATTENTE
2024-12-31,DECISION,2024-12-31,SAN.PA,85.03131103515625,-1.0,0.0,100.0,4.64,-14.97,24.25,2.61,79.16,85.03,-0.0269,-0.1721,109.0,43.0,3.0,2.0,5.88,40.4,veto 1 : moins de 3 épisodes de contact d'un côté,ATTENTE
2024-12-31,DECISION,2024-12-31,BNP.PA,52.259857177734375,-1.0,0.0,96.5,2.97,-15.86,21.79,-4.89,47.92,52.42,-0.013,-0.1558,82.0,43.0,2.0,2.0,4.5,31.5,veto 1 : moins de 3 épisodes de contact d'un côté,ATTENTE
2024-12-31,DECISION,2024-12-31,TTE.PA,48.35386657714844,-1.0,-1.0,23.0,9.63,-11.02,30.28,-9.99,45.54,57.8,-0.061,0.0049,96.0,57.0,3.0,5.0,12.26,inf,aucun,ATTENTE
2024-12-31,DECISION,2024-12-31,SU.PA,233.003662109375,1.0,-1.0,13.4,7.88,-9.03,24.8,40.34,230.82,247.11,0.4523,0.1163,99.0,52.0,2.0,5.0,16.29,48.5,veto 1 : moins de 3 épisodes de contact d'un côté; veto 3 : critères 1 et 2 de signes opposés,ATTENTE
2024-12-31,DECISION,2024-12-31,AI.PA,137.1903076171875,-1.0,-1.0,68.4,2.07,-10.98,15.12,2.49,134.0,138.67,-0.0496,-0.2656,99.0,37.0,3.0,5.0,4.66,21.6,aucun,ATTENTE
2024-12-31,DECISION,2024-12-31,DG.PA,93.0333023071289,-1.0,0.0,86.4,-1.5,-15.09,12.09,-9.35,89.34,93.61,-0.0204,-0.1433,82.0,41.0,3.0,6.0,4.28,34.8,aucun,ATTENTE
2024-12-31,DECISION,2024-12-31,CAP.PA,149.77024841308594,-1.0,0.0,100.0,-2.66,-22.13,16.82,-16.45,136.21,149.77,-0.2396,-0.6083,82.0,65.0,3.0,3.0,13.56,36.8,aucun,ATTENTE
2024-12-31,DECISION,2024-12-31,RI.PA,99.51241302490234,-1.0,0.0,84.9,-14.23,-30.78,2.32,-24.61,90.24,101.16,-0.1581,-0.3829,83.0,54.0,6.0,3.0,10.92,48.6,aucun,ATTENTE
2024-12-31,DECISION,2024-12-31,ORA.PA,8.87534236907959,-1.0,0.0,92.5,4.11,-9.62,17.83,-1.84,8.63,8.89,0.0002,-0.0126,55.0,58.0,4.0,4.0,0.26,20.4,aucun,ATTENTE
2025-01-31,DECISION,2025-01-31,AIR.PA,160.48060607910156,1.0,1.0,74.2,2.89,-16.3,22.08,7.37,155.12,162.34,0.5732,0.2338,32.0,109.0,2.0,4.0,7.22,21.3,veto 1 : moins de 3 épisodes de contact d'un côté,ATTENTE
2025-01-31,DECISION,2025-01-31,MC.PA,676.0008544921875,1.0,1.0,73.2,-4.71,-23.0,13.59,-16.94,514.69,735.02,-0.4337,0.7117,36.0,83.0,4.0,4.0,220.33,inf,aucun,ATTENTE
2025-01-31,DECISION,2025-01-31,OR.PA,345.3351745605469,-1.0,1.0,79.7,-5.97,-22.23,10.28,-24.37,314.19,353.28,0.198,-0.5143,36.0,84.0,3.0,2.0,39.09,54.9,veto 1 : moins de 3 épisodes de contact d'un côté; veto 3 : critères 1 et 2 de signes opposés,ATTENTE
2025-01-31,DECISION,2025-01-31,SAN.PA,94.70097351074219,-1.0,1.0,98.4,6.16,-13.15,25.47,12.62,76.7,94.99,-0.0891,-0.0125,89.0,103.0,3.0,3.0,18.29,inf,veto 3 : critères 1 et 2 de signes opposés,ATTENTE
2025-01-31,DECISION,2025-01-31,BNP.PA,57.995906829833984,-1.0,1.0,97.5,3.22,-15.36,21.8,14.82,45.74,58.3,-0.056,-0.0125,75.0,65.0,2.0,3.0,12.56,inf,veto 1 : moins de 3 épisodes de contact d'un côté; veto 3 : critères 1 et 2 de signes opposés,ATTENTE
2025-01-31,DECISION,2025-01-31,TTE.PA,51.85763931274414,-1.0,0.0,89.9,9.71,-10.6,30.02,-6.16,43.14,52.83,-0.0961,-0.0578,89.0,71.0,4.0,3.0,9.69,inf,aucun,ATTENTE
2025-01-31,DECISION,2025-01-31,SU.PA,237.30780029296875,1.0,0.0,38.2,6.25,-11.6,24.09,26.92,219.63,265.85,0.1211,0.3002,99.0,82.0,2.0,2.0,46.22,inf,veto 1 : moins de 3 épisodes de contact d'un côté,ATTENTE
2025-01-31,DECISION,2025-01-31,AI.PA,147.40176391601562,-1.0,1.0,92.6,2.28,-10.59,15.15,1.5,131.83,148.64,-0.0856,-0.0701,75.0,87.0,4.0,2.0,16.81,inf,veto 1 : moins de 3 épisodes de contact d'un côté; veto 3 : critères 1 et 2 de signes opposés,ATTENTE
2025-01-31,DECISION,2025-01-31,DG.PA,97.47322845458984,-1.0,1.0,93.1,-2.1,-15.52,11.32,-12.55,86.79,98.27,-0.0682,-0.0582,75.0,93.0,5.0,3.0,11.48,inf,veto 3 : critères 1 et 2 de signes opposés,ATTENTE
2025-01-31,DECISION,2025-01-31,CAP.PA,166.62709045410156,-1.0,1.0,96.1,-1.97,-21.21,17.27,-22.25,126.23,168.28,-0.3466,-0.2417,75.0,87.0,4.0,2.0,42.05,inf,veto 1 : moins de 3 épisodes de contact d'un côté; veto 3 : critères 1 et 2 de signes opposés,ATTENTE
2025-01-31,DECISION,2025-01-31,RI.PA,100.60795593261719,-1.0,0.0,80.7,-15.28,-31.8,1.24,-27.99,93.73,102.26,-0.0098,-0.2722,35.0,83.0,3.0,2.0,8.52,32.5,veto 1 : moins de 3 épisodes de contact d'un côté,ATTENTE
2025-01-31,DECISION,2025-01-31,ORA.PA,9.563945770263672,-1.0,1.0,92.7,5.37,-8.17,18.91,-3.67,8.64,9.64,0.0002,-0.0019,55.0,92.0,5.0,2.0,1.0,494.9,veto 1 : moins de 3 épisodes de contact d'un côté; veto 3 : critères 1 et 2 de signes opposés,ATTENTE
2025-02-28,DECISION,2025-02-28,AIR.PA,159.11703491210938,1.0,0.0,26.7,2.67,-16.48,21.81,7.38,155.38,169.38,0.3981,0.2872,59.0,44.0,2.0,3.0,14.0,126.2,veto 1 : moins de 3 épisodes de contact d'un côté,ATTENTE
2025-02-28,DECISION,2025-02-28,MC.PA,667.7369995117188,1.0,0.0,14.8,-5.08,-23.09,12.94,-12.03,653.61,749.25,1.696,0.7117,40.0,83.0,5.0,2.0,95.64,97.2,veto 1 : moins de 3 épisodes de contact d'un côté,ATTENTE
2025-02-28,DECISION,2025-02-28,OR.PA,340.0371398925781,-1.0,0.0,88.1,-6.38,-22.49,9.74,-15.79,318.15,342.99,0.198,-0.5143,36.0,84.0,4.0,3.0,24.84,34.9,aucun,ATTENTE
2025-02-28,DECISION,2025-02-28,SAN.PA,94.66468811035156,0.0,0.0,49.2,6.02,-12.99,25.03,23.2,93.59,95.77,0.2845,-0.0002,50.0,108.0,3.0,7.0,2.18,7.6,veto 2 : canal se refermant en 7.6 séances,ATTENTE
2025-02-28,DECISION,2025-02-28,BNP.PA,64.29674530029297,1.0,1.0,97.3,5.56,-12.93,24.04,22.44,40.91,64.94,-0.114,0.063,39.0,111.0,4.0,4.0,24.03,inf,aucun,ATTENTE
2025-02-28,DECISION,2025-02-28,TTE.PA,53.13591003417969,-1.0,0.0,21.6,10.1,-9.92,30.12,-0.02,52.71,54.67,0.1353,-0.0282,47.0,94.0,3.0,2.0,1.95,12.0,veto 1 : moins de 3 épisodes de contact d'un côté; veto 2 : canal se refermant en 12.0 séances,ATTENTE
2025-02-28,DECISION,2025-02-28,SU.PA,226.28146362304688,1.0,0.0,9.7,4.86,-13.2,22.91,17.63,221.37,271.86,0.0912,0.3002,96.0,82.0,4.0,2.0,50.49,inf,veto 1 : moins de 3 épisodes de contact d'un côté,ATTENTE
2025-02-28,DECISION,2025-02-28,AI.PA,154.4134063720703,0.0,1.0,45.9,3.22,-9.5,15.94,-0.11,151.95,157.31,0.4986,0.024,31.0,102.0,4.0,2.0,5.37,11.3,veto 1 : moins de 3 épisodes de contact d'un côté; veto 2 : canal se refermant en 11.3 séances,ATTENTE
2025-02-28,DECISION,2025-02-28,DG.PA,103.62942504882812,,,,,,,,,,,,,,,,,,,ERREUR
2025-02-28,DECISION,2025-02-28,CAP.PA,141.2471160888672,-1.0,-1.0,1.5,-5.86,-25.49,13.77,-19.42,140.73,175.47,-0.0118,-0.1294,64.0,97.0,3.0,2.0,34.74,295.6,veto 1 : moins de 3 épisodes de contact d'un côté,ATTENTE
2025-02-28,DECISION,2025-02-28,RI.PA,94.26290130615234,-1.0,-1.0,74.0,-16.68,-33.23,-0.13,-25.3,87.02,96.81,-0.1071,-0.2722,61.0,83.0,4.0,2.0,9.79,59.3,veto 1 : moins de 3 épisodes de contact d'un côté,ATTENTE
2025-02-28,DECISION,2025-02-28,ORA.PA,10.642483711242676,1.0,1.0,99.3,7.8,-5.65,21.24,5.04,8.64,10.66,0.0002,0.0073,55.0,115.0,6.0,2.0,2.02,inf,veto 1 : moins de 3 épisodes de contact d'un côté,ATTENTE
2025-03-31,DECISION,2025-03-31,AIR.PA,156.3130340576172,1.0,0.0,5.4,3.02,-16.0,22.04,0.34,155.18,176.22,0.2973,0.2982,85.0,53.0,3.0,4.0,21.04,inf,aucun,ATTENTE
2025-03-31,DECISION,2025-03-31,MC.PA,549.3527221679688,1.0,-1.0,1.5,-8.47,-26.33,9.39,-11.47,545.7,794.63,0.0792,1.4032,94.0,75.0,3.0,2.0,248.93,inf,veto 1 : moins de 3 épisodes de contact d'un côté; veto 3 : critères 1 et 2 de signes opposés,ATTENTE
2025-03-31,DECISION,2025-03-31,OR.PA,330.2598876953125,0.0,-1.0,15.8,-6.19,-22.2,9.83,-13.15,325.83,353.84,0.2644,-0.2226,51.0,103.0,4.0,3.0,28.02,57.5,aucun,ATTENTE
2025-03-31,DECISION,2025-03-31,SAN.PA,92.45137023925781,1.0,-1.0,9.2,5.71,-13.1,24.52,24.45,91.51,101.76,0.171,0.079,68.0,104.0,2.0,3.0,10.25,111.4,veto 1 : moins de 3 épisodes de contact d'un côté; veto 3 : critères 1 et 2 de signes opposés,ATTENTE
2025-03-31,DECISION,2025-03-31,BNP.PA,67.8707504272461,1.0,1.0,12.7,7.46,-10.84,25.77,16.86,67.2,72.47,0.2784,0.1203,44.0,109.0,6.0,2.0,5.27,33.4,veto 1 : moins de 3 épisodes de contact d'un côté,ATTENTE
2025-03-31,DECISION,2025-03-31,TTE.PA,55.60495376586914,0.0,1.0,70.8,11.64,-8.2,31.47,-9.95,52.76,56.78,0.0948,-0.0008,58.0,115.0,3.0,2.0,4.02,42.0,veto 1 : moins de 3 épisodes de contact d'un côté,ATTENTE
2025-03-31,DECISION,2025-03-31,SU.PA,203.84194946289062,-1.0,0.0,1.4,3.19,-14.89,21.28,14.35,202.77,280.34,-0.2117,0.3465,82.0,67.0,5.0,2.0,77.57,inf,veto 1 : moins de 3 épisodes de contact d'un côté,ATTENTE
2025-03-31,DECISION,2025-03-31,AI.PA,153.11949157714844,1.0,-1.0,6.8,3.53,-9.06,16.11,5.43,152.33,163.85,0.3046,0.1021,52.0,100.0,3.0,2.0,11.52,56.9,veto 1 : moins de 3 épisodes de contact d'un côté; veto 3 : critères 1 et 2 de signes opposés,ATTENTE
2025-03-31,DECISION,2025-03-31,DG.PA,108.47978210449219,1.0,1.0,6.9,1.09,-12.14,14.32,1.1,108.15,112.86,0.3206,0.1047,40.0,106.0,5.0,3.0,4.71,21.8,aucun,ACHAT
2025-03-31,DECISION,2025-03-31,CAP.PA,130.7352752685547,-1.0,-1.0,1.0,-6.89,-26.41,12.64,-28.29,130.26,177.04,-0.132,0.0089,85.0,85.0,3.0,2.0,46.77,inf,veto 1 : moins de 3 épisodes de contact d'un côté,ATTENTE
2025-03-31,DECISION,2025-03-31,RI.PA,83.31654357910156,-1.0,-1.0,6.0,-18.59,-35.1,-2.07,-23.77,82.64,94.03,-0.1313,-0.2054,87.0,30.0,3.0,2.0,11.4,153.8,veto 1 : moins de 3 épisodes de contact d'un côté,ATTENTE
2025-03-31,DECISION,2025-03-31,ORA.PA,11.057305335998535,1.0,1.0,60.2,8.84,-4.45,22.14,15.58,10.75,11.26,0.0354,0.0177,55.0,99.0,3.0,4.0,0.5,28.6,aucun,ATTENTE
2025-04-30,DECISION,2025-04-30,AIR.PA,144.47048950195312,1.0,0.0,39.3,1.4,-17.55,20.34,6.13,120.07,182.19,-0.087,0.2982,96.0,53.0,2.0,4.0,62.11,inf,veto 1 : moins de 3 épisodes de contact d'un côté,ATTENTE
2025-04-30,DECISION,2025-04-30,MC.PA,475.96356201171875,-1.0,-1.0,73.1,-10.93,-29.05,7.2,-24.19,448.15,486.21,-0.7792,-4.6824,110.0,39.0,3.0,3.0,38.05,9.7,veto 2 : canal se refermant en 9.7 séances,ATTENTE
2025-04-30,DECISION,2025-04-30,OR.PA,372.78857421875,1.0,1.0,95.4,-2.89,-19.03,13.24,-22.1,316.25,375.49,0.1061,0.308,94.0,66.0,2.0,2.0,59.24,inf,veto 1 : moins de 3 épisodes de contact d'un côté,ATTENTE
2025-04-30,DECISION,2025-04-30,SAN.PA,86.99063873291016,1.0,0.0,32.1,3.95,-14.79,22.69,18.32,77.93,106.11,-0.0158,0.1581,78.0,83.0,2.0,2.0,28.18,inf,veto 1 : moins de 3 épisodes de contact d'un côté,ATTENTE
2025-04-30,DECISION,2025-04-30,BNP.PA,65.55867767333984,1.0,0.0,49.0,6.87,-11.35,25.08,22.88,54.77,76.79,0.0625,0.1905,90.0,91.0,4.0,3.0,22.02,inf,aucun,ATTENTE
2025-04-30,DECISION,2025-04-30,TTE.PA,47.68269348144531,0.0,0.0,26.1,7.92,-11.8,27.63,-7.12,44.14,57.7,-0.0208,0.0419,78.0,97.0,3.0,4.0,13.57,inf,aucun,ATTENTE
2025-04-30,DECISION,2025-04-30,SU.PA,197.5066375732422,-1.0,0.0,75.8,2.89,-15.51,21.28,0.36,156.94,210.43,-0.5957,-1.0339,104.0,45.0,4.0,3.0,53.49,122.1,aucun,ATTENTE
2025-04-30,DECISION,2025-04-30,AI.PA,157.85801696777344,1.0,1.0,98.1,4.27,-8.38,16.92,8.5,139.95,158.21,0.0685,-0.1239,72.0,34.0,2.0,2.0,18.26,94.9,veto 1 : moins de 3 épisodes de contact d'un côté,ATTENTE
2025-04-30,DECISION,2025-04-30,DG.PA,118.00370788574219,1.0,1.0,97.1,3.28,-9.84,16.4,7.7,98.41,118.58,0.0936,0.1997,60.0,119.0,4.0,7.0,20.17,inf,aucun,ATTENTE
2025-04-30,DECISION,2025-04-30,CAP.PA,132.4398956298828,-1.0,0.0,91.3,-6.24,-25.67,13.2,-27.25,97.95,135.74,-0.4146,-0.8146,90.0,49.0,2.0,2.0,37.79,94.5,veto 1 : moins de 3 épisodes de contact d'un côté,ATTENTE
2025-04-30,DECISION,2025-04-30,RI.PA,86.93185424804688,-1.0,1.0,90.2,-16.96,-33.38,-0.53,-30.59,72.85,88.47,-0.1977,-0.2484,93.0,34.0,3.0,3.0,15.62,308.0,veto 3 : critères 1 et 2 de signes opposés,ATTENTE
2025-04-30,DECISION,2025-04-30,ORA.PA,11.785547256469727,1.0,1.0,87.2,10.3,-3.08,23.67,21.87,10.72,11.94,0.0259,0.0253,63.0,113.0,3.0,7.0,1.22,1987.9,aucun,ATTENTE
2025-05-30,DECISION,2025-05-30,AIR.PA,159.1394500732422,0.0,1.0,93.6,2.68,-16.07,21.43,-1.41,109.67,162.5,-0.3251,-0.1272,83.0,59.0,3.0,3.0,52.82,inf,aucun,ATTENTE
2025-05-30,DECISION,2025-05-30,MC.PA,466.5496826171875,-1.0,0.0,71.7,-12.0,-30.11,6.11,-31.98,411.19,488.42,-1.4582,-3.0342,83.0,48.0,3.0,5.0,77.22,49.0,aucun,ATTENTE
2025-05-30,DECISION,2025-05-30,OR.PA,365.22503662109375,1.0,-1.0,17.6,-3.96,-20.01,12.08,-14.4,359.26,393.16,1.2389,0.4368,35.0,73.0,3.0,4.0,33.91,42.3,veto 3 : critères 1 et 2 de signes opposés,ATTENTE
2025-05-30,DECISION,2025-05-30,SAN.PA,82.88585662841797,0.0,0.0,28.1,2.35,-16.31,21.01,6.24,80.91,87.96,0.0814,-0.2278,34.0,52.0,2.0,3.0,7.05,22.8,veto 1 : moins de 3 épisodes de contact d'un côté,ATTENTE
2025-05-30,DECISION,2025-05-30,BNP.PA,72.44466400146484,1.0,1.0,22.8,8.14,-9.82,26.1,11.16,71.96,74.1,0.5035,0.0468,31.0,38.0,3.0,2.0,2.14,4.7,veto 1 : moins de 3 épisodes de contact d'un côté; veto 2 : canal se refermant en 4.7 séances,ATTENTE
2025-05-30,DECISION,2025-05-30,TTE.PA,48.148712158203125,0.0,0.0,90.2,7.48,-11.95,26.91,-16.09,43.7,48.63,-0.0208,-0.1894,78.0,43.0,3.0,3.0,4.93,29.2,aucun,ATTENTE
2025-05-30,DECISION,2025-05-30,SU.PA,217.9396209716797,-1.0,1.0,23.3,4.21,-13.98,22.4,-9.0,215.76,225.12,1.3856,-0.4985,31.0,67.0,3.0,2.0,9.36,5.0,veto 1 : moins de 3 épisodes de contact d'un côté; veto 2 : canal se refermant en 5.0 séances; veto 3 : critères 1 et 2 de signes opposés,ATTENTE
2025-05-30,DECISION,2025-05-30,AI.PA,162.33697509765625,1.0,1.0,11.2,4.3,-8.22,16.81,8.97,161.84,166.28,0.6699,0.0702,34.0,47.0,2.0,3.0,4.44,7.4,veto 1 : moins de 3 épisodes de contact d'un côté; veto 2 : canal se refermant en 7.4 séances,ATTENTE
2025-05-30,DECISION,2025-05-30,DG.PA,121.13187408447266,1.0,1.0,0.0,3.22,-9.81,16.24,12.56,121.13,126.58,0.6701,0.2654,36.0,105.0,2.0,7.0,5.45,13.5,veto 1 : moins de 3 épisodes de contact d'un côté; veto 2 : canal se refermant en 13.5 séances,ATTENTE
2025-05-30,DECISION,2025-05-30,CAP.PA,141.6922607421875,-1.0,1.0,4.2,-5.37,-24.56,13.82,-25.99,141.55,145.03,1.0382,-0.4429,36.0,70.0,3.0,3.0,3.48,2.4,veto 2 : canal se refermant en 2.4 séances; veto 3 : critères 1 et 2 de signes opposés,ATTENTE
2025-05-30,DECISION,2025-05-30,RI.PA,83.09741973876953,-1.0,-1.0,3.3,-18.24,-34.45,-2.02,-28.43,82.92,88.49,0.1973,-0.1715,31.0,71.0,3.0,4.0,5.58,15.1,veto 2 : canal se refermant en 15.1 séances,ATTENTE
2025-05-30,DECISION,2025-05-30,ORA.PA,12.108187675476074,1.0,1.0,65.9,10.61,-2.75,23.97,24.81,11.27,12.54,0.0259,0.0274,63.0,31.0,2.0,7.0,1.28,inf,veto 1 : moins de 3 épisodes de contact d'un côté,ATTENTE
2025-06-30,DECISION,2025-06-30,AIR.PA,174.04403686523438,0.0,1.0,88.7,4.94,-13.66,23.53,22.0,162.77,175.48,0.7261,0.0637,48.0,81.0,3.0,3.0,12.71,19.2,veto 2 : canal se refermant en 19.2 séances,ATTENTE
2025-06-30,DECISION,2025-06-30,MC.PA,433.7229309082031,-1.0,-1.0,45.3,-13.09,-30.93,4.75,-31.44,424.7,444.6,-0.5861,-2.7914,46.0,78.0,5.0,5.0,19.91,9.0,veto 2 : canal se refermant en 9.0 séances,ATTENTE
2025-06-30,DECISION,2025-06-30,OR.PA,356.104248046875,1.0,-1.0,22.6,-4.24,-20.11,11.63,-6.49,342.62,402.33,0.4906,0.4368,55.0,73.0,3.0,3.0,59.71,1109.5,veto 3 : critères 1 et 2 de signes opposés,ATTENTE
2025-06-30,DECISION,2025-06-30,SAN.PA,77.85702514648438,-1.0,-1.0,11.2,1.06,-17.35,19.47,1.27,77.18,83.18,-0.0173,-0.2278,55.0,52.0,2.0,3.0,5.99,28.5,veto 1 : moins de 3 épisodes de contact d'un côté,ATTENTE
2025-06-30,DECISION,2025-06-30,BNP.PA,71.67457580566406,1.0,-1.0,38.4,8.05,-9.74,25.85,30.87,69.55,75.08,0.2758,0.0468,52.0,38.0,3.0,3.0,5.53,24.1,veto 3 : critères 1 et 2 de signes opposés,ATTENTE
2025-06-30,DECISION,2025-06-30,TTE.PA,49.32671356201172,-1.0,0.0,15.4,8.22,-11.13,27.57,-16.98,48.87,51.86,0.0811,-0.0768,51.0,53.0,3.0,3.0,3.0,19.0,veto 2 : canal se refermant en 19.0 séances,ATTENTE
2025-06-30,DECISION,2025-06-30,SU.PA,222.32106018066406,-1.0,0.0,68.9,4.8,-13.24,22.83,-1.69,211.98,227.0,0.8087,-0.3598,55.0,89.0,2.0,3.0,15.02,12.9,veto 1 : moins de 3 épisodes de contact d'un côté; veto 2 : canal se refermant en 12.9 séances,ATTENTE
2025-06-30,DECISION,2025-06-30,AI.PA,155.87554931640625,1.0,-1.0,3.3,3.49,-8.85,15.82,13.08,155.48,167.75,0.2984,0.0702,53.0,47.0,2.0,3.0,12.28,53.8,veto 1 : moins de 3 épisodes de contact d'un côté; veto 3 : critères 1 et 2 de signes opposés,ATTENTE
2025-06-30,DECISION,2025-06-30,DG.PA,120.40998840332031,1.0,-1.0,16.7,3.26,-9.59,16.12,27.58,118.02,132.3,0.3686,0.2697,52.0,44.0,2.0,6.0,14.29,144.4,veto 1 : moins de 3 épisodes de contact d'un côté; veto 3 : critères 1 et 2 de signes opposés,ATTENTE
2025-06-30,DECISION,2025-06-30,CAP.PA,140.5296630859375,-1.0,-1.0,29.5,-5.21,-24.16,13.74,-22.11,138.03,146.51,0.5939,-0.3257,52.0,83.0,2.0,2.0,8.49,9.2,veto 1 : moins de 3 épisodes de contact d'un côté; veto 2 : canal se refermant en 9.2 séances,ATTENTE
2025-06-30,DECISION,2025-06-30,RI.PA,77.2362289428711,-1.0,-1.0,10.7,-19.3,-35.49,-3.1,-27.62,76.82,80.73,0.0176,-0.2904,57.0,31.0,2.0,6.0,3.91,12.7,veto 1 : moins de 3 épisodes de contact d'un côté; veto 2 : canal se refermant en 12.7 séances,ATTENTE
2025-06-30,DECISION,2025-06-30,ORA.PA,12.325410842895508,1.0,1.0,19.5,10.86,-2.31,24.03,42.18,12.13,13.12,0.0316,0.0274,56.0,31.0,3.0,6.0,0.99,234.5,aucun,ACHAT
2025-07-31,DECISION,2025-07-31,AIR.PA,172.84616088867188,1.0,0.0,3.0,4.48,-13.91,22.87,37.26,172.47,184.86,0.6387,0.1391,80.0,96.0,3.0,3.0,12.39,24.8,aucun,ATTENTE
2025-07-31,DECISION,2025-07-31,MC.PA,460.7940368652344,-1.0,0.0,69.6,-11.8,-29.69,6.1,-19.82,411.22,482.47,-0.5861,-1.8299,46.0,113.0,4.0,3.0,71.26,57.3,aucun,ATTENTE
2025-07-31,DECISION,2025-07-31,OR.PA,381.8484802246094,1.0,0.0,74.7,-2.81,-18.58,12.96,-1.39,353.9,391.31,0.4906,0.0736,55.0,58.0,4.0,3.0,37.41,89.7,aucun,ATTENTE
2025-07-31,DECISION,2025-07-31,SAN.PA,74.66545867919922,-1.0,0.0,5.6,-0.05,-18.4,18.29,-7.38,74.23,81.97,-0.0501,-0.187,78.0,96.0,2.0,3.0,7.74,56.6,veto 1 : moins de 3 épisodes de contact d'un côté,ATTENTE
2025-07-31,DECISION,2025-07-31,BNP.PA,75.18692779541016,1.0,1.0,62.6,8.72,-8.9,26.35,39.16,73.22,76.36,0.2424,0.0491,77.0,84.0,3.0,5.0,3.14,16.3,veto 2 : canal se refermant en 16.3 séances,ATTENTE
2025-07-31,DECISION,2025-07-31,TTE.PA,49.25096893310547,-1.0,-1.0,46.2,7.91,-11.21,27.03,-5.05,48.17,50.51,0.0482,-0.072,74.0,81.0,2.0,6.0,2.35,19.5,veto 1 : moins de 3 épisodes de contact d'un côté; veto 2 : canal se refermant en 19.5 séances,ATTENTE
2025-07-31,DECISION,2025-07-31,SU.PA,224.73330688476562,0.0,1.0,0.0,4.69,-13.33,22.72,12.85,224.73,240.97,0.7357,-0.1612,80.0,111.0,3.0,3.0,16.23,18.1,veto 2 : canal se refermant en 18.1 séances,ATTENTE
2025-07-31,DECISION,2025-07-31,AI.PA,153.79293823242188,1.0,-1.0,20.7,3.0,-9.16,15.16,9.84,152.7,157.98,0.1748,-0.1932,75.0,34.0,2.0,3.0,5.28,14.4,veto 1 : moins de 3 épisodes de contact d'un côté; veto 2 : canal se refermant en 14.4 séances; veto 3 : critères 1 et 2 de signes opposés,ATTENTE
2025-07-31,DECISION,2025-07-31,DG.PA,117.04119873046875,1.0,-1.0,0.0,2.38,-10.31,15.08,28.92,117.04,122.0,0.2504,-0.0671,80.0,33.0,2.0,5.0,4.96,15.6,veto 1 : moins de 3 épisodes de contact d'un côté; veto 2 : canal se refermant en 15.6 séances; veto 3 : critères 1 et 2 de signes opposés,ATTENTE
2025-07-31,DECISION,2025-07-31,CAP.PA,126.82061767578125,-1.0,-1.0,0.7,-7.52,-26.37,11.33,-15.06,126.72,139.82,0.2819,-0.3188,80.0,100.0,2.0,4.0,13.09,21.8,veto 1 : moins de 3 épisodes de contact d'un côté,ATTENTE
2025-07-31,DECISION,2025-07-31,RI.PA,84.57027435302734,-1.0,1.0,40.6,-17.19,-33.53,-0.84,-24.15,77.22,95.32,0.0176,-0.016,57.0,96.0,2.0,3.0,18.1,537.8,veto 1 : moins de 3 épisodes de contact d'un côté; veto 3 : critères 1 et 2 de signes opposés,ATTENTE
2025-07-31,DECISION,2025-07-31,ORA.PA,12.735780715942383,1.0,1.0,27.0,11.32,-1.78,24.42,39.5,12.36,13.75,0.0254,0.0274,78.0,31.0,2.0,7.0,1.39,inf,veto 1 : moins de 3 épisodes de contact d'un côté,ATTENTE
2025-08-29,DECISION,2025-08-29,AIR.PA,175.81137084960938,1.0,0.0,10.4,4.76,-13.56,23.07,33.79,174.16,190.05,0.5226,0.2147,101.0,85.0,4.0,3.0,15.89,51.6,aucun,ATTENTE
2025-08-29,DECISION,2025-08-29,MC.PA,491.7672424316406,-1.0,1.0,70.2,-10.3,-28.04,7.44,-27.85,444.36,511.9,0.402,-0.7484,33.0,118.0,2.0,2.0,67.53,58.7,veto 1 : moins de 3 épisodes de contact d'un côté; veto 3 : critères 1 et 2 de signes opposés,ATTENTE
2025-08-29,DECISION,2025-08-29,OR.PA,390.2337341308594,1.0,1.0,69.6,-2.39,-18.0,13.22,-0.28,364.21,401.63,0.4906,0.1846,55.0,72.0,4.0,4.0,37.42,122.3,aucun,ATTENTE
2025-08-29,DECISION,2025-08-29,SAN.PA,80.01629638671875,-1.0,1.0,74.0,1.42,-16.75,19.6,-20.87,71.34,83.07,-0.0686,-0.1375,79.0,109.0,2.0,3.0,11.73,170.3,veto 1 : moins de 3 épisodes de contact d'un côté; veto 3 : critères 1 et 2 de signes opposés,ATTENTE
2025-08-29,DECISION,2025-08-29,BNP.PA,72.15353393554688,1.0,0.0,16.9,7.51,-9.9,24.91,38.13,70.5,80.3,0.165,0.0755,98.0,100.0,2.0,3.0,9.8,109.5,veto 1 : moins de 3 épisodes de contact d'un côté,ATTENTE
2025-08-29,DECISION,2025-08-29,TTE.PA,50.65218734741211,0.0,1.0,56.6,8.29,-10.55,27.13,-9.02,49.18,51.78,0.0482,-0.0463,74.0,103.0,3.0,2.0,2.61,27.6,veto 1 : moins de 3 épisodes de contact d'un côté,ATTENTE
2025-08-29,DECISION,2025-08-29,SU.PA,206.813720703125,1.0,-1.0,1.1,2.75,-15.23,20.72,2.42,206.42,242.75,0.4014,0.0736,101.0,92.0,2.0,4.0,36.33,110.8,veto 1 : moins de 3 épisodes de contact d'un côté; veto 3 : critères 1 et 2 de signes opposés,ATTENTE
2025-08-29,DECISION,2025-08-29,AI.PA,156.8367462158203,0.0,1.0,25.7,3.24,-8.75,15.23,3.86,154.13,164.67,0.1522,-0.0158,79.0,61.0,3.0,4.0,10.53,62.7,aucun,ATTENTE
2025-08-29,DECISION,2025-08-29,DG.PA,111.55490112304688,1.0,0.0,12.0,1.1,-11.59,13.8,17.39,109.67,125.33,0.1254,0.0016,98.0,60.0,2.0,2.0,15.66,126.6,veto 1 : moins de 3 épisodes de contact d'un côté,ATTENTE
2025-08-29,DECISION,2025-08-29,CAP.PA,117.66512298583984,-1.0,0.0,1.2,-9.1,-27.79,9.59,-28.35,117.18,157.4,0.1288,0.1178,98.0,41.0,4.0,5.0,40.22,3658.5,aucun,ATTENTE
2025-08-29,DECISION,2025-08-29,RI.PA,90.97200775146484,1.0,1.0,58.1,-15.47,-31.7,0.75,-25.88,77.59,100.62,0.0176,0.0561,57.0,118.0,2.0,2.0,23.03,inf,veto 1 : moins de 3 épisodes de contact d'un côté,ATTENTE
2025-08-29,DECISION,2025-08-29,ORA.PA,13.265443801879883,1.0,0.0,30.4,12.04,-1.06,25.13,35.32,12.89,14.12,0.0254,0.0244,78.0,62.0,4.0,4.0,1.22,1337.4,aucun,ATTENTE
2025-09-30,DECISION,2025-09-30,AIR.PA,193.81863403320312,1.0,1.0,70.1,6.66,-11.44,24.76,47.04,184.63,197.73,0.4836,0.2716,72.0,41.0,4.0,4.0,13.1,61.8,aucun,ATTENTE
2025-09-30,DECISION,2025-09-30,MC.PA,507.76605224609375,0.0,1.0,86.1,-9.45,-27.1,8.2,-21.91,453.21,516.57,0.402,-0.113,33.0,95.0,3.0,3.0,63.36,123.0,aucun,ATTENTE
2025-09-30,DECISION,2025-09-30,OR.PA,361.4001770019531,1.0,-1.0,15.4,-3.98,-19.49,11.53,3.71,353.31,405.69,0.249,0.1846,115.0,72.0,3.0,5.0,52.38,812.8,veto 3 : critères 1 et 2 de signes opposés,ATTENTE
2025-09-30,DECISION,2025-09-30,SAN.PA,74.39082336425781,-1.0,-1.0,24.0,-0.07,-18.32,18.18,-11.77,72.12,81.61,-0.0142,-0.0796,42.0,66.0,3.0,3.0,9.49,145.0,aucun,ATTENTE
2025-09-30,DECISION,2025-09-30,BNP.PA,75.10324096679688,1.0,1.0,78.1,8.16,-9.01,25.34,36.46,73.06,75.68,0.1392,-0.1209,116.0,32.0,5.0,2.0,2.62,10.1,veto 1 : moins de 3 épisodes de contact d'un côté; veto 2 : canal se refermant en 10.1 séances,ATTENTE
2025-09-30,DECISION,2025-09-30,TTE.PA,48.97640609741211,1.0,0.0,16.8,7.48,-11.18,26.14,-9.21,48.44,51.64,0.0277,-0.0138,119.0,50.0,2.0,3.0,3.21,77.2,veto 1 : moins de 3 épisodes de contact d'un côté,ATTENTE
2025-09-30,DECISION,2025-09-30,SU.PA,233.9392547607422,1.0,1.0,93.1,5.22,-12.59,23.03,-8.22,210.12,235.71,0.2111,-0.1231,98.0,42.0,2.0,2.0,25.6,76.6,veto 1 : moins de 3 épisodes de contact d'un côté,ATTENTE
2025-09-30,DECISION,2025-09-30,AI.PA,157.40635681152344,-1.0,0.0,36.0,3.21,-8.6,15.02,7.25,153.52,164.32,0.0803,-0.0158,116.0,61.0,3.0,4.0,10.8,112.4,aucun,ATTENTE
2025-09-30,DECISION,2025-09-30,DG.PA,113.52804565429688,-1.0,0.0,27.2,1.4,-11.14,13.93,17.89,109.11,125.37,0.0484,0.0016,100.0,60.0,3.0,2.0,16.26,347.8,veto 1 : moins de 3 épisodes de contact d'un côté,ATTENTE
2025-09-30,DECISION,2025-09-30,CAP.PA,119.6996841430664,-1.0,0.0,85.2,-8.54,-27.21,10.13,-34.48,113.86,120.72,-0.028,-0.4118,99.0,50.0,7.0,5.0,6.86,17.9,veto 2 : canal se refermant en 17.9 séances,ATTENTE
2025-09-30,DECISION,2025-09-30,RI.PA,78.187255859375,0.0,-1.0,7.9,-18.31,-34.42,-2.19,-22.56,76.03,103.41,-0.0118,0.1237,66.0,90.0,2.0,4.0,27.38,inf,veto 1 : moins de 3 épisodes de contact d'un côté,ATTENTE
2025-09-30,DECISION,2025-09-30,ORA.PA,13.179553031921387,1.0,0.0,20.1,11.7,-1.27,24.66,51.39,12.81,14.65,0.0152,0.0244,96.0,62.0,3.0,3.0,1.84,inf,aucun,ATTENTE
2025-10-31,DECISION,2025-10-31,AIR.PA,209.52835083007812,1.0,1.0,66.9,7.7,-10.2,25.6,45.67,201.68,213.41,0.6116,0.3974,35.0,74.0,5.0,4.0,11.73,54.8,aucun,ATTENTE
2025-10-31,DECISION,2025-10-31,MC.PA,597.125,1.0,1.0,84.0,-6.52,-24.46,11.43,-7.68,462.46,622.78,0.402,1.0895,33.0,113.0,2.0,2.0,160.33,inf,veto 1 : moins de 3 épisodes de contact d'un côté,ATTENTE
2025-10-31,DECISION,2025-10-31,OR.PA,355.66290283203125,1.0,0.0,6.0,-4.61,-20.13,10.91,9.7,353.6,387.99,0.1315,-0.2927,91.0,33.0,3.0,4.0,34.39,81.1,aucun,ATTENTE
2025-10-31,DECISION,2025-10-31,SAN.PA,82.96162414550781,-1.0,1.0,77.5,1.94,-16.34,20.22,-8.01,71.79,86.2,-0.0142,-0.0247,42.0,113.0,3.0,2.0,14.41,1369.9,veto 1 : moins de 3 épisodes de contact d'un côté; veto 3 : critères 1 et 2 de signes opposés,ATTENTE
2025-10-31,DECISION,2025-10-31,BNP.PA,65.12896728515625,0.0,-1.0,12.5,4.7,-12.6,21.99,36.0,63.73,74.92,-0.0472,-0.0842,93.0,35.0,3.0,4.0,11.18,302.9,aucun,ATTENTE
2025-10-31,DECISION,2025-10-31,TTE.PA,51.93154525756836,1.0,1.0,86.5,8.2,-10.2,26.6,-7.08,47.45,52.63,0.0039,-0.0008,102.0,94.0,2.0,2.0,5.18,1115.7,veto 1 : moins de 3 épisodes de contact d'un côté,ATTENTE
2025-10-31,DECISION,2025-10-31,SU.PA,242.30828857421875,1.0,1.0,10.0,5.4,-12.26,23.07,6.4,240.73,256.52,0.7966,0.2297,44.0,63.0,2.0,6.0,15.79,27.8,veto 1 : moins de 3 épisodes de contact d'un côté,ATTENTE
2025-10-31,DECISION,2025-10-31,AI.PA,149.44970703125,-1.0,0.0,11.3,1.84,-9.93,13.62,8.08,148.63,155.9,-0.0378,-0.1707,65.0,49.0,5.0,2.0,7.27,54.7,veto 1 : moins de 3 épisodes de contact d'un côté,ATTENTE
2025-10-31,DECISION,2025-10-31,DG.PA,112.55347442626953,-1.0,0.0,61.3,0.84,-11.59,13.27,19.71,101.97,119.22,-0.148,-0.1129,53.0,49.0,3.0,2.0,17.25,inf,veto 1 : moins de 3 épisodes de contact d'un côté,ATTENTE
2025-10-31,DECISION,2025-10-31,CAP.PA,129.339599609375,-1.0,1.0,85.8,-7.13,-25.76,11.5,-20.07,91.42,135.6,-0.4131,-0.1412,53.0,95.0,3.0,3.0,44.18,inf,veto 3 : critères 1 et 2 de signes opposés,ATTENTE
2025-10-31,DECISION,2025-10-31,RI.PA,79.51627349853516,0.0,0.0,60.6,-17.91,-33.94,-1.89,-22.91,75.76,81.96,-0.0118,-0.4046,66.0,40.0,3.0,2.0,6.19,15.8,veto 1 : moins de 3 épisodes de contact d'un côté; veto 2 : canal se refermant en 15.8 séances,ATTENTE
2025-10-31,DECISION,2025-10-31,ORA.PA,13.203411102294922,1.0,1.0,56.0,11.4,-1.51,24.31,43.52,12.63,13.65,0.0079,-0.0045,100.0,40.0,4.0,3.0,1.03,82.2,aucun,ATTENTE
2025-11-28,DECISION,2025-11-28,AIR.PA,200.74073791503906,1.0,-1.0,14.3,6.47,-11.22,24.16,43.0,197.3,221.36,0.388,0.3974,82.0,74.0,3.0,3.0,24.06,inf,veto 3 : critères 1 et 2 de signes opposés,ATTENTE
2025-11-28,DECISION,2025-11-28,MC.PA,619.9525756835938,1.0,0.0,24.9,-5.98,-23.71,11.74,1.67,607.0,659.09,2.803,1.648,30.0,75.0,3.0,5.0,52.1,45.1,aucun,ATTENTE
2025-11-28,DECISION,2025-11-28,OR.PA,368.3634033203125,0.0,1.0,65.4,-4.04,-19.4,11.31,13.47,342.37,382.14,0.0066,-0.2927,104.0,33.0,4.0,4.0,39.76,132.8,aucun,ATTENTE
2025-11-28,DECISION,2025-11-28,SAN.PA,81.21905517578125,1.0,0.0,3.5,1.3,-16.76,19.36,0.3,80.99,87.43,0.2064,0.0442,43.0,94.0,2.0,3.0,6.44,39.7,veto 1 : moins de 3 épisodes de contact d'un côté,ATTENTE
2025-11-28,DECISION,2025-11-28,BNP.PA,71.56806182861328,-1.0,1.0,97.0,6.2,-10.92,23.32,31.15,62.37,71.85,-0.0509,-0.1275,96.0,31.0,2.0,3.0,9.48,123.8,veto 1 : moins de 3 épisodes de contact d'un côté; veto 3 : critères 1 et 2 de signes opposés,ATTENTE
2025-11-28,DECISION,2025-11-28,TTE.PA,54.67491912841797,1.0,1.0,98.0,8.91,-9.23,27.05,5.26,47.06,54.83,-0.0101,0.0227,57.0,107.0,4.0,3.0,7.77,inf,aucun,ATTENTE
2025-11-28,DECISION,2025-11-28,SU.PA,227.44093322753906,1.0,-1.0,22.0,3.8,-13.74,21.33,3.95,217.96,261.11,0.1919,0.2297,59.0,63.0,2.0,6.0,43.15,inf,veto 1 : moins de 3 épisodes de contact d'un côté; veto 3 : critères 1 et 2 de signes opposés,ATTENTE
2025-11-28,DECISION,2025-11-28,AI.PA,146.9576873779297,-1.0,-1.0,33.9,1.29,-10.33,12.92,8.49,143.67,153.37,-0.0872,-0.1585,81.0,61.0,4.0,3.0,9.7,136.2,aucun,ATTENTE
2025-11-28,DECISION,2025-11-28,DG.PA,118.72012329101562,-1.0,1.0,97.8,1.67,-10.62,13.96,24.73,99.01,119.17,-0.148,-0.0831,53.0,73.0,3.0,2.0,20.16,inf,veto 1 : moins de 3 épisodes de contact d'un côté; veto 3 : critères 1 et 2 de signes opposés,ATTENTE
2025-11-28,DECISION,2025-11-28,CAP.PA,130.59909057617188,-1.0,1.0,96.5,-7.17,-25.63,11.29,-12.22,70.86,132.78,-0.5631,-0.1412,32.0,95.0,2.0,4.0,61.92,inf,veto 1 : moins de 3 épisodes de contact d'un côté; veto 3 : critères 1 et 2 de signes opposés,ATTENTE
2025-11-28,DECISION,2025-11-28,RI.PA,74.77259826660156,-1.0,-1.0,67.2,-19.09,-35.04,-3.13,-17.01,72.38,75.94,-0.0407,-0.3731,102.0,65.0,3.0,4.0,3.56,10.7,veto 2 : canal se refermant en 10.7 séances,ATTENTE
2025-11-28,DECISION,2025-11-28,ORA.PA,13.542203903198242,1.0,0.0,75.3,11.67,-1.15,24.48,47.78,13.06,13.7,0.015,-0.0027,34.0,63.0,2.0,3.0,0.64,36.0,veto 1 : moins de 3 épisodes de contact d'un côté,ATTENTE
2024-12-31,DECALE-1,2024-12-30,AIR.PA,148.2467498779297,1.0,0.0,61.5,3.54,-15.84,22.91,1.74,135.82,156.02,0.2817,0.1744,36.0,97.0,3.0,2.0,20.2,188.3,veto 1 : moins de 3 épisodes de contact d'un côté,ATTENTE
2024-12-31,DECALE-1,2024-12-30,MC.PA,604.7012329101562,-1.0,1.0,81.9,-4.74,-22.81,13.32,-14.63,524.66,622.45,-0.4337,-0.8154,36.0,50.0,4.0,3.0,97.78,256.2,veto 3 : critères 1 et 2 de signes opposés,ATTENTE
2024-12-31,DECALE-1,2024-12-30,OR.PA,325.0099792480469,-1.0,0.0,86.7,-5.49,-21.94,10.96,-22.72,286.87,330.89,-0.7126,-1.0491,78.0,64.0,3.0,4.0,44.02,130.8,aucun,ATTENTE
2024-12-31,DECALE-1,2024-12-30,SAN.PA,84.48705291748047,-1.0,0.0,89.4,4.6,-15.03,24.23,3.57,79.18,85.11,-0.0269,-0.1743,109.0,42.0,3.0,2.0,5.93,40.2,veto 1 : moins de 3 épisodes de contact d'un côté,ATTENTE
2024-12-31,DECALE-1,2024-12-30,BNP.PA,51.82744598388672,-1.0,0.0,88.0,3.06,-15.78,21.91,-5.62,47.94,52.36,-0.013,-0.1609,82.0,42.0,2.0,2.0,4.42,29.9,veto 1 : moins de 3 épisodes de contact d'un côté,ATTENTE
2024-12-31,DECALE-1,2024-12-30,TTE.PA,47.65622329711914,-1.0,-1.0,16.9,9.48,-11.19,30.15,-10.16,45.6,57.8,-0.061,0.0049,96.0,57.0,3.0,5.0,12.2,inf,aucun,ATTENTE
2024-12-31,DECALE-1,2024-12-30,SU.PA,231.55282592773438,1.0,-1.0,7.2,8.01,-8.91,24.94,37.75,230.36,246.99,0.4523,0.1163,99.0,52.0,2.0,5.0,16.63,49.5,veto 1 : moins de 3 épisodes de contact d'un côté; veto 3 : critères 1 et 2 de signes opposés,ATTENTE
2024-12-31,DECALE-1,2024-12-30,AI.PA,135.1794891357422,-1.0,-1.0,23.1,1.91,-11.15,14.97,1.66,134.05,138.93,-0.0496,-0.2656,99.0,37.0,3.0,5.0,4.88,22.6,aucun,ATTENTE
2024-12-31,DECALE-1,2024-12-30,DG.PA,92.0818862915039,-1.0,0.0,61.9,-1.52,-15.12,12.08,-11.42,89.36,93.76,-0.0204,-0.1433,82.0,41.0,3.0,5.0,4.4,35.8,aucun,ATTENTE
2024-12-31,DECALE-1,2024-12-30,CAP.PA,146.97654724121094,-1.0,0.0,82.3,-2.86,-22.35,16.63,-18.32,136.45,149.24,-0.2396,-0.6261,82.0,63.0,3.0,3.0,12.79,33.1,aucun,ATTENTE
2024-12-31,DECALE-1,2024-12-30,RI.PA,98.73639678955078,-1.0,0.0,74.8,-14.24,-30.8,2.33,-27.58,90.4,101.54,-0.1581,-0.3829,83.0,54.0,6.0,3.0,11.14,49.6,aucun,ATTENTE
2024-12-31,DECALE-1,2024-12-30,ORA.PA,8.87718677520752,-1.0,-1.0,88.9,4.18,-9.56,17.91,-1.6,8.63,8.91,0.0002,-0.0126,55.0,58.0,4.0,4.0,0.27,21.4,aucun,VENTE
2024-12-31,DECALE-2,2024-12-27,AIR.PA,149.1302032470703,1.0,1.0,66.9,3.48,-15.91,22.88,1.4,135.54,155.85,0.2817,0.1744,36.0,97.0,3.0,2.0,20.31,189.3,veto 1 : moins de 3 épisodes de contact d'un côté,ATTENTE
2024-12-31,DECALE-2,2024-12-27,MC.PA,610.7550048828125,-1.0,1.0,87.3,-4.71,-22.79,13.38,-13.48,525.1,623.26,-0.4337,-0.8154,36.0,50.0,4.0,3.0,98.17,257.2,veto 3 : critères 1 et 2 de signes opposés,ATTENTE
2024-12-31,DECALE-2,2024-12-27,OR.PA,331.8492736816406,-1.0,1.0,100.0,-5.13,-21.58,11.32,-23.07,287.58,331.85,-0.7126,-1.0504,78.0,63.0,3.0,4.0,44.27,131.0,veto 3 : critères 1 et 2 de signes opposés,ATTENTE
2024-12-31,DECALE-2,2024-12-27,SAN.PA,84.61405181884766,-1.0,0.0,100.0,4.57,-15.08,24.22,3.86,79.21,84.61,-0.0269,-0.1907,109.0,41.0,3.0,3.0,5.4,33.0,aucun,ATTENTE
2024-12-31,DECALE-2,2024-12-27,BNP.PA,51.6597785949707,-1.0,0.0,97.0,2.78,-16.08,21.64,-2.56,47.95,51.77,-0.013,-0.1791,82.0,41.0,2.0,4.0,3.83,23.0,veto 1 : moins de 3 épisodes de contact d'un côté,ATTENTE
2024-12-31,DECALE-2,2024-12-27,TTE.PA,47.79213333129883,-1.0,-1.0,17.6,9.43,-11.25,30.12,-7.69,45.66,57.79,-0.061,0.0049,96.0,57.0,3.0,5.0,12.13,inf,aucun,ATTENTE
2024-12-31,DECALE-2,2024-12-27,SU.PA,233.1487579345703,1.0,0.0,19.1,8.0,-8.94,24.95,38.71,229.91,246.88,0.4523,0.1163,99.0,52.0,2.0,5.0,16.96,50.5,veto 1 : moins de 3 épisodes de contact d'un côté,ATTENTE
2024-12-31,DECALE-2,2024-12-27,AI.PA,136.29855346679688,-1.0,-1.0,43.1,1.99,-11.08,15.06,2.18,134.1,139.2,-0.0496,-0.2656,99.0,37.0,3.0,5.0,5.09,23.6,aucun,ATTENTE
2024-12-31,DECALE-2,2024-12-27,DG.PA,92.39901733398438,-1.0,0.0,66.8,-1.59,-15.2,12.02,-8.59,89.38,93.9,-0.0204,-0.1433,82.0,41.0,3.0,5.0,4.52,36.8,aucun,ATTENTE
2024-12-31,DECALE-2,2024-12-27,CAP.PA,148.72853088378906,-1.0,0.0,91.4,-2.74,-22.25,16.77,-16.75,136.69,149.86,-0.2396,-0.6261,82.0,63.0,3.0,3.0,13.17,34.1,aucun,ATTENTE
2024-12-31,DECALE-2,2024-12-27,RI.PA,99.9688949584961,-1.0,0.0,82.8,-14.07,-30.65,2.51,-27.48,90.56,101.93,-0.1581,-0.3829,83.0,54.0,6.0,2.0,11.37,50.6,veto 1 : moins de 3 épisodes de contact d'un côté,ATTENTE
2024-12-31,DECALE-2,2024-12-27,ORA.PA,8.836627006530762,-1.0,-1.0,70.8,4.02,-9.73,17.77,-1.24,8.63,8.92,0.0002,-0.0126,55.0,58.0,4.0,3.0,0.29,22.4,aucun,VENTE
2025-01-31,DECALE-1,2025-01-30,AIR.PA,159.71241760253906,1.0,1.0,71.7,2.78,-16.42,21.99,5.65,154.55,161.75,0.5732,0.2305,32.0,104.0,2.0,4.0,7.2,21.0,veto 1 : moins de 3 épisodes de contact d'un côté,ATTENTE
2025-01-31,DECALE-1,2025-01-30,MC.PA,687.8199462890625,0.0,1.0,78.8,-4.29,-22.59,14.01,-17.06,515.12,734.31,-0.4337,0.7117,36.0,83.0,4.0,4.0,219.19,inf,aucun,ATTENTE
2025-01-31,DECALE-1,2025-01-30,OR.PA,350.19970703125,-1.0,1.0,91.0,-5.64,-21.9,10.62,-23.84,313.99,353.79,0.198,-0.5143,36.0,84.0,3.0,2.0,39.8,55.9,veto 1 : moins de 3 épisodes de contact d'un côté; veto 3 : critères 1 et 2 de signes opposés,ATTENTE
2025-01-31,DECALE-1,2025-01-30,SAN.PA,93.99343872070312,-1.0,1.0,99.1,5.99,-13.34,25.31,11.71,76.9,94.16,-0.0854,-0.0208,90.0,102.0,4.0,3.0,17.26,inf,veto 3 : critères 1 et 2 de signes opposés,ATTENTE
2025-01-31,DECALE-1,2025-01-30,BNP.PA,57.942962646484375,-1.0,1.0,98.0,3.2,-15.4,21.8,12.67,46.05,58.18,-0.0502,-0.0146,76.0,64.0,2.0,3.0,12.13,inf,veto 1 : moins de 3 épisodes de contact d'un côté; veto 3 : critères 1 et 2 de signes opposés,ATTENTE
2025-01-31,DECALE-1,2025-01-30,TTE.PA,51.646121978759766,-1.0,1.0,87.1,9.62,-10.71,29.95,-6.49,43.26,52.89,-0.0952,-0.0578,90.0,71.0,4.0,2.0,9.63,inf,veto 1 : moins de 3 épisodes de contact d'un côté; veto 3 : critères 1 et 2 de signes opposés,ATTENTE
2025-01-31,DECALE-1,2025-01-30,SU.PA,233.1003875732422,1.0,0.0,29.5,5.82,-12.03,23.67,30.05,219.51,265.55,0.1211,0.3002,99.0,82.0,3.0,2.0,46.04,inf,veto 1 : moins de 3 épisodes de contact d'un côté,ATTENTE
2025-01-31,DECALE-1,2025-01-30,AI.PA,147.87387084960938,-1.0,1.0,97.6,2.36,-10.52,15.25,4.63,132.23,148.26,-0.0778,-0.0754,93.0,86.0,3.0,2.0,16.03,inf,veto 1 : moins de 3 épisodes de contact d'un côté; veto 3 : critères 1 et 2 de signes opposés,ATTENTE
2025-01-31,DECALE-1,2025-01-30,DG.PA,97.47322845458984,-1.0,1.0,96.0,-2.1,-15.53,11.33,-12.19,87.1,97.91,-0.0625,-0.0627,76.0,90.0,5.0,3.0,10.81,40439.7,veto 3 : critères 1 et 2 de signes opposés,ATTENTE
2025-01-31,DECALE-1,2025-01-30,CAP.PA,166.0588836669922,-1.0,1.0,99.8,-2.05,-21.31,17.21,-21.24,128.06,166.15,-0.3121,-0.2692,76.0,86.0,3.0,2.0,38.09,inf,veto 1 : moins de 3 épisodes de contact d'un côté; veto 3 : critères 1 et 2 de signes opposés,ATTENTE
2025-01-31,DECALE-1,2025-01-30,RI.PA,100.42536163330078,-1.0,0.0,76.1,-15.33,-31.87,1.2,-26.91,93.74,102.53,-0.0098,-0.2722,35.0,83.0,3.0,2.0,8.78,33.5,veto 1 : moins de 3 épisodes de contact d'un côté,ATTENTE
2025-01-31,DECALE-1,2025-01-30,ORA.PA,9.586992263793945,-1.0,1.0,94.8,5.44,-8.12,18.99,-5.03,8.64,9.64,0.0002,-0.0019,55.0,92.0,5.0,2.0,1.0,495.9,veto 1 : moins de 3 épisodes de contact d'un côté; veto 3 : critères 1 et 2 de signes opposés,ATTENTE
2025-01-31,DECALE-2,2025-01-29,AIR.PA,160.00047302246094,1.0,1.0,79.9,3.16,-16.05,22.37,5.2,153.98,161.52,0.5732,0.2305,32.0,104.0,2.0,4.0,7.54,22.0,veto 1 : moins de 3 épisodes de contact d'un côté,ATTENTE
2025-01-31,DECALE-2,2025-01-29,MC.PA,685.3216552734375,0.0,1.0,77.9,-4.03,-22.34,14.28,-17.59,515.56,733.6,-0.4337,0.7117,36.0,83.0,4.0,4.0,218.04,inf,aucun,ATTENTE
2025-01-31,DECALE-2,2025-01-29,OR.PA,343.26409912109375,-1.0,1.0,72.7,-5.85,-22.12,10.42,-23.47,313.79,354.31,0.198,-0.5143,36.0,84.0,3.0,2.0,40.52,56.9,veto 1 : moins de 3 épisodes de contact d'un côté; veto 3 : critères 1 et 2 de signes opposés,ATTENTE
2025-01-31,DECALE-2,2025-01-29,SAN.PA,92.3969497680664,-1.0,1.0,92.6,5.73,-13.61,25.06,10.78,77.14,93.62,-0.0798,-0.0263,91.0,100.0,4.0,3.0,16.49,inf,veto 3 : critères 1 et 2 de signes opposés,ATTENTE
2025-01-31,DECALE-2,2025-01-29,BNP.PA,57.06931686401367,-1.0,1.0,97.3,3.18,-15.43,21.8,11.82,46.1,57.37,-0.0502,-0.0278,76.0,62.0,2.0,3.0,11.27,inf,veto 1 : moins de 3 épisodes de contact d'un côté; veto 3 : critères 1 et 2 de signes opposés,ATTENTE
2025-01-31,DECALE-2,2025-01-29,TTE.PA,51.3150520324707,-1.0,1.0,83.0,9.69,-10.65,30.04,-8.73,43.36,52.95,-0.0952,-0.0578,90.0,71.0,4.0,2.0,9.59,inf,veto 1 : moins de 3 épisodes de contact d'un côté; veto 3 : critères 1 et 2 de signes opposés,ATTENTE
2025-01-31,DECALE-2,2025-01-29,SU.PA,229.66676330566406,1.0,0.0,22.4,5.79,-12.07,23.66,28.76,219.42,265.25,0.1463,0.3002,118.0,82.0,3.0,2.0,45.84,inf,veto 1 : moins de 3 épisodes de contact d'un côté,ATTENTE
2025-01-31,DECALE-2,2025-01-29,AI.PA,146.3351593017578,-1.0,1.0,98.8,2.34,-10.55,15.23,1.03,132.31,146.51,-0.0778,-0.0969,93.0,85.0,3.0,3.0,14.2,745.5,veto 3 : critères 1 et 2 de signes opposés,ATTENTE
2025-01-31,DECALE-2,2025-01-29,DG.PA,96.16736602783203,-1.0,1.0,83.2,-2.15,-15.6,11.29,-12.12,87.22,97.97,-0.061,-0.0627,77.0,90.0,5.0,3.0,10.75,6404.6,veto 3 : critères 1 et 2 de signes opposés,ATTENTE
2025-01-31,DECALE-2,2025-01-29,CAP.PA,163.2178497314453,-1.0,1.0,99.5,-2.17,-21.45,17.1,-23.23,128.37,163.41,-0.3121,-0.3047,76.0,85.0,3.0,2.0,35.03,inf,veto 1 : moins de 3 épisodes de contact d'un côté; veto 3 : critères 1 et 2 de signes opposés,ATTENTE
2025-01-31,DECALE-2,2025-01-29,RI.PA,99.3754653930664,-1.0,0.0,62.1,-15.37,-31.91,1.18,-26.41,93.75,102.8,-0.0098,-0.2722,35.0,83.0,3.0,2.0,9.05,34.5,veto 1 : moins de 3 épisodes de contact d'un côté,ATTENTE
2025-01-31,DECALE-2,2025-01-29,ORA.PA,9.591601371765137,-1.0,1.0,95.1,5.52,-8.04,19.09,-5.78,8.64,9.64,0.0002,-0.0019,55.0,92.0,5.0,2.0,1.0,496.9,veto 1 : moins de 3 épisodes de contact d'un côté; veto 3 : critères 1 et 2 de signes opposés,ATTENTE
2025-02-28,DECALE-1,2025-02-27,AIR.PA,158.57928466796875,1.0,0.0,25.5,2.71,-16.45,21.87,9.12,154.99,169.1,0.3981,0.2872,59.0,44.0,2.0,3.0,14.11,127.2,veto 1 : moins de 3 épisodes de contact d'un côté,ATTENTE
2025-02-28,DECALE-1,2025-02-27,MC.PA,666.00732421875,1.0,0.0,7.6,-5.01,-23.04,13.02,-13.46,659.18,748.54,1.8824,0.7117,39.0,83.0,4.0,2.0,89.36,76.3,veto 1 : moins de 3 épisodes de contact d'un côté,ATTENTE
2025-02-28,DECALE-1,2025-02-27,OR.PA,337.24365234375,-1.0,0.0,75.5,-6.48,-22.61,9.65,-18.43,317.95,343.51,0.198,-0.5143,36.0,84.0,4.0,3.0,25.56,35.9,aucun,ATTENTE
2025-02-28,DECALE-1,2025-02-27,SAN.PA,95.10009765625,0.0,0.0,65.4,6.18,-12.85,25.2,22.19,93.88,95.75,0.2961,-0.0023,47.0,109.0,3.0,6.0,1.87,6.3,veto 2 : canal se refermant en 6.3 séances,ATTENTE
2025-02-28,DECALE-1,2025-02-27,BNP.PA,64.07612609863281,1.0,1.0,96.6,5.6,-12.9,24.1,20.53,41.02,64.88,-0.114,0.063,39.0,111.0,4.0,4.0,23.85,inf,aucun,ATTENTE
2025-02-28,DECALE-1,2025-02-27,TTE.PA,53.172698974609375,-1.0,0.0,23.2,10.2,-9.83,30.24,-1.05,52.71,54.7,0.1383,-0.0282,45.0,94.0,3.0,2.0,1.98,11.9,veto 1 : moins de 3 épisodes de contact d'un côté; veto 2 : canal se refermant en 11.9 séances,ATTENTE
2025-02-28,DECALE-1,2025-02-27,SU.PA,227.5872344970703,1.0,0.0,12.6,5.11,-12.95,23.17,13.46,221.28,271.56,0.0912,0.3002,96.0,82.0,3.0,2.0,50.28,inf,veto 1 : moins de 3 épisodes de contact d'un côté,ATTENTE
2025-02-28,DECALE-1,2025-02-27,AI.PA,152.5949249267578,0.0,1.0,12.7,3.02,-9.71,15.75,-1.44,151.91,157.29,0.5141,0.024,30.0,102.0,4.0,2.0,5.38,11.0,veto 1 : moins de 3 épisodes de contact d'un côté; veto 2 : canal se refermant en 11.0 séances,ATTENTE
2025-02-28,DECALE-1,2025-02-27,DG.PA,103.11641693115234,,,,,,,,,,,,,,,,,,,ERREUR
2025-02-28,DECALE-1,2025-02-27,CAP.PA,142.57293701171875,-1.0,-1.0,0.0,-5.55,-25.18,14.09,-22.35,142.57,175.6,0.0173,-0.1294,63.0,97.0,3.0,2.0,33.02,225.2,veto 1 : moins de 3 épisodes de contact d'un côté,ATTENTE
2025-02-28,DECALE-1,2025-02-27,RI.PA,92.02616119384766,-1.0,-1.0,49.2,-17.18,-33.71,-0.64,-26.68,87.13,97.08,-0.1071,-0.2722,61.0,83.0,4.0,2.0,9.96,60.3,veto 1 : moins de 3 épisodes de contact d'un côté,ATTENTE
2025-02-28,DECALE-1,2025-02-27,ORA.PA,10.554910659790039,1.0,1.0,100.0,7.64,-5.82,21.09,5.94,8.64,10.55,0.0002,0.0065,55.0,114.0,5.0,2.0,1.91,inf,veto 1 : moins de 3 épisodes de contact d'un côté,ATTENTE
2025-02-28,DECALE-2,2025-02-26,AIR.PA,160.86473083496094,1.0,0.0,44.1,2.87,-16.31,22.04,11.18,154.59,168.81,0.3981,0.2872,59.0,44.0,2.0,3.0,14.22,128.2,veto 1 : moins de 3 épisodes de contact d'un côté,ATTENTE
2025-02-28,DECALE-2,2025-02-26,MC.PA,672.9258422851562,1.0,0.0,16.2,-4.97,-23.02,13.08,-9.64,658.41,747.83,1.9114,0.7117,37.0,83.0,4.0,2.0,89.43,74.5,veto 1 : moins de 3 épisodes de contact d'un côté,ATTENTE
2025-02-28,DECALE-2,2025-02-26,OR.PA,337.6770935058594,-1.0,-1.0,75.8,-6.6,-22.75,9.54,-15.54,317.75,344.02,0.198,-0.5143,36.0,84.0,4.0,3.0,26.27,36.9,aucun,VENTE
2025-02-28,DECALE-2,2025-02-26,SAN.PA,94.97309875488281,0.0,0.0,64.6,6.07,-12.96,25.11,21.34,93.58,95.73,0.2961,-0.0041,47.0,110.0,3.0,6.0,2.15,7.2,veto 2 : canal se refermant en 7.2 séances,ATTENTE
2025-02-28,DECALE-2,2025-02-26,BNP.PA,64.17320251464844,1.0,1.0,99.4,5.45,-13.06,23.97,22.76,41.14,64.31,-0.114,0.0584,39.0,110.0,4.0,5.0,23.18,inf,aucun,ATTENTE
2025-02-28,DECALE-2,2025-02-26,TTE.PA,53.117515563964844,-1.0,1.0,25.2,10.06,-9.99,30.12,-1.81,52.57,54.72,0.1383,-0.0282,45.0,94.0,3.0,2.0,2.15,12.9,veto 1 : moins de 3 épisodes de contact d'un côté; veto 2 : canal se refermant en 12.9 séances; veto 3 : critères 1 et 2 de signes opposés,ATTENTE
2025-02-28,DECALE-2,2025-02-26,SU.PA,230.68234252929688,1.0,0.0,18.7,5.26,-12.82,23.34,9.62,221.33,271.26,0.0982,0.3002,98.0,82.0,3.0,2.0,49.92,inf,veto 1 : moins de 3 épisodes de contact d'un côté,ATTENTE
2025-02-28,DECALE-2,2025-02-26,AI.PA,153.8188934326172,0.0,1.0,88.1,3.1,-9.64,15.84,-0.19,128.28,157.27,-0.1181,0.024,57.0,102.0,4.0,2.0,28.99,inf,veto 1 : moins de 3 épisodes de contact d'un côté,ATTENTE
2025-02-28,DECALE-2,2025-02-26,DG.PA,103.34960174560547,,,,,,,,,,,,,,,,,,,ERREUR
2025-02-28,DECALE-2,2025-02-26,CAP.PA,147.07127380371094,-1.0,-1.0,0.0,-4.97,-24.6,14.66,-22.8,147.07,175.73,0.0915,-0.1294,59.0,97.0,7.0,2.0,28.65,129.7,veto 1 : moins de 3 épisodes de contact d'un côté,ATTENTE
2025-02-28,DECALE-2,2025-02-26,RI.PA,92.34569549560547,-1.0,-1.0,50.5,-17.24,-33.79,-0.69,-25.41,87.23,97.36,-0.1071,-0.2722,61.0,83.0,4.0,2.0,10.12,61.3,veto 1 : moins de 3 épisodes de contact d'un côté,ATTENTE
2025-02-28,DECALE-2,2025-02-26,ORA.PA,10.467336654663086,1.0,1.0,97.5,7.4,-6.06,20.86,5.69,8.64,10.52,0.0002,0.0062,55.0,112.0,5.0,2.0,1.87,inf,veto 1 : moins de 3 épisodes de contact d'un côté,ATTENTE
2025-03-31,DECALE-1,2025-03-28,AIR.PA,159.65476989746094,1.0,0.0,5.6,3.0,-16.04,22.04,0.03,158.68,175.92,0.3426,0.2982,74.0,53.0,5.0,4.0,17.24,388.7,aucun,ATTENTE
2025-03-31,DECALE-1,2025-03-28,MC.PA,564.1507568359375,1.0,-1.0,2.6,-8.39,-26.26,9.49,-13.81,558.1,791.57,0.2133,1.3647,93.0,76.0,3.0,2.0,233.47,inf,veto 1 : moins de 3 épisodes de contact d'un côté; veto 3 : critères 1 et 2 de signes opposés,ATTENTE
2025-03-31,DECALE-1,2025-03-28,OR.PA,332.42724609375,0.0,-1.0,24.1,-6.46,-22.48,9.56,-15.45,325.56,354.07,0.2644,-0.2226,51.0,103.0,4.0,3.0,28.5,58.5,aucun,ATTENTE
2025-03-31,DECALE-1,2025-03-28,SAN.PA,93.79387664794922,1.0,-1.0,23.7,5.87,-12.96,24.69,23.08,91.34,101.69,0.171,0.079,68.0,104.0,2.0,3.0,10.34,112.4,veto 1 : moins de 3 épisodes de contact d'un côté; veto 3 : critères 1 et 2 de signes opposés,ATTENTE
2025-03-31,DECALE-1,2025-03-28,BNP.PA,69.31800842285156,1.0,1.0,44.1,7.45,-10.87,25.77,15.4,66.92,72.35,0.2784,0.1203,44.0,109.0,5.0,2.0,5.43,34.4,veto 1 : moins de 3 épisodes de contact d'un côté,ATTENTE
2025-03-31,DECALE-1,2025-03-28,TTE.PA,55.185543060302734,0.0,1.0,61.3,11.11,-8.72,30.95,-10.23,52.66,56.78,0.0948,-0.0008,58.0,115.0,3.0,2.0,4.11,43.0,veto 1 : moins de 3 épisodes de contact d'un côté,ATTENTE
2025-03-31,DECALE-1,2025-03-28,SU.PA,210.0321502685547,-1.0,0.0,9.2,3.42,-14.68,21.52,14.79,202.98,279.99,-0.2117,0.3465,82.0,67.0,4.0,2.0,77.01,inf,veto 1 : moins de 3 épisodes de contact d'un côté,ATTENTE
2025-03-31,DECALE-1,2025-03-28,AI.PA,154.151123046875,1.0,-1.0,6.0,3.35,-9.25,15.94,3.06,153.54,163.75,0.3343,0.1021,51.0,100.0,3.0,2.0,10.21,44.0,veto 1 : moins de 3 épisodes de contact d'un côté; veto 3 : critères 1 et 2 de signes opposés,ATTENTE
2025-03-31,DECALE-1,2025-03-28,DG.PA,110.71839141845703,,,,,,,,,,,,,,,,,,,ERREUR
2025-03-31,DECALE-1,2025-03-28,CAP.PA,137.6011199951172,-1.0,0.0,8.2,-6.11,-25.6,13.38,-26.82,134.07,177.03,-0.0882,0.0089,66.0,85.0,5.0,2.0,42.96,inf,veto 1 : moins de 3 épisodes de contact d'un côté,ATTENTE
2025-03-31,DECALE-1,2025-03-28,RI.PA,85.92760467529297,-1.0,-1.0,27.5,-18.21,-34.72,-1.69,-27.36,82.77,94.24,-0.1313,-0.2054,87.0,30.0,3.0,2.0,11.47,154.8,veto 1 : moins de 3 épisodes de contact d'un côté,ATTENTE
2025-03-31,DECALE-1,2025-03-28,ORA.PA,10.923640251159668,1.0,1.0,39.4,8.44,-4.85,21.73,13.25,10.72,11.24,0.0354,0.0177,55.0,99.0,3.0,4.0,0.52,29.6,aucun,ATTENTE
2025-03-31,DECALE-2,2025-03-27,AIR.PA,161.9978485107422,1.0,0.0,21.2,3.21,-15.85,22.26,1.41,158.34,175.62,0.3426,0.2982,74.0,53.0,4.0,4.0,17.28,389.7,aucun,ATTENTE
2025-03-31,DECALE-2,2025-03-27,MC.PA,566.072509765625,1.0,-1.0,1.2,-8.46,-26.35,9.43,-12.55,563.29,790.03,0.2721,1.3606,92.0,77.0,3.0,2.0,226.74,inf,veto 1 : moins de 3 épisodes de contact d'un côté; veto 3 : critères 1 et 2 de signes opposés,ATTENTE
2025-03-31,DECALE-2,2025-03-27,OR.PA,329.44110107421875,0.0,-1.0,14.3,-6.79,-22.81,9.23,-15.52,325.3,354.29,0.2644,-0.2226,51.0,103.0,4.0,3.0,28.99,59.5,aucun,ATTENTE
2025-03-31,DECALE-2,2025-03-27,SAN.PA,92.3969497680664,1.0,-1.0,11.7,5.46,-13.37,24.28,22.55,91.17,101.61,0.171,0.079,68.0,104.0,2.0,3.0,10.44,113.4,veto 1 : moins de 3 épisodes de contact d'un côté; veto 3 : critères 1 et 2 de signes opposés,ATTENTE
2025-03-31,DECALE-2,2025-03-27,BNP.PA,70.30635833740234,1.0,1.0,65.5,7.65,-10.68,25.99,16.67,66.64,72.23,0.2784,0.1203,44.0,109.0,5.0,2.0,5.59,35.4,veto 1 : moins de 3 épisodes de contact d'un côté,ATTENTE
2025-03-31,DECALE-2,2025-03-27,TTE.PA,56.397178649902344,0.0,1.0,90.9,11.55,-8.29,31.38,-9.79,52.57,56.78,0.0948,-0.0043,58.0,119.0,3.0,2.0,4.21,42.4,veto 1 : moins de 3 épisodes de contact d'un côté,ATTENTE
2025-03-31,DECALE-2,2025-03-27,SU.PA,217.91500854492188,-1.0,0.0,19.2,4.15,-13.91,22.21,17.39,203.26,279.64,-0.2077,0.3465,102.0,67.0,4.0,2.0,76.38,inf,veto 1 : moins de 3 épisodes de contact d'un côté,ATTENTE
2025-03-31,DECALE-2,2025-03-27,AI.PA,154.25604248046875,1.0,0.0,9.9,3.28,-9.33,15.88,2.66,153.22,163.65,0.3347,0.1021,50.0,100.0,3.0,2.0,10.42,44.8,veto 1 : moins de 3 épisodes de contact d'un côté,ATTENTE
2025-03-31,DECALE-2,2025-03-27,DG.PA,111.18476867675781,,,,,,,,,,,,,,,,,,,ERREUR
2025-03-31,DECALE-2,2025-03-27,CAP.PA,139.30575561523438,-1.0,0.0,12.0,-5.95,-25.46,13.56,-24.72,134.16,177.02,-0.0882,0.0089,66.0,85.0,5.0,2.0,42.86,inf,veto 1 : moins de 3 épisodes de contact d'un côté,ATTENTE
2025-03-31,DECALE-2,2025-03-27,RI.PA,83.53564453125,-1.0,-1.0,2.9,-19.0,-35.46,-2.54,-28.12,83.21,94.45,-0.1278,-0.2054,86.0,30.0,3.0,2.0,11.24,144.7,veto 1 : moins de 3 épisodes de contact d'un côté,ATTENTE
2025-03-31,DECALE-2,2025-03-27,ORA.PA,10.859112739562988,1.0,1.0,32.7,8.28,-5.02,21.57,12.16,10.68,11.22,0.0354,0.0177,55.0,99.0,3.0,4.0,0.54,30.6,aucun,ACHAT
2025-04-30,DECALE-1,2025-04-29,AIR.PA,141.36781311035156,1.0,-1.0,34.4,1.08,-17.88,20.03,9.3,120.16,181.89,-0.087,0.2982,96.0,53.0,2.0,4.0,61.73,inf,veto 1 : moins de 3 épisodes de contact d'un côté; veto 3 : critères 1 et 2 de signes opposés,ATTENTE
2025-04-30,DECALE-1,2025-04-29,MC.PA,477.3293151855469,-1.0,-1.0,67.7,-10.71,-28.84,7.43,-23.96,448.93,490.89,-0.7792,-4.6824,110.0,39.0,4.0,3.0,41.96,10.7,veto 2 : canal se refermant en 10.7 séances,ATTENTE
2025-04-30,DECALE-1,2025-04-29,OR.PA,373.7518615722656,1.0,1.0,100.0,-2.71,-18.86,13.43,-22.43,316.14,373.75,0.1061,0.2797,94.0,119.0,2.0,3.0,57.61,inf,veto 1 : moins de 3 épisodes de contact d'un côté,ATTENTE
2025-04-30,DECALE-1,2025-04-29,SAN.PA,85.47579193115234,1.0,-1.0,27.6,3.63,-15.12,22.37,16.2,77.95,105.25,-0.0158,0.1372,78.0,85.0,2.0,2.0,27.3,inf,veto 1 : moins de 3 épisodes de contact d'un côté; veto 3 : critères 1 et 2 de signes opposés,ATTENTE
2025-04-30,DECALE-1,2025-04-29,BNP.PA,66.00874328613281,1.0,0.0,53.4,7.19,-11.03,25.41,25.72,54.71,75.85,0.0625,0.163,90.0,92.0,4.0,3.0,21.15,inf,aucun,ATTENTE
2025-04-30,DECALE-1,2025-04-29,TTE.PA,48.79180908203125,0.0,-1.0,34.7,8.53,-11.16,28.22,-3.79,44.16,57.52,-0.0208,0.0352,78.0,98.0,3.0,2.0,13.36,inf,veto 1 : moins de 3 épisodes de contact d'un côté,ATTENTE
2025-04-30,DECALE-1,2025-04-29,SU.PA,196.58778381347656,-1.0,0.0,72.4,2.94,-15.47,21.35,5.72,157.54,211.46,-0.5957,-1.0339,104.0,45.0,4.0,3.0,53.93,123.1,aucun,ATTENTE
2025-04-30,DECALE-1,2025-04-29,AI.PA,156.3367919921875,1.0,0.0,96.6,4.16,-8.5,16.82,9.34,139.88,156.92,0.0685,-0.1667,72.0,32.0,2.0,2.0,17.04,72.5,veto 1 : moins de 3 épisodes de contact d'un côté,ATTENTE
2025-04-30,DECALE-1,2025-04-29,DG.PA,117.42620849609375,1.0,1.0,95.5,3.3,-9.83,16.43,8.6,98.32,118.32,0.0936,0.174,60.0,118.0,4.0,4.0,20.01,inf,aucun,ATTENTE
2025-04-30,DECALE-1,2025-04-29,CAP.PA,130.68792724609375,-1.0,0.0,84.6,-6.4,-25.85,13.06,-26.2,98.37,136.56,-0.4146,-0.8146,90.0,49.0,3.0,2.0,38.19,95.5,veto 1 : moins de 3 épisodes de contact d'un côté,ATTENTE
2025-04-30,DECALE-1,2025-04-29,RI.PA,86.32929229736328,-1.0,1.0,77.7,-17.02,-33.46,-0.58,-32.49,73.04,90.13,-0.1977,-0.2054,93.0,30.0,4.0,4.0,17.09,2204.3,veto 3 : critères 1 et 2 de signes opposés,ATTENTE
2025-04-30,DECALE-1,2025-04-29,ORA.PA,11.555091857910156,1.0,1.0,70.6,9.89,-3.47,23.26,20.86,10.7,11.91,0.0259,0.0244,63.0,114.0,3.0,5.0,1.22,788.7,aucun,ATTENTE
2025-04-30,DECALE-2,2025-04-28,AIR.PA,141.70166015625,1.0,-1.0,35.0,1.21,-17.76,20.17,11.04,120.25,181.59,-0.087,0.2982,96.0,53.0,2.0,4.0,61.34,inf,veto 1 : moins de 3 épisodes de contact d'un côté; veto 3 : critères 1 et 2 de signes opposés,ATTENTE
2025-04-30,DECALE-2,2025-04-28,MC.PA,489.7186279296875,-1.0,-1.0,88.9,-10.07,-28.18,8.04,-21.76,449.71,494.69,-0.7792,-4.7055,110.0,38.0,4.0,4.0,44.98,11.5,veto 2 : canal se refermant en 11.5 séances,ATTENTE
2025-04-30,DECALE-2,2025-04-28,OR.PA,365.2750244140625,1.0,1.0,91.7,-3.18,-19.32,12.95,-21.51,316.03,369.74,0.1061,0.2278,94.0,63.0,2.0,3.0,53.71,inf,veto 1 : moins de 3 épisodes de contact d'un côté,ATTENTE
2025-04-30,DECALE-2,2025-04-28,SAN.PA,84.45076751708984,1.0,-1.0,24.0,3.39,-15.37,22.14,14.99,77.96,105.03,-0.0158,0.135,78.0,86.0,2.0,2.0,27.07,inf,veto 1 : moins de 3 épisodes de contact d'un côté; veto 3 : critères 1 et 2 de signes opposés,ATTENTE
2025-04-30,DECALE-2,2025-04-28,BNP.PA,65.39100646972656,1.0,0.0,51.1,7.05,-11.18,25.29,27.23,54.64,75.69,0.0625,0.163,90.0,92.0,4.0,3.0,21.05,inf,aucun,ATTENTE
2025-04-30,DECALE-2,2025-04-28,TTE.PA,49.32306671142578,0.0,-1.0,38.7,8.83,-10.87,28.53,-4.65,44.18,57.48,-0.0208,0.0352,78.0,98.0,3.0,2.0,13.31,inf,veto 1 : moins de 3 épisodes de contact d'un côté,ATTENTE
2025-04-30,DECALE-2,2025-04-28,SU.PA,209.98379516601562,-1.0,0.0,95.3,4.46,-13.73,22.64,8.58,158.73,212.5,-0.5498,-1.0339,106.0,45.0,2.0,3.0,53.77,111.1,veto 1 : moins de 3 épisodes de contact d'un côté,ATTENTE
2025-04-30,DECALE-2,2025-04-28,AI.PA,155.79473876953125,1.0,0.0,92.5,4.14,-8.53,16.81,9.26,139.81,157.09,0.0685,-0.1667,72.0,32.0,2.0,2.0,17.27,73.5,veto 1 : moins de 3 épisodes de contact d'un côté,ATTENTE
2025-04-30,DECALE-2,2025-04-28,DG.PA,116.46369934082031,1.0,1.0,91.5,3.17,-9.97,16.32,8.97,98.22,118.15,0.0936,0.174,60.0,118.0,4.0,4.0,19.92,inf,aucun,ATTENTE
2025-04-30,DECALE-2,2025-04-28,CAP.PA,123.68001556396484,-1.0,-1.0,93.1,-7.62,-26.94,11.71,-24.5,98.78,125.53,-0.4146,-1.0614,90.0,48.0,3.0,2.0,26.74,41.3,veto 1 : moins de 3 épisodes de contact d'un côté,ATTENTE
2025-04-30,DECALE-2,2025-04-28,RI.PA,86.85881042480469,-1.0,1.0,79.7,-16.85,-33.3,-0.4,-31.83,73.24,90.34,-0.1977,-0.2054,93.0,30.0,4.0,3.0,17.09,2205.3,veto 3 : critères 1 et 2 de signes opposés,ATTENTE
2025-04-30,DECALE-2,2025-04-28,ORA.PA,11.421426773071289,1.0,1.0,61.9,9.65,-3.71,23.02,20.72,10.67,11.88,0.0259,0.0236,63.0,115.0,3.0,5.0,1.21,519.6,aucun,ATTENTE
2025-05-30,DECALE-1,2025-05-29,AIR.PA,159.61073303222656,0.0,1.0,94.2,2.6,-16.17,21.36,-5.21,111.06,162.63,-0.2947,-0.1272,84.0,59.0,2.0,3.0,51.56,inf,veto 1 : moins de 3 épisodes de contact d'un côté,ATTENTE
2025-05-30,DECALE-1,2025-05-29,MC.PA,469.4762878417969,-1.0,0.0,71.3,-12.03,-30.15,6.1,-32.06,414.78,491.45,-1.3973,-3.0342,84.0,48.0,3.0,5.0,76.67,46.8,aucun,ATTENTE
2025-05-30,DECALE-1,2025-05-29,OR.PA,359.04644775390625,1.0,-1.0,3.0,-4.48,-20.51,11.55,-13.63,358.02,392.72,1.2389,0.4368,35.0,73.0,3.0,4.0,34.71,43.3,veto 3 : critères 1 et 2 de signes opposés,ATTENTE
2025-05-30,DECALE-1,2025-05-29,SAN.PA,87.10023498535156,0.0,1.0,89.7,3.4,-15.17,21.96,4.57,77.62,88.19,-0.0158,-0.2278,78.0,52.0,2.0,3.0,10.57,49.9,veto 1 : moins de 3 épisodes de contact d'un côté,ATTENTE
2025-05-30,DECALE-1,2025-05-29,BNP.PA,72.15353393554688,1.0,1.0,27.0,7.9,-10.07,25.88,9.9,71.45,74.05,0.5035,0.0468,31.0,38.0,3.0,2.0,2.6,5.7,veto 1 : moins de 3 épisodes de contact d'un côté; veto 2 : canal se refermant en 5.7 séances,ATTENTE
2025-05-30,DECALE-1,2025-05-29,TTE.PA,47.91569519042969,0.0,0.0,84.6,7.28,-12.17,26.72,-16.21,43.72,48.68,-0.0208,-0.1928,78.0,42.0,3.0,3.0,4.96,28.8,aucun,ATTENTE
2025-05-30,DECALE-1,2025-05-29,SU.PA,218.9734344482422,-1.0,1.0,40.9,4.18,-14.03,22.38,-10.28,214.37,225.62,1.3856,-0.4985,31.0,67.0,3.0,2.0,11.24,6.0,veto 1 : moins de 3 épisodes de contact d'un côté; veto 2 : canal se refermant en 6.0 séances; veto 3 : critères 1 et 2 de signes opposés,ATTENTE
2025-05-30,DECALE-1,2025-05-29,AI.PA,161.9631805419922,1.0,1.0,5.9,4.15,-8.37,16.67,7.66,161.7,166.21,0.6859,0.0702,33.0,47.0,2.0,3.0,4.51,7.3,veto 1 : moins de 3 épisodes de contact d'un côté; veto 2 : canal se refermant en 7.3 séances,ATTENTE
2025-05-30,DECALE-1,2025-05-29,DG.PA,123.10501861572266,1.0,1.0,0.0,3.47,-9.56,16.5,10.65,123.11,126.31,0.7457,0.2654,35.0,105.0,2.0,7.0,3.21,6.7,veto 1 : moins de 3 épisodes de contact d'un côté; veto 2 : canal se refermant en 6.7 séances,ATTENTE
2025-05-30,DECALE-1,2025-05-29,CAP.PA,143.0001983642578,-1.0,1.0,8.9,-5.3,-24.5,13.91,-25.67,142.76,145.47,1.1025,-0.4429,35.0,70.0,4.0,3.0,2.71,1.8,veto 2 : canal se refermant en 1.8 séances; veto 3 : critères 1 et 2 de signes opposés,ATTENTE
2025-05-30,DECALE-1,2025-05-29,RI.PA,83.3713150024414,-1.0,-1.0,11.0,-18.28,-34.51,-2.05,-28.75,82.72,88.66,0.1973,-0.1715,31.0,71.0,3.0,4.0,5.95,16.1,veto 2 : canal se refermant en 16.1 séances,ATTENTE
2025-05-30,DECALE-1,2025-05-29,ORA.PA,12.122014045715332,1.0,1.0,69.1,10.62,-2.76,23.99,23.13,11.24,12.52,0.0259,0.0274,63.0,31.0,2.0,7.0,1.28,inf,veto 1 : moins de 3 épisodes de contact d'un côté,ATTENTE
2025-05-30,DECALE-2,2025-05-28,AIR.PA,159.39471435546875,0.0,1.0,93.5,2.51,-16.27,21.29,-5.35,111.43,162.75,-0.2926,-0.1272,85.0,59.0,2.0,3.0,51.32,inf,veto 1 : moins de 3 épisodes de contact d'un côté,ATTENTE
2025-05-30,DECALE-2,2025-05-28,MC.PA,471.81756591796875,-1.0,0.0,71.1,-11.98,-30.12,6.16,-30.0,416.18,494.49,-1.3973,-3.0342,84.0,48.0,3.0,4.0,78.31,47.8,aucun,ATTENTE
2025-05-30,DECALE-2,2025-05-28,OR.PA,359.38970947265625,1.0,-1.0,56.7,-4.51,-20.55,11.54,-16.12,316.32,392.29,0.049,0.4368,58.0,73.0,2.0,4.0,75.97,inf,veto 1 : moins de 3 épisodes de contact d'un côté; veto 3 : critères 1 et 2 de signes opposés,ATTENTE
2025-05-30,DECALE-2,2025-05-28,SAN.PA,87.7158203125,0.0,0.0,93.5,3.53,-15.05,22.12,3.72,77.63,88.42,-0.0158,-0.2278,78.0,52.0,2.0,3.0,10.78,50.9,veto 1 : moins de 3 épisodes de contact d'un côté,ATTENTE
2025-05-30,DECALE-2,2025-05-28,BNP.PA,71.91875457763672,1.0,1.0,31.7,7.78,-10.21,25.77,9.45,70.95,74.0,0.5035,0.0468,31.0,38.0,3.0,2.0,3.05,6.7,veto 1 : moins de 3 épisodes de contact d'un côté; veto 2 : canal se refermant en 6.7 séances,ATTENTE
2025-05-30,DECALE-2,2025-05-28,TTE.PA,48.130069732666016,0.0,0.0,92.0,7.35,-12.11,26.81,-16.67,43.74,48.51,-0.0208,-0.2017,78.0,36.0,3.0,3.0,4.77,26.4,aucun,ATTENTE
2025-05-30,DECALE-2,2025-05-28,SU.PA,218.6288299560547,-1.0,1.0,71.4,4.09,-14.13,22.31,-4.55,212.99,220.89,1.3856,-0.5777,31.0,66.0,2.0,2.0,7.9,4.0,veto 1 : moins de 3 épisodes de contact d'un côté; veto 2 : canal se refermant en 4.0 séances; veto 3 : critères 1 et 2 de signes opposés,ATTENTE
2025-05-30,DECALE-2,2025-05-28,AI.PA,162.5327911376953,1.0,1.0,6.5,4.2,-8.34,16.73,8.62,162.28,166.14,0.7257,0.0702,32.0,47.0,3.0,3.0,3.86,5.9,veto 2 : canal se refermant en 5.9 séances,ATTENTE
2025-05-30,DECALE-2,2025-05-28,DG.PA,123.39376831054688,1.0,1.0,15.3,3.48,-9.56,16.52,10.17,122.91,126.05,0.7619,0.2654,34.0,105.0,2.0,7.0,3.14,6.3,veto 1 : moins de 3 épisodes de contact d'un côté; veto 2 : canal se refermant en 6.3 séances,ATTENTE
2025-05-30,DECALE-2,2025-05-28,CAP.PA,143.43617248535156,-1.0,1.0,32.5,-5.28,-24.5,13.94,-29.63,142.29,145.8,1.1213,-0.4446,31.0,68.0,3.0,3.0,3.51,2.2,veto 2 : canal se refermant en 2.2 séances; veto 3 : critères 1 et 2 de signes opposés,ATTENTE
2025-05-30,DECALE-2,2025-05-28,RI.PA,83.66346740722656,-1.0,-1.0,18.1,-18.26,-34.5,-2.01,-27.61,82.52,88.84,0.1973,-0.1715,31.0,71.0,3.0,5.0,6.31,17.1,veto 2 : canal se refermant en 17.1 séances,ATTENTE
2025-05-30,DECALE-2,2025-05-28,ORA.PA,12.131233215332031,1.0,1.0,71.9,10.63,-2.76,24.02,23.86,11.21,12.49,0.0259,0.0274,63.0,31.0,2.0,7.0,1.28,inf,veto 1 : moins de 3 épisodes de contact d'un côté,ATTENTE
2025-06-30,DECALE-1,2025-06-27,AIR.PA,174.96697998046875,0.0,1.0,96.6,4.96,-13.66,23.57,26.03,162.04,175.42,0.7261,0.0637,48.0,81.0,3.0,3.0,13.38,20.2,aucun,ATTENTE
2025-06-30,DECALE-1,2025-06-27,MC.PA,438.30792236328125,-1.0,-1.0,58.9,-12.98,-30.83,4.88,-30.5,425.28,447.4,-0.5861,-2.7914,46.0,78.0,5.0,5.0,22.11,10.0,veto 2 : canal se refermant en 10.0 séances,ATTENTE
2025-06-30,DECALE-1,2025-06-27,OR.PA,348.3074035644531,1.0,-1.0,10.3,-4.82,-20.67,11.02,-8.11,342.13,401.9,0.4906,0.4368,55.0,73.0,3.0,3.0,59.77,1110.5,veto 3 : critères 1 et 2 de signes opposés,ATTENTE
2025-06-30,DECALE-1,2025-06-27,SAN.PA,78.1221923828125,-1.0,-1.0,6.7,1.09,-17.34,19.52,6.17,77.75,83.41,-0.0073,-0.2278,53.0,52.0,2.0,3.0,5.66,25.7,veto 1 : moins de 3 épisodes de contact d'un côté,ATTENTE
2025-06-30,DECALE-1,2025-06-27,BNP.PA,72.21927642822266,1.0,-1.0,51.1,8.13,-9.69,25.94,33.53,69.27,75.03,0.2758,0.0468,52.0,38.0,2.0,3.0,5.76,25.1,veto 1 : moins de 3 épisodes de contact d'un côté; veto 3 : critères 1 et 2 de signes opposés,ATTENTE
2025-06-30,DECALE-1,2025-06-27,TTE.PA,49.72435760498047,-1.0,1.0,29.8,8.34,-11.02,27.71,-16.32,48.78,51.94,0.0811,-0.0768,51.0,53.0,3.0,3.0,3.15,20.0,veto 2 : canal se refermant en 20.0 séances; veto 3 : critères 1 et 2 de signes opposés,ATTENTE
2025-06-30,DECALE-1,2025-06-27,SU.PA,226.4563446044922,-1.0,-1.0,100.0,5.11,-12.93,23.15,0.8,211.17,226.46,0.8087,-0.3701,55.0,88.0,2.0,4.0,15.29,13.0,veto 1 : moins de 3 épisodes de contact d'un côté; veto 2 : canal se refermant en 13.0 séances,ATTENTE
2025-06-30,DECALE-1,2025-06-27,AI.PA,157.1571502685547,1.0,-1.0,15.8,3.61,-8.74,15.95,13.74,155.18,167.68,0.2984,0.0702,53.0,47.0,2.0,4.0,12.51,54.8,veto 1 : moins de 3 épisodes de contact d'un côté; veto 3 : critères 1 et 2 de signes opposés,ATTENTE
2025-06-30,DECALE-1,2025-06-27,DG.PA,120.3137435913086,1.0,-1.0,18.5,3.17,-9.7,16.03,31.51,117.65,132.03,0.3686,0.2697,52.0,44.0,2.0,6.0,14.38,145.4,veto 1 : moins de 3 épisodes de contact d'un côté; veto 3 : critères 1 et 2 de signes opposés,ATTENTE
2025-06-30,DECALE-1,2025-06-27,CAP.PA,140.72341918945312,-1.0,-1.0,35.0,-5.27,-24.24,13.69,-20.65,137.43,146.84,0.5939,-0.3257,52.0,83.0,2.0,2.0,9.41,10.2,veto 1 : moins de 3 épisodes de contact d'un côté; veto 2 : canal se refermant en 10.2 séances,ATTENTE
2025-06-30,DECALE-1,2025-06-27,RI.PA,78.53263854980469,-1.0,-1.0,21.4,-19.01,-35.21,-2.81,-25.42,77.86,81.02,0.0365,-0.2904,55.0,31.0,2.0,6.0,3.16,9.7,veto 1 : moins de 3 épisodes de contact d'un côté; veto 2 : canal se refermant en 9.7 séances,ATTENTE
2025-06-30,DECALE-1,2025-06-27,ORA.PA,12.249063491821289,1.0,0.0,14.9,10.71,-2.46,23.89,42.76,12.1,13.09,0.0316,0.0274,56.0,31.0,3.0,6.0,0.99,235.5,aucun,ATTENTE
2025-06-30,DECALE-2,2025-06-26,AIR.PA,172.90509033203125,0.0,0.0,100.0,5.17,-13.45,23.79,26.09,161.32,172.91,0.7261,0.0331,48.0,80.0,3.0,4.0,11.59,16.7,veto 2 : canal se refermant en 16.7 séances,ATTENTE
2025-06-30,DECALE-2,2025-06-26,MC.PA,426.84539794921875,-1.0,-1.0,4.0,-13.08,-30.95,4.79,-30.39,425.87,450.19,-0.5861,-2.7914,46.0,78.0,6.0,5.0,24.32,11.0,veto 2 : canal se refermant en 11.0 séances,ATTENTE
2025-06-30,DECALE-2,2025-06-26,OR.PA,343.0114440917969,1.0,-1.0,2.3,-4.8,-20.65,11.06,-9.5,341.64,401.46,0.4906,0.4368,55.0,73.0,3.0,3.0,59.82,1111.5,veto 3 : critères 1 et 2 de signes opposés,ATTENTE
2025-06-30,DECALE-2,2025-06-26,SAN.PA,77.9422607421875,-1.0,-1.0,3.2,1.23,-17.21,19.67,5.28,77.75,83.63,-0.0073,-0.2278,53.0,52.0,2.0,3.0,5.88,26.7,veto 1 : moins de 3 épisodes de contact d'un côté,ATTENTE
2025-06-30,DECALE-2,2025-06-26,BNP.PA,70.68848419189453,1.0,-1.0,28.2,8.14,-9.69,25.96,32.15,69.0,74.98,0.2758,0.0468,52.0,38.0,2.0,3.0,5.99,26.1,veto 1 : moins de 3 épisodes de contact d'un côté; veto 3 : critères 1 et 2 de signes opposés,ATTENTE
2025-06-30,DECALE-2,2025-06-26,TTE.PA,49.71488571166992,-1.0,1.0,30.6,8.63,-10.75,28.0,-15.42,48.7,52.01,0.0811,-0.0768,51.0,53.0,3.0,3.0,3.31,21.0,veto 3 : critères 1 et 2 de signes opposés,ATTENTE
2025-06-30,DECALE-2,2025-06-26,SU.PA,212.72128295898438,-1.0,-1.0,19.4,4.22,-13.73,22.18,0.31,210.36,222.53,0.8087,-0.4194,55.0,76.0,2.0,3.0,12.17,9.9,veto 1 : moins de 3 épisodes de contact d'un côté; veto 2 : canal se refermant en 9.9 séances,ATTENTE
2025-06-30,DECALE-2,2025-06-26,AI.PA,154.93214416503906,1.0,-1.0,0.4,3.6,-8.75,15.95,14.32,154.88,167.61,0.2984,0.0702,53.0,47.0,2.0,4.0,12.73,55.8,veto 1 : moins de 3 épisodes de contact d'un côté; veto 3 : critères 1 et 2 de signes opposés,ATTENTE
2025-06-30,DECALE-2,2025-06-26,DG.PA,119.2549819946289,1.0,-1.0,13.6,3.33,-9.54,16.2,32.4,117.28,131.76,0.3686,0.2697,52.0,44.0,2.0,6.0,14.48,146.4,veto 1 : moins de 3 épisodes de contact d'un côté; veto 3 : critères 1 et 2 de signes opposés,ATTENTE
2025-06-30,DECALE-2,2025-06-26,CAP.PA,137.3809356689453,-1.0,0.0,5.3,-5.38,-24.37,13.6,-20.16,136.84,147.16,0.5939,-0.3257,52.0,83.0,2.0,2.0,10.33,11.2,veto 1 : moins de 3 épisodes de contact d'un côté; veto 2 : canal se refermant en 11.2 séances,ATTENTE
2025-06-30,DECALE-2,2025-06-26,RI.PA,78.25875854492188,-1.0,-1.0,12.6,-18.8,-35.01,-2.6,-24.78,77.82,81.31,0.0365,-0.2904,55.0,31.0,2.0,5.0,3.49,10.7,veto 1 : moins de 3 épisodes de contact d'un côté; veto 2 : canal se refermant en 10.7 séances,ATTENTE
2025-06-30,DECALE-2,2025-06-26,ORA.PA,12.16317081451416,1.0,0.0,8.0,10.66,-2.53,23.84,43.93,12.09,13.06,0.0318,0.0274,54.0,31.0,3.0,6.0,0.98,218.0,aucun,ATTENTE
2025-07-31,DECALE-1,2025-07-30,AIR.PA,175.61500549316406,1.0,0.0,6.5,4.29,-14.11,22.7,33.58,174.99,184.72,0.6786,0.1391,79.0,96.0,4.0,3.0,9.73,18.0,veto 2 : canal se refermant en 18.0 séances,ATTENTE
2025-07-31,DECALE-1,2025-07-30,MC.PA,468.988525390625,-1.0,0.0,78.9,-11.96,-29.88,5.95,-23.77,411.8,484.3,-0.5861,-1.8299,46.0,113.0,5.0,3.0,72.5,58.3,aucun,ATTENTE
2025-07-31,DECALE-1,2025-07-30,OR.PA,381.0638732910156,1.0,0.0,90.5,-3.28,-19.04,12.48,-0.38,353.41,383.96,0.4906,-0.0542,55.0,57.0,4.0,3.0,30.54,56.1,aucun,ATTENTE
2025-07-31,DECALE-1,2025-07-30,SAN.PA,80.99176025390625,-1.0,1.0,78.2,1.54,-16.6,19.67,-9.8,76.8,82.16,-0.0173,-0.187,55.0,96.0,2.0,3.0,5.36,31.6,veto 1 : moins de 3 épisodes de contact d'un côté; veto 3 : critères 1 et 2 de signes opposés,ATTENTE
2025-07-31,DECALE-1,2025-07-30,BNP.PA,74.25719451904297,1.0,1.0,38.4,7.89,-9.69,25.47,34.14,72.98,76.31,0.2424,0.0491,77.0,84.0,3.0,4.0,3.34,17.3,veto 2 : canal se refermant en 17.3 séances,ATTENTE
2025-07-31,DECALE-1,2025-07-30,TTE.PA,49.50659942626953,-1.0,-1.0,56.3,7.69,-11.44,26.83,-9.38,48.12,50.59,0.0482,-0.072,74.0,81.0,2.0,6.0,2.47,20.5,veto 1 : moins de 3 épisodes de contact d'un côté,ATTENTE
2025-07-31,DECALE-1,2025-07-30,SU.PA,235.51458740234375,0.0,1.0,60.7,5.24,-12.77,23.26,11.23,226.84,241.13,0.7716,-0.1612,69.0,111.0,4.0,3.0,14.29,15.3,veto 2 : canal se refermant en 15.3 séances,ATTENTE
2025-07-31,DECALE-1,2025-07-30,AI.PA,155.145751953125,1.0,-1.0,46.4,2.86,-9.32,15.03,9.43,152.52,158.17,0.1748,-0.1932,75.0,34.0,2.0,3.0,5.65,15.4,veto 1 : moins de 3 épisodes de contact d'un côté; veto 2 : canal se refermant en 15.4 séances; veto 3 : critères 1 et 2 de signes opposés,ATTENTE
2025-07-31,DECALE-1,2025-07-30,DG.PA,120.21749114990234,1.0,0.0,44.5,2.58,-10.12,15.28,27.85,118.73,122.07,0.275,-0.0671,76.0,33.0,3.0,5.0,3.34,9.8,veto 2 : canal se refermant en 9.8 séances,ATTENTE
2025-07-31,DECALE-1,2025-07-30,CAP.PA,128.37075805664062,-1.0,-1.0,7.3,-7.73,-26.59,11.13,-17.18,127.45,140.14,0.2947,-0.3188,79.0,100.0,2.0,4.0,12.69,20.7,veto 1 : moins de 3 épisodes de contact d'un côté,ATTENTE
2025-07-31,DECALE-1,2025-07-30,RI.PA,88.18294525146484,-1.0,1.0,60.5,-16.62,-32.95,-0.29,-26.23,77.2,95.34,0.0176,-0.016,57.0,96.0,2.0,3.0,18.13,538.8,veto 1 : moins de 3 épisodes de contact d'un côté; veto 3 : critères 1 et 2 de signes opposés,ATTENTE
2025-07-31,DECALE-1,2025-07-30,ORA.PA,12.721465110778809,1.0,0.0,27.8,11.21,-1.91,24.32,36.18,12.34,13.72,0.0254,0.0274,78.0,31.0,3.0,7.0,1.38,inf,aucun,ATTENTE
2025-07-31,DECALE-2,2025-07-29,AIR.PA,176.1844940185547,1.0,0.0,15.8,4.45,-13.96,22.87,35.34,174.61,184.58,0.6825,0.1391,78.0,96.0,4.0,3.0,9.97,18.3,veto 2 : canal se refermant en 18.3 séances,ATTENTE
2025-07-31,DECALE-2,2025-07-29,MC.PA,463.18408203125,-1.0,0.0,68.9,-12.16,-30.08,5.77,-29.03,412.39,486.13,-0.5861,-1.8299,46.0,113.0,5.0,3.0,73.74,59.3,aucun,ATTENTE
2025-07-31,DECALE-2,2025-07-29,OR.PA,366.4019470214844,1.0,0.0,71.2,-4.07,-19.77,11.63,-4.68,352.92,371.85,0.4906,-0.2714,55.0,43.0,3.0,4.0,18.92,24.8,aucun,ATTENTE
2025-07-31,DECALE-2,2025-07-29,SAN.PA,81.30428314208984,-1.0,1.0,81.1,1.66,-16.49,19.81,-9.68,76.82,82.35,-0.0173,-0.187,55.0,96.0,2.0,3.0,5.53,32.6,veto 1 : moins de 3 épisodes de contact d'un côté; veto 3 : critères 1 et 2 de signes opposés,ATTENTE
2025-07-31,DECALE-2,2025-07-29,BNP.PA,73.70310974121094,1.0,1.0,27.5,7.82,-9.77,25.41,32.15,72.73,76.26,0.2424,0.0491,77.0,84.0,3.0,4.0,3.53,18.3,veto 2 : canal se refermant en 18.3 séances,ATTENTE
2025-07-31,DECALE-2,2025-07-29,TTE.PA,49.733821868896484,-1.0,-1.0,64.3,7.85,-11.3,27.0,-10.94,48.07,50.66,0.0482,-0.072,74.0,81.0,2.0,6.0,2.59,21.5,veto 1 : moins de 3 épisodes de contact d'un côté,ATTENTE
2025-07-31,DECALE-2,2025-07-29,SU.PA,234.57923889160156,0.0,1.0,70.2,5.24,-12.79,23.27,7.56,226.07,238.2,0.7716,-0.1893,69.0,107.0,4.0,3.0,12.13,12.6,veto 2 : canal se refermant en 12.6 séances,ATTENTE
2025-07-31,DECALE-2,2025-07-29,AI.PA,156.03575134277344,1.0,-1.0,61.3,3.03,-9.14,15.21,7.47,152.35,158.37,0.1748,-0.1932,75.0,34.0,2.0,3.0,6.02,16.4,veto 1 : moins de 3 épisodes de contact d'un côté; veto 2 : canal se refermant en 16.4 séances; veto 3 : critères 1 et 2 de signes opposés,ATTENTE
2025-07-31,DECALE-2,2025-07-29,DG.PA,120.45811462402344,1.0,0.0,54.4,2.69,-10.02,15.4,26.45,118.46,122.14,0.275,-0.0671,76.0,33.0,3.0,5.0,3.68,10.8,veto 2 : canal se refermant en 10.8 séances,ATTENTE
2025-07-31,DECALE-2,2025-07-29,CAP.PA,129.8240203857422,-1.0,-1.0,1.6,-7.42,-26.29,11.44,-18.08,129.65,140.45,0.3267,-0.3188,76.0,100.0,2.0,3.0,10.8,16.7,veto 1 : moins de 3 épisodes de contact d'un côté; veto 2 : canal se refermant en 16.7 séances,ATTENTE
2025-07-31,DECALE-2,2025-07-29,RI.PA,88.4262924194336,-1.0,1.0,61.9,-16.52,-32.86,-0.17,-29.5,77.19,95.35,0.0176,-0.016,57.0,96.0,2.0,3.0,18.17,539.8,veto 1 : moins de 3 épisodes de contact d'un côté; veto 3 : critères 1 et 2 de signes opposés,ATTENTE
2025-07-31,DECALE-2,2025-07-29,ORA.PA,12.70715045928955,1.0,0.0,28.7,11.21,-1.92,24.33,33.7,12.31,13.69,0.0254,0.0274,78.0,31.0,3.0,7.0,1.38,inf,aucun,ATTENTE
2025-08-29,DECALE-1,2025-08-28,AIR.PA,175.37936401367188,1.0,1.0,9.5,4.49,-13.83,22.81,33.57,173.86,189.83,0.5248,0.2147,98.0,85.0,4.0,3.0,15.98,51.5,aucun,ACHAT
2025-08-29,DECALE-1,2025-08-28,MC.PA,500.54705810546875,-1.0,1.0,82.4,-10.14,-27.89,7.61,-26.82,443.96,512.64,0.402,-0.8261,33.0,119.0,2.0,2.0,68.68,55.9,veto 1 : moins de 3 épisodes de contact d'un côté; veto 3 : critères 1 et 2 de signes opposés,ATTENTE
2025-08-29,DECALE-1,2025-08-28,OR.PA,394.5980224609375,1.0,1.0,81.9,-2.31,-17.93,13.31,0.06,363.72,401.44,0.4906,0.1846,55.0,72.0,4.0,4.0,37.73,123.3,aucun,ATTENTE
2025-08-29,DECALE-1,2025-08-28,SAN.PA,80.8402328491211,-1.0,1.0,80.2,1.55,-16.64,19.74,-14.85,71.41,83.18,-0.0686,-0.1455,79.0,115.0,2.0,3.0,11.76,153.1,veto 1 : moins de 3 épisodes de contact d'un côté; veto 3 : critères 1 et 2 de signes opposés,ATTENTE
2025-08-29,DECALE-1,2025-08-28,BNP.PA,72.21927642822266,1.0,0.0,19.1,7.32,-10.1,24.74,34.79,70.33,80.22,0.165,0.0755,98.0,100.0,2.0,3.0,9.89,110.5,veto 1 : moins de 3 épisodes de contact d'un côté,ATTENTE
2025-08-29,DECALE-1,2025-08-28,TTE.PA,50.273475646972656,0.0,1.0,42.4,8.0,-10.85,26.85,-11.43,49.13,51.83,0.0482,-0.0463,74.0,103.0,3.0,2.0,2.7,28.6,veto 1 : moins de 3 épisodes de contact d'un côté,ATTENTE
2025-08-29,DECALE-1,2025-08-28,SU.PA,210.407470703125,1.0,0.0,11.1,2.92,-15.07,20.91,5.59,206.39,242.67,0.4051,0.0736,98.0,92.0,2.0,4.0,36.28,109.4,veto 1 : moins de 3 épisodes de contact d'un côté,ATTENTE
2025-08-29,DECALE-1,2025-08-28,AI.PA,157.88694763183594,0.0,1.0,36.5,3.25,-8.75,15.25,5.05,153.98,164.68,0.1522,-0.0158,79.0,61.0,3.0,4.0,10.7,63.7,aucun,ATTENTE
2025-08-29,DECALE-1,2025-08-28,DG.PA,112.70990753173828,1.0,0.0,20.1,1.16,-11.54,13.87,20.18,109.54,125.33,0.1254,0.0016,98.0,60.0,2.0,2.0,15.79,127.6,veto 1 : moins de 3 épisodes de contact d'un côté,ATTENTE
2025-08-29,DECALE-1,2025-08-28,CAP.PA,120.1841049194336,-1.0,0.0,8.6,-8.84,-27.54,9.86,-27.59,117.05,153.66,0.1288,0.0689,98.0,62.0,4.0,3.0,36.61,611.3,aucun,ATTENTE
2025-08-29,DECALE-1,2025-08-28,RI.PA,93.96697235107422,1.0,1.0,71.3,-14.93,-31.14,1.27,-23.94,77.57,100.57,0.0176,0.0307,57.0,119.0,2.0,2.0,22.99,inf,veto 1 : moins de 3 épisodes de contact d'un côté,ATTENTE
2025-08-29,DECALE-1,2025-08-28,ORA.PA,13.107976913452148,1.0,0.0,19.6,11.74,-1.35,24.84,35.88,12.87,14.09,0.0254,0.0244,78.0,62.0,4.0,4.0,1.22,1338.4,aucun,ATTENTE
2025-08-29,DECALE-2,2025-08-27,AIR.PA,175.02589416503906,1.0,1.0,10.6,4.53,-13.81,22.87,32.17,173.33,189.39,0.5248,0.2064,98.0,91.0,4.0,4.0,16.06,50.4,aucun,ACHAT
2025-08-29,DECALE-2,2025-08-27,MC.PA,489.7186279296875,-1.0,1.0,90.3,-10.53,-28.29,7.22,-27.84,443.56,494.69,0.402,-1.0108,33.0,119.0,2.0,2.0,51.13,36.2,veto 1 : moins de 3 épisodes de contact d'un côté; veto 3 : critères 1 et 2 de signes opposés,ATTENTE
2025-08-29,DECALE-2,2025-08-27,OR.PA,393.5191955566406,1.0,1.0,79.7,-2.32,-17.95,13.32,-4.09,363.23,401.26,0.4906,0.1846,55.0,72.0,4.0,4.0,38.03,124.3,aucun,ATTENTE
2025-08-29,DECALE-2,2025-08-27,SAN.PA,81.95774841308594,-1.0,1.0,88.5,1.87,-16.32,20.07,-11.43,71.48,83.32,-0.0686,-0.1455,79.0,115.0,2.0,3.0,11.84,154.1,veto 1 : moins de 3 épisodes de contact d'un côté; veto 3 : critères 1 et 2 de signes opposés,ATTENTE
2025-08-29,DECALE-2,2025-08-27,BNP.PA,71.87179565429688,1.0,0.0,17.1,7.3,-10.13,24.73,33.46,70.17,80.15,0.165,0.0755,98.0,100.0,2.0,3.0,9.98,111.5,veto 1 : moins de 3 épisodes de contact d'un côté,ATTENTE
2025-08-29,DECALE-2,2025-08-27,TTE.PA,50.377620697021484,0.0,1.0,46.4,8.09,-10.77,26.96,-10.61,49.08,51.88,0.0482,-0.0463,74.0,103.0,3.0,2.0,2.8,29.6,veto 1 : moins de 3 épisodes de contact d'un côté,ATTENTE
2025-08-29,DECALE-2,2025-08-27,SU.PA,208.192138671875,1.0,-1.0,6.0,2.77,-15.23,20.77,5.59,205.99,242.6,0.4051,0.0736,98.0,92.0,2.0,4.0,36.61,110.4,veto 1 : moins de 3 épisodes de contact d'un côté; veto 3 : critères 1 et 2 de signes opposés,ATTENTE
2025-08-29,DECALE-2,2025-08-27,AI.PA,158.474365234375,0.0,1.0,42.8,3.38,-8.63,15.39,5.78,153.83,164.7,0.1522,-0.0158,79.0,61.0,3.0,4.0,10.87,64.7,aucun,ATTENTE
2025-08-29,DECALE-2,2025-08-27,DG.PA,111.36239624023438,1.0,0.0,12.2,0.97,-11.74,13.68,20.59,109.42,125.33,0.1254,0.0016,98.0,60.0,2.0,2.0,15.91,128.6,veto 1 : moins de 3 épisodes de contact d'un côté,ATTENTE
2025-08-29,DECALE-2,2025-08-27,CAP.PA,120.1841049194336,-1.0,0.0,9.6,-8.78,-27.5,9.93,-26.89,116.92,151.05,0.1288,0.0235,98.0,63.0,4.0,3.0,34.13,324.0,aucun,ATTENTE
2025-08-29,DECALE-2,2025-08-27,RI.PA,92.6941146850586,1.0,1.0,78.8,-15.18,-31.39,1.03,-23.11,77.56,96.77,0.0176,-0.0012,57.0,113.0,2.0,2.0,19.21,1020.9,veto 1 : moins de 3 épisodes de contact d'un côté,ATTENTE
2025-08-29,DECALE-2,2025-08-27,ORA.PA,13.227270126342773,1.0,1.0,31.4,11.96,-1.14,25.05,37.97,12.84,14.07,0.0254,0.0244,78.0,62.0,4.0,5.0,1.22,1339.4,aucun,ACHAT
2025-09-30,DECALE-1,2025-09-29,AIR.PA,192.22802734375,1.0,1.0,60.7,6.6,-11.51,24.72,43.78,184.15,197.46,0.4836,0.2716,72.0,41.0,4.0,4.0,13.31,62.8,aucun,ATTENTE
2025-09-30,DECALE-1,2025-09-29,MC.PA,510.3023986816406,0.0,1.0,90.0,-9.24,-26.91,8.42,-22.72,452.81,516.68,0.402,-0.113,33.0,95.0,3.0,4.0,63.87,124.0,aucun,ATTENTE
2025-09-30,DECALE-1,2025-09-29,OR.PA,358.01666259765625,1.0,-1.0,6.7,-4.09,-19.61,11.43,2.74,354.62,405.5,0.2627,0.1846,109.0,72.0,3.0,5.0,50.88,651.1,veto 3 : critères 1 et 2 de signes opposés,ATTENTE
2025-09-30,DECALE-1,2025-09-29,SAN.PA,74.13511657714844,-1.0,-1.0,41.1,-0.09,-18.35,18.17,-13.67,68.86,81.69,-0.094,-0.0796,77.0,66.0,3.0,3.0,12.83,inf,aucun,ATTENTE
2025-09-30,DECALE-1,2025-09-29,BNP.PA,75.21977996826172,1.0,1.0,84.0,8.31,-8.87,25.5,34.13,72.92,75.66,0.1392,-0.1254,116.0,31.0,5.0,3.0,2.74,10.3,veto 2 : canal se refermant en 10.3 séances,ATTENTE
2025-09-30,DECALE-1,2025-09-29,TTE.PA,50.226139068603516,1.0,0.0,48.1,8.06,-10.58,26.7,-7.81,48.9,51.66,0.0319,-0.0138,113.0,50.0,2.0,4.0,2.76,60.4,veto 1 : moins de 3 épisodes de contact d'un côté,ATTENTE
2025-09-30,DECALE-1,2025-09-29,SU.PA,230.640869140625,1.0,1.0,80.0,5.04,-12.78,22.86,-9.7,209.9,235.83,0.2111,-0.1231,98.0,42.0,2.0,2.0,25.93,77.6,veto 1 : moins de 3 épisodes de contact d'un côté,ATTENTE
2025-09-30,DECALE-1,2025-09-29,AI.PA,157.01475524902344,0.0,0.0,32.8,3.23,-8.58,15.05,4.91,153.44,164.33,0.0803,-0.0158,116.0,61.0,3.0,4.0,10.9,113.4,aucun,ATTENTE
2025-09-30,DECALE-1,2025-09-29,DG.PA,111.93991088867188,-1.0,0.0,17.7,1.19,-11.34,13.73,15.08,109.06,125.37,0.0484,0.0016,100.0,60.0,3.0,2.0,16.31,348.8,veto 1 : moins de 3 épisodes de contact d'un côté,ATTENTE
2025-09-30,DECALE-1,2025-09-29,CAP.PA,117.51980590820312,-1.0,0.0,50.2,-8.83,-27.5,9.85,-35.24,113.89,121.13,-0.028,-0.4118,99.0,50.0,7.0,4.0,7.24,18.9,veto 2 : canal se refermant en 18.9 séances,ATTENTE
2025-09-30,DECALE-1,2025-09-29,RI.PA,78.35572814941406,1.0,-1.0,2.1,-18.2,-34.33,-2.08,-24.67,77.81,103.29,0.0153,0.1237,65.0,90.0,2.0,4.0,25.47,inf,veto 1 : moins de 3 épisodes de contact d'un côté; veto 3 : critères 1 et 2 de signes opposés,ATTENTE
2025-09-30,DECALE-1,2025-09-29,ORA.PA,13.074573516845703,1.0,0.0,15.2,11.56,-1.41,24.54,45.66,12.8,14.63,0.0162,0.0244,117.0,62.0,3.0,3.0,1.83,inf,aucun,ATTENTE
2025-09-30,DECALE-2,2025-09-26,AIR.PA,192.16912841796875,1.0,1.0,62.9,6.58,-11.55,24.71,41.86,183.67,197.19,0.4836,0.2716,72.0,41.0,4.0,3.0,13.52,63.8,aucun,ATTENTE
2025-09-30,DECALE-2,2025-09-26,MC.PA,503.08349609375,0.0,0.0,78.7,-9.57,-27.24,8.09,-20.81,452.4,516.79,0.402,-0.113,33.0,95.0,3.0,3.0,64.39,125.0,aucun,ATTENTE
2025-09-30,DECALE-2,2025-09-26,OR.PA,359.8310241699219,1.0,-1.0,10.4,-4.01,-19.54,11.52,4.61,354.52,405.32,0.3035,0.1846,115.0,72.0,2.0,5.0,50.8,427.3,veto 1 : moins de 3 épisodes de contact d'un côté; veto 3 : critères 1 et 2 de signes opposés,ATTENTE
2025-09-30,DECALE-2,2025-09-26,SAN.PA,74.1729965209961,-1.0,-1.0,35.6,-0.09,-18.37,18.18,-14.24,69.97,81.77,-0.0686,-0.0796,79.0,66.0,2.0,3.0,11.8,1073.0,veto 1 : moins de 3 épisodes de contact d'un côté,ATTENTE
2025-09-30,DECALE-2,2025-09-26,BNP.PA,75.30719757080078,1.0,1.0,86.9,8.32,-8.88,25.52,33.85,72.79,75.69,0.1486,-0.1286,118.0,30.0,5.0,3.0,2.9,10.4,veto 2 : canal se refermant en 10.4 séances,ATTENTE
2025-09-30,DECALE-2,2025-09-26,TTE.PA,51.36227035522461,1.0,0.0,88.9,8.51,-10.12,27.15,-6.44,48.89,51.67,0.0377,-0.0138,115.0,50.0,2.0,4.0,2.78,54.0,veto 1 : moins de 3 épisodes de contact d'un côté,ATTENTE
2025-09-30,DECALE-2,2025-09-26,SU.PA,231.62545776367188,1.0,1.0,82.7,5.11,-12.72,22.94,-7.76,210.97,235.96,0.2785,-0.1231,100.0,42.0,2.0,2.0,24.99,62.2,veto 1 : moins de 3 épisodes de contact d'un côté,ATTENTE
2025-09-30,DECALE-2,2025-09-26,AI.PA,156.1603546142578,0.0,-1.0,25.2,3.11,-8.72,14.94,5.65,153.4,164.35,0.1205,-0.0158,118.0,61.0,2.0,4.0,10.95,80.4,veto 1 : moins de 3 épisodes de contact d'un côté,ATTENTE
2025-09-30,DECALE-2,2025-09-26,DG.PA,112.37303161621094,-1.0,0.0,16.8,1.26,-11.29,13.8,16.94,109.75,125.37,0.0922,0.0016,102.0,60.0,3.0,2.0,15.61,172.3,veto 1 : moins de 3 épisodes de contact d'un côté,ATTENTE
2025-09-30,DECALE-2,2025-09-26,CAP.PA,115.43680572509766,-1.0,0.0,17.1,-9.23,-27.9,9.44,-33.95,114.18,121.54,-0.0106,-0.4118,119.0,50.0,8.0,4.0,7.36,18.4,veto 2 : canal se refermant en 18.4 séances,ATTENTE
2025-09-30,DECALE-2,2025-09-26,RI.PA,78.01879119873047,1.0,-1.0,0.4,-18.32,-34.46,-2.19,-21.58,77.93,103.16,0.0173,0.1237,64.0,90.0,2.0,4.0,25.24,inf,veto 1 : moins de 3 épisodes de contact d'un côté; veto 3 : critères 1 et 2 de signes opposés,ATTENTE
2025-09-30,DECALE-2,2025-09-26,ORA.PA,13.131834983825684,1.0,0.0,19.2,11.66,-1.32,24.64,41.91,12.78,14.6,0.0177,0.0244,118.0,62.0,2.0,3.0,1.82,inf,veto 1 : moins de 3 épisodes de contact d'un côté,ATTENTE
2025-10-31,DECALE-1,2025-10-30,AIR.PA,208.841064453125,1.0,1.0,65.1,7.61,-10.3,25.53,45.11,201.07,213.01,0.6116,0.3974,35.0,74.0,5.0,4.0,11.94,55.8,aucun,ATTENTE
2025-10-31,DECALE-1,2025-10-30,MC.PA,595.1739501953125,1.0,1.0,83.5,-6.62,-24.58,11.34,-11.5,462.05,621.42,0.402,1.0354,33.0,114.0,2.0,2.0,159.37,inf,veto 1 : moins de 3 épisodes de contact d'un côté,ATTENTE
2025-10-31,DECALE-1,2025-10-30,OR.PA,360.2723388671875,1.0,0.0,10.2,-4.37,-19.9,11.15,8.3,357.08,388.28,0.1716,-0.2927,68.0,33.0,4.0,4.0,31.2,67.2,aucun,ATTENTE
2025-10-31,DECALE-1,2025-10-30,SAN.PA,83.40673828125,-1.0,1.0,80.5,2.04,-16.26,20.33,-8.97,71.81,86.22,-0.0142,-0.0247,42.0,113.0,3.0,2.0,14.42,1370.9,veto 1 : moins de 3 épisodes de contact d'un côté; veto 3 : critères 1 et 2 de signes opposés,ATTENTE
2025-10-31,DECALE-1,2025-10-30,BNP.PA,64.55596160888672,0.0,-1.0,6.9,4.49,-12.82,21.79,37.14,63.78,75.0,-0.0472,-0.0842,93.0,35.0,4.0,4.0,11.22,303.9,aucun,ATTENTE
2025-10-31,DECALE-1,2025-10-30,TTE.PA,51.633140563964844,1.0,1.0,80.8,8.07,-10.34,26.48,-5.63,47.44,52.63,0.0039,-0.0008,102.0,94.0,2.0,2.0,5.19,1116.7,veto 1 : moins de 3 épisodes de contact d'un côté,ATTENTE
2025-10-31,DECALE-1,2025-10-30,SU.PA,245.16360473632812,1.0,1.0,28.5,5.62,-12.06,23.29,6.38,240.73,256.29,0.8152,0.2297,43.0,63.0,2.0,6.0,15.56,26.6,veto 1 : moins de 3 épisodes de contact d'un côté,ATTENTE
2025-10-31,DECALE-1,2025-10-30,AI.PA,151.78152465820312,-1.0,0.0,30.5,2.14,-9.63,13.91,8.47,149.9,156.07,-0.0185,-0.1707,48.0,49.0,4.0,2.0,6.17,40.5,veto 1 : moins de 3 épisodes de contact d'un côté,ATTENTE
2025-10-31,DECALE-1,2025-10-30,DG.PA,113.03903198242188,-1.0,0.0,63.4,0.91,-11.53,13.35,19.37,102.12,119.34,-0.148,-0.1129,53.0,49.0,3.0,2.0,17.22,inf,veto 1 : moins de 3 épisodes de contact d'un côté,ATTENTE
2025-10-31,DECALE-1,2025-10-30,CAP.PA,126.43309020996094,-1.0,1.0,78.8,-7.63,-26.25,10.99,-22.01,91.83,135.74,-0.4131,-0.1412,53.0,95.0,3.0,3.0,43.91,inf,veto 3 : critères 1 et 2 de signes opposés,ATTENTE
2025-10-31,DECALE-1,2025-10-30,RI.PA,79.74089813232422,0.0,1.0,60.2,-17.89,-33.93,-1.85,-24.51,75.77,82.36,-0.0118,-0.4046,66.0,40.0,3.0,2.0,6.59,16.8,veto 1 : moins de 3 épisodes de contact d'un côté; veto 2 : canal se refermant en 16.8 séances,ATTENTE
2025-10-31,DECALE-1,2025-10-30,ORA.PA,13.222497940063477,1.0,1.0,57.6,11.43,-1.49,24.35,44.82,12.63,13.66,0.0084,-0.0045,101.0,40.0,3.0,3.0,1.03,79.9,aucun,ATTENTE
2025-10-31,DECALE-2,2025-10-29,AIR.PA,204.6190643310547,1.0,1.0,54.7,7.11,-10.79,25.02,42.54,200.46,208.06,0.6116,0.335,35.0,68.0,5.0,7.0,7.6,27.5,aucun,ATTENTE
2025-10-31,DECALE-2,2025-10-29,MC.PA,603.6611328125,1.0,1.0,89.7,-6.42,-24.39,11.56,-12.7,461.65,620.0,0.402,0.9391,33.0,115.0,2.0,2.0,158.35,inf,veto 1 : moins de 3 épisodes de contact d'un côté,ATTENTE
2025-10-31,DECALE-2,2025-10-29,OR.PA,361.20404052734375,1.0,0.0,13.6,-4.39,-19.93,11.16,8.28,356.91,388.58,0.1716,-0.2927,68.0,33.0,4.0,4.0,31.66,68.2,aucun,ATTENTE
2025-10-31,DECALE-2,2025-10-29,SAN.PA,83.26467895507812,-1.0,1.0,79.3,1.97,-16.34,20.28,-16.91,71.82,86.25,-0.0142,-0.0247,42.0,113.0,3.0,2.0,14.43,1371.9,veto 1 : moins de 3 épisodes de contact d'un côté; veto 3 : critères 1 et 2 de signes opposés,ATTENTE
2025-10-31,DECALE-2,2025-10-29,BNP.PA,65.0124282836914,0.0,-1.0,7.8,4.56,-12.76,21.88,35.0,64.16,75.08,-0.0436,-0.0842,91.0,35.0,5.0,4.0,10.92,269.1,aucun,ATTENTE
2025-10-31,DECALE-2,2025-10-29,TTE.PA,52.11443328857422,1.0,1.0,90.0,8.22,-10.2,26.64,-6.64,47.44,52.63,0.0039,-0.0008,102.0,94.0,2.0,2.0,5.19,1117.7,veto 1 : moins de 3 épisodes de contact d'un côté,ATTENTE
2025-10-31,DECALE-2,2025-10-29,SU.PA,253.43417358398438,1.0,1.0,75.8,6.22,-11.43,23.87,0.82,245.19,256.06,0.9407,0.2297,37.0,63.0,4.0,6.0,10.87,15.3,veto 2 : canal se refermant en 15.3 séances,ATTENTE
2025-10-31,DECALE-2,2025-10-29,AI.PA,150.96270751953125,-1.0,0.0,16.5,1.98,-9.8,13.76,8.26,149.92,156.24,-0.0185,-0.1707,48.0,49.0,3.0,2.0,6.32,41.5,veto 1 : moins de 3 épisodes de contact d'un côté,ATTENTE
2025-10-31,DECALE-2,2025-10-29,DG.PA,112.79625701904297,-1.0,1.0,60.6,0.8,-11.65,13.25,17.94,102.56,119.45,-0.1407,-0.1129,79.0,49.0,4.0,2.0,16.89,inf,veto 1 : moins de 3 épisodes de contact d'un côté; veto 3 : critères 1 et 2 de signes opposés,ATTENTE
2025-10-31,DECALE-2,2025-10-29,CAP.PA,128.4676513671875,-1.0,1.0,83.0,-7.38,-26.01,11.25,-22.93,92.25,135.88,-0.4131,-0.1412,53.0,95.0,3.0,3.0,43.64,inf,veto 3 : critères 1 et 2 de signes opposés,ATTENTE
2025-10-31,DECALE-2,2025-10-29,RI.PA,80.24629211425781,0.0,1.0,63.9,-17.83,-33.88,-1.78,-24.05,75.79,82.76,-0.0118,-0.4046,66.0,40.0,3.0,2.0,6.98,17.8,veto 1 : moins de 3 épisodes de contact d'un côté; veto 2 : canal se refermant en 17.8 séances,ATTENTE
2025-10-31,DECALE-2,2025-10-29,ORA.PA,13.088889122009277,1.0,1.0,42.8,11.21,-1.71,24.14,46.51,12.66,13.66,0.0106,-0.0045,102.0,40.0,2.0,3.0,1.0,66.2,veto 1 : moins de 3 épisodes de contact d'un côté,ATTENTE
2025-11-28,DECALE-1,2025-11-27,AIR.PA,200.4461669921875,1.0,-1.0,14.7,6.58,-11.12,24.28,41.57,196.91,220.96,0.388,0.3974,82.0,74.0,3.0,3.0,24.05,inf,veto 3 : critères 1 et 2 de signes opposés,ATTENTE
2025-11-28,DECALE-1,2025-11-27,MC.PA,612.0507202148438,1.0,0.0,14.8,-6.11,-23.84,11.63,3.65,604.19,657.45,2.803,1.648,30.0,75.0,3.0,5.0,53.25,46.1,aucun,ATTENTE
2025-11-28,DECALE-1,2025-11-27,OR.PA,365.42120361328125,0.0,0.0,57.6,-4.11,-19.47,11.26,12.44,342.36,382.43,0.0066,-0.2927,104.0,33.0,4.0,4.0,40.06,133.8,aucun,ATTENTE
2025-11-28,DECALE-1,2025-11-27,SAN.PA,81.34217071533203,1.0,0.0,6.2,1.39,-16.68,19.46,-0.03,80.95,87.21,0.2104,0.037,42.0,95.0,2.0,2.0,6.26,36.1,veto 1 : moins de 3 épisodes de contact d'un côté,ATTENTE
2025-11-28,DECALE-1,2025-11-27,BNP.PA,71.27669525146484,-1.0,1.0,98.7,6.25,-10.88,23.39,31.7,62.42,71.39,-0.0509,-0.147,96.0,30.0,2.0,3.0,8.98,93.4,veto 1 : moins de 3 épisodes de contact d'un côté; veto 3 : critères 1 et 2 de signes opposés,ATTENTE
2025-11-28,DECALE-1,2025-11-27,TTE.PA,54.338008880615234,1.0,1.0,94.4,8.88,-9.28,27.03,6.92,47.07,54.77,-0.0101,0.0173,57.0,111.0,4.0,3.0,7.69,inf,aucun,ATTENTE
2025-11-28,DECALE-1,2025-11-27,SU.PA,224.68406677246094,1.0,-1.0,16.0,3.68,-13.87,21.23,7.78,217.77,260.88,0.1919,0.2297,59.0,63.0,2.0,6.0,43.11,inf,veto 1 : moins de 3 épisodes de contact d'un côté; veto 3 : critères 1 et 2 de signes opposés,ATTENTE
2025-11-28,DECALE-1,2025-11-27,AI.PA,146.4414825439453,-1.0,-1.0,27.5,1.31,-10.33,12.94,8.23,143.76,153.53,-0.0872,-0.1585,81.0,61.0,4.0,3.0,9.77,137.2,aucun,ATTENTE
2025-11-28,DECALE-1,2025-11-27,DG.PA,118.7686767578125,-1.0,1.0,97.6,1.78,-10.52,14.07,24.33,99.16,119.25,-0.148,-0.0831,53.0,73.0,3.0,2.0,20.1,inf,veto 1 : moins de 3 épisodes de contact d'un côté; veto 3 : critères 1 et 2 de signes opposés,ATTENTE
2025-11-28,DECALE-1,2025-11-27,CAP.PA,129.67869567871094,-1.0,0.0,94.7,-7.2,-25.67,11.28,-10.07,71.42,132.92,-0.5631,-0.1412,32.0,95.0,2.0,4.0,61.5,inf,veto 1 : moins de 3 épisodes de contact d'un côté,ATTENTE
2025-11-28,DECALE-1,2025-11-27,RI.PA,74.94608306884766,-1.0,-1.0,64.8,-18.97,-34.93,-3.01,-16.96,72.42,76.31,-0.0407,-0.3731,102.0,65.0,3.0,4.0,3.89,11.7,veto 2 : canal se refermant en 11.7 séances,ATTENTE
2025-11-28,DECALE-1,2025-11-27,ORA.PA,13.456314086914062,1.0,0.0,62.4,11.57,-1.25,24.4,46.3,13.05,13.7,0.015,-0.0027,34.0,63.0,2.0,3.0,0.65,37.0,veto 1 : moins de 3 épisodes de contact d'un côté,ATTENTE
2025-11-28,DECALE-2,2025-11-26,AIR.PA,201.13348388671875,1.0,-1.0,19.2,6.71,-11.0,24.43,43.95,196.52,220.56,0.388,0.3974,82.0,74.0,3.0,3.0,24.04,inf,veto 3 : critères 1 et 2 de signes opposés,ATTENTE
2025-11-28,DECALE-2,2025-11-26,MC.PA,610.0996704101562,1.0,0.0,16.1,-6.11,-23.86,11.64,6.3,601.39,655.53,2.803,1.6368,30.0,95.0,3.0,6.0,54.14,46.4,aucun,ATTENTE
2025-11-28,DECALE-2,2025-11-26,OR.PA,366.6961364746094,0.0,0.0,60.3,-3.99,-19.36,11.38,14.76,342.36,382.72,0.0066,-0.2927,104.0,33.0,4.0,4.0,40.36,134.8,aucun,ATTENTE
2025-11-28,DECALE-2,2025-11-26,SAN.PA,81.66416931152344,1.0,0.0,13.3,1.5,-16.59,19.59,-1.08,80.84,87.07,0.2126,0.0323,40.0,96.0,2.0,2.0,6.23,34.5,veto 1 : moins de 3 épisodes de contact d'un côté,ATTENTE
2025-11-28,DECALE-2,2025-11-26,BNP.PA,70.25692749023438,-1.0,1.0,71.2,6.04,-11.1,23.18,29.68,62.47,73.4,-0.0509,-0.0842,96.0,35.0,2.0,4.0,10.93,328.8,veto 1 : moins de 3 épisodes de contact d'un côté; veto 3 : critères 1 et 2 de signes opposés,ATTENTE
2025-11-28,DECALE-2,2025-11-26,TTE.PA,54.54015350341797,1.0,1.0,97.3,9.0,-9.17,27.16,3.36,47.09,54.75,-0.0101,0.0173,57.0,111.0,4.0,3.0,7.66,inf,aucun,ATTENTE
2025-11-28,DECALE-2,2025-11-26,SU.PA,223.79794311523438,1.0,-1.0,14.4,3.67,-13.89,21.23,7.04,217.58,260.65,0.1919,0.2297,59.0,63.0,2.0,6.0,43.07,inf,veto 1 : moins de 3 épisodes de contact d'un côté; veto 3 : critères 1 et 2 de signes opposés,ATTENTE
2025-11-28,DECALE-2,2025-11-26,AI.PA,146.85089111328125,-1.0,-1.0,30.5,1.4,-10.24,13.05,12.53,143.85,153.68,-0.0872,-0.1585,81.0,61.0,4.0,3.0,9.84,138.2,aucun,ATTENTE
2025-11-28,DECALE-2,2025-11-26,DG.PA,118.52589416503906,-1.0,1.0,100.0,1.79,-10.52,14.1,22.4,99.31,118.53,-0.148,-0.0943,53.0,72.0,3.0,3.0,19.22,inf,veto 3 : critères 1 et 2 de signes opposés,ATTENTE
2025-11-28,DECALE-2,2025-11-26,CAP.PA,128.75828552246094,-1.0,0.0,93.0,-7.29,-25.78,11.2,-12.41,71.98,133.06,-0.5631,-0.1412,32.0,95.0,3.0,4.0,61.07,inf,aucun,ATTENTE
2025-11-28,DECALE-2,2025-11-26,RI.PA,73.48108673095703,-1.0,-1.0,26.7,-19.33,-35.29,-3.37,-15.63,72.46,76.28,-0.0407,-0.3794,102.0,63.0,3.0,4.0,3.82,11.3,veto 2 : canal se refermant en 11.3 séances,ATTENTE
2025-11-28,DECALE-2,2025-11-26,ORA.PA,13.437227249145508,1.0,0.0,60.2,11.57,-1.27,24.4,47.0,13.03,13.7,0.015,-0.0027,34.0,63.0,2.0,3.0,0.67,38.0,veto 1 : moins de 3 épisodes de contact d'un côté,ATTENTE
