DATE,TICKER,TYPE,PHASE,ENONCE,BORNE_BASSE,BORNE_HAUTE,DATE_DEPOUILLEMENT,VALEUR_CONSTATEE,VERDICT
2022-12-30,AIR.PA,CANAL,,"clôture entre 111,03 € et 112,15 € au 2023-01-31",111.02579999999999,112.1502,2023-01-31,106.86882781982422,DEMENTIE
2022-12-30,AIR.PA,REFLEXIVE,AUCUNE SEQUENCE,"AUCUNE SEQUENCE : écart contre TR12 dans ± 5 points, au 2023-01-31",-5.0,5.0,2023-01-31,-5.420979964276462,DEMENTIE
2022-12-30,MC.PA,CANAL,,"clôture entre 659,40 € et 702,86 € au 2023-01-31",659.4022,702.8611999999999,2023-01-31,742.6812133789062,DEMENTIE
2022-12-30,MC.PA,REFLEXIVE,AUCUNE SEQUENCE,"AUCUNE SEQUENCE : écart contre TR12 dans ± 5 points, au 2023-01-31",-5.0,5.0,2023-01-31,8.802562433262985,DEMENTIE
2022-12-30,OR.PA,CANAL,,"clôture entre 327,79 € et 337,66 € au 2023-01-31",327.7912,337.6636,2023-01-31,353.6748046875,DEMENTIE
2022-12-30,OR.PA,REFLEXIVE,RETOURNEMENT,"RETOURNEMENT : écart contre TR12 négatif ou nul, au 2023-01-31",,0.0,2023-01-31,4.462525372726955,DEMENTIE
2022-12-30,SAN.PA,CANAL,,"clôture entre 65,98 € et 75,29 € au 2023-01-31",65.9834,75.2914,2023-01-31,75.28746032714844,CONFIRMEE
2022-12-30,SAN.PA,REFLEXIVE,AUCUNE SEQUENCE,"AUCUNE SEQUENCE : écart contre TR12 dans ± 5 points, au 2023-01-31",-5.0,5.0,2023-01-31,-9.051029503024566,DEMENTIE
2022-12-30,BNP.PA,CANAL,,"clôture entre 44,39 € et 43,24 € au 2023-01-31",44.3938,43.235800000000005,2023-01-31,48.61603927612305,DEMENTIE
2022-12-30,BNP.PA,REFLEXIVE,AUCUNE SEQUENCE,"AUCUNE SEQUENCE : écart contre TR12 dans ± 5 points, au 2023-01-31",-5.0,5.0,2023-01-31,9.260265056238204,DEMENTIE
2022-12-30,TTE.PA,CANAL,,"clôture entre 49,96 € et 51,85 € au 2023-01-31",49.9568,51.852799999999995,2023-01-31,47.30458068847656,DEMENTIE
2022-12-30,TTE.PA,REFLEXIVE,AUCUNE SEQUENCE,"AUCUNE SEQUENCE : écart contre TR12 dans ± 5 points, au 2023-01-31",-5.0,5.0,2023-01-31,-10.552633649292808,DEMENTIE
2022-12-30,SU.PA,CANAL,,"clôture entre 128,00 € et 138,25 € au 2023-01-31",127.9956,138.2476,2023-01-31,138.541748046875,DEMENTIE
2022-12-30,SU.PA,REFLEXIVE,AUCUNE SEQUENCE,"AUCUNE SEQUENCE : écart contre TR12 dans ± 5 points, au 2023-01-31",-5.0,5.0,2023-01-31,4.602092144039638,CONFIRMEE
2022-12-30,AI.PA,CANAL,,"clôture entre 107,00 € et 111,10 € au 2023-01-31",107.00120000000001,111.0988,2023-01-31,112.03005981445312,DEMENTIE
2022-12-30,AI.PA,REFLEXIVE,AUCUNE SEQUENCE,"AUCUNE SEQUENCE : écart contre TR12 dans ± 5 points, au 2023-01-31",-5.0,5.0,2023-01-31,1.455411773035431,CONFIRMEE
2022-12-30,DG.PA,CANAL,,"clôture entre 84,57 € et 87,13 € au 2023-01-31",84.56700000000001,87.1282,2023-01-31,89.42450714111328,DEMENTIE
2022-12-30,DG.PA,REFLEXIVE,AUCUNE SEQUENCE,"AUCUNE SEQUENCE : écart contre TR12 dans ± 5 points, au 2023-01-31",-5.0,5.0,2023-01-31,2.2326443520469974,CONFIRMEE
2022-12-30,CAP.PA,CANAL,,"clôture entre 141,78 € et 160,07 € au 2023-01-31",141.7798,160.0668,2023-01-31,158.67733764648438,CONFIRMEE
2022-12-30,CAP.PA,REFLEXIVE,RETOURNEMENT,"RETOURNEMENT : écart contre TR12 négatif ou nul, au 2023-01-31",,0.0,2023-01-31,2.648276093322255,DEMENTIE
2022-12-30,RI.PA,CANAL,,"clôture entre 161,23 € et 162,79 € au 2023-01-31",161.2316,162.78979999999999,2023-01-31,162.09091186523438,CONFIRMEE
2022-12-30,RI.PA,REFLEXIVE,AUCUNE SEQUENCE,"AUCUNE SEQUENCE : écart contre TR12 dans ± 5 points, au 2023-01-31",-5.0,5.0,2023-01-31,-5.514878568671078,DEMENTIE
2022-12-30,ORA.PA,CANAL,,"clôture entre 7,48 € et 7,58 € au 2023-01-31",7.4834,7.5756000000000006,2023-01-31,7.8433051109313965,DEMENTIE
2022-12-30,ORA.PA,REFLEXIVE,AUCUNE SEQUENCE,"AUCUNE SEQUENCE : écart contre TR12 dans ± 5 points, au 2023-01-31",-5.0,5.0,2023-01-31,-4.110182021135755,CONFIRMEE
2023-01-31,AIR.PA,CANAL,,"clôture entre 110,38 € et 115,69 € au 2023-02-28",110.378,115.688,2023-02-28,115.41163635253906,CONFIRMEE
2023-01-31,AIR.PA,REFLEXIVE,AUCUNE SEQUENCE,"AUCUNE SEQUENCE : écart contre TR12 dans ± 5 points, au 2023-02-28",-5.0,5.0,2023-02-28,4.710781641059958,CONFIRMEE
2023-01-31,MC.PA,CANAL,,"clôture entre 688,10 € et 773,48 € au 2023-02-28",688.102,773.4780000000001,2023-02-28,732.46923828125,CONFIRMEE
2023-01-31,MC.PA,REFLEXIVE,AUTO-RENFORCEMENT,"AUTO-RENFORCEMENT : écart contre TR12 positif ou nul, au 2023-02-28",0.0,,2023-02-28,-4.657965747477688,DEMENTIE
2023-01-31,OR.PA,CANAL,,"clôture entre 342,78 € et 369,15 € au 2023-02-28",342.78200000000004,369.146,2023-02-28,350.91497802734375,CONFIRMEE
2023-01-31,OR.PA,REFLEXIVE,AUTO-RENFORCEMENT,"AUTO-RENFORCEMENT : écart contre TR12 positif ou nul, au 2023-02-28",0.0,,2023-02-28,-4.063280034929184,DEMENTIE
2023-01-31,SAN.PA,CANAL,,"clôture entre 77,09 € et 81,19 € au 2023-02-28",77.094,81.19200000000001,2023-02-28,74.63257598876953,DEMENTIE
2023-01-31,SAN.PA,REFLEXIVE,AUCUNE SEQUENCE,"AUCUNE SEQUENCE : écart contre TR12 dans ± 5 points, au 2023-02-28",-5.0,5.0,2023-02-28,-4.152796321340224,CONFIRMEE
2023-01-31,BNP.PA,CANAL,,"clôture entre 47,55 € et 50,39 € au 2023-02-28",47.548,50.386,2023-02-28,51.12799835205078,DEMENTIE
2023-01-31,BNP.PA,REFLEXIVE,AUTO-RENFORCEMENT,"AUTO-RENFORCEMENT : écart contre TR12 positif ou nul, au 2023-02-28",0.0,,2023-02-28,1.8839836998841175,CONFIRMEE
2023-01-31,TTE.PA,CANAL,,"clôture entre 49,23 € et 53,56 € au 2023-02-28",49.234,53.556,2023-02-28,48.624595642089844,DEMENTIE
2023-01-31,TTE.PA,REFLEXIVE,AUCUNE SEQUENCE,"AUCUNE SEQUENCE : écart contre TR12 dans ± 5 points, au 2023-02-28",-5.0,5.0,2023-02-28,-0.49249209833199803,CONFIRMEE
2023-01-31,SU.PA,CANAL,,"clôture entre 133,50 € et 142,78 € au 2023-02-28",133.496,142.77800000000002,2023-02-28,142.09121704101562,CONFIRMEE
2023-01-31,SU.PA,REFLEXIVE,AUTO-RENFORCEMENT,"AUTO-RENFORCEMENT : écart contre TR12 positif ou nul, au 2023-02-28",0.0,,2023-02-28,-0.7209299222030285,DEMENTIE
2023-01-31,AI.PA,CANAL,,"clôture entre 111,99 € et 115,86 € au 2023-02-28",111.992,115.864,2023-02-28,115.48161315917969,CONFIRMEE
2023-01-31,AI.PA,REFLEXIVE,AUTO-RENFORCEMENT,"AUTO-RENFORCEMENT : écart contre TR12 positif ou nul, au 2023-02-28",0.0,,2023-02-28,-0.2020339831344975,DEMENTIE
2023-01-31,DG.PA,CANAL,,"clôture entre 88,43 € et 92,86 € au 2023-02-28",88.43,92.858,2023-02-28,93.04841613769531,DEMENTIE
2023-01-31,DG.PA,REFLEXIVE,AUTO-RENFORCEMENT,"AUTO-RENFORCEMENT : écart contre TR12 positif ou nul, au 2023-02-28",0.0,,2023-02-28,0.769527429479866,CONFIRMEE
2023-01-31,CAP.PA,CANAL,,"clôture entre 142,40 € et 158,96 € au 2023-02-28",142.398,158.96,2023-02-28,162.28158569335938,DEMENTIE
2023-01-31,CAP.PA,REFLEXIVE,AUCUNE SEQUENCE,"AUCUNE SEQUENCE : écart contre TR12 dans ± 5 points, au 2023-02-28",-5.0,5.0,2023-02-28,-1.0115190094428517,CONFIRMEE
2023-01-31,RI.PA,CANAL,,"clôture entre 158,57 € et 169,62 € au 2023-02-28",158.572,169.61999999999998,2023-02-28,168.7486572265625,CONFIRMEE
2023-01-31,RI.PA,REFLEXIVE,AUCUNE SEQUENCE,"AUCUNE SEQUENCE : écart contre TR12 dans ± 5 points, au 2023-02-28",-5.0,5.0,2023-02-28,0.82446319231404,CONFIRMEE
2023-01-31,ORA.PA,CANAL,,"clôture entre 7,57 € et 8,03 € au 2023-02-28",7.574000000000001,8.032,2023-02-28,8.706536293029785,DEMENTIE
2023-01-31,ORA.PA,REFLEXIVE,AUCUNE SEQUENCE,"AUCUNE SEQUENCE : écart contre TR12 dans ± 5 points, au 2023-02-28",-5.0,5.0,2023-02-28,7.723010876206882,DEMENTIE
2023-02-28,AIR.PA,CANAL,,"clôture entre 113,79 € et 121,07 € au 2023-03-31",113.79,121.0739,2023-03-31,114.7229995727539,CONFIRMEE
2023-02-28,AIR.PA,REFLEXIVE,AUTO-RENFORCEMENT,"AUTO-RENFORCEMENT : écart contre TR12 positif ou nul, au 2023-03-31",0.0,,2023-03-31,-1.312425635717318,DEMENTIE
2023-02-28,MC.PA,CANAL,,"clôture entre 780,03 € et 831,48 € au 2023-03-31",780.0332999999999,831.4783,2023-03-31,783.89990234375,CONFIRMEE
2023-02-28,MC.PA,REFLEXIVE,AUCUNE SEQUENCE,"AUCUNE SEQUENCE : écart contre TR12 dans ± 5 points, au 2023-03-31",-5.0,5.0,2023-03-31,6.3057991155208715,DEMENTIE
2023-02-28,OR.PA,CANAL,,"clôture entre 369,82 € et 378,24 € au 2023-03-31",369.8192,378.23609999999996,2023-03-31,384.73419189453125,DEMENTIE
2023-02-28,OR.PA,REFLEXIVE,AUCUNE SEQUENCE,"AUCUNE SEQUENCE : écart contre TR12 dans ± 5 points, au 2023-03-31",-5.0,5.0,2023-03-31,8.921691297198798,DEMENTIE
2023-02-28,SAN.PA,CANAL,,"clôture entre 71,02 € et 76,64 € au 2023-03-31",71.0193,76.64370000000001,2023-03-31,84.16209411621094,DEMENTIE
2023-02-28,SAN.PA,REFLEXIVE,AUCUNE SEQUENCE,"AUCUNE SEQUENCE : écart contre TR12 dans ± 5 points, au 2023-03-31",-5.0,5.0,2023-03-31,12.052830437082317,DEMENTIE
2023-02-28,BNP.PA,CANAL,,"clôture entre 52,85 € et 54,19 € au 2023-03-31",52.85380000000001,54.1874,2023-03-31,42.672359466552734,DEMENTIE
2023-02-28,BNP.PA,REFLEXIVE,AUTO-RENFORCEMENT,"AUTO-RENFORCEMENT : écart contre TR12 positif ou nul, au 2023-03-31",0.0,,2023-03-31,-17.253923866518218,DEMENTIE
2023-02-28,TTE.PA,CANAL,,"clôture entre 49,25 € et 49,95 € au 2023-03-31",49.2499,49.9477,2023-03-31,45.700618743896484,DEMENTIE
2023-02-28,TTE.PA,REFLEXIVE,AUCUNE SEQUENCE,"AUCUNE SEQUENCE : écart contre TR12 dans ± 5 points, au 2023-03-31",-5.0,5.0,2023-03-31,-6.729116929867828,DEMENTIE
2023-02-28,SU.PA,CANAL,,"clôture entre 149,94 € et 156,31 € au 2023-03-31",149.94379999999998,156.3052,2023-03-31,143.54837036132812,DEMENTIE
2023-02-28,SU.PA,REFLEXIVE,AUCUNE SEQUENCE,"AUCUNE SEQUENCE : écart contre TR12 dans ± 5 points, au 2023-03-31",-5.0,5.0,2023-03-31,0.30975872795087067,CONFIRMEE
2023-02-28,AI.PA,CANAL,,"clôture entre 117,67 € et 120,80 € au 2023-03-31",117.66929999999999,120.7952,2023-03-31,118.27355194091797,CONFIRMEE
2023-02-28,AI.PA,REFLEXIVE,AUCUNE SEQUENCE,"AUCUNE SEQUENCE : écart contre TR12 dans ± 5 points, au 2023-03-31",-5.0,5.0,2023-03-31,1.701901063636302,CONFIRMEE
2023-02-28,DG.PA,CANAL,,"clôture entre 97,41 € et 97,98 € au 2023-03-31",97.4144,97.9772,2023-03-31,91.21920013427734,DEMENTIE
2023-02-28,DG.PA,REFLEXIVE,AUCUNE SEQUENCE,"AUCUNE SEQUENCE : écart contre TR12 dans ± 5 points, au 2023-03-31",-5.0,5.0,2023-03-31,-2.681622310998144,CONFIRMEE
2023-02-28,CAP.PA,CANAL,,"clôture entre 171,11 € et 174,42 € au 2023-03-31",171.1096,174.4245,2023-03-31,155.80308532714844,DEMENTIE
2023-02-28,CAP.PA,REFLEXIVE,AUCUNE SEQUENCE,"AUCUNE SEQUENCE : écart contre TR12 dans ± 5 points, au 2023-03-31",-5.0,5.0,2023-03-31,-4.707882061868207,CONFIRMEE
2023-02-28,RI.PA,CANAL,,"clôture entre 162,25 € et 176,95 € au 2023-03-31",162.2523,176.9511,2023-03-31,178.1378173828125,DEMENTIE
2023-02-28,RI.PA,REFLEXIVE,AUCUNE SEQUENCE,"AUCUNE SEQUENCE : écart contre TR12 dans ± 5 points, au 2023-03-31",-5.0,5.0,2023-03-31,4.848244208406416,CONFIRMEE
2023-02-28,ORA.PA,CANAL,,"clôture entre 8,03 € et 9,01 € au 2023-03-31",8.0308,9.0118,2023-03-31,8.835618019104004,CONFIRMEE
2023-02-28,ORA.PA,REFLEXIVE,AUTO-RENFORCEMENT,"AUTO-RENFORCEMENT : écart contre TR12 positif ou nul, au 2023-03-31",0.0,,2023-03-31,0.7668373137735829,CONFIRMEE
2023-03-31,AIR.PA,CANAL,,"clôture entre 110,23 € et 123,41 € au 2023-04-28",110.2344,123.4074,2023-04-28,119.99940490722656,CONFIRMEE
2023-03-31,AIR.PA,REFLEXIVE,AUCUNE SEQUENCE,"AUCUNE SEQUENCE : écart contre TR12 dans ± 5 points, au 2023-04-28",-5.0,5.0,2023-04-28,0.4194762916272632,CONFIRMEE
2023-03-31,MC.PA,CANAL,,"clôture entre 760,42 € et 794,82 € au 2023-04-28",760.422,794.8244,2023-04-28,814.9183349609375,DEMENTIE
2023-03-31,MC.PA,REFLEXIVE,AUTO-RENFORCEMENT,"AUTO-RENFORCEMENT : écart contre TR12 positif ou nul, au 2023-04-28",0.0,,2023-04-28,-0.22284255084317195,DEMENTIE
2023-03-31,OR.PA,CANAL,,"clôture entre 361,86 € et 394,88 € au 2023-04-28",361.8582,394.8802,2023-04-28,410.544677734375,DEMENTIE
2023-03-31,OR.PA,REFLEXIVE,AUTO-RENFORCEMENT,"AUTO-RENFORCEMENT : écart contre TR12 positif ou nul, au 2023-04-28",0.0,,2023-04-28,2.528873535357401,CONFIRMEE
2023-03-31,SAN.PA,CANAL,,"clôture entre 70,16 € et 86,65 € au 2023-04-28",70.1638,86.6532,2023-04-28,83.9605941772461,CONFIRMEE
2023-03-31,SAN.PA,REFLEXIVE,AUTO-RENFORCEMENT,"AUTO-RENFORCEMENT : écart contre TR12 positif ou nul, au 2023-04-28",0.0,,2023-04-28,-4.419199362046832,DEMENTIE
2023-03-31,BNP.PA,CANAL,,"clôture entre 36,94 € et 58,44 € au 2023-04-28",36.936,58.4368,2023-04-28,45.28479766845703,CONFIRMEE
2023-03-31,BNP.PA,REFLEXIVE,AUCUNE SEQUENCE,"AUCUNE SEQUENCE : écart contre TR12 dans ± 5 points, au 2023-04-28",-5.0,5.0,2023-04-28,1.9423047095311619,CONFIRMEE
2023-03-31,TTE.PA,CANAL,,"clôture entre 42,98 € et 49,77 € au 2023-04-28",42.9764,49.7682,2023-04-28,48.710330963134766,CONFIRMEE
2023-03-31,TTE.PA,REFLEXIVE,AUCUNE SEQUENCE,"AUCUNE SEQUENCE : écart contre TR12 dans ± 5 points, au 2023-04-28",-5.0,5.0,2023-04-28,2.405933890551837,CONFIRMEE
2023-03-31,SU.PA,CANAL,,"clôture entre 134,44 € et 160,48 € au 2023-04-28",134.44039999999998,160.4832,2023-04-28,147.41543579101562,CONFIRMEE
2023-03-31,SU.PA,REFLEXIVE,AUCUNE SEQUENCE,"AUCUNE SEQUENCE : écart contre TR12 dans ± 5 points, au 2023-04-28",-5.0,5.0,2023-04-28,-1.4858694241430381,CONFIRMEE
2023-03-31,AI.PA,CANAL,,"clôture entre 118,15 € et 123,17 € au 2023-04-28",118.1526,123.17320000000001,2023-04-28,125.16133880615234,DEMENTIE
2023-03-31,AI.PA,REFLEXIVE,AUCUNE SEQUENCE,"AUCUNE SEQUENCE : écart contre TR12 dans ± 5 points, au 2023-04-28",-5.0,5.0,2023-04-28,1.6438265259165474,CONFIRMEE
2023-03-31,DG.PA,CANAL,,"clôture entre 89,16 € et 102,76 € au 2023-04-28",89.15859999999999,102.7566,2023-04-28,99.4975814819336,CONFIRMEE
2023-03-31,DG.PA,REFLEXIVE,AUCUNE SEQUENCE,"AUCUNE SEQUENCE : écart contre TR12 dans ± 5 points, au 2023-04-28",-5.0,5.0,2023-04-28,4.89548144852181,CONFIRMEE
2023-03-31,CAP.PA,CANAL,,"clôture entre 150,80 € et 178,30 € au 2023-04-28",150.7962,178.298,2023-04-28,150.4651641845703,DEMENTIE
2023-03-31,CAP.PA,REFLEXIVE,AUCUNE SEQUENCE,"AUCUNE SEQUENCE : écart contre TR12 dans ± 5 points, au 2023-04-28",-5.0,5.0,2023-04-28,-7.605849445352309,DEMENTIE
2023-03-31,RI.PA,CANAL,,"clôture entre 165,14 € et 182,42 € au 2023-04-28",165.1418,182.4244,2023-04-28,178.73532104492188,CONFIRMEE
2023-03-31,RI.PA,REFLEXIVE,AUTO-RENFORCEMENT,"AUTO-RENFORCEMENT : écart contre TR12 positif ou nul, au 2023-04-28",0.0,,2023-04-28,-3.844363970214504,DEMENTIE
2023-03-31,ORA.PA,CANAL,,"clôture entre 9,10 € et 9,48 € au 2023-04-28",9.101600000000001,9.482800000000001,2023-04-28,9.532657623291016,DEMENTIE
2023-03-31,ORA.PA,REFLEXIVE,AUCUNE SEQUENCE,"AUCUNE SEQUENCE : écart contre TR12 dans ± 5 points, au 2023-04-28",-5.0,5.0,2023-04-28,3.7091934668488147,CONFIRMEE
2023-04-28,AIR.PA,CANAL,,"clôture entre 110,62 € et 122,99 € au 2023-05-31",110.622,122.9872,2023-05-31,115.65776062011719,CONFIRMEE
2023-04-28,AIR.PA,REFLEXIVE,AUTO-RENFORCEMENT,"AUTO-RENFORCEMENT : écart contre TR12 positif ou nul, au 2023-05-31",0.0,,2023-05-31,-0.1675107335192605,DEMENTIE
2023-04-28,MC.PA,CANAL,,"clôture entre 875,19 € et 872,91 € au 2023-05-31",875.1874,872.9058,2023-05-31,761.4949340820312,DEMENTIE
2023-04-28,MC.PA,REFLEXIVE,AUCUNE SEQUENCE,"AUCUNE SEQUENCE : écart contre TR12 dans ± 5 points, au 2023-05-31",-5.0,5.0,2023-05-31,-3.1051312931025143,CONFIRMEE
2023-04-28,OR.PA,CANAL,,"clôture entre 372,55 € et 434,12 € au 2023-05-31",372.5548,434.1194,2023-05-31,378.5264892578125,CONFIRMEE
2023-04-28,OR.PA,REFLEXIVE,AUTO-RENFORCEMENT,"AUTO-RENFORCEMENT : écart contre TR12 positif ou nul, au 2023-05-31",0.0,,2023-05-31,-4.348409376344531,DEMENTIE
2023-04-28,SAN.PA,CANAL,,"clôture entre 69,42 € et 90,86 € au 2023-05-31",69.4212,90.8586,2023-05-31,82.63483428955078,CONFIRMEE
2023-04-28,SAN.PA,REFLEXIVE,AUTO-RENFORCEMENT,"AUTO-RENFORCEMENT : écart contre TR12 positif ou nul, au 2023-05-31",0.0,,2023-05-31,1.8715177861391097,CONFIRMEE
2023-04-28,BNP.PA,CANAL,,"clôture entre 35,21 € et 42,58 € au 2023-05-31",35.2118,42.5792,2023-05-31,44.654693603515625,DEMENTIE
2023-04-28,BNP.PA,REFLEXIVE,AUTO-RENFORCEMENT,"AUTO-RENFORCEMENT : écart contre TR12 positif ou nul, au 2023-05-31",0.0,,2023-05-31,2.059118962392692,CONFIRMEE
2023-04-28,TTE.PA,CANAL,,"clôture entre 41,72 € et 49,85 € au 2023-05-31",41.7162,49.8538,2023-05-31,44.624515533447266,CONFIRMEE
2023-04-28,TTE.PA,REFLEXIVE,AUCUNE SEQUENCE,"AUCUNE SEQUENCE : écart contre TR12 dans ± 5 points, au 2023-05-31",-5.0,5.0,2023-05-31,-4.9374412446437805,CONFIRMEE
2023-04-28,SU.PA,CANAL,,"clôture entre 137,26 € et 148,15 € au 2023-05-31",137.2554,148.1474,2023-05-31,153.75326538085938,DEMENTIE
2023-04-28,SU.PA,REFLEXIVE,AUTO-RENFORCEMENT,"AUTO-RENFORCEMENT : écart contre TR12 positif ou nul, au 2023-05-31",0.0,,2023-05-31,7.749842594449774,CONFIRMEE
2023-04-28,AI.PA,CANAL,,"clôture entre 122,30 € et 129,57 € au 2023-05-31",122.29599999999999,129.5668,2023-05-31,122.34989929199219,CONFIRMEE
2023-04-28,AI.PA,REFLEXIVE,AUTO-RENFORCEMENT,"AUTO-RENFORCEMENT : écart contre TR12 positif ou nul, au 2023-05-31",0.0,,2023-05-31,1.2042917647758777,CONFIRMEE
2023-04-28,DG.PA,CANAL,,"clôture entre 90,89 € et 102,02 € au 2023-05-31",90.8914,102.017,2023-05-31,94.28326416015625,CONFIRMEE
2023-04-28,DG.PA,REFLEXIVE,AUTO-RENFORCEMENT,"AUTO-RENFORCEMENT : écart contre TR12 positif ou nul, au 2023-05-31",0.0,,2023-05-31,-1.790103189576353,DEMENTIE
2023-04-28,CAP.PA,CANAL,,"clôture entre 144,90 € et 147,68 € au 2023-05-31",144.8964,147.6832,2023-05-31,151.6789093017578,DEMENTIE
2023-04-28,CAP.PA,REFLEXIVE,AUCUNE SEQUENCE,"AUCUNE SEQUENCE : écart contre TR12 dans ± 5 points, au 2023-05-31",-5.0,5.0,2023-05-31,4.257205991422031,CONFIRMEE
2023-04-28,RI.PA,CANAL,,"clôture entre 182,98 € et 191,64 € au 2023-05-31",182.9832,191.6416,2023-05-31,172.50433349609375,DEMENTIE
2023-04-28,RI.PA,REFLEXIVE,AUCUNE SEQUENCE,"AUCUNE SEQUENCE : écart contre TR12 dans ± 5 points, au 2023-05-31",-5.0,5.0,2023-05-31,-0.03560932847902487,CONFIRMEE
2023-04-28,ORA.PA,CANAL,,"clôture entre 9,68 € et 9,94 € au 2023-05-31",9.6764,9.9398,2023-05-31,9.013105392456055,DEMENTIE
2023-04-28,ORA.PA,REFLEXIVE,AUTO-RENFORCEMENT,"AUTO-RENFORCEMENT : écart contre TR12 positif ou nul, au 2023-05-31",0.0,,2023-05-31,-1.9996907658985208,DEMENTIE
2023-05-31,AIR.PA,CANAL,,"clôture entre 119,81 € et 127,23 € au 2023-06-30",119.8106,127.228,2023-06-30,124.92623138427734,CONFIRMEE
2023-05-31,AIR.PA,REFLEXIVE,AUCUNE SEQUENCE,"AUCUNE SEQUENCE : écart contre TR12 dans ± 5 points, au 2023-06-30",-5.0,5.0,2023-06-30,4.151884869426259,CONFIRMEE
2023-05-31,MC.PA,CANAL,,"clôture entre 782,55 € et 900,94 € au 2023-06-30",782.5478,900.9358,2023-06-30,807.433349609375,CONFIRMEE
2023-05-31,MC.PA,REFLEXIVE,AUCUNE SEQUENCE,"AUCUNE SEQUENCE : écart contre TR12 dans ± 5 points, au 2023-06-30",-5.0,5.0,2023-06-30,2.170842719013244,CONFIRMEE
2023-05-31,OR.PA,CANAL,,"clôture entre 390,92 € et 451,71 € au 2023-06-30",390.9204,451.7126,2023-06-30,405.1845703125,CONFIRMEE
2023-05-31,OR.PA,REFLEXIVE,AUCUNE SEQUENCE,"AUCUNE SEQUENCE : écart contre TR12 dans ± 5 points, au 2023-06-30",-5.0,5.0,2023-06-30,3.1807739873077168,CONFIRMEE
2023-05-31,SAN.PA,CANAL,,"clôture entre 85,62 € et 94,16 € au 2023-06-30",85.6228,94.1584,2023-06-30,85.52635192871094,DEMENTIE
2023-05-31,SAN.PA,REFLEXIVE,AUCUNE SEQUENCE,"AUCUNE SEQUENCE : écart contre TR12 dans ± 5 points, au 2023-06-30",-5.0,5.0,2023-06-30,-0.362668271301092,CONFIRMEE
2023-05-31,BNP.PA,CANAL,,"clôture entre 48,25 € et 45,57 € au 2023-06-30",48.2472,45.5652,2023-06-30,47.72207260131836,DEMENTIE
2023-05-31,BNP.PA,REFLEXIVE,AUCUNE SEQUENCE,"AUCUNE SEQUENCE : écart contre TR12 dans ± 5 points, au 2023-06-30",-5.0,5.0,2023-06-30,3.007288420488341,CONFIRMEE
2023-05-31,TTE.PA,CANAL,,"clôture entre 44,52 € et 49,69 € au 2023-06-30",44.5186,49.6938,2023-06-30,44.8026123046875,CONFIRMEE
2023-05-31,TTE.PA,REFLEXIVE,AUCUNE SEQUENCE,"AUCUNE SEQUENCE : écart contre TR12 dans ± 5 points, au 2023-06-30",-5.0,5.0,2023-06-30,-3.4627185429776386,CONFIRMEE
2023-05-31,SU.PA,CANAL,,"clôture entre 164,98 € et 162,40 € au 2023-06-30",164.9772,162.396,2023-06-30,158.6325225830078,DEMENTIE
2023-05-31,SU.PA,REFLEXIVE,AUCUNE SEQUENCE,"AUCUNE SEQUENCE : écart contre TR12 dans ± 5 points, au 2023-06-30",-5.0,5.0,2023-06-30,-0.6883860607957759,CONFIRMEE
2023-05-31,AI.PA,CANAL,,"clôture entre 125,87 € et 134,60 € au 2023-06-30",125.8696,134.5964,2023-06-30,128.2549591064453,CONFIRMEE
2023-05-31,AI.PA,REFLEXIVE,AUCUNE SEQUENCE,"AUCUNE SEQUENCE : écart contre TR12 dans ± 5 points, au 2023-06-30",-5.0,5.0,2023-06-30,0.9645515190638942,CONFIRMEE
2023-05-31,DG.PA,CANAL,,"clôture entre 97,64 € et 104,30 € au 2023-06-30",97.6388,104.297,2023-06-30,94.33647155761719,DEMENTIE
2023-05-31,DG.PA,REFLEXIVE,AUCUNE SEQUENCE,"AUCUNE SEQUENCE : écart contre TR12 dans ± 5 points, au 2023-06-30",-5.0,5.0,2023-06-30,-3.805385727204169,CONFIRMEE
2023-05-31,CAP.PA,CANAL,,"clôture entre 140,21 € et 147,39 € au 2023-06-30",140.21480000000003,147.38580000000002,2023-06-30,161.69456481933594,DEMENTIE
2023-05-31,CAP.PA,REFLEXIVE,AUCUNE SEQUENCE,"AUCUNE SEQUENCE : écart contre TR12 dans ± 5 points, au 2023-06-30",-5.0,5.0,2023-06-30,2.7413766163728592,CONFIRMEE
2023-05-31,RI.PA,CANAL,,"clôture entre 174,71 € et 198,11 € au 2023-06-30",174.71359999999999,198.11419999999998,2023-06-30,172.76040649414062,DEMENTIE
2023-05-31,RI.PA,REFLEXIVE,AUCUNE SEQUENCE,"AUCUNE SEQUENCE : écart contre TR12 dans ± 5 points, au 2023-06-30",-5.0,5.0,2023-06-30,-3.7133748962808077,CONFIRMEE
2023-05-31,ORA.PA,CANAL,,"clôture entre 9,34 € et 10,33 € au 2023-06-30",9.341800000000001,10.331800000000001,2023-06-30,8.958818435668945,DEMENTIE
2023-05-31,ORA.PA,REFLEXIVE,AUCUNE SEQUENCE,"AUCUNE SEQUENCE : écart contre TR12 dans ± 5 points, au 2023-06-30",-5.0,5.0,2023-06-30,-4.464130632144537,CONFIRMEE
2023-06-30,AIR.PA,CANAL,,"clôture entre 122,39 € et 129,80 € au 2023-07-31",122.3944,129.8015,2023-07-31,126.45524597167969,CONFIRMEE
2023-06-30,AIR.PA,REFLEXIVE,AUTO-RENFORCEMENT,"AUTO-RENFORCEMENT : écart contre TR12 positif ou nul, au 2023-07-31",0.0,,2023-07-31,1.7785673142560854,CONFIRMEE
2023-06-30,MC.PA,CANAL,,"clôture entre 777,60 € et 787,57 € au 2023-07-31",777.5982,787.5748,2023-07-31,793.4927978515625,DEMENTIE
2023-06-30,MC.PA,REFLEXIVE,AUTO-RENFORCEMENT,"AUTO-RENFORCEMENT : écart contre TR12 positif ou nul, au 2023-07-31",0.0,,2023-07-31,-1.1718932836976559,DEMENTIE
2023-06-30,OR.PA,CANAL,,"clôture entre 394,59 € et 401,49 € au 2023-07-31",394.58729999999997,401.487,2023-07-31,401.4847412109375,CONFIRMEE
2023-06-30,OR.PA,REFLEXIVE,AUTO-RENFORCEMENT,"AUTO-RENFORCEMENT : écart contre TR12 positif ou nul, au 2023-07-31",0.0,,2023-07-31,-0.3584885724651432,DEMENTIE
2023-06-30,SAN.PA,CANAL,,"clôture entre 85,55 € et 85,77 € au 2023-07-31",85.54610000000001,85.77409999999999,2023-07-31,84.55960083007812,DEMENTIE
2023-06-30,SAN.PA,REFLEXIVE,AUTO-RENFORCEMENT,"AUTO-RENFORCEMENT : écart contre TR12 positif ou nul, au 2023-07-31",0.0,,2023-07-31,-0.575721312061872,DEMENTIE
2023-06-30,BNP.PA,CANAL,,"clôture entre 47,40 € et 47,36 € au 2023-07-31",47.4042,47.3601,2023-07-31,49.623680114746094,DEMENTIE
2023-06-30,BNP.PA,REFLEXIVE,AUCUNE SEQUENCE,"AUCUNE SEQUENCE : écart contre TR12 dans ± 5 points, au 2023-07-31",-5.0,5.0,2023-07-31,4.539388004363476,CONFIRMEE
2023-06-30,TTE.PA,CANAL,,"clôture entre 44,06 € et 49,72 € au 2023-07-31",44.0629,49.7213,2023-07-31,47.113075256347656,CONFIRMEE
2023-06-30,TTE.PA,REFLEXIVE,RETOURNEMENT,"RETOURNEMENT : écart contre TR12 négatif ou nul, au 2023-07-31",,0.0,2023-07-31,5.711616009675769,DEMENTIE
2023-06-30,SU.PA,CANAL,,"clôture entre 157,44 € et 165,40 € au 2023-07-31",157.4373,165.403,2023-07-31,154.42034912109375,DEMENTIE
2023-06-30,SU.PA,REFLEXIVE,AUCUNE SEQUENCE,"AUCUNE SEQUENCE : écart contre TR12 dans ± 5 points, au 2023-07-31",-5.0,5.0,2023-07-31,-2.1006692371246527,CONFIRMEE
2023-06-30,AI.PA,CANAL,,"clôture entre 126,63 € et 135,86 € au 2023-07-31",126.6261,135.8631,2023-07-31,127.59883117675781,CONFIRMEE
2023-06-30,AI.PA,REFLEXIVE,AUCUNE SEQUENCE,"AUCUNE SEQUENCE : écart contre TR12 dans ± 5 points, au 2023-07-31",-5.0,5.0,2023-07-31,0.04305239766655422,CONFIRMEE
2023-06-30,DG.PA,CANAL,,"clôture entre 93,22 € et 96,42 € au 2023-07-31",93.2195,96.4179,2023-07-31,94.69119262695312,CONFIRMEE
2023-06-30,DG.PA,REFLEXIVE,AUCUNE SEQUENCE,"AUCUNE SEQUENCE : écart contre TR12 dans ± 5 points, au 2023-07-31",-5.0,5.0,2023-07-31,0.9306502340349909,CONFIRMEE
2023-06-30,CAP.PA,CANAL,,"clôture entre 137,95 € et 166,05 € au 2023-07-31",137.94910000000002,166.04809999999998,2023-07-31,153.5888671875,CONFIRMEE
2023-06-30,CAP.PA,REFLEXIVE,AUCUNE SEQUENCE,"AUCUNE SEQUENCE : écart contre TR12 dans ± 5 points, au 2023-07-31",-5.0,5.0,2023-07-31,-4.458335178299855,CONFIRMEE
2023-06-30,RI.PA,CANAL,,"clôture entre 169,07 € et 166,21 € au 2023-07-31",169.07160000000002,166.2056,2023-07-31,172.96896362304688,DEMENTIE
2023-06-30,RI.PA,REFLEXIVE,AUCUNE SEQUENCE,"AUCUNE SEQUENCE : écart contre TR12 dans ± 5 points, au 2023-07-31",-5.0,5.0,2023-07-31,0.6753537845112789,CONFIRMEE
2023-06-30,ORA.PA,CANAL,,"clôture entre 8,80 € et 10,68 € au 2023-07-31",8.7953,10.6849,2023-07-31,8.608902931213379,DEMENTIE
2023-06-30,ORA.PA,REFLEXIVE,AUCUNE SEQUENCE,"AUCUNE SEQUENCE : écart contre TR12 dans ± 5 points, au 2023-07-31",-5.0,5.0,2023-07-31,-3.3511886930875145,CONFIRMEE
2023-07-31,AIR.PA,CANAL,,"clôture entre 125,96 € et 134,37 € au 2023-08-31",125.9606,134.3749,2023-08-31,127.77662658691406,CONFIRMEE
2023-07-31,AIR.PA,REFLEXIVE,AUCUNE SEQUENCE,"AUCUNE SEQUENCE : écart contre TR12 dans ± 5 points, au 2023-08-31",-5.0,5.0,2023-08-31,2.252161950442766,CONFIRMEE
2023-07-31,MC.PA,CANAL,,"clôture entre 764,03 € et 828,01 € au 2023-08-31",764.0334,828.0117,2023-08-31,731.8359375,DEMENTIE
2023-07-31,MC.PA,REFLEXIVE,AUCUNE SEQUENCE,"AUCUNE SEQUENCE : écart contre TR12 dans ± 5 points, au 2023-08-31",-5.0,5.0,2023-08-31,-6.563088668337302,DEMENTIE
2023-07-31,OR.PA,CANAL,,"clôture entre 388,61 € et 399,88 € au 2023-08-31",388.6136,399.878,2023-08-31,384.9775390625,DEMENTIE
2023-07-31,OR.PA,REFLEXIVE,AUCUNE SEQUENCE,"AUCUNE SEQUENCE : écart contre TR12 dans ± 5 points, au 2023-08-31",-5.0,5.0,2023-08-31,-2.9043164998229454,CONFIRMEE
2023-07-31,SAN.PA,CANAL,,"clôture entre 83,63 € et 85,74 € au 2023-08-31",83.6298,85.7445,2023-08-31,85.9095687866211,DEMENTIE
2023-07-31,SAN.PA,REFLEXIVE,AUCUNE SEQUENCE,"AUCUNE SEQUENCE : écart contre TR12 dans ± 5 points, au 2023-08-31",-5.0,5.0,2023-08-31,2.8036917772365055,CONFIRMEE
2023-07-31,BNP.PA,CANAL,,"clôture entre 49,22 € et 49,85 € au 2023-08-31",49.216,49.852700000000006,2023-08-31,49.367374420166016,CONFIRMEE
2023-07-31,BNP.PA,REFLEXIVE,AUCUNE SEQUENCE,"AUCUNE SEQUENCE : écart contre TR12 dans ± 5 points, au 2023-08-31",-5.0,5.0,2023-08-31,0.690723844126262,CONFIRMEE
2023-07-31,TTE.PA,CANAL,,"clôture entre 43,24 € et 46,43 € au 2023-08-31",43.2412,46.4252,2023-08-31,49.5088005065918,DEMENTIE
2023-07-31,TTE.PA,REFLEXIVE,AUCUNE SEQUENCE,"AUCUNE SEQUENCE : écart contre TR12 dans ± 5 points, au 2023-08-31",-5.0,5.0,2023-08-31,6.292276464912183,DEMENTIE
2023-07-31,SU.PA,CANAL,,"clôture entre 154,13 € et 168,69 € au 2023-08-31",154.12720000000002,168.689,2023-08-31,151.123046875,DEMENTIE
2023-07-31,SU.PA,REFLEXIVE,AUCUNE SEQUENCE,"AUCUNE SEQUENCE : écart contre TR12 dans ± 5 points, au 2023-08-31",-5.0,5.0,2023-08-31,-0.9280544226778487,CONFIRMEE
2023-07-31,AI.PA,CANAL,,"clôture entre 124,30 € et 125,78 € au 2023-08-31",124.3047,125.78460000000001,2023-08-31,130.33262634277344,DEMENTIE
2023-07-31,AI.PA,REFLEXIVE,AUTO-RENFORCEMENT,"AUTO-RENFORCEMENT : écart contre TR12 positif ou nul, au 2023-08-31",0.0,,2023-08-31,3.349714934391035,CONFIRMEE
2023-07-31,DG.PA,CANAL,,"clôture entre 91,40 € et 96,12 € au 2023-08-31",91.4041,96.1185,2023-08-31,91.30365753173828,DEMENTIE
2023-07-31,DG.PA,REFLEXIVE,AUCUNE SEQUENCE,"AUCUNE SEQUENCE : écart contre TR12 dans ± 5 points, au 2023-08-31",-5.0,5.0,2023-08-31,-2.37023269788168,CONFIRMEE
2023-07-31,CAP.PA,CANAL,,"clôture entre 155,42 € et 166,97 € au 2023-08-31",155.4217,166.972,2023-08-31,160.5765380859375,CONFIRMEE
2023-07-31,CAP.PA,REFLEXIVE,AUCUNE SEQUENCE,"AUCUNE SEQUENCE : écart contre TR12 dans ± 5 points, au 2023-08-31",-5.0,5.0,2023-08-31,5.756817267437253,DEMENTIE
2023-07-31,RI.PA,CANAL,,"clôture entre 169,50 € et 172,46 € au 2023-08-31",169.4965,172.4591,2023-08-31,156.2411346435547,DEMENTIE
2023-07-31,RI.PA,REFLEXIVE,AUCUNE SEQUENCE,"AUCUNE SEQUENCE : écart contre TR12 dans ± 5 points, au 2023-08-31",-5.0,5.0,2023-08-31,-8.463777685008944,DEMENTIE
2023-07-31,ORA.PA,CANAL,,"clôture entre 8,79 € et 8,99 € au 2023-08-31",8.787099999999999,8.9859,2023-08-31,8.670848846435547,DEMENTIE
2023-07-31,ORA.PA,REFLEXIVE,AUCUNE SEQUENCE,"AUCUNE SEQUENCE : écart contre TR12 dans ± 5 points, au 2023-08-31",-5.0,5.0,2023-08-31,1.9267790456971912,CONFIRMEE
2023-08-31,AIR.PA,CANAL,,"clôture entre 121,64 € et 138,08 € au 2023-09-29",121.6398,138.08429999999998,2023-09-29,119.84839630126953,DEMENTIE
2023-08-31,AIR.PA,REFLEXIVE,AUCUNE SEQUENCE,"AUCUNE SEQUENCE : écart contre TR12 dans ± 5 points, au 2023-09-29",-5.0,5.0,2023-09-29,-4.491955208723619,CONFIRMEE
2023-08-31,MC.PA,CANAL,,"clôture entre 715,77 € et 714,06 € au 2023-09-29",715.7687999999999,714.0591000000001,2023-09-29,670.272705078125,DEMENTIE
2023-08-31,MC.PA,REFLEXIVE,AUCUNE SEQUENCE,"AUCUNE SEQUENCE : écart contre TR12 dans ± 5 points, au 2023-09-29",-5.0,5.0,2023-09-29,-6.6993604091817645,DEMENTIE
2023-08-31,OR.PA,CANAL,,"clôture entre 381,93 € et 395,61 € au 2023-09-29",381.9297,395.61019999999996,2023-09-29,373.0240783691406,DEMENTIE
2023-08-31,OR.PA,REFLEXIVE,AUCUNE SEQUENCE,"AUCUNE SEQUENCE : écart contre TR12 dans ± 5 points, au 2023-09-29",-5.0,5.0,2023-09-29,-1.3921734752953996,CONFIRMEE
2023-08-31,SAN.PA,CANAL,,"clôture entre 82,23 € et 87,37 € au 2023-09-29",82.2337,87.3715,2023-09-29,88.38304138183594,DEMENTIE
2023-08-31,SAN.PA,REFLEXIVE,AUTO-RENFORCEMENT,"AUTO-RENFORCEMENT : écart contre TR12 positif ou nul, au 2023-09-29",0.0,,2023-09-29,4.591961088465013,CONFIRMEE
2023-08-31,BNP.PA,CANAL,,"clôture entre 50,78 € et 52,49 € au 2023-09-29",50.780199999999994,52.4926,2023-09-29,49.96266174316406,DEMENTIE
2023-08-31,BNP.PA,REFLEXIVE,AUCUNE SEQUENCE,"AUCUNE SEQUENCE : écart contre TR12 dans ± 5 points, au 2023-09-29",-5.0,5.0,2023-09-29,2.918634096906081,CONFIRMEE
2023-08-31,TTE.PA,CANAL,,"clôture entre 43,33 € et 49,84 € au 2023-09-29",43.3324,49.838,2023-09-29,53.75470733642578,DEMENTIE
2023-08-31,TTE.PA,REFLEXIVE,AUCUNE SEQUENCE,"AUCUNE SEQUENCE : écart contre TR12 dans ± 5 points, au 2023-09-29",-5.0,5.0,2023-09-29,10.288867488305586,DEMENTIE
2023-08-31,SU.PA,CANAL,,"clôture entre 149,93 € et 188,10 € au 2023-09-29",149.9297,188.10100000000003,2023-09-29,149.59828186035156,DEMENTIE
2023-08-31,SU.PA,REFLEXIVE,AUCUNE SEQUENCE,"AUCUNE SEQUENCE : écart contre TR12 dans ± 5 points, au 2023-09-29",-5.0,5.0,2023-09-29,0.7038466772197216,CONFIRMEE
2023-08-31,AI.PA,CANAL,,"clôture entre 126,08 € et 131,76 € au 2023-09-29",126.0805,131.7638,2023-09-29,124.84938049316406,DEMENTIE
2023-08-31,AI.PA,REFLEXIVE,AUTO-RENFORCEMENT,"AUTO-RENFORCEMENT : écart contre TR12 positif ou nul, au 2023-09-29",0.0,,2023-09-29,-2.494314169076295,DEMENTIE
2023-08-31,DG.PA,CANAL,,"clôture entre 87,70 € et 95,26 € au 2023-09-29",87.7041,95.2595,2023-09-29,93.13043975830078,CONFIRMEE
2023-08-31,DG.PA,REFLEXIVE,AUCUNE SEQUENCE,"AUCUNE SEQUENCE : écart contre TR12 dans ± 5 points, au 2023-09-29",-5.0,5.0,2023-09-29,3.713579267442546,CONFIRMEE
2023-08-31,CAP.PA,CANAL,,"clôture entre 150,27 € et 179,95 € au 2023-09-29",150.2679,179.94690000000003,2023-09-29,154.47396850585938,CONFIRMEE
2023-08-31,CAP.PA,REFLEXIVE,AUCUNE SEQUENCE,"AUCUNE SEQUENCE : écart contre TR12 dans ± 5 points, au 2023-09-29",-5.0,5.0,2023-09-29,-2.0876090698126792,CONFIRMEE
2023-08-31,RI.PA,CANAL,,"clôture entre 154,36 € et 169,14 € au 2023-09-29",154.36260000000001,169.1357,2023-09-29,136.10740661621094,DEMENTIE
2023-08-31,RI.PA,REFLEXIVE,RETOURNEMENT,"RETOURNEMENT : écart contre TR12 négatif ou nul, au 2023-09-29",,0.0,2023-09-29,-11.173514430380449,CONFIRMEE
2023-08-31,ORA.PA,CANAL,,"clôture entre 8,30 € et 8,85 € au 2023-09-29",8.3027,8.8493,2023-09-29,9.091081619262695,DEMENTIE
2023-08-31,ORA.PA,REFLEXIVE,AUCUNE SEQUENCE,"AUCUNE SEQUENCE : écart contre TR12 dans ± 5 points, au 2023-09-29",-5.0,5.0,2023-09-29,6.559303617422396,DEMENTIE
2023-09-29,AIR.PA,CANAL,,"clôture entre 114,50 € et 127,75 € au 2023-10-31",114.49680000000001,127.74799999999999,2023-10-31,119.18769836425781,CONFIRMEE
2023-09-29,AIR.PA,REFLEXIVE,AUCUNE SEQUENCE,"AUCUNE SEQUENCE : écart contre TR12 dans ± 5 points, au 2023-10-31",-5.0,5.0,2023-10-31,1.981091997216855,CONFIRMEE
2023-09-29,MC.PA,CANAL,,"clôture entre 621,54 € et 665,60 € au 2023-10-31",621.5442,665.5962,2023-10-31,631.0704956054688,CONFIRMEE
2023-09-29,MC.PA,REFLEXIVE,RETOURNEMENT,"RETOURNEMENT : écart contre TR12 négatif ou nul, au 2023-10-31",,0.0,2023-10-31,-3.3163254136490905,CONFIRMEE
2023-09-29,OR.PA,CANAL,,"clôture entre 363,43 € et 380,00 € au 2023-10-31",363.42560000000003,379.9956,2023-10-31,375.82269287109375,CONFIRMEE
2023-09-29,OR.PA,REFLEXIVE,RETOURNEMENT,"RETOURNEMENT : écart contre TR12 négatif ou nul, au 2023-10-31",,0.0,2023-10-31,3.282620439334716,DEMENTIE
2023-09-29,SAN.PA,CANAL,,"clôture entre 90,59 € et 91,57 € au 2023-10-31",90.59079999999999,91.569,2023-10-31,74.63959503173828,DEMENTIE
2023-09-29,SAN.PA,REFLEXIVE,AUCUNE SEQUENCE,"AUCUNE SEQUENCE : écart contre TR12 dans ± 5 points, au 2023-10-31",-5.0,5.0,2023-10-31,-13.017498015103367,DEMENTIE
2023-09-29,BNP.PA,CANAL,,"clôture entre 49,71 € et 53,08 € au 2023-10-31",49.7146,53.0772,2023-10-31,44.886199951171875,DEMENTIE
2023-09-29,BNP.PA,REFLEXIVE,AUCUNE SEQUENCE,"AUCUNE SEQUENCE : écart contre TR12 dans ± 5 points, au 2023-10-31",-5.0,5.0,2023-10-31,-7.628141023086165,DEMENTIE
2023-09-29,TTE.PA,CANAL,,clôture entre - € et - € au 2023-10-31,,,2023-10-31,54.52251052856445,NON TRANCHEE
2023-09-29,TTE.PA,REFLEXIVE,AUCUNE SEQUENCE,"AUCUNE SEQUENCE : écart contre TR12 dans ± 5 points, au 2023-10-31",-5.0,5.0,2023-10-31,3.96071603931456,CONFIRMEE
2023-09-29,SU.PA,CANAL,,"clôture entre 146,10 € et 148,92 € au 2023-10-31",146.1044,148.9204,2023-10-31,138.16258239746094,DEMENTIE
2023-09-29,SU.PA,REFLEXIVE,AUCUNE SEQUENCE,"AUCUNE SEQUENCE : écart contre TR12 dans ± 5 points, au 2023-10-31",-5.0,5.0,2023-10-31,-5.111901850217304,DEMENTIE
2023-09-29,AI.PA,CANAL,,"clôture entre 124,40 € et 131,93 € au 2023-10-31",124.396,131.9316,2023-10-31,126.28658294677734,CONFIRMEE
2023-09-29,AI.PA,REFLEXIVE,AUCUNE SEQUENCE,"AUCUNE SEQUENCE : écart contre TR12 dans ± 5 points, au 2023-10-31",-5.0,5.0,2023-10-31,3.683519123263057,CONFIRMEE
2023-09-29,DG.PA,CANAL,,"clôture entre 83,96 € et 94,77 € au 2023-10-31",83.9622,94.7672,2023-10-31,92.65158081054688,CONFIRMEE
2023-09-29,DG.PA,REFLEXIVE,AUCUNE SEQUENCE,"AUCUNE SEQUENCE : écart contre TR12 dans ± 5 points, au 2023-10-31",-5.0,5.0,2023-10-31,2.0181891608633484,CONFIRMEE
2023-09-29,CAP.PA,CANAL,,"clôture entre 151,14 € et 194,28 € au 2023-10-31",151.142,194.28320000000002,2023-10-31,155.1261444091797,CONFIRMEE
2023-09-29,CAP.PA,REFLEXIVE,AUCUNE SEQUENCE,"AUCUNE SEQUENCE : écart contre TR12 dans ± 5 points, au 2023-10-31",-5.0,5.0,2023-10-31,2.954561536595124,CONFIRMEE
2023-09-29,RI.PA,CANAL,,"clôture entre 127,87 € et 165,66 € au 2023-10-31",127.87120000000002,165.6574,2023-10-31,144.42819213867188,CONFIRMEE
2023-09-29,RI.PA,REFLEXIVE,RETOURNEMENT,"RETOURNEMENT : écart contre TR12 négatif ou nul, au 2023-10-31",,0.0,2023-10-31,8.645766642589091,DEMENTIE
2023-09-29,ORA.PA,CANAL,,"clôture entre 7,98 € et 9,45 € au 2023-10-31",7.978,9.448,2023-10-31,9.300361633300781,CONFIRMEE
2023-09-29,ORA.PA,REFLEXIVE,AUCUNE SEQUENCE,"AUCUNE SEQUENCE : écart contre TR12 dans ± 5 points, au 2023-10-31",-5.0,5.0,2023-10-31,4.834406542455705,CONFIRMEE
2023-10-31,AIR.PA,CANAL,,"clôture entre 112,96 € et 114,84 € au 2023-11-30",112.96000000000001,114.83539999999999,2023-11-30,128.55056762695312,DEMENTIE
2023-10-31,AIR.PA,REFLEXIVE,AUCUNE SEQUENCE,"AUCUNE SEQUENCE : écart contre TR12 dans ± 5 points, au 2023-11-30",-5.0,5.0,2023-11-30,1.9170423110571377,CONFIRMEE
2023-10-31,MC.PA,CANAL,,"clôture entre 568,77 € et 617,13 € au 2023-11-30",568.7734,617.1262,2023-11-30,657.4547119140625,DEMENTIE
2023-10-31,MC.PA,REFLEXIVE,AUCUNE SEQUENCE,"AUCUNE SEQUENCE : écart contre TR12 dans ± 5 points, au 2023-11-30",-5.0,5.0,2023-11-30,-1.7576577726743148,CONFIRMEE
2023-10-31,OR.PA,CANAL,,"clôture entre 346,64 € et 370,30 € au 2023-11-30",346.637,370.3026,2023-11-30,408.9319152832031,DEMENTIE
2023-10-31,OR.PA,REFLEXIVE,AUCUNE SEQUENCE,"AUCUNE SEQUENCE : écart contre TR12 dans ± 5 points, au 2023-11-30",-5.0,5.0,2023-11-30,2.8712741313051238,CONFIRMEE
2023-10-31,SAN.PA,CANAL,,"clôture entre 67,68 € et 94,02 € au 2023-11-30",67.67999999999999,94.0156,2023-11-30,74.43057250976562,CONFIRMEE
2023-10-31,SAN.PA,REFLEXIVE,AUCUNE SEQUENCE,"AUCUNE SEQUENCE : écart contre TR12 dans ± 5 points, au 2023-11-30",-5.0,5.0,2023-11-30,-6.218566900851707,DEMENTIE
2023-10-31,BNP.PA,CANAL,,"clôture entre 43,47 € et 54,02 € au 2023-11-30",43.4696,54.017199999999995,2023-11-30,47.76341247558594,CONFIRMEE
2023-10-31,BNP.PA,REFLEXIVE,AUCUNE SEQUENCE,"AUCUNE SEQUENCE : écart contre TR12 dans ± 5 points, au 2023-11-30",-5.0,5.0,2023-11-30,0.4714913453842895,CONFIRMEE
2023-10-31,TTE.PA,CANAL,,"clôture entre 56,32 € et 59,37 € au 2023-11-30",56.3186,59.3718,2023-11-30,53.711570739746094,DEMENTIE
2023-10-31,TTE.PA,REFLEXIVE,AUCUNE SEQUENCE,"AUCUNE SEQUENCE : écart contre TR12 dans ± 5 points, au 2023-11-30",-5.0,5.0,2023-11-30,-7.425873074138057,DEMENTIE
2023-10-31,SU.PA,CANAL,,"clôture entre 123,32 € et 147,23 € au 2023-11-30",123.3188,147.2266,2023-11-30,160.69093322753906,DEMENTIE
2023-10-31,SU.PA,REFLEXIVE,AUCUNE SEQUENCE,"AUCUNE SEQUENCE : écart contre TR12 dans ± 5 points, au 2023-11-30",-5.0,5.0,2023-11-30,10.36715714989025,DEMENTIE
2023-10-31,AI.PA,CANAL,,"clôture entre 117,55 € et 132,10 € au 2023-11-30",117.55199999999999,132.10160000000002,2023-11-30,135.75340270996094,DEMENTIE
2023-10-31,AI.PA,REFLEXIVE,AUCUNE SEQUENCE,"AUCUNE SEQUENCE : écart contre TR12 dans ± 5 points, au 2023-11-30",-5.0,5.0,2023-11-30,1.5577744384312364,CONFIRMEE
2023-10-31,DG.PA,CANAL,,"clôture entre 87,61 € et 94,08 € au 2023-11-30",87.6114,94.08439999999999,2023-11-30,100.57225799560547,DEMENTIE
2023-10-31,DG.PA,REFLEXIVE,AUCUNE SEQUENCE,"AUCUNE SEQUENCE : écart contre TR12 dans ± 5 points, au 2023-11-30",-5.0,5.0,2023-11-30,2.610360608889284,CONFIRMEE
2023-10-31,CAP.PA,CANAL,,"clôture entre 149,60 € et 153,87 € au 2023-11-30",149.6036,153.8652,2023-11-30,175.15745544433594,DEMENTIE
2023-10-31,CAP.PA,REFLEXIVE,AUCUNE SEQUENCE,"AUCUNE SEQUENCE : écart contre TR12 dans ± 5 points, au 2023-11-30",-5.0,5.0,2023-11-30,6.974393002203971,DEMENTIE
2023-10-31,RI.PA,CANAL,,"clôture entre 117,77 € et 133,46 € au 2023-11-30",117.77080000000001,133.4566,2023-11-30,138.90289306640625,DEMENTIE
2023-10-31,RI.PA,REFLEXIVE,AUCUNE SEQUENCE,"AUCUNE SEQUENCE : écart contre TR12 dans ± 5 points, au 2023-11-30",-5.0,5.0,2023-11-30,-9.764161984518815,DEMENTIE
2023-10-31,ORA.PA,CANAL,,"clôture entre 9,04 € et 9,49 € au 2023-11-30",9.0382,9.486600000000001,2023-11-30,9.462760925292969,CONFIRMEE
2023-10-31,ORA.PA,REFLEXIVE,AUCUNE SEQUENCE,"AUCUNE SEQUENCE : écart contre TR12 dans ± 5 points, au 2023-11-30",-5.0,5.0,2023-11-30,-4.192363443047342,CONFIRMEE
2023-11-30,AIR.PA,CANAL,,"clôture entre 110,54 € et 128,69 € au 2023-12-29",110.5403,128.69050000000001,2023-12-29,131.92950439453125,DEMENTIE
2023-11-30,AIR.PA,REFLEXIVE,AUCUNE SEQUENCE,"AUCUNE SEQUENCE : écart contre TR12 dans ± 5 points, au 2023-12-29",-5.0,5.0,2023-12-29,0.17027292634266278,CONFIRMEE
2023-11-30,MC.PA,CANAL,,"clôture entre 514,54 € et 626,84 € au 2023-12-29",514.5368,626.836,2023-12-29,691.8069458007812,DEMENTIE
2023-11-30,MC.PA,REFLEXIVE,AUCUNE SEQUENCE,"AUCUNE SEQUENCE : écart contre TR12 dans ± 5 points, au 2023-12-29",-5.0,5.0,2023-12-29,2.7668187707226677,CONFIRMEE
2023-11-30,OR.PA,CANAL,,"clôture entre 337,77 € et 413,90 € au 2023-12-29",337.7655,413.90450000000004,2023-12-29,427.52618408203125,DEMENTIE
2023-11-30,OR.PA,REFLEXIVE,AUCUNE SEQUENCE,"AUCUNE SEQUENCE : écart contre TR12 dans ± 5 points, au 2023-12-29",-5.0,5.0,2023-12-29,2.0888174367344803,CONFIRMEE
2023-11-30,SAN.PA,CANAL,,"clôture entre 64,70 € et 95,94 € au 2023-12-29",64.7037,95.94139999999999,2023-12-29,78.17561340332031,CONFIRMEE
2023-11-30,SAN.PA,REFLEXIVE,AUCUNE SEQUENCE,"AUCUNE SEQUENCE : écart contre TR12 dans ± 5 points, au 2023-12-29",-5.0,5.0,2023-12-29,2.573374049100119,CONFIRMEE
2023-11-30,BNP.PA,CANAL,,"clôture entre 43,30 € et 46,47 € au 2023-12-29",43.3023,46.4727,2023-12-29,51.74851608276367,DEMENTIE
2023-11-30,BNP.PA,REFLEXIVE,AUCUNE SEQUENCE,"AUCUNE SEQUENCE : écart contre TR12 dans ± 5 points, au 2023-12-29",-5.0,5.0,2023-12-29,5.88520765536098,DEMENTIE
2023-11-30,TTE.PA,CANAL,,"clôture entre 55,19 € et 64,31 € au 2023-12-29",55.1917,64.3093,2023-12-29,53.142189025878906,DEMENTIE
2023-11-30,TTE.PA,REFLEXIVE,AUCUNE SEQUENCE,"AUCUNE SEQUENCE : écart contre TR12 dans ± 5 points, au 2023-12-29",-5.0,5.0,2023-12-29,-3.518288210202092,CONFIRMEE
2023-11-30,SU.PA,CANAL,,"clôture entre 117,63 € et 161,56 € au 2023-12-29",117.62509999999999,161.5615,2023-12-29,173.23211669921875,DEMENTIE
2023-11-30,SU.PA,REFLEXIVE,AUCUNE SEQUENCE,"AUCUNE SEQUENCE : écart contre TR12 dans ± 5 points, au 2023-12-29",-5.0,5.0,2023-12-29,5.34632160138051,DEMENTIE
2023-11-30,AI.PA,CANAL,,"clôture entre 117,09 € et 137,66 € au 2023-12-29",117.094,137.663,2023-12-29,137.56553649902344,CONFIRMEE
2023-11-30,AI.PA,REFLEXIVE,AUTO-RENFORCEMENT,"AUTO-RENFORCEMENT : écart contre TR12 positif ou nul, au 2023-12-29",0.0,,2023-12-29,-1.123343755532047,DEMENTIE
2023-11-30,DG.PA,CANAL,,"clôture entre 87,69 € et 101,34 € au 2023-12-29",87.69030000000001,101.3436,2023-12-29,101.8260498046875,DEMENTIE
2023-11-30,DG.PA,REFLEXIVE,AUTO-RENFORCEMENT,"AUTO-RENFORCEMENT : écart contre TR12 positif ou nul, au 2023-12-29",0.0,,2023-12-29,-1.2115577702909386,DEMENTIE
2023-11-30,CAP.PA,CANAL,,"clôture entre 148,79 € et 178,62 € au 2023-12-29",148.7924,178.6173,2023-12-29,175.85621643066406,CONFIRMEE
2023-11-30,CAP.PA,REFLEXIVE,AUCUNE SEQUENCE,"AUCUNE SEQUENCE : écart contre TR12 dans ± 5 points, au 2023-12-29",-5.0,5.0,2023-12-29,-2.059282426937159,CONFIRMEE
2023-11-30,RI.PA,CANAL,,"clôture entre 135,85 € et 138,77 € au 2023-12-29",135.8453,138.7683,2023-12-29,139.95419311523438,DEMENTIE
2023-11-30,RI.PA,REFLEXIVE,RETOURNEMENT,"RETOURNEMENT : écart contre TR12 négatif ou nul, au 2023-12-29",,0.0,2023-12-29,-1.7013557600144447,CONFIRMEE
2023-11-30,ORA.PA,CANAL,,"clôture entre 9,19 € et 9,52 € au 2023-12-29",9.1939,9.523299999999999,2023-12-29,8.859149932861328,DEMENTIE
2023-11-30,ORA.PA,REFLEXIVE,AUTO-RENFORCEMENT,"AUTO-RENFORCEMENT : écart contre TR12 positif ou nul, au 2023-12-29",0.0,,2023-12-29,-8.83701969249745,DEMENTIE
2023-12-29,AIR.PA,CANAL,,"clôture entre 138,55 € et 137,39 € au 2024-01-31",138.5472,137.39260000000002,2024-01-31,139.4990692138672,DEMENTIE
2023-12-29,AIR.PA,REFLEXIVE,AUCUNE SEQUENCE,"AUCUNE SEQUENCE : écart contre TR12 dans ± 5 points, au 2024-01-31",-5.0,5.0,2024-01-31,3.519921300441986,CONFIRMEE
2023-12-29,MC.PA,CANAL,,"clôture entre 419,66 € et 679,04 € au 2024-01-31",419.664,679.0368000000001,2024-01-31,729.5282592773438,DEMENTIE
2023-12-29,MC.PA,REFLEXIVE,AUCUNE SEQUENCE,"AUCUNE SEQUENCE : écart contre TR12 dans ± 5 points, au 2024-01-31",-5.0,5.0,2024-01-31,3.2349163193083896,CONFIRMEE
2023-12-29,OR.PA,CANAL,,"clôture entre 451,10 € et 445,22 € au 2024-01-31",451.0994,445.22220000000004,2024-01-31,421.88153076171875,DEMENTIE
2023-12-29,OR.PA,REFLEXIVE,AUCUNE SEQUENCE,"AUCUNE SEQUENCE : écart contre TR12 dans ± 5 points, au 2024-01-31",-5.0,5.0,2024-01-31,-3.5379675757555518,CONFIRMEE
2023-12-29,SAN.PA,CANAL,,"clôture entre 60,86 € et 72,94 € au 2024-01-31",60.8608,72.944,2024-01-31,81.31099700927734,DEMENTIE
2023-12-29,SAN.PA,REFLEXIVE,AUCUNE SEQUENCE,"AUCUNE SEQUENCE : écart contre TR12 dans ± 5 points, au 2024-01-31",-5.0,5.0,2024-01-31,1.7930309801122535,CONFIRMEE
2023-12-29,BNP.PA,CANAL,,"clôture entre 40,98 € et 53,41 € au 2024-01-31",40.982400000000005,53.4062,2024-01-31,51.71544647216797,CONFIRMEE
2023-12-29,BNP.PA,REFLEXIVE,AUCUNE SEQUENCE,"AUCUNE SEQUENCE : écart contre TR12 dans ± 5 points, au 2024-01-31",-5.0,5.0,2024-01-31,-2.2815661636055085,CONFIRMEE
2023-12-29,TTE.PA,CANAL,,"clôture entre 54,59 € et 53,12 € au 2024-01-31",54.5926,53.117,2024-01-31,52.47856903076172,DEMENTIE
2023-12-29,TTE.PA,REFLEXIVE,AUCUNE SEQUENCE,"AUCUNE SEQUENCE : écart contre TR12 dans ± 5 points, au 2024-01-31",-5.0,5.0,2024-01-31,-3.4664247041972462,CONFIRMEE
2023-12-29,SU.PA,CANAL,,"clôture entre 194,96 € et 177,97 € au 2024-01-31",194.9592,177.9698,2024-01-31,174.2994384765625,DEMENTIE
2023-12-29,SU.PA,REFLEXIVE,AUCUNE SEQUENCE,"AUCUNE SEQUENCE : écart contre TR12 dans ± 5 points, au 2024-01-31",-5.0,5.0,2024-01-31,-1.6015393583523219,CONFIRMEE
2023-12-29,AI.PA,CANAL,,"clôture entre 146,51 € et 144,65 € au 2024-01-31",146.50560000000002,144.6482,2024-01-31,135.65966796875,DEMENTIE
2023-12-29,AI.PA,REFLEXIVE,AUCUNE SEQUENCE,"AUCUNE SEQUENCE : écart contre TR12 dans ± 5 points, au 2024-01-31",-5.0,5.0,2024-01-31,-3.6030875715642674,CONFIRMEE
2023-12-29,DG.PA,CANAL,,"clôture entre 108,21 € et 107,29 € au 2024-01-31",108.2058,107.287,2024-01-31,104.85307312011719,DEMENTIE
2023-12-29,DG.PA,REFLEXIVE,AUCUNE SEQUENCE,"AUCUNE SEQUENCE : écart contre TR12 dans ± 5 points, au 2024-01-31",-5.0,5.0,2024-01-31,0.7550779076028746,CONFIRMEE
2023-12-29,CAP.PA,CANAL,,"clôture entre 190,44 € et 187,77 € au 2024-01-31",190.435,187.7696,2024-01-31,193.04586791992188,DEMENTIE
2023-12-29,CAP.PA,REFLEXIVE,AUCUNE SEQUENCE,"AUCUNE SEQUENCE : écart contre TR12 dans ± 5 points, au 2024-01-31",-5.0,5.0,2024-01-31,7.5571713054242595,DEMENTIE
2023-12-29,RI.PA,CANAL,,"clôture entre 136,19 € et 134,53 € au 2024-01-31",136.1938,134.532,2024-01-31,133.60260009765625,DEMENTIE
2023-12-29,RI.PA,REFLEXIVE,AUCUNE SEQUENCE,"AUCUNE SEQUENCE : écart contre TR12 dans ± 5 points, au 2024-01-31",-5.0,5.0,2024-01-31,-6.755998765139736,DEMENTIE
2023-12-29,ORA.PA,CANAL,,"clôture entre 8,94 € et 9,78 € au 2024-01-31",8.9434,9.7848,2024-01-31,9.455836296081543,CONFIRMEE
2023-12-29,ORA.PA,REFLEXIVE,AUCUNE SEQUENCE,"AUCUNE SEQUENCE : écart contre TR12 dans ± 5 points, au 2024-01-31",-5.0,5.0,2024-01-31,4.517593573538736,CONFIRMEE
2024-01-31,AIR.PA,CANAL,,"clôture entre 141,85 € et 146,03 € au 2024-02-29",141.8487,146.0255,2024-02-29,144.35040283203125,CONFIRMEE
2024-01-31,AIR.PA,REFLEXIVE,AUCUNE SEQUENCE,"AUCUNE SEQUENCE : écart contre TR12 dans ± 5 points, au 2024-02-29",-5.0,5.0,2024-02-29,1.47611076730767,CONFIRMEE
2024-01-31,MC.PA,CANAL,,"clôture entre 604,46 € et 735,62 € au 2024-02-29",604.458,735.6156,2024-02-29,794.7859497070312,DEMENTIE
2024-01-31,MC.PA,REFLEXIVE,AUCUNE SEQUENCE,"AUCUNE SEQUENCE : écart contre TR12 dans ± 5 points, au 2024-02-29",-5.0,5.0,2024-02-29,6.943619265743495,DEMENTIE
2024-01-31,OR.PA,CANAL,,"clôture entre 417,66 € et 458,45 € au 2024-02-29",417.66150000000005,458.4521,2024-02-29,419.03546142578125,CONFIRMEE
2024-01-31,OR.PA,REFLEXIVE,AUCUNE SEQUENCE,"AUCUNE SEQUENCE : écart contre TR12 dans ± 5 points, au 2024-02-29",-5.0,5.0,2024-02-29,-2.676184343838095,CONFIRMEE
2024-01-31,SAN.PA,CANAL,,"clôture entre 84,58 € et 80,29 € au 2024-02-29",84.5752,80.2874,2024-02-29,76.54695892333984,DEMENTIE
2024-01-31,SAN.PA,REFLEXIVE,AUCUNE SEQUENCE,"AUCUNE SEQUENCE : écart contre TR12 dans ± 5 points, au 2024-02-29",-5.0,5.0,2024-02-29,-7.860603868886972,DEMENTIE
2024-01-31,BNP.PA,CANAL,,"clôture entre 52,12 € et 53,77 € au 2024-02-29",52.119099999999996,53.769099999999995,2024-02-29,45.78739547729492,DEMENTIE
2024-01-31,BNP.PA,REFLEXIVE,AUCUNE SEQUENCE,"AUCUNE SEQUENCE : écart contre TR12 dans ± 5 points, au 2024-02-29",-5.0,5.0,2024-02-29,-13.464395688849462,DEMENTIE
2024-01-31,TTE.PA,CANAL,,"clôture entre 50,82 € et 54,14 € au 2024-02-29",50.8214,54.1422,2024-02-29,51.509334564208984,CONFIRMEE
2024-01-31,TTE.PA,REFLEXIVE,AUCUNE SEQUENCE,"AUCUNE SEQUENCE : écart contre TR12 dans ± 5 points, au 2024-02-29",-5.0,5.0,2024-02-29,-3.848485760286724,CONFIRMEE
2024-01-31,SU.PA,CANAL,,"clôture entre 185,65 € et 184,88 € au 2024-02-29",185.652,184.8812,2024-02-29,199.9345245361328,DEMENTIE
2024-01-31,SU.PA,REFLEXIVE,AUCUNE SEQUENCE,"AUCUNE SEQUENCE : écart contre TR12 dans ± 5 points, au 2024-02-29",-5.0,5.0,2024-02-29,12.705926844170756,DEMENTIE
2024-01-31,AI.PA,CANAL,,"clôture entre 138,40 € et 147,24 € au 2024-02-29",138.3982,147.23510000000002,2024-02-29,146.7667694091797,CONFIRMEE
2024-01-31,AI.PA,REFLEXIVE,AUCUNE SEQUENCE,"AUCUNE SEQUENCE : écart contre TR12 dans ± 5 points, au 2024-02-29",-5.0,5.0,2024-02-29,6.18590408530475,DEMENTIE
2024-01-31,DG.PA,CANAL,,"clôture entre 109,81 € et 112,28 € au 2024-02-29",109.807,112.2847,2024-02-29,106.03521728515625,DEMENTIE
2024-01-31,DG.PA,REFLEXIVE,AUCUNE SEQUENCE,"AUCUNE SEQUENCE : écart contre TR12 dans ± 5 points, au 2024-02-29",-5.0,5.0,2024-02-29,-0.874141742967427,CONFIRMEE
2024-01-31,CAP.PA,CANAL,,"clôture entre 185,05 € et 202,86 € au 2024-02-29",185.04940000000002,202.85660000000001,2024-02-29,209.3504180908203,DEMENTIE
2024-01-31,CAP.PA,REFLEXIVE,AUTO-RENFORCEMENT,"AUTO-RENFORCEMENT : écart contre TR12 positif ou nul, au 2024-02-29",0.0,,2024-02-29,6.44437526850119,CONFIRMEE
2024-01-31,RI.PA,CANAL,,"clôture entre 118,91 € et 130,44 € au 2024-02-29",118.9113,130.44299999999998,2024-02-29,135.3985595703125,DEMENTIE
2024-01-31,RI.PA,REFLEXIVE,AUCUNE SEQUENCE,"AUCUNE SEQUENCE : écart contre TR12 dans ± 5 points, au 2024-02-29",-5.0,5.0,2024-02-29,-0.6573160637036501,CONFIRMEE
2024-01-31,ORA.PA,CANAL,,"clôture entre 9,00 € et 9,86 € au 2024-02-29",8.9977,9.863499999999998,2024-02-29,9.118803024291992,CONFIRMEE
2024-01-31,ORA.PA,REFLEXIVE,AUCUNE SEQUENCE,"AUCUNE SEQUENCE : écart contre TR12 dans ± 5 points, au 2024-02-29",-5.0,5.0,2024-02-29,-5.565859297580755,DEMENTIE
2024-02-29,AIR.PA,CANAL,,"clôture entre 142,79 € et 150,58 € au 2024-03-28",142.792,150.58,2024-03-28,161.13182067871094,DEMENTIE
2024-02-29,AIR.PA,REFLEXIVE,AUCUNE SEQUENCE,"AUCUNE SEQUENCE : écart contre TR12 dans ± 5 points, au 2024-03-28",-5.0,5.0,2024-03-28,8.768772177008577,DEMENTIE
2024-02-29,MC.PA,CANAL,,"clôture entre 602,62 € et 825,02 € au 2024-03-28",602.62,825.022,2024-03-28,786.2044677734375,CONFIRMEE
2024-02-29,MC.PA,REFLEXIVE,AUTO-RENFORCEMENT,"AUTO-RENFORCEMENT : écart contre TR12 positif ou nul, au 2024-03-28",0.0,,2024-03-28,-3.9364237359893473,DEMENTIE
2024-02-29,OR.PA,CANAL,,"clôture entre 414,59 € et 437,63 € au 2024-03-28",414.594,437.626,2024-03-28,416.14190673828125,CONFIRMEE
2024-02-29,OR.PA,REFLEXIVE,AUCUNE SEQUENCE,"AUCUNE SEQUENCE : écart contre TR12 dans ± 5 points, au 2024-03-28",-5.0,5.0,2024-03-28,-3.547228738206798,CONFIRMEE
2024-02-29,SAN.PA,CANAL,,"clôture entre 75,53 € et 78,08 € au 2024-03-28",75.526,78.078,2024-03-28,79.22074127197266,DEMENTIE
2024-02-29,SAN.PA,REFLEXIVE,AUCUNE SEQUENCE,"AUCUNE SEQUENCE : écart contre TR12 dans ± 5 points, au 2024-03-28",-5.0,5.0,2024-03-28,0.6362948411109626,CONFIRMEE
2024-02-29,BNP.PA,CANAL,,"clôture entre 43,99 € et 54,11 € au 2024-03-28",43.988,54.112,2024-03-28,54.452110290527344,DEMENTIE
2024-02-29,BNP.PA,REFLEXIVE,AUCUNE SEQUENCE,"AUCUNE SEQUENCE : écart contre TR12 dans ± 5 points, au 2024-03-28",-5.0,5.0,2024-03-28,16.067097939023434,DEMENTIE
2024-02-29,TTE.PA,CANAL,,"clôture entre 49,65 € et 53,70 € au 2024-03-28",49.646,53.704,2024-03-28,56.06645965576172,DEMENTIE
2024-02-29,TTE.PA,REFLEXIVE,AUCUNE SEQUENCE,"AUCUNE SEQUENCE : écart contre TR12 dans ± 5 points, au 2024-03-28",-5.0,5.0,2024-03-28,5.990481665448155,DEMENTIE
2024-02-29,SU.PA,CANAL,,"clôture entre 198,89 € et 210,80 € au 2024-03-28",198.89000000000001,210.796,2024-03-28,199.79156494140625,CONFIRMEE
2024-02-29,SU.PA,REFLEXIVE,AUTO-RENFORCEMENT,"AUTO-RENFORCEMENT : écart contre TR12 positif ou nul, au 2024-03-28",0.0,,2024-03-28,-2.928204541559132,DEMENTIE
2024-02-29,AI.PA,CANAL,,"clôture entre 135,32 € et 152,18 € au 2024-03-28",135.318,152.18,2024-03-28,150.62535095214844,CONFIRMEE
2024-02-29,AI.PA,REFLEXIVE,AUTO-RENFORCEMENT,"AUTO-RENFORCEMENT : écart contre TR12 positif ou nul, au 2024-03-28",0.0,,2024-03-28,-0.2276446639828622,DEMENTIE
2024-02-29,DG.PA,CANAL,,"clôture entre 105,93 € et 115,10 € au 2024-03-28",105.926,115.10400000000001,2024-03-28,106.35762786865234,CONFIRMEE
2024-02-29,DG.PA,REFLEXIVE,AUCUNE SEQUENCE,"AUCUNE SEQUENCE : écart contre TR12 dans ± 5 points, au 2024-03-28",-5.0,5.0,2024-03-28,-2.552641428260949,CONFIRMEE
2024-02-29,CAP.PA,CANAL,,"clôture entre 193,68 € et 222,66 € au 2024-03-28",193.678,222.66400000000002,2024-03-28,198.7291717529297,CONFIRMEE
2024-02-29,CAP.PA,REFLEXIVE,AUTO-RENFORCEMENT,"AUTO-RENFORCEMENT : écart contre TR12 positif ou nul, au 2024-03-28",0.0,,2024-03-28,-7.930131059263235,DEMENTIE
2024-02-29,RI.PA,CANAL,,"clôture entre 115,82 € et 141,03 € au 2024-03-28",115.816,141.032,2024-03-28,131.3685760498047,CONFIRMEE
2024-02-29,RI.PA,REFLEXIVE,AUCUNE SEQUENCE,"AUCUNE SEQUENCE : écart contre TR12 dans ± 5 points, au 2024-03-28",-5.0,5.0,2024-03-28,-5.833087150477945,DEMENTIE
2024-02-29,ORA.PA,CANAL,,"clôture entre 9,21 € et 9,94 € au 2024-03-28",9.206,9.94,2024-03-28,9.361259460449219,CONFIRMEE
2024-02-29,ORA.PA,REFLEXIVE,AUCUNE SEQUENCE,"AUCUNE SEQUENCE : écart contre TR12 dans ± 5 points, au 2024-03-28",-5.0,5.0,2024-03-28,-0.1978388126884223,CONFIRMEE
2024-03-28,AIR.PA,CANAL,,"clôture entre 148,38 € et 171,07 € au 2024-04-30",148.3781,171.0735,2024-04-30,148.53482055664062,CONFIRMEE
2024-03-28,AIR.PA,REFLEXIVE,AUTO-RENFORCEMENT,"AUTO-RENFORCEMENT : écart contre TR12 positif ou nul, au 2024-04-30",0.0,,2024-04-30,-5.828943973289391,DEMENTIE
2024-03-28,MC.PA,CANAL,,"clôture entre 841,69 € et 878,19 € au 2024-04-30",841.6913000000001,878.1881999999999,2024-04-30,737.221923828125,DEMENTIE
2024-03-28,MC.PA,REFLEXIVE,AUCUNE SEQUENCE,"AUCUNE SEQUENCE : écart contre TR12 dans ± 5 points, au 2024-04-30",-5.0,5.0,2024-04-30,-4.241376330427993,CONFIRMEE
2024-03-28,OR.PA,CANAL,,"clôture entre 417,96 € et 437,99 € au 2024-04-30",417.9588,437.9938,2024-04-30,423.5051574707031,CONFIRMEE
2024-03-28,OR.PA,REFLEXIVE,AUCUNE SEQUENCE,"AUCUNE SEQUENCE : écart contre TR12 dans ± 5 points, au 2024-04-30",-5.0,5.0,2024-04-30,3.7582873801385697,CONFIRMEE
2024-03-28,SAN.PA,CANAL,,"clôture entre 76,59 € et 78,11 € au 2024-04-30",76.5863,78.11489999999999,2024-04-30,81.067138671875,DEMENTIE
2024-03-28,SAN.PA,REFLEXIVE,AUCUNE SEQUENCE,"AUCUNE SEQUENCE : écart contre TR12 dans ± 5 points, au 2024-04-30",-5.0,5.0,2024-04-30,4.319578242709987,CONFIRMEE
2024-03-28,BNP.PA,CANAL,,"clôture entre 44,05 € et 54,99 € au 2024-04-30",44.0509,54.9867,2024-04-30,55.898983001708984,DEMENTIE
2024-03-28,BNP.PA,REFLEXIVE,AUTO-RENFORCEMENT,"AUTO-RENFORCEMENT : écart contre TR12 positif ou nul, au 2024-04-30",0.0,,2024-04-30,4.6460259455866515,CONFIRMEE
2024-03-28,TTE.PA,CANAL,,"clôture entre 48,07 € et 56,44 € au 2024-04-30",48.071600000000004,56.4445,2024-04-30,60.58921813964844,DEMENTIE
2024-03-28,TTE.PA,REFLEXIVE,AUCUNE SEQUENCE,"AUCUNE SEQUENCE : écart contre TR12 dans ± 5 points, au 2024-04-30",-5.0,5.0,2024-04-30,10.055659713704678,DEMENTIE
2024-03-28,SU.PA,CANAL,,"clôture entre 210,02 € et 224,28 € au 2024-04-30",210.0163,224.2753,2024-04-30,204.9853057861328,DEMENTIE
2024-03-28,SU.PA,REFLEXIVE,AUCUNE SEQUENCE,"AUCUNE SEQUENCE : écart contre TR12 dans ± 5 points, au 2024-04-30",-5.0,5.0,2024-04-30,4.588458409026974,CONFIRMEE
2024-03-28,AI.PA,CANAL,,"clôture entre 138,57 € et 160,57 € au 2024-04-30",138.5734,160.56830000000002,2024-04-30,143.62680053710938,CONFIRMEE
2024-03-28,AI.PA,REFLEXIVE,AUCUNE SEQUENCE,"AUCUNE SEQUENCE : écart contre TR12 dans ± 5 points, au 2024-04-30",-5.0,5.0,2024-04-30,-2.657450929694838,CONFIRMEE
2024-03-28,DG.PA,CANAL,,"clôture entre 106,75 € et 109,18 € au 2024-04-30",106.7544,109.1842,2024-04-30,101.83026885986328,DEMENTIE
2024-03-28,DG.PA,REFLEXIVE,AUCUNE SEQUENCE,"AUCUNE SEQUENCE : écart contre TR12 dans ± 5 points, au 2024-04-30",-5.0,5.0,2024-04-30,-2.2678530701023436,CONFIRMEE
2024-03-28,CAP.PA,CANAL,,"clôture entre 208,91 € et 237,11 € au 2024-04-30",208.91359999999997,237.113,2024-04-30,184.38116455078125,DEMENTIE
2024-03-28,CAP.PA,REFLEXIVE,AUCUNE SEQUENCE,"AUCUNE SEQUENCE : écart contre TR12 dans ± 5 points, au 2024-04-30",-5.0,5.0,2024-04-30,-5.231000967632227,DEMENTIE
2024-03-28,RI.PA,CANAL,,"clôture entre 128,32 € et 138,84 € au 2024-04-30",128.32489999999999,138.8376,2024-04-30,124.40372467041016,DEMENTIE
2024-03-28,RI.PA,REFLEXIVE,RETOURNEMENT,"RETOURNEMENT : écart contre TR12 négatif ou nul, au 2024-04-30",,0.0,2024-04-30,-3.312884855785092,CONFIRMEE
2024-03-28,ORA.PA,CANAL,,"clôture entre 8,96 € et 9,22 € au 2024-04-30",8.9594,9.2157,2024-04-30,8.963183403015137,CONFIRMEE
2024-03-28,ORA.PA,REFLEXIVE,AUCUNE SEQUENCE,"AUCUNE SEQUENCE : écart contre TR12 dans ± 5 points, au 2024-04-30",-5.0,5.0,2024-04-30,-2.2634983723109237,CONFIRMEE
2024-04-30,AIR.PA,CANAL,,"clôture entre 153,87 € et 179,80 € au 2024-05-31",153.8698,179.8022,2024-05-31,149.70635986328125,DEMENTIE
2024-04-30,AIR.PA,REFLEXIVE,AUCUNE SEQUENCE,"AUCUNE SEQUENCE : écart contre TR12 dans ± 5 points, au 2024-05-31",-5.0,5.0,2024-05-31,-0.05246671612910703,CONFIRMEE
2024-04-30,MC.PA,CANAL,,"clôture entre 773,94 € et 935,57 € au 2024-05-31",773.9372000000001,935.5732,2024-05-31,699.6182861328125,DEMENTIE
2024-04-30,MC.PA,REFLEXIVE,AUCUNE SEQUENCE,"AUCUNE SEQUENCE : écart contre TR12 dans ± 5 points, au 2024-05-31",-5.0,5.0,2024-05-31,-5.941918702222992,DEMENTIE
2024-04-30,OR.PA,CANAL,,"clôture entre 387,82 € et 422,79 € au 2024-05-31",387.817,422.78819999999996,2024-05-31,435.49798583984375,DEMENTIE
2024-04-30,OR.PA,REFLEXIVE,AUCUNE SEQUENCE,"AUCUNE SEQUENCE : écart contre TR12 dans ± 5 points, au 2024-05-31",-5.0,5.0,2024-05-31,1.990605069495266,CONFIRMEE
2024-04-30,SAN.PA,CANAL,,"clôture entre 74,59 € et 80,30 € au 2024-05-31",74.58619999999999,80.30080000000001,2024-05-31,81.42106628417969,DEMENTIE
2024-04-30,SAN.PA,REFLEXIVE,AUCUNE SEQUENCE,"AUCUNE SEQUENCE : écart contre TR12 dans ± 5 points, au 2024-05-31",-5.0,5.0,2024-05-31,-0.40461133560372176,CONFIRMEE
2024-04-30,BNP.PA,CANAL,,"clôture entre 59,77 € et 58,80 € au 2024-05-31",59.7732,58.797399999999996,2024-05-31,59.743202209472656,DEMENTIE
2024-04-30,BNP.PA,REFLEXIVE,AUCUNE SEQUENCE,"AUCUNE SEQUENCE : écart contre TR12 dans ± 5 points, au 2024-05-31",-5.0,5.0,2024-05-31,6.035885422643483,DEMENTIE
2024-04-30,TTE.PA,CANAL,,"clôture entre 46,77 € et 63,49 € au 2024-05-31",46.7672,63.49,2024-05-31,59.193519592285156,CONFIRMEE
2024-04-30,TTE.PA,REFLEXIVE,AUTO-RENFORCEMENT,"AUTO-RENFORCEMENT : écart contre TR12 positif ou nul, au 2024-05-31",0.0,,2024-05-31,-3.144739890444248,DEMENTIE
2024-04-30,SU.PA,CANAL,,"clôture entre 208,37 € et 239,19 € au 2024-05-31",208.3656,239.1882,2024-05-31,219.99453735351562,CONFIRMEE
2024-04-30,SU.PA,REFLEXIVE,AUCUNE SEQUENCE,"AUCUNE SEQUENCE : écart contre TR12 dans ± 5 points, au 2024-05-31",-5.0,5.0,2024-05-31,6.480904084740802,DEMENTIE
2024-04-30,AI.PA,CANAL,,"clôture entre 145,74 € et 165,24 € au 2024-05-31",145.735,165.2406,2024-05-31,143.4278106689453,DEMENTIE
2024-04-30,AI.PA,REFLEXIVE,AUCUNE SEQUENCE,"AUCUNE SEQUENCE : écart contre TR12 dans ± 5 points, au 2024-05-31",-5.0,5.0,2024-05-31,-0.9797436053687103,CONFIRMEE
2024-04-30,DG.PA,CANAL,,"clôture entre 101,76 € et 110,06 € au 2024-05-31",101.76299999999999,110.0644,2024-05-31,105.70951080322266,CONFIRMEE
2024-04-30,DG.PA,REFLEXIVE,AUCUNE SEQUENCE,"AUCUNE SEQUENCE : écart contre TR12 dans ± 5 points, au 2024-05-31",-5.0,5.0,2024-05-31,2.968320399132196,CONFIRMEE
2024-04-30,CAP.PA,CANAL,,"clôture entre 188,17 € et 251,63 € au 2024-05-31",188.17360000000002,251.62779999999998,2024-05-31,175.7657928466797,DEMENTIE
2024-04-30,CAP.PA,REFLEXIVE,AUCUNE SEQUENCE,"AUCUNE SEQUENCE : écart contre TR12 dans ± 5 points, au 2024-05-31",-5.0,5.0,2024-05-31,-5.513784878986772,DEMENTIE
2024-04-30,RI.PA,CANAL,,"clôture entre 120,64 € et 120,71 € au 2024-05-31",120.6416,120.7136,2024-05-31,119.97949981689453,DEMENTIE
2024-04-30,RI.PA,REFLEXIVE,AUCUNE SEQUENCE,"AUCUNE SEQUENCE : écart contre TR12 dans ± 5 points, au 2024-05-31",-5.0,5.0,2024-05-31,-4.397541497243895,CONFIRMEE
2024-04-30,ORA.PA,CANAL,,"clôture entre 8,88 € et 9,46 € au 2024-05-31",8.8766,9.463,2024-05-31,9.221116065979004,CONFIRMEE
2024-04-30,ORA.PA,REFLEXIVE,AUCUNE SEQUENCE,"AUCUNE SEQUENCE : écart contre TR12 dans ± 5 points, au 2024-05-31",-5.0,5.0,2024-05-31,2.036493209050727,CONFIRMEE
2024-05-31,AIR.PA,CANAL,,"clôture entre 152,01 € et 150,85 € au 2024-06-28",152.00799999999998,150.84799999999998,2024-06-28,123.1644515991211,DEMENTIE
2024-05-31,AIR.PA,REFLEXIVE,AUCUNE SEQUENCE,"AUCUNE SEQUENCE : écart contre TR12 dans ± 5 points, au 2024-06-28",-5.0,5.0,2024-06-28,-10.92592885491862,DEMENTIE
2024-05-31,MC.PA,CANAL,,"clôture entre 707,39 € et 694,56 € au 2024-06-28",707.388,694.5559999999999,2024-06-28,679.3407592773438,DEMENTIE
2024-05-31,MC.PA,REFLEXIVE,AUCUNE SEQUENCE,"AUCUNE SEQUENCE : écart contre TR12 dans ± 5 points, au 2024-06-28",-5.0,5.0,2024-06-28,3.9050135247086892,CONFIRMEE
2024-05-31,OR.PA,CANAL,,"clôture entre 446,26 € et 443,22 € au 2024-06-28",446.25800000000004,443.224,2024-06-28,394.99212646484375,DEMENTIE
2024-05-31,OR.PA,REFLEXIVE,AUCUNE SEQUENCE,"AUCUNE SEQUENCE : écart contre TR12 dans ± 5 points, au 2024-06-28",-5.0,5.0,2024-06-28,-2.4976604486477316,CONFIRMEE
2024-05-31,SAN.PA,CANAL,,"clôture entre 74,22 € et 84,76 € au 2024-06-28",74.224,84.762,2024-06-28,81.58434295654297,CONFIRMEE
2024-05-31,SAN.PA,REFLEXIVE,AUCUNE SEQUENCE,"AUCUNE SEQUENCE : écart contre TR12 dans ± 5 points, au 2024-06-28",-5.0,5.0,2024-06-28,7.0039172672412775,DEMENTIE
2024-05-31,BNP.PA,CANAL,,"clôture entre 62,98 € et 62,50 € au 2024-06-28",62.984,62.504,2024-06-28,52.53342056274414,DEMENTIE
2024-05-31,BNP.PA,REFLEXIVE,AUCUNE SEQUENCE,"AUCUNE SEQUENCE : écart contre TR12 dans ± 5 points, au 2024-06-28",-5.0,5.0,2024-06-28,-5.26456956689878,DEMENTIE
2024-05-31,TTE.PA,CANAL,,"clôture entre 59,46 € et 65,88 € au 2024-06-28",59.455999999999996,65.884,2024-06-28,55.76020812988281,DEMENTIE
2024-05-31,TTE.PA,REFLEXIVE,AUCUNE SEQUENCE,"AUCUNE SEQUENCE : écart contre TR12 dans ± 5 points, au 2024-06-28",-5.0,5.0,2024-06-28,1.0032360463208656,CONFIRMEE
2024-05-31,SU.PA,CANAL,,"clôture entre 216,60 € et 242,87 € au 2024-06-28",216.6,242.87,2024-06-28,216.94778442382812,CONFIRMEE
2024-05-31,SU.PA,REFLEXIVE,AUCUNE SEQUENCE,"AUCUNE SEQUENCE : écart contre TR12 dans ± 5 points, au 2024-06-28",-5.0,5.0,2024-06-28,5.418461489468851,DEMENTIE
2024-05-31,AI.PA,CANAL,,"clôture entre 145,42 € et 144,87 € au 2024-06-28",145.42,144.866,2024-06-28,141.0021209716797,DEMENTIE
2024-05-31,AI.PA,REFLEXIVE,AUCUNE SEQUENCE,"AUCUNE SEQUENCE : écart contre TR12 dans ± 5 points, au 2024-06-28",-5.0,5.0,2024-06-28,5.112156685830859,DEMENTIE
2024-05-31,DG.PA,CANAL,,"clôture entre 107,12 € et 110,87 € au 2024-06-28",107.118,110.874,2024-06-28,90.86676788330078,DEMENTIE
2024-05-31,DG.PA,REFLEXIVE,AUCUNE SEQUENCE,"AUCUNE SEQUENCE : écart contre TR12 dans ± 5 points, au 2024-06-28",-5.0,5.0,2024-06-28,-7.237683127119299,DEMENTIE
2024-05-31,CAP.PA,CANAL,,"clôture entre 171,79 € et 194,86 € au 2024-06-28",171.792,194.856,2024-06-28,175.8604736328125,CONFIRMEE
2024-05-31,CAP.PA,REFLEXIVE,AUCUNE SEQUENCE,"AUCUNE SEQUENCE : écart contre TR12 dans ± 5 points, au 2024-06-28",-5.0,5.0,2024-06-28,6.857251156705146,DEMENTIE
2024-05-31,RI.PA,CANAL,,"clôture entre 116,97 € et 126,12 € au 2024-06-28",116.968,126.12,2024-06-28,110.9996566772461,DEMENTIE
2024-05-31,RI.PA,REFLEXIVE,RETOURNEMENT,"RETOURNEMENT : écart contre TR12 négatif ou nul, au 2024-06-28",,0.0,2024-06-28,-0.6810976539810332,CONFIRMEE
2024-05-31,ORA.PA,CANAL,,"clôture entre 8,88 € et 9,39 € au 2024-06-28",8.876,9.39,2024-06-28,8.364209175109863,DEMENTIE
2024-05-31,ORA.PA,REFLEXIVE,AUCUNE SEQUENCE,"AUCUNE SEQUENCE : écart contre TR12 dans ± 5 points, au 2024-06-28",-5.0,5.0,2024-06-28,-2.4894925253642675,CONFIRMEE
2024-06-28,AIR.PA,CANAL,,"clôture entre 120,08 € et 146,45 € au 2024-07-31",120.0849,146.4547,2024-07-31,134.39964294433594,CONFIRMEE
2024-06-28,AIR.PA,REFLEXIVE,AUCUNE SEQUENCE,"AUCUNE SEQUENCE : écart contre TR12 dans ± 5 points, au 2024-07-31",-5.0,5.0,2024-07-31,6.683111692868993,DEMENTIE
2024-06-28,MC.PA,CANAL,,"clôture entre 685,64 € et 661,85 € au 2024-07-31",685.6414,661.851,2024-07-31,621.650146484375,DEMENTIE
2024-06-28,MC.PA,REFLEXIVE,AUCUNE SEQUENCE,"AUCUNE SEQUENCE : écart contre TR12 dans ± 5 points, au 2024-07-31",-5.0,5.0,2024-07-31,-10.931140455532729,DEMENTIE
2024-06-28,OR.PA,CANAL,,"clôture entre 394,15 € et 448,57 € au 2024-07-31",394.1539,448.5689,2024-07-31,385.93731689453125,DEMENTIE
2024-06-28,OR.PA,REFLEXIVE,AUCUNE SEQUENCE,"AUCUNE SEQUENCE : écart contre TR12 dans ± 5 points, au 2024-07-31",-5.0,5.0,2024-07-31,-4.7313964618847955,CONFIRMEE
2024-06-28,SAN.PA,CANAL,,"clôture entre 81,05 € et 83,74 € au 2024-07-31",81.0518,83.7434,2024-07-31,86.47359466552734,DEMENTIE
2024-06-28,SAN.PA,REFLEXIVE,AUCUNE SEQUENCE,"AUCUNE SEQUENCE : écart contre TR12 dans ± 5 points, au 2024-07-31",-5.0,5.0,2024-07-31,3.553886008366547,CONFIRMEE
2024-06-28,BNP.PA,CANAL,,"clôture entre 53,17 € et 65,32 € au 2024-07-31",53.1702,65.3166,2024-07-31,56.00152587890625,CONFIRMEE
2024-06-28,BNP.PA,REFLEXIVE,AUCUNE SEQUENCE,"AUCUNE SEQUENCE : écart contre TR12 dans ± 5 points, au 2024-07-31",-5.0,5.0,2024-07-31,4.162718441518987,CONFIRMEE
2024-06-28,TTE.PA,CANAL,,"clôture entre 55,06 € et 71,14 € au 2024-07-31",55.0562,71.1401,2024-07-31,55.89439392089844,CONFIRMEE
2024-06-28,TTE.PA,REFLEXIVE,AUCUNE SEQUENCE,"AUCUNE SEQUENCE : écart contre TR12 dans ± 5 points, au 2024-07-31",-5.0,5.0,2024-07-31,-2.198345976311944,CONFIRMEE
2024-06-28,SU.PA,CANAL,,"clôture entre 225,54 € et 254,09 € au 2024-07-31",225.543,254.0925,2024-07-31,215.54531860351562,DEMENTIE
2024-06-28,SU.PA,REFLEXIVE,AUCUNE SEQUENCE,"AUCUNE SEQUENCE : écart contre TR12 dans ± 5 points, au 2024-07-31",-5.0,5.0,2024-07-31,-3.0854470798750033,CONFIRMEE
2024-06-28,AI.PA,CANAL,,"clôture entre 141,95 € et 146,49 € au 2024-07-31",141.9453,146.49470000000002,2024-07-31,147.55914306640625,DEMENTIE
2024-06-28,AI.PA,REFLEXIVE,AUCUNE SEQUENCE,"AUCUNE SEQUENCE : écart contre TR12 dans ± 5 points, au 2024-07-31",-5.0,5.0,2024-07-31,2.2113064143116645,CONFIRMEE
2024-06-28,DG.PA,CANAL,,"clôture entre 86,37 € et 111,79 € au 2024-07-31",86.3686,111.7946,2024-07-31,97.5353775024414,CONFIRMEE
2024-06-28,DG.PA,REFLEXIVE,RETOURNEMENT,"RETOURNEMENT : écart contre TR12 négatif ou nul, au 2024-07-31",,0.0,2024-07-31,4.899893309920267,DEMENTIE
2024-06-28,CAP.PA,CANAL,,"clôture entre 170,26 € et 189,90 € au 2024-07-31",170.25959999999998,189.89890000000003,2024-07-31,173.8717498779297,CONFIRMEE
2024-06-28,CAP.PA,REFLEXIVE,AUCUNE SEQUENCE,"AUCUNE SEQUENCE : écart contre TR12 dans ± 5 points, au 2024-07-31",-5.0,5.0,2024-07-31,-3.569847092157652,CONFIRMEE
2024-06-28,RI.PA,CANAL,,"clôture entre 107,83 € et 121,66 € au 2024-07-31",107.8319,121.658,2024-07-31,110.71231079101562,CONFIRMEE
2024-06-28,RI.PA,REFLEXIVE,RETOURNEMENT,"RETOURNEMENT : écart contre TR12 négatif ou nul, au 2024-07-31",,0.0,2024-07-31,-2.6978648826427643,CONFIRMEE
2024-06-28,ORA.PA,CANAL,,"clôture entre 7,98 € et 9,50 € au 2024-07-31",7.9821,9.501700000000001,2024-07-31,9.165398597717285,CONFIRMEE
2024-06-28,ORA.PA,REFLEXIVE,RETOURNEMENT,"RETOURNEMENT : écart contre TR12 négatif ou nul, au 2024-07-31",,0.0,2024-07-31,7.139788799571045,DEMENTIE
2024-07-31,AIR.PA,CANAL,,"clôture entre 115,91 € et 129,40 € au 2024-08-30",115.908,129.401,2024-08-30,133.304931640625,DEMENTIE
2024-07-31,AIR.PA,REFLEXIVE,AUCUNE SEQUENCE,"AUCUNE SEQUENCE : écart contre TR12 dans ± 5 points, au 2024-08-30",-5.0,5.0,2024-08-30,-2.2868641600976014,CONFIRMEE
2024-07-31,MC.PA,CANAL,,"clôture entre 585,60 € et 634,03 € au 2024-08-30",585.598,634.0323999999999,2024-08-30,641.9276123046875,DEMENTIE
2024-07-31,MC.PA,REFLEXIVE,RETOURNEMENT,"RETOURNEMENT : écart contre TR12 négatif ou nul, au 2024-08-30",,0.0,2024-08-30,1.7895327726488608,DEMENTIE
2024-07-31,OR.PA,CANAL,,"clôture entre 368,85 € et 454,71 € au 2024-08-30",368.849,454.712,2024-08-30,382.0360412597656,CONFIRMEE
2024-07-31,OR.PA,REFLEXIVE,RETOURNEMENT,"RETOURNEMENT : écart contre TR12 négatif ou nul, au 2024-08-30",,0.0,2024-08-30,-2.483201981352312,CONFIRMEE
2024-07-31,SAN.PA,CANAL,,"clôture entre 83,18 € et 91,30 € au 2024-08-30",83.1752,91.2988,2024-08-30,91.79825592041016,DEMENTIE
2024-07-31,SAN.PA,REFLEXIVE,AUCUNE SEQUENCE,"AUCUNE SEQUENCE : écart contre TR12 dans ± 5 points, au 2024-08-30",-5.0,5.0,2024-08-30,4.685212774690561,CONFIRMEE
2024-07-31,BNP.PA,CANAL,,"clôture entre 59,00 € et 55,59 € au 2024-08-30",59.0028,55.5918,2024-08-30,55.22495651245117,DEMENTIE
2024-07-31,BNP.PA,REFLEXIVE,AUCUNE SEQUENCE,"AUCUNE SEQUENCE : écart contre TR12 dans ± 5 points, au 2024-08-30",-5.0,5.0,2024-08-30,-2.8590378842572317,CONFIRMEE
2024-07-31,TTE.PA,CANAL,,"clôture entre 54,92 € et 56,50 € au 2024-08-30",54.9156,56.4958,2024-08-30,55.63496398925781,CONFIRMEE
2024-07-31,TTE.PA,REFLEXIVE,AUCUNE SEQUENCE,"AUCUNE SEQUENCE : écart contre TR12 dans ± 5 points, au 2024-08-30",-5.0,5.0,2024-08-30,-1.9364876837158151,CONFIRMEE
2024-07-31,SU.PA,CANAL,,"clôture entre 210,07 € et 264,81 € au 2024-08-30",210.0696,264.815,2024-08-30,222.17079162597656,CONFIRMEE
2024-07-31,SU.PA,REFLEXIVE,AUCUNE SEQUENCE,"AUCUNE SEQUENCE : écart contre TR12 dans ± 5 points, au 2024-08-30",-5.0,5.0,2024-08-30,1.6014743733194559,CONFIRMEE
2024-07-31,AI.PA,CANAL,,"clôture entre 143,54 € et 146,95 € au 2024-08-30",143.5416,146.946,2024-08-30,147.50668334960938,DEMENTIE
2024-07-31,AI.PA,REFLEXIVE,AUCUNE SEQUENCE,"AUCUNE SEQUENCE : écart contre TR12 dans ± 5 points, au 2024-08-30",-5.0,5.0,2024-08-30,-1.5078963116701205,CONFIRMEE
2024-07-31,DG.PA,CANAL,,"clôture entre 82,52 € et 95,48 € au 2024-08-30",82.516,95.48100000000001,2024-08-30,99.8906478881836,DEMENTIE
2024-07-31,DG.PA,REFLEXIVE,AUCUNE SEQUENCE,"AUCUNE SEQUENCE : écart contre TR12 dans ± 5 points, au 2024-08-30",-5.0,5.0,2024-08-30,0.9424410811943895,CONFIRMEE
2024-07-31,CAP.PA,CANAL,,"clôture entre 157,64 € et 180,38 € au 2024-08-30",157.6382,180.3844,2024-08-30,177.5651092529297,CONFIRMEE
2024-07-31,CAP.PA,REFLEXIVE,AUCUNE SEQUENCE,"AUCUNE SEQUENCE : écart contre TR12 dans ± 5 points, au 2024-08-30",-5.0,5.0,2024-08-30,0.6518413464080108,CONFIRMEE
2024-07-31,RI.PA,CANAL,,"clôture entre 100,48 € et 105,12 € au 2024-08-30",100.4758,105.1228,2024-08-30,114.99794006347656,DEMENTIE
2024-07-31,RI.PA,REFLEXIVE,AUCUNE SEQUENCE,"AUCUNE SEQUENCE : écart contre TR12 dans ± 5 points, au 2024-08-30",-5.0,5.0,2024-08-30,2.398615348897959,CONFIRMEE
2024-07-31,ORA.PA,CANAL,,"clôture entre 7,70 € et 9,04 € au 2024-08-30",7.7010000000000005,9.0386,2024-08-30,9.210107803344727,DEMENTIE
2024-07-31,ORA.PA,REFLEXIVE,AUCUNE SEQUENCE,"AUCUNE SEQUENCE : écart contre TR12 dans ± 5 points, au 2024-08-30",-5.0,5.0,2024-08-30,-0.9845403881558967,CONFIRMEE
2024-08-30,AIR.PA,CANAL,,"clôture entre 98,90 € et 130,57 € au 2024-09-30",98.90090000000001,130.5665,2024-09-30,126.00686645507812,CONFIRMEE
2024-08-30,AIR.PA,REFLEXIVE,AUCUNE SEQUENCE,"AUCUNE SEQUENCE : écart contre TR12 dans ± 5 points, au 2024-09-30",-5.0,5.0,2024-09-30,-5.845461042883593,DEMENTIE
2024-08-30,MC.PA,CANAL,,"clôture entre 507,65 € et 622,77 € au 2024-09-30",507.64959999999996,622.7707,2024-09-30,655.4458618164062,DEMENTIE
2024-08-30,MC.PA,REFLEXIVE,AUCUNE SEQUENCE,"AUCUNE SEQUENCE : écart contre TR12 dans ± 5 points, au 2024-09-30",-5.0,5.0,2024-09-30,1.73513781707757,CONFIRMEE
2024-08-30,OR.PA,CANAL,,"clôture entre 347,58 € et 365,65 € au 2024-09-30",347.5767,365.6456,2024-09-30,387.2859191894531,DEMENTIE
2024-08-30,OR.PA,REFLEXIVE,AUCUNE SEQUENCE,"AUCUNE SEQUENCE : écart contre TR12 dans ± 5 points, au 2024-09-30",-5.0,5.0,2024-09-30,1.0034379715781583,CONFIRMEE
2024-08-30,SAN.PA,CANAL,,"clôture entre 89,35 € et 94,85 € au 2024-09-30",89.34989999999999,94.853,2024-09-30,93.34032440185547,CONFIRMEE
2024-08-30,SAN.PA,REFLEXIVE,AUTO-RENFORCEMENT,"AUTO-RENFORCEMENT : écart contre TR12 positif ou nul, au 2024-09-30",0.0,,2024-09-30,1.309099105559186,CONFIRMEE
2024-08-30,BNP.PA,CANAL,,"clôture entre 49,09 € et 53,95 € au 2024-09-30",49.093399999999995,53.94990000000001,2024-09-30,54.31601333618164,DEMENTIE
2024-08-30,BNP.PA,REFLEXIVE,AUCUNE SEQUENCE,"AUCUNE SEQUENCE : écart contre TR12 dans ± 5 points, au 2024-09-30",-5.0,5.0,2024-09-30,-2.016638033336826,CONFIRMEE
2024-08-30,TTE.PA,CANAL,,"clôture entre 51,48 € et 55,50 € au 2024-09-30",51.4842,55.5015,2024-09-30,53.0016975402832,CONFIRMEE
2024-08-30,TTE.PA,REFLEXIVE,AUCUNE SEQUENCE,"AUCUNE SEQUENCE : écart contre TR12 dans ± 5 points, au 2024-09-30",-5.0,5.0,2024-09-30,-5.103860292555851,DEMENTIE
2024-08-30,SU.PA,CANAL,,"clôture entre 179,03 € et 220,76 € au 2024-09-30",179.0273,220.7626,2024-09-30,228.4577178955078,DEMENTIE
2024-08-30,SU.PA,REFLEXIVE,AUTO-RENFORCEMENT,"AUTO-RENFORCEMENT : écart contre TR12 positif ou nul, au 2024-09-30",0.0,,2024-09-30,2.4590257671939453,CONFIRMEE
2024-08-30,AI.PA,CANAL,,"clôture entre 139,79 € et 147,52 € au 2024-09-30",139.7855,147.5236,2024-09-30,151.47586059570312,DEMENTIE
2024-08-30,AI.PA,REFLEXIVE,AUCUNE SEQUENCE,"AUCUNE SEQUENCE : écart contre TR12 dans ± 5 points, au 2024-09-30",-5.0,5.0,2024-09-30,2.3200997300687476,CONFIRMEE
2024-08-30,DG.PA,CANAL,,"clôture entre 93,13 € et 98,04 € au 2024-09-30",93.1257,98.03540000000001,2024-09-30,96.93502044677734,CONFIRMEE
2024-08-30,DG.PA,REFLEXIVE,AUCUNE SEQUENCE,"AUCUNE SEQUENCE : écart contre TR12 dans ± 5 points, au 2024-09-30",-5.0,5.0,2024-09-30,-3.3296089905147097,CONFIRMEE
2024-08-30,CAP.PA,CANAL,,"clôture entre 152,20 € et 174,41 € au 2024-09-30",152.1986,174.4092,2024-09-30,183.67333984375,DEMENTIE
2024-08-30,CAP.PA,REFLEXIVE,AUCUNE SEQUENCE,"AUCUNE SEQUENCE : écart contre TR12 dans ± 5 points, au 2024-09-30",-5.0,5.0,2024-09-30,3.069248867206409,CONFIRMEE
2024-08-30,RI.PA,CANAL,,"clôture entre 95,94 € et 124,07 € au 2024-09-30",95.9419,124.0651,2024-09-30,121.06925964355469,CONFIRMEE
2024-08-30,RI.PA,REFLEXIVE,AUCUNE SEQUENCE,"AUCUNE SEQUENCE : écart contre TR12 dans ± 5 points, au 2024-09-30",-5.0,5.0,2024-09-30,4.908756929643898,CONFIRMEE
2024-08-30,ORA.PA,CANAL,,"clôture entre 9,59 € et 9,34 € au 2024-09-30",9.5879,9.3391,2024-09-30,9.196695327758789,DEMENTIE
2024-08-30,ORA.PA,REFLEXIVE,AUCUNE SEQUENCE,"AUCUNE SEQUENCE : écart contre TR12 dans ± 5 points, au 2024-09-30",-5.0,5.0,2024-09-30,-0.5163737505211707,CONFIRMEE
2024-09-30,AIR.PA,CANAL,,"clôture entre 124,94 € et 124,28 € au 2024-10-31",124.9379,124.2795,2024-10-31,134.59169006347656,DEMENTIE
2024-09-30,AIR.PA,REFLEXIVE,AUCUNE SEQUENCE,"AUCUNE SEQUENCE : écart contre TR12 dans ± 5 points, au 2024-10-31",-5.0,5.0,2024-10-31,12.051909055951093,DEMENTIE
2024-09-30,MC.PA,CANAL,,"clôture entre 531,77 € et 653,60 € au 2024-10-31",531.7669,653.6007000000001,2024-10-31,580.524169921875,CONFIRMEE
2024-09-30,MC.PA,REFLEXIVE,AUCUNE SEQUENCE,"AUCUNE SEQUENCE : écart contre TR12 dans ± 5 points, au 2024-10-31",-5.0,5.0,2024-10-31,-6.191717081495385,DEMENTIE
2024-09-30,OR.PA,CANAL,,"clôture entre 336,82 € et 384,14 € au 2024-10-31",336.8194,384.1422,2024-10-31,331.6084289550781,DEMENTIE
2024-09-30,OR.PA,REFLEXIVE,AUCUNE SEQUENCE,"AUCUNE SEQUENCE : écart contre TR12 dans ± 5 points, au 2024-10-31",-5.0,5.0,2024-10-31,-9.137398753451487,DEMENTIE
2024-09-30,SAN.PA,CANAL,,"clôture entre 97,53 € et 101,97 € au 2024-10-31",97.5325,101.96679999999999,2024-10-31,88.0882339477539,DEMENTIE
2024-09-30,SAN.PA,REFLEXIVE,AUCUNE SEQUENCE,"AUCUNE SEQUENCE : écart contre TR12 dans ± 5 points, au 2024-10-31",-5.0,5.0,2024-10-31,-0.38789003555210755,CONFIRMEE
2024-09-30,BNP.PA,CANAL,,"clôture entre 56,81 € et 56,89 € au 2024-10-31",56.8108,56.8934,2024-10-31,55.374977111816406,DEMENTIE
2024-09-30,BNP.PA,REFLEXIVE,AUCUNE SEQUENCE,"AUCUNE SEQUENCE : écart contre TR12 dans ± 5 points, au 2024-10-31",-5.0,5.0,2024-10-31,7.188562838544577,DEMENTIE
2024-09-30,TTE.PA,CANAL,,"clôture entre 53,23 € et 55,13 € au 2024-10-31",53.234500000000004,55.1347,2024-10-31,52.00509262084961,DEMENTIE
2024-09-30,TTE.PA,REFLEXIVE,AUCUNE SEQUENCE,"AUCUNE SEQUENCE : écart contre TR12 dans ± 5 points, au 2024-10-31",-5.0,5.0,2024-10-31,3.3586018484326408,CONFIRMEE
2024-09-30,SU.PA,CANAL,,"clôture entre 174,27 € et 242,51 € au 2024-10-31",174.2716,242.5067,2024-10-31,229.42495727539062,CONFIRMEE
2024-09-30,SU.PA,REFLEXIVE,AUTO-RENFORCEMENT,"AUTO-RENFORCEMENT : écart contre TR12 positif ou nul, au 2024-10-31",0.0,,2024-10-31,5.6623061162761505,CONFIRMEE
2024-09-30,AI.PA,CANAL,,"clôture entre 140,15 € et 155,89 € au 2024-10-31",140.1465,155.8894,2024-10-31,143.9571533203125,CONFIRMEE
2024-09-30,AI.PA,REFLEXIVE,AUTO-RENFORCEMENT,"AUTO-RENFORCEMENT : écart contre TR12 positif ou nul, au 2024-10-31",0.0,,2024-10-31,0.27529429212349577,CONFIRMEE
2024-09-30,DG.PA,CANAL,,"clôture entre 99,94 € et 102,17 € au 2024-10-31",99.9358,102.1731,2024-10-31,95.79426574707031,DEMENTIE
2024-09-30,DG.PA,REFLEXIVE,AUCUNE SEQUENCE,"AUCUNE SEQUENCE : écart contre TR12 dans ± 5 points, au 2024-10-31",-5.0,5.0,2024-10-31,4.062104145471501,CONFIRMEE
2024-09-30,CAP.PA,CANAL,,"clôture entre 147,06 € et 186,42 € au 2024-10-31",147.06179999999998,186.4185,2024-10-31,150.76461791992188,CONFIRMEE
2024-09-30,CAP.PA,REFLEXIVE,AUCUNE SEQUENCE,"AUCUNE SEQUENCE : écart contre TR12 dans ± 5 points, au 2024-10-31",-5.0,5.0,2024-10-31,-12.678055198174498,DEMENTIE
2024-09-30,RI.PA,CANAL,,"clôture entre 90,86 € et 124,17 € au 2024-10-31",90.85979999999999,124.1681,2024-10-31,102.00711059570312,CONFIRMEE
2024-09-30,RI.PA,REFLEXIVE,AUCUNE SEQUENCE,"AUCUNE SEQUENCE : écart contre TR12 dans ± 5 points, au 2024-10-31",-5.0,5.0,2024-10-31,-10.505901682294393,DEMENTIE
2024-09-30,ORA.PA,CANAL,,"clôture entre 9,47 € et 9,90 € au 2024-10-31",9.4682,9.897499999999999,2024-10-31,9.026800155639648,DEMENTIE
2024-09-30,ORA.PA,REFLEXIVE,AUCUNE SEQUENCE,"AUCUNE SEQUENCE : écart contre TR12 dans ± 5 points, au 2024-10-31",-5.0,5.0,2024-10-31,3.391578035637277,CONFIRMEE
2024-10-31,AIR.PA,CANAL,,"clôture entre 118,43 € et 136,21 € au 2024-11-29",118.4329,136.2055,2024-11-29,141.69769287109375,DEMENTIE
2024-10-31,AIR.PA,REFLEXIVE,AUCUNE SEQUENCE,"AUCUNE SEQUENCE : écart contre TR12 dans ± 5 points, au 2024-11-29",-5.0,5.0,2024-11-29,8.047058770581561,DEMENTIE
2024-10-31,MC.PA,CANAL,,"clôture entre 514,97 € et 637,69 € au 2024-11-29",514.9663,637.6868999999999,2024-11-29,564.0547485351562,CONFIRMEE
2024-10-31,MC.PA,REFLEXIVE,AUCUNE SEQUENCE,"AUCUNE SEQUENCE : écart contre TR12 dans ± 5 points, au 2024-11-29",-5.0,5.0,2024-11-29,-0.06960698817681799,CONFIRMEE
2024-10-31,OR.PA,CANAL,,"clôture entre 312,94 € et 371,99 € au 2024-11-29",312.9386,371.9894,2024-11-29,316.581298828125,CONFIRMEE
2024-10-31,OR.PA,REFLEXIVE,RETOURNEMENT,"RETOURNEMENT : écart contre TR12 négatif ou nul, au 2024-11-29",,0.0,2024-11-29,-1.7642041926109076,CONFIRMEE
2024-10-31,SAN.PA,CANAL,,"clôture entre 89,78 € et 106,74 € au 2024-11-29",89.7753,106.7437,2024-11-29,83.53459930419922,DEMENTIE
2024-10-31,SAN.PA,REFLEXIVE,AUCUNE SEQUENCE,"AUCUNE SEQUENCE : écart contre TR12 dans ± 5 points, au 2024-11-29",-5.0,5.0,2024-11-29,-2.4020171606111473,CONFIRMEE
2024-10-31,BNP.PA,CANAL,,"clôture entre 54,88 € et 58,80 € au 2024-11-29",54.8807,58.798100000000005,2024-11-29,49.983089447021484,DEMENTIE
2024-10-31,BNP.PA,REFLEXIVE,AUCUNE SEQUENCE,"AUCUNE SEQUENCE : écart contre TR12 dans ± 5 points, au 2024-11-29",-5.0,5.0,2024-11-29,-6.969662694515932,DEMENTIE
2024-10-31,TTE.PA,CANAL,,"clôture entre 51,77 € et 56,50 € au 2024-11-29",51.7727,56.504,2024-11-29,49.80348205566406,DEMENTIE
2024-10-31,TTE.PA,REFLEXIVE,RETOURNEMENT,"RETOURNEMENT : écart contre TR12 négatif ou nul, au 2024-11-29",,0.0,2024-11-29,-1.4660673512402855,CONFIRMEE
2024-10-31,SU.PA,CANAL,,"clôture entre 242,26 € et 245,42 € au 2024-11-29",242.2602,245.4221,2024-11-29,235.5184326171875,DEMENTIE
2024-10-31,SU.PA,REFLEXIVE,AUCUNE SEQUENCE,"AUCUNE SEQUENCE : écart contre TR12 dans ± 5 points, au 2024-11-29",-5.0,5.0,2024-11-29,5.4233620594496434,DEMENTIE
2024-10-31,AI.PA,CANAL,,"clôture entre 144,62 € et 157,68 € au 2024-11-29",144.6229,157.6771,2024-11-29,137.50503540039062,DEMENTIE
2024-10-31,AI.PA,REFLEXIVE,AUCUNE SEQUENCE,"AUCUNE SEQUENCE : écart contre TR12 dans ± 5 points, au 2024-11-29",-5.0,5.0,2024-11-29,-1.714586521585637,CONFIRMEE
2024-10-31,DG.PA,CANAL,,"clôture entre 92,02 € et 101,11 € au 2024-11-29",92.017,101.11370000000001,2024-11-29,93.14522552490234,CONFIRMEE
2024-10-31,DG.PA,REFLEXIVE,AUCUNE SEQUENCE,"AUCUNE SEQUENCE : écart contre TR12 dans ± 5 points, au 2024-11-29",-5.0,5.0,2024-11-29,0.0020413083848369595,CONFIRMEE
2024-10-31,CAP.PA,CANAL,,"clôture entre 146,17 € et 183,89 € au 2024-11-29",146.16989999999998,183.8895,2024-11-29,143.8513946533203,DEMENTIE
2024-10-31,CAP.PA,REFLEXIVE,RETOURNEMENT,"RETOURNEMENT : écart contre TR12 négatif ou nul, au 2024-11-29",,0.0,2024-11-29,-1.8180569226712517,CONFIRMEE
2024-10-31,RI.PA,CANAL,,"clôture entre 99,99 € et 122,80 € au 2024-11-29",99.99069999999999,122.7987,2024-11-29,96.68224334716797,DEMENTIE
2024-10-31,RI.PA,REFLEXIVE,RETOURNEMENT,"RETOURNEMENT : écart contre TR12 négatif ou nul, au 2024-11-29",,0.0,2024-11-29,-2.4527096679490157,CONFIRMEE
2024-10-31,ORA.PA,CANAL,,"clôture entre 8,84 € et 9,98 € au 2024-11-29",8.837100000000001,9.9751,2024-11-29,9.017858505249023,CONFIRMEE
2024-10-31,ORA.PA,REFLEXIVE,AUCUNE SEQUENCE,"AUCUNE SEQUENCE : écart contre TR12 dans ± 5 points, au 2024-11-29",-5.0,5.0,2024-11-29,2.668327816639904,CONFIRMEE
2024-11-29,AIR.PA,CANAL,,"clôture entre 136,10 € et 141,59 € au 2024-12-31",136.10399999999998,141.59,2024-12-31,148.630859375,DEMENTIE
2024-11-29,AIR.PA,REFLEXIVE,AUCUNE SEQUENCE,"AUCUNE SEQUENCE : écart contre TR12 dans ± 5 points, au 2024-12-31",-5.0,5.0,2024-12-31,3.0810741852460577,CONFIRMEE
2024-11-29,MC.PA,CANAL,,"clôture entre 524,23 € et 525,06 € au 2024-12-31",524.226,525.064,2024-12-31,610.6588745117188,DEMENTIE
2024-11-29,MC.PA,REFLEXIVE,AUCUNE SEQUENCE,"AUCUNE SEQUENCE : écart contre TR12 dans ± 5 points, au 2024-12-31",-5.0,5.0,2024-12-31,6.450486755791385,DEMENTIE
2024-11-29,OR.PA,CANAL,,"clôture entre 286,16 € et 285,83 € au 2024-12-31",286.158,285.826,2024-12-31,329.2966003417969,DEMENTIE
2024-11-29,OR.PA,REFLEXIVE,AUCUNE SEQUENCE,"AUCUNE SEQUENCE : écart contre TR12 dans ± 5 points, au 2024-12-31",-5.0,5.0,2024-12-31,2.2045870286061087,CONFIRMEE
2024-11-29,SAN.PA,CANAL,,"clôture entre 82,72 € et 116,50 € au 2024-12-31",82.71600000000001,116.5,2024-12-31,85.03131103515625,CONFIRMEE
2024-11-29,SAN.PA,REFLEXIVE,AUCUNE SEQUENCE,"AUCUNE SEQUENCE : écart contre TR12 dans ± 5 points, au 2024-12-31",-5.0,5.0,2024-12-31,-0.020127393219748768,CONFIRMEE
2024-11-29,BNP.PA,CANAL,,"clôture entre 47,92 € et 60,17 € au 2024-12-31",47.92,60.172,2024-12-31,52.259857177734375,CONFIRMEE
2024-11-29,BNP.PA,REFLEXIVE,AUCUNE SEQUENCE,"AUCUNE SEQUENCE : écart contre TR12 dans ± 5 points, au 2024-12-31",-5.0,5.0,2024-12-31,2.743221931549833,CONFIRMEE
2024-11-29,TTE.PA,CANAL,,"clôture entre 47,77 € et 56,24 € au 2024-12-31",47.77,56.238,2024-12-31,48.35386657714844,CONFIRMEE
2024-11-29,TTE.PA,REFLEXIVE,RETOURNEMENT,"RETOURNEMENT : écart contre TR12 négatif ou nul, au 2024-12-31",,0.0,2024-12-31,-4.722525045389747,CONFIRMEE
2024-11-29,SU.PA,CANAL,,"clôture entre 239,65 € et 253,68 € au 2024-12-31",239.64600000000002,253.67600000000002,2024-12-31,233.003662109375,DEMENTIE
2024-11-29,SU.PA,REFLEXIVE,AUCUNE SEQUENCE,"AUCUNE SEQUENCE : écart contre TR12 dans ± 5 points, au 2024-12-31",-5.0,5.0,2024-12-31,-2.8796136363901437,CONFIRMEE
2024-11-29,AI.PA,CANAL,,"clôture entre 134,95 € et 162,06 € au 2024-12-31",134.952,162.062,2024-12-31,137.1903076171875,CONFIRMEE
2024-11-29,AI.PA,REFLEXIVE,AUCUNE SEQUENCE,"AUCUNE SEQUENCE : écart contre TR12 dans ± 5 points, au 2024-12-31",-5.0,5.0,2024-12-31,-2.0407386582053877,CONFIRMEE
2024-11-29,DG.PA,CANAL,,"clôture entre 89,74 € et 109,74 € au 2024-12-31",89.744,109.738,2024-12-31,93.0333023071289,CONFIRMEE
2024-11-29,DG.PA,REFLEXIVE,AUCUNE SEQUENCE,"AUCUNE SEQUENCE : écart contre TR12 dans ± 5 points, au 2024-12-31",-5.0,5.0,2024-12-31,-1.932014015480732,CONFIRMEE
2024-11-29,CAP.PA,CANAL,,"clôture entre 136,21 € et 190,58 € au 2024-12-31",136.208,190.57999999999998,2024-12-31,149.77024841308594,CONFIRMEE
2024-11-29,CAP.PA,REFLEXIVE,RETOURNEMENT,"RETOURNEMENT : écart contre TR12 négatif ou nul, au 2024-12-31",,0.0,2024-12-31,2.302707155387518,DEMENTIE
2024-11-29,RI.PA,CANAL,,"clôture entre 90,42 € et 84,29 € au 2024-12-31",90.416,84.28999999999999,2024-12-31,99.51241302490234,DEMENTIE
2024-11-29,RI.PA,REFLEXIVE,AUCUNE SEQUENCE,"AUCUNE SEQUENCE : écart contre TR12 dans ± 5 points, au 2024-12-31",-5.0,5.0,2024-12-31,1.115435930738773,CONFIRMEE
2024-11-29,ORA.PA,CANAL,,"clôture entre 8,77 € et 8,80 € au 2024-12-31",8.766,8.804,2024-12-31,8.87534236907959,DEMENTIE
2024-11-29,ORA.PA,REFLEXIVE,AUCUNE SEQUENCE,"AUCUNE SEQUENCE : écart contre TR12 dans ± 5 points, au 2024-12-31",-5.0,5.0,2024-12-31,-3.3922308237528287,CONFIRMEE
2024-12-31,AIR.PA,CANAL,,"clôture entre 142,30 € et 160,03 € au 2025-01-31",142.29739999999998,160.0268,2025-01-31,160.48060607910156,DEMENTIE
2024-12-31,AIR.PA,REFLEXIVE,AUCUNE SEQUENCE,"AUCUNE SEQUENCE : écart contre TR12 dans ± 5 points, au 2025-01-31",-5.0,5.0,2025-01-31,0.5983374487436688,CONFIRMEE
2024-12-31,MC.PA,CANAL,,"clôture entre 514,69 € et 603,69 € au 2025-01-31",514.6886000000001,603.6912,2025-01-31,676.0008544921875,DEMENTIE
2024-12-31,MC.PA,REFLEXIVE,AUCUNE SEQUENCE,"AUCUNE SEQUENCE : écart contre TR12 dans ± 5 points, au 2025-01-31",-5.0,5.0,2025-01-31,3.3259779863803907,CONFIRMEE
2024-12-31,OR.PA,CANAL,,"clôture entre 270,48 € et 306,76 € au 2025-01-31",270.4828,306.7598,2025-01-31,345.3351745605469,DEMENTIE
2024-12-31,OR.PA,REFLEXIVE,AUCUNE SEQUENCE,"AUCUNE SEQUENCE : écart contre TR12 dans ± 5 points, au 2025-01-31",-5.0,5.0,2025-01-31,-2.5037087777262323,CONFIRMEE
2024-12-31,SAN.PA,CANAL,,"clôture entre 78,57 € et 81,24 € au 2025-01-31",78.56819999999999,81.24380000000001,2025-01-31,94.70097351074219,DEMENTIE
2024-12-31,SAN.PA,REFLEXIVE,AUCUNE SEQUENCE,"AUCUNE SEQUENCE : écart contre TR12 dans ± 5 points, au 2025-01-31",-5.0,5.0,2025-01-31,3.9976200535414064,CONFIRMEE
2024-12-31,BNP.PA,CANAL,,"clôture entre 47,63 € et 48,99 € au 2025-01-31",47.634,48.9924,2025-01-31,57.995906829833984,DEMENTIE
2024-12-31,BNP.PA,REFLEXIVE,AUCUNE SEQUENCE,"AUCUNE SEQUENCE : écart contre TR12 dans ± 5 points, au 2025-01-31",-5.0,5.0,2025-01-31,3.6017503466032386,CONFIRMEE
2024-12-31,TTE.PA,CANAL,,"clôture entre 44,20 € et 57,91 € au 2025-01-31",44.198,57.907799999999995,2025-01-31,51.85763931274414,CONFIRMEE
2024-12-31,TTE.PA,REFLEXIVE,RETOURNEMENT,"RETOURNEMENT : écart contre TR12 négatif ou nul, au 2025-01-31",,0.0,2025-01-31,-0.12815780393087284,CONFIRMEE
2024-12-31,SU.PA,CANAL,,"clôture entre 240,77 € et 249,67 € au 2025-01-31",240.7706,249.66860000000003,2025-01-31,237.30780029296875,DEMENTIE
2024-12-31,SU.PA,REFLEXIVE,AUCUNE SEQUENCE,"AUCUNE SEQUENCE : écart contre TR12 dans ± 5 points, au 2025-01-31",-5.0,5.0,2025-01-31,-5.527023868328151,DEMENTIE
2024-12-31,AI.PA,CANAL,,"clôture entre 132,91 € et 132,83 € au 2025-01-31",132.9088,132.8268,2025-01-31,147.40176391601562,DEMENTIE
2024-12-31,AI.PA,REFLEXIVE,AUCUNE SEQUENCE,"AUCUNE SEQUENCE : écart contre TR12 dans ± 5 points, au 2025-01-31",-5.0,5.0,2025-01-31,0.06901378719494922,CONFIRMEE
2024-12-31,DG.PA,CANAL,,"clôture entre 88,89 € et 90,46 € au 2025-01-31",88.8912,90.45739999999999,2025-01-31,97.47322845458984,DEMENTIE
2024-12-31,DG.PA,REFLEXIVE,AUCUNE SEQUENCE,"AUCUNE SEQUENCE : écart contre TR12 dans ± 5 points, au 2025-01-31",-5.0,5.0,2025-01-31,-2.6018592518504358,CONFIRMEE
2024-12-31,CAP.PA,CANAL,,"clôture entre 130,94 € et 136,39 € au 2025-01-31",130.93880000000001,136.3874,2025-01-31,166.62709045410156,DEMENTIE
2024-12-31,CAP.PA,REFLEXIVE,AUCUNE SEQUENCE,"AUCUNE SEQUENCE : écart contre TR12 dans ± 5 points, au 2025-01-31",-5.0,5.0,2025-01-31,3.8808694849903125,CONFIRMEE
2024-12-31,RI.PA,CANAL,,"clôture entre 86,76 € et 92,74 € au 2025-01-31",86.7618,92.7362,2025-01-31,100.60795593261719,DEMENTIE
2024-12-31,RI.PA,REFLEXIVE,AUCUNE SEQUENCE,"AUCUNE SEQUENCE : écart contre TR12 dans ± 5 points, au 2025-01-31",-5.0,5.0,2025-01-31,-6.273353636147672,DEMENTIE
2024-12-31,ORA.PA,CANAL,,"clôture entre 8,63 € et 8,61 € au 2025-01-31",8.634400000000001,8.6128,2025-01-31,9.563945770263672,DEMENTIE
2024-12-31,ORA.PA,REFLEXIVE,AUCUNE SEQUENCE,"AUCUNE SEQUENCE : écart contre TR12 dans ± 5 points, au 2025-01-31",-5.0,5.0,2025-01-31,0.3843478186648097,CONFIRMEE
2025-01-31,AIR.PA,CANAL,,"clôture entre 166,58 € et 167,02 € au 2025-02-28",166.584,167.016,2025-02-28,159.11703491210938,DEMENTIE
2025-01-31,AIR.PA,REFLEXIVE,AUTO-RENFORCEMENT,"AUTO-RENFORCEMENT : écart contre TR12 positif ou nul, au 2025-02-28",0.0,,2025-02-28,-1.3431986593928857,DEMENTIE
2025-01-31,MC.PA,CANAL,,"clôture entre 506,02 € et 749,25 € au 2025-02-28",506.0160000000001,749.254,2025-02-28,667.7369995117188,CONFIRMEE
2025-01-31,MC.PA,REFLEXIVE,AUTO-RENFORCEMENT,"AUTO-RENFORCEMENT : écart contre TR12 positif ou nul, au 2025-02-28",0.0,,2025-02-28,-1.7159811470336628,DEMENTIE
2025-01-31,OR.PA,CANAL,,"clôture entre 318,15 € et 342,99 € au 2025-02-28",318.15,342.99399999999997,2025-02-28,340.0371398925781,CONFIRMEE
2025-01-31,OR.PA,REFLEXIVE,AUCUNE SEQUENCE,"AUCUNE SEQUENCE : écart contre TR12 dans ± 5 points, au 2025-02-28",-5.0,5.0,2025-02-28,-2.027690681123262,CONFIRMEE
2025-01-31,SAN.PA,CANAL,,"clôture entre 74,92 € et 94,74 € au 2025-02-28",74.918,94.74,2025-02-28,94.66468811035156,CONFIRMEE
2025-01-31,SAN.PA,REFLEXIVE,AUCUNE SEQUENCE,"AUCUNE SEQUENCE : écart contre TR12 dans ± 5 points, au 2025-02-28",-5.0,5.0,2025-02-28,-0.5318347005812241,CONFIRMEE
2025-01-31,BNP.PA,CANAL,,"clôture entre 44,62 € et 58,05 € au 2025-02-28",44.620000000000005,58.05,2025-02-28,64.29674530029297,DEMENTIE
2025-01-31,BNP.PA,REFLEXIVE,AUCUNE SEQUENCE,"AUCUNE SEQUENCE : écart contre TR12 dans ± 5 points, au 2025-02-28",-5.0,5.0,2025-02-28,10.370762379438304,DEMENTIE
2025-01-31,TTE.PA,CANAL,,"clôture entre 41,22 € et 51,67 € au 2025-02-28",41.218,51.674,2025-02-28,53.13591003417969,DEMENTIE
2025-01-31,TTE.PA,REFLEXIVE,AUCUNE SEQUENCE,"AUCUNE SEQUENCE : écart contre TR12 dans ± 5 points, au 2025-02-28",-5.0,5.0,2025-02-28,1.9714423261369518,CONFIRMEE
2025-01-31,SU.PA,CANAL,,"clôture entre 222,05 € et 271,85 € au 2025-02-28",222.052,271.85400000000004,2025-02-28,226.28146362304688,CONFIRMEE
2025-01-31,SU.PA,REFLEXIVE,AUCUNE SEQUENCE,"AUCUNE SEQUENCE : écart contre TR12 dans ± 5 points, au 2025-02-28",-5.0,5.0,2025-02-28,-5.139947186781823,DEMENTIE
2025-01-31,AI.PA,CANAL,,"clôture entre 130,12 € et 147,24 € au 2025-02-28",130.11800000000002,147.238,2025-02-28,154.4134063720703,DEMENTIE
2025-01-31,AI.PA,REFLEXIVE,AUCUNE SEQUENCE,"AUCUNE SEQUENCE : écart contre TR12 dans ± 5 points, au 2025-02-28",-5.0,5.0,2025-02-28,4.263305044370536,CONFIRMEE
2025-01-31,DG.PA,CANAL,,"clôture entre 85,43 € et 97,11 € au 2025-02-28",85.426,97.106,2025-02-28,103.62942504882812,DEMENTIE
2025-01-31,DG.PA,REFLEXIVE,AUCUNE SEQUENCE,"AUCUNE SEQUENCE : écart contre TR12 dans ± 5 points, au 2025-02-28",-5.0,5.0,2025-02-28,5.822263038310349,DEMENTIE
2025-01-31,CAP.PA,CANAL,,"clôture entre 119,30 € et 163,45 € au 2025-02-28",119.298,163.446,2025-02-28,141.2471160888672,CONFIRMEE
2025-01-31,CAP.PA,REFLEXIVE,AUCUNE SEQUENCE,"AUCUNE SEQUENCE : écart contre TR12 dans ± 5 points, au 2025-02-28",-5.0,5.0,2025-02-28,-15.725120411496063,DEMENTIE
2025-01-31,RI.PA,CANAL,,"clôture entre 93,53 € et 96,82 € au 2025-02-28",93.534,96.816,2025-02-28,94.26290130615234,CONFIRMEE
2025-01-31,RI.PA,REFLEXIVE,AUCUNE SEQUENCE,"AUCUNE SEQUENCE : écart contre TR12 dans ± 5 points, au 2025-02-28",-5.0,5.0,2025-02-28,-6.800231530871614,DEMENTIE
2025-01-31,ORA.PA,CANAL,,"clôture entre 8,64 € et 9,60 € au 2025-02-28",8.644,9.602,2025-02-28,10.642483711242676,DEMENTIE
2025-01-31,ORA.PA,REFLEXIVE,AUCUNE SEQUENCE,"AUCUNE SEQUENCE : écart contre TR12 dans ± 5 points, au 2025-02-28",-5.0,5.0,2025-02-28,10.783604196203012,DEMENTIE
2025-02-28,AIR.PA,CANAL,,"clôture entre 163,74 € et 175,41 € au 2025-03-31",163.74009999999998,175.4112,2025-03-31,156.3130340576172,DEMENTIE
2025-02-28,AIR.PA,REFLEXIVE,AUCUNE SEQUENCE,"AUCUNE SEQUENCE : écart contre TR12 dans ± 5 points, au 2025-03-31",-5.0,5.0,2025-03-31,0.8587174727474167,CONFIRMEE
2025-02-28,MC.PA,CANAL,,"clôture entre 689,23 € et 764,20 € au 2025-03-31",689.226,764.1957,2025-03-31,549.3527221679688,DEMENTIE
2025-02-28,MC.PA,REFLEXIVE,AUCUNE SEQUENCE,"AUCUNE SEQUENCE : écart contre TR12 dans ± 5 points, au 2025-03-31",-5.0,5.0,2025-03-31,-15.108234516315278,DEMENTIE
2025-02-28,OR.PA,CANAL,,"clôture entre 322,31 € et 332,19 € au 2025-03-31",322.308,332.1897,2025-03-31,330.2598876953125,CONFIRMEE
2025-02-28,OR.PA,REFLEXIVE,AUCUNE SEQUENCE,"AUCUNE SEQUENCE : écart contre TR12 dans ± 5 points, au 2025-03-31",-5.0,5.0,2025-03-31,-0.25440541846492026,CONFIRMEE
2025-02-28,SAN.PA,CANAL,,"clôture entre 99,56 € et 95,77 € au 2025-03-31",99.56450000000001,95.7658,2025-03-31,92.45137023925781,DEMENTIE
2025-02-28,SAN.PA,REFLEXIVE,AUCUNE SEQUENCE,"AUCUNE SEQUENCE : écart contre TR12 dans ± 5 points, au 2025-03-31",-5.0,5.0,2025-03-31,0.2828822021856525,CONFIRMEE
2025-02-28,BNP.PA,CANAL,,"clôture entre 38,52 € et 66,26 € au 2025-03-31",38.516,66.26299999999999,2025-03-31,67.8707504272461,DEMENTIE
2025-02-28,BNP.PA,REFLEXIVE,AUTO-RENFORCEMENT,"AUTO-RENFORCEMENT : écart contre TR12 positif ou nul, au 2025-03-31",0.0,,2025-03-31,8.179552613071017,CONFIRMEE
2025-02-28,TTE.PA,CANAL,,"clôture entre 55,55 € et 54,08 € au 2025-03-31",55.5513,54.0778,2025-03-31,55.60495376586914,DEMENTIE
2025-02-28,TTE.PA,REFLEXIVE,AUCUNE SEQUENCE,"AUCUNE SEQUENCE : écart contre TR12 dans ± 5 points, au 2025-03-31",-5.0,5.0,2025-03-31,7.267600371689498,DEMENTIE
2025-02-28,SU.PA,CANAL,,"clôture entre 223,29 € et 278,16 € au 2025-03-31",223.2852,278.1642,2025-03-31,203.84194946289062,DEMENTIE
2025-02-28,SU.PA,REFLEXIVE,AUCUNE SEQUENCE,"AUCUNE SEQUENCE : écart contre TR12 dans ± 5 points, au 2025-03-31",-5.0,5.0,2025-03-31,-7.295695339863883,DEMENTIE
2025-02-28,AI.PA,CANAL,,"clôture entre 162,42 € et 157,81 € au 2025-03-31",162.42059999999998,157.814,2025-03-31,153.11949157714844,DEMENTIE
2025-02-28,AI.PA,REFLEXIVE,AUCUNE SEQUENCE,"AUCUNE SEQUENCE : écart contre TR12 dans ± 5 points, au 2025-03-31",-5.0,5.0,2025-03-31,1.7829879456185305,CONFIRMEE
2025-02-28,DG.PA,CANAL,,clôture entre - € et - € au 2025-03-31,,,2025-03-31,108.47978210449219,NON TRANCHEE
2025-02-28,DG.PA,REFLEXIVE,AUCUNE SEQUENCE,"AUCUNE SEQUENCE : écart contre TR12 dans ± 5 points, au 2025-03-31",-5.0,5.0,2025-03-31,7.301425356989388,DEMENTIE
2025-02-28,CAP.PA,CANAL,,"clôture entre 140,48 € et 172,75 € au 2025-03-31",140.48219999999998,172.7526,2025-03-31,130.7352752685547,DEMENTIE
2025-02-28,CAP.PA,REFLEXIVE,RETOURNEMENT,"RETOURNEMENT : écart contre TR12 négatif ou nul, au 2025-03-31",,0.0,2025-03-31,-4.8212202435026,CONFIRMEE
2025-02-28,RI.PA,CANAL,,"clôture entre 84,77 € et 91,09 € au 2025-03-31",84.7709,91.0938,2025-03-31,83.31654357910156,DEMENTIE
2025-02-28,RI.PA,REFLEXIVE,AUCUNE SEQUENCE,"AUCUNE SEQUENCE : écart contre TR12 dans ± 5 points, au 2025-03-31",-5.0,5.0,2025-03-31,-8.991640175325788,DEMENTIE
2025-02-28,ORA.PA,CANAL,,"clôture entre 8,64 € et 10,81 € au 2025-03-31",8.644200000000001,10.8133,2025-03-31,11.057305335998535,DEMENTIE
2025-02-28,ORA.PA,REFLEXIVE,AUTO-RENFORCEMENT,"AUTO-RENFORCEMENT : écart contre TR12 positif ou nul, au 2025-03-31",0.0,,2025-03-31,6.518732517765935,CONFIRMEE
2025-03-31,AIR.PA,CANAL,,"clôture entre 161,13 € et 182,18 € au 2025-04-30",161.126,182.184,2025-04-30,144.47048950195312,DEMENTIE
2025-03-31,AIR.PA,REFLEXIVE,AUCUNE SEQUENCE,"AUCUNE SEQUENCE : écart contre TR12 dans ± 5 points, au 2025-04-30",-5.0,5.0,2025-04-30,-6.815420344634804,DEMENTIE
2025-03-31,MC.PA,CANAL,,"clôture entre 547,28 € et 822,69 € au 2025-04-30",547.284,822.694,2025-04-30,475.96356201171875,DEMENTIE
2025-03-31,MC.PA,REFLEXIVE,AUCUNE SEQUENCE,"AUCUNE SEQUENCE : écart contre TR12 dans ± 5 points, au 2025-04-30",-5.0,5.0,2025-04-30,-12.598453889946825,DEMENTIE
2025-03-31,OR.PA,CANAL,,"clôture entre 331,12 € et 349,39 € au 2025-04-30",331.118,349.388,2025-04-30,372.78857421875,DEMENTIE
2025-03-31,OR.PA,REFLEXIVE,AUCUNE SEQUENCE,"AUCUNE SEQUENCE : écart contre TR12 dans ± 5 points, au 2025-04-30",-5.0,5.0,2025-04-30,13.638091171538802,DEMENTIE
2025-03-31,SAN.PA,CANAL,,"clôture entre 94,93 € et 103,34 € au 2025-04-30",94.93,103.34,2025-04-30,86.99063873291016,DEMENTIE
2025-03-31,SAN.PA,REFLEXIVE,AUCUNE SEQUENCE,"AUCUNE SEQUENCE : écart contre TR12 dans ± 5 points, au 2025-04-30",-5.0,5.0,2025-04-30,-5.1458469726682,DEMENTIE
2025-03-31,BNP.PA,CANAL,,"clôture entre 72,77 € et 74,88 € au 2025-04-30",72.768,74.876,2025-04-30,65.55867767333984,DEMENTIE
2025-03-31,BNP.PA,REFLEXIVE,AUCUNE SEQUENCE,"AUCUNE SEQUENCE : écart contre TR12 dans ± 5 points, au 2025-04-30",-5.0,5.0,2025-04-30,-2.645830173227215,CONFIRMEE
2025-03-31,TTE.PA,CANAL,,"clôture entre 54,66 € et 56,76 € au 2025-04-30",54.656,56.764,2025-04-30,47.68269348144531,DEMENTIE
2025-03-31,TTE.PA,REFLEXIVE,AUCUNE SEQUENCE,"AUCUNE SEQUENCE : écart contre TR12 dans ± 5 points, au 2025-04-30",-5.0,5.0,2025-04-30,-13.486648375681387,DEMENTIE
2025-03-31,SU.PA,CANAL,,"clôture entre 198,54 € et 287,27 € au 2025-04-30",198.536,287.27,2025-04-30,197.5066375732422,DEMENTIE
2025-03-31,SU.PA,REFLEXIVE,AUCUNE SEQUENCE,"AUCUNE SEQUENCE : écart contre TR12 dans ± 5 points, au 2025-04-30",-5.0,5.0,2025-04-30,-2.347201146904443,CONFIRMEE
2025-03-31,AI.PA,CANAL,,"clôture entre 158,42 € et 165,89 € au 2025-04-30",158.42200000000003,165.892,2025-04-30,157.85801696777344,DEMENTIE
2025-03-31,AI.PA,REFLEXIVE,AUCUNE SEQUENCE,"AUCUNE SEQUENCE : écart contre TR12 dans ± 5 points, au 2025-04-30",-5.0,5.0,2025-04-30,3.8554103261948747,CONFIRMEE
2025-03-31,DG.PA,CANAL,,"clôture entre 114,56 € et 114,95 € au 2025-04-30",114.56200000000001,114.954,2025-04-30,118.00370788574219,DEMENTIE
2025-03-31,DG.PA,REFLEXIVE,AUCUNE SEQUENCE,"AUCUNE SEQUENCE : écart contre TR12 dans ± 5 points, au 2025-04-30",-5.0,5.0,2025-04-30,9.540199549701844,DEMENTIE
2025-03-31,CAP.PA,CANAL,,"clôture entre 127,62 € et 177,22 € au 2025-04-30",127.61999999999999,177.218,2025-04-30,132.4398956298828,CONFIRMEE
2025-03-31,CAP.PA,REFLEXIVE,RETOURNEMENT,"RETOURNEMENT : écart contre TR12 négatif ou nul, au 2025-04-30",,0.0,2025-04-30,2.0646235874658414,DEMENTIE
2025-03-31,RI.PA,CANAL,,"clôture entre 80,01 € et 89,92 € au 2025-04-30",80.014,89.922,2025-04-30,86.93185424804688,CONFIRMEE
2025-03-31,RI.PA,REFLEXIVE,RETOURNEMENT,"RETOURNEMENT : écart contre TR12 négatif ou nul, au 2025-04-30",,0.0,2025-04-30,5.099998868444788,DEMENTIE
2025-03-31,ORA.PA,CANAL,,"clôture entre 11,46 € et 11,61 € au 2025-04-30",11.458,11.613999999999999,2025-04-30,11.785547256469727,DEMENTIE
2025-03-31,ORA.PA,REFLEXIVE,AUCUNE SEQUENCE,"AUCUNE SEQUENCE : écart contre TR12 dans ± 5 points, au 2025-04-30",-5.0,5.0,2025-04-30,7.346822267597619,DEMENTIE
2025-04-30,AIR.PA,CANAL,,"clôture entre 118,24 € et 188,45 € au 2025-05-30",118.243,188.4522,2025-05-30,159.1394500732422,CONFIRMEE
2025-04-30,AIR.PA,REFLEXIVE,AUCUNE SEQUENCE,"AUCUNE SEQUENCE : écart contre TR12 dans ± 5 points, au 2025-05-30",-5.0,5.0,2025-05-30,7.23513652269987,DEMENTIE
2025-04-30,MC.PA,CANAL,,"clôture entre 431,79 € et 387,88 € au 2025-05-30",431.78679999999997,387.8796,2025-05-30,466.5496826171875,DEMENTIE
2025-04-30,MC.PA,REFLEXIVE,AUCUNE SEQUENCE,"AUCUNE SEQUENCE : écart contre TR12 dans ± 5 points, au 2025-05-30",-5.0,5.0,2025-05-30,-4.8963240639662615,CONFIRMEE
2025-04-30,OR.PA,CANAL,,"clôture entre 318,48 € et 381,96 € au 2025-05-30",318.4781,381.958,2025-05-30,365.22503662109375,CONFIRMEE
2025-04-30,OR.PA,REFLEXIVE,AUTO-RENFORCEMENT,"AUTO-RENFORCEMENT : écart contre TR12 positif ou nul, au 2025-05-30",0.0,,2025-05-30,-4.947375008284083,DEMENTIE
2025-04-30,SAN.PA,CANAL,,"clôture entre 77,60 € et 109,43 € au 2025-05-30",77.5982,109.4301,2025-05-30,82.88585662841797,CONFIRMEE
2025-04-30,SAN.PA,REFLEXIVE,AUCUNE SEQUENCE,"AUCUNE SEQUENCE : écart contre TR12 dans ± 5 points, au 2025-05-30",-5.0,5.0,2025-05-30,-7.637114983227855,DEMENTIE
2025-04-30,BNP.PA,CANAL,,"clôture entre 56,08 € et 80,79 € au 2025-05-30",56.0825,80.79050000000001,2025-05-30,72.44466400146484,CONFIRMEE
2025-04-30,BNP.PA,REFLEXIVE,AUCUNE SEQUENCE,"AUCUNE SEQUENCE : écart contre TR12 dans ± 5 points, au 2025-05-30",-5.0,5.0,2025-05-30,7.585079801211347,DEMENTIE
2025-04-30,TTE.PA,CANAL,,"clôture entre 43,70 € et 58,58 € au 2025-05-30",43.7032,58.5799,2025-05-30,48.148712158203125,CONFIRMEE
2025-04-30,TTE.PA,REFLEXIVE,AUCUNE SEQUENCE,"AUCUNE SEQUENCE : écart contre TR12 dans ± 5 points, au 2025-05-30",-5.0,5.0,2025-05-30,-1.9411339490460922,CONFIRMEE
2025-04-30,SU.PA,CANAL,,"clôture entre 144,43 € et 188,72 € au 2025-05-30",144.4303,188.7181,2025-05-30,217.9396209716797,DEMENTIE
2025-04-30,SU.PA,REFLEXIVE,AUCUNE SEQUENCE,"AUCUNE SEQUENCE : écart contre TR12 dans ± 5 points, au 2025-05-30",-5.0,5.0,2025-05-30,7.42699978580057,DEMENTIE
2025-04-30,AI.PA,CANAL,,"clôture entre 141,39 € et 155,61 € au 2025-05-30",141.3885,155.6081,2025-05-30,162.33697509765625,DEMENTIE
2025-04-30,AI.PA,REFLEXIVE,AUTO-RENFORCEMENT,"AUTO-RENFORCEMENT : écart contre TR12 positif ou nul, au 2025-05-30",0.0,,2025-05-30,-0.08113357282446554,DEMENTIE
2025-04-30,DG.PA,CANAL,,"clôture entre 100,38 € et 122,77 € au 2025-05-30",100.37559999999999,122.77369999999999,2025-05-30,121.13187408447266,CONFIRMEE
2025-04-30,DG.PA,REFLEXIVE,AUTO-RENFORCEMENT,"AUTO-RENFORCEMENT : écart contre TR12 positif ou nul, au 2025-05-30",0.0,,2025-05-30,-0.26756189780892115,DEMENTIE
2025-04-30,CAP.PA,CANAL,,"clôture entre 89,24 € et 118,63 € au 2025-05-30",89.24340000000001,118.63340000000001,2025-05-30,141.6922607421875,DEMENTIE
2025-04-30,CAP.PA,REFLEXIVE,AUCUNE SEQUENCE,"AUCUNE SEQUENCE : écart contre TR12 dans ± 5 points, au 2025-05-30",-5.0,5.0,2025-05-30,4.06761917643621,CONFIRMEE
2025-04-30,RI.PA,CANAL,,"clôture entre 68,70 € et 83,25 € au 2025-05-30",68.69829999999999,83.2536,2025-05-30,83.09741973876953,CONFIRMEE
2025-04-30,RI.PA,REFLEXIVE,AUCUNE SEQUENCE,"AUCUNE SEQUENCE : écart contre TR12 dans ± 5 points, au 2025-05-30",-5.0,5.0,2025-05-30,-7.329317841934935,DEMENTIE
2025-04-30,ORA.PA,CANAL,,"clôture entre 11,26 € et 12,47 € au 2025-05-30",11.263900000000001,12.4713,2025-05-30,12.108187675476074,CONFIRMEE
2025-04-30,ORA.PA,REFLEXIVE,AUTO-RENFORCEMENT,"AUTO-RENFORCEMENT : écart contre TR12 positif ou nul, au 2025-05-30",0.0,,2025-05-30,-0.180873035039264,DEMENTIE
2025-05-30,AIR.PA,CANAL,,"clôture entre 102,84 € et 159,83 € au 2025-06-30",102.8429,159.8288,2025-06-30,174.04403686523438,DEMENTIE
2025-05-30,AIR.PA,REFLEXIVE,AUCUNE SEQUENCE,"AUCUNE SEQUENCE : écart contre TR12 dans ± 5 points, au 2025-06-30",-5.0,5.0,2025-06-30,10.251608210970453,DEMENTIE
2025-05-30,MC.PA,CANAL,,"clôture entre 380,57 € et 424,70 € au 2025-06-30",380.5678,424.70180000000005,2025-06-30,433.7229309082031,DEMENTIE
2025-05-30,MC.PA,REFLEXIVE,AUCUNE SEQUENCE,"AUCUNE SEQUENCE : écart contre TR12 dans ± 5 points, au 2025-06-30",-5.0,5.0,2025-06-30,-6.150199315668425,DEMENTIE
2025-05-30,OR.PA,CANAL,,"clôture entre 385,28 € et 402,33 € au 2025-06-30",385.2769,402.3328,2025-06-30,356.104248046875,DEMENTIE
2025-05-30,OR.PA,REFLEXIVE,AUCUNE SEQUENCE,"AUCUNE SEQUENCE : écart contre TR12 dans ± 5 points, au 2025-06-30",-5.0,5.0,2025-06-30,-1.6114380744673196,CONFIRMEE
2025-05-30,SAN.PA,CANAL,,"clôture entre 82,62 € et 83,18 € au 2025-06-30",82.6194,83.1762,2025-06-30,77.85702514648438,DEMENTIE
2025-05-30,SAN.PA,REFLEXIVE,AUCUNE SEQUENCE,"AUCUNE SEQUENCE : écart contre TR12 dans ± 5 points, au 2025-06-30",-5.0,5.0,2025-06-30,-5.181308397650641,DEMENTIE
2025-05-30,BNP.PA,CANAL,,"clôture entre 82,53 € et 75,08 € au 2025-06-30",82.53349999999999,75.08279999999999,2025-06-30,71.67457580566406,DEMENTIE
2025-05-30,BNP.PA,REFLEXIVE,AUCUNE SEQUENCE,"AUCUNE SEQUENCE : écart contre TR12 dans ± 5 points, au 2025-06-30",-5.0,5.0,2025-06-30,-0.17713353243971053,CONFIRMEE
2025-05-30,TTE.PA,CANAL,,"clôture entre 43,26 € et 44,65 € au 2025-06-30",43.263200000000005,44.6526,2025-06-30,49.32671356201172,DEMENTIE
2025-05-30,TTE.PA,REFLEXIVE,AUCUNE SEQUENCE,"AUCUNE SEQUENCE : écart contre TR12 dans ± 5 points, au 2025-06-30",-5.0,5.0,2025-06-30,3.3324580649103708,CONFIRMEE
2025-05-30,SU.PA,CANAL,,"clôture entre 244,86 € et 214,65 € au 2025-06-30",244.8576,214.6515,2025-06-30,222.32106018066406,DEMENTIE
2025-05-30,SU.PA,REFLEXIVE,AUCUNE SEQUENCE,"AUCUNE SEQUENCE : écart contre TR12 dans ± 5 points, au 2025-06-30",-5.0,5.0,2025-06-30,2.8962597378134336,CONFIRMEE
2025-05-30,AI.PA,CANAL,,"clôture entre 175,91 € et 167,75 € au 2025-06-30",175.9079,167.7542,2025-06-30,155.87554931640625,DEMENTIE
2025-05-30,AI.PA,REFLEXIVE,AUCUNE SEQUENCE,"AUCUNE SEQUENCE : écart contre TR12 dans ± 5 points, au 2025-06-30",-5.0,5.0,2025-06-30,-3.0943867070777342,CONFIRMEE
2025-05-30,DG.PA,CANAL,,"clôture entre 135,20 € et 132,15 € au 2025-06-30",135.2021,132.1534,2025-06-30,120.40998840332031,DEMENTIE
2025-05-30,DG.PA,REFLEXIVE,AUCUNE SEQUENCE,"AUCUNE SEQUENCE : écart contre TR12 dans ± 5 points, au 2025-06-30",-5.0,5.0,2025-06-30,0.289918195051031,CONFIRMEE
2025-05-30,CAP.PA,CANAL,,"clôture entre 163,35 € et 135,73 € au 2025-06-30",163.3522,135.7291,2025-06-30,140.5296630859375,DEMENTIE
2025-05-30,CAP.PA,REFLEXIVE,AUCUNE SEQUENCE,"AUCUNE SEQUENCE : écart contre TR12 dans ± 5 points, au 2025-06-30",-5.0,5.0,2025-06-30,0.06535949153755327,CONFIRMEE
2025-05-30,RI.PA,CANAL,,"clôture entre 87,06 € et 84,89 € au 2025-06-30",87.0633,84.8885,2025-06-30,77.2362289428711,DEMENTIE
2025-05-30,RI.PA,REFLEXIVE,RETOURNEMENT,"RETOURNEMENT : écart contre TR12 négatif ou nul, au 2025-06-30",,0.0,2025-06-30,-6.167528437389979,CONFIRMEE
2025-05-30,ORA.PA,CANAL,,"clôture entre 11,81 € et 13,12 € au 2025-06-30",11.8139,13.1154,2025-06-30,12.325410842895508,CONFIRMEE
2025-05-30,ORA.PA,REFLEXIVE,AUTO-RENFORCEMENT,"AUTO-RENFORCEMENT : écart contre TR12 positif ou nul, au 2025-06-30",0.0,,2025-06-30,2.679887258717628,CONFIRMEE
2025-06-30,AIR.PA,CANAL,,"clôture entre 179,47 € et 176,95 € au 2025-07-31",179.4703,176.9451,2025-07-31,172.84616088867188,DEMENTIE
2025-06-30,AIR.PA,REFLEXIVE,AUCUNE SEQUENCE,"AUCUNE SEQUENCE : écart contre TR12 dans ± 5 points, au 2025-07-31",-5.0,5.0,2025-07-31,-1.712768562171385,CONFIRMEE
2025-06-30,MC.PA,CANAL,,"clôture entre 411,22 € et 380,40 € au 2025-07-31",411.2197,380.3978,2025-07-31,460.7940368652344,DEMENTIE
2025-06-30,MC.PA,REFLEXIVE,AUCUNE SEQUENCE,"AUCUNE SEQUENCE : écart contre TR12 dans ± 5 points, au 2025-07-31",-5.0,5.0,2025-07-31,5.217058402604224,DEMENTIE
2025-06-30,OR.PA,CANAL,,"clôture entre 353,90 € et 412,38 € au 2025-07-31",353.9038,412.3764,2025-07-31,381.8484802246094,CONFIRMEE
2025-06-30,OR.PA,REFLEXIVE,AUCUNE SEQUENCE,"AUCUNE SEQUENCE : écart contre TR12 dans ± 5 points, au 2025-07-31",-5.0,5.0,2025-07-31,6.2049006117707695,DEMENTIE
2025-06-30,SAN.PA,CANAL,,"clôture entre 76,78 € et 77,94 € au 2025-07-31",76.7821,77.9406,2025-07-31,74.66545867919922,DEMENTIE
2025-06-30,SAN.PA,REFLEXIVE,RETOURNEMENT,"RETOURNEMENT : écart contre TR12 négatif ou nul, au 2025-07-31",,0.0,2025-07-31,-5.123774161883055,CONFIRMEE
2025-06-30,BNP.PA,CANAL,,"clôture entre 75,89 € et 76,16 € au 2025-07-31",75.8934,76.1564,2025-07-31,75.18692779541016,DEMENTIE
2025-06-30,BNP.PA,REFLEXIVE,AUCUNE SEQUENCE,"AUCUNE SEQUENCE : écart contre TR12 dans ± 5 points, au 2025-07-31",-5.0,5.0,2025-07-31,3.8759071729918215,CONFIRMEE
2025-06-30,TTE.PA,CANAL,,"clôture entre 50,74 € et 50,09 € au 2025-07-31",50.735299999999995,50.0936,2025-07-31,49.25096893310547,DEMENTIE
2025-06-30,TTE.PA,REFLEXIVE,AUCUNE SEQUENCE,"AUCUNE SEQUENCE : écart contre TR12 dans ± 5 points, au 2025-07-31",-5.0,5.0,2025-07-31,-1.178065296457942,CONFIRMEE
2025-06-30,SU.PA,CANAL,,"clôture entre 230,58 € et 218,72 € au 2025-07-31",230.5801,218.7246,2025-07-31,224.73330688476562,DEMENTIE
2025-06-30,SU.PA,REFLEXIVE,AUCUNE SEQUENCE,"AUCUNE SEQUENCE : écart contre TR12 dans ± 5 points, au 2025-07-31",-5.0,5.0,2025-07-31,0.060520146336418,CONFIRMEE
2025-06-30,AI.PA,CANAL,,"clôture entre 162,34 € et 169,36 € au 2025-07-31",162.3432,169.3646,2025-07-31,153.79293823242188,DEMENTIE
2025-06-30,AI.PA,REFLEXIVE,AUCUNE SEQUENCE,"AUCUNE SEQUENCE : écart contre TR12 dans ± 5 points, au 2025-07-31",-5.0,5.0,2025-07-31,-2.3605812532839665,CONFIRMEE
2025-06-30,DG.PA,CANAL,,"clôture entre 126,50 € et 138,50 € au 2025-07-31",126.4978,138.50310000000002,2025-07-31,117.04119873046875,DEMENTIE
2025-06-30,DG.PA,REFLEXIVE,AUCUNE SEQUENCE,"AUCUNE SEQUENCE : écart contre TR12 dans ± 5 points, au 2025-07-31",-5.0,5.0,2025-07-31,-3.8222742455724434,CONFIRMEE
2025-06-30,CAP.PA,CANAL,,"clôture entre 151,69 € et 139,02 € au 2025-07-31",151.6897,139.0189,2025-07-31,126.82061767578125,DEMENTIE
2025-06-30,CAP.PA,REFLEXIVE,RETOURNEMENT,"RETOURNEMENT : écart contre TR12 négatif ou nul, au 2025-07-31",,0.0,2025-07-31,-10.779776392987339,CONFIRMEE
2025-06-30,RI.PA,CANAL,,"clôture entre 77,22 € et 74,05 € au 2025-07-31",77.22479999999999,74.05080000000001,2025-07-31,84.57027435302734,DEMENTIE
2025-06-30,RI.PA,REFLEXIVE,RETOURNEMENT,"RETOURNEMENT : écart contre TR12 négatif ou nul, au 2025-07-31",,0.0,2025-07-31,8.471094378691046,DEMENTIE
2025-06-30,ORA.PA,CANAL,,"clôture entre 12,86 € et 13,75 € au 2025-07-31",12.856800000000002,13.7502,2025-07-31,12.735780715942383,DEMENTIE
2025-06-30,ORA.PA,REFLEXIVE,AUCUNE SEQUENCE,"AUCUNE SEQUENCE : écart contre TR12 dans ± 5 points, au 2025-07-31",-5.0,5.0,2025-07-31,2.304953740281701,CONFIRMEE
2025-07-31,AIR.PA,CANAL,,"clôture entre 185,88 € et 187,78 € au 2025-08-29",185.8827,187.7811,2025-08-29,175.81137084960938,DEMENTIE
2025-07-31,AIR.PA,REFLEXIVE,AUCUNE SEQUENCE,"AUCUNE SEQUENCE : écart contre TR12 dans ± 5 points, au 2025-08-29",-5.0,5.0,2025-08-29,1.1127125222178291,CONFIRMEE
2025-07-31,MC.PA,CANAL,,"clôture entre 398,91 € et 444,04 € au 2025-08-29",398.9119,444.0421,2025-08-29,491.7672424316406,DEMENTIE
2025-07-31,MC.PA,REFLEXIVE,AUCUNE SEQUENCE,"AUCUNE SEQUENCE : écart contre TR12 dans ± 5 points, au 2025-08-29",-5.0,5.0,2025-08-29,6.118895586270057,DEMENTIE
2025-07-31,OR.PA,CANAL,,"clôture entre 364,20 € et 392,86 € au 2025-08-29",364.20259999999996,392.8556,2025-08-29,390.2337341308594,CONFIRMEE
2025-07-31,OR.PA,REFLEXIVE,AUCUNE SEQUENCE,"AUCUNE SEQUENCE : écart contre TR12 dans ± 5 points, au 2025-08-29",-5.0,5.0,2025-08-29,1.5931564821216826,CONFIRMEE
2025-07-31,SAN.PA,CANAL,,"clôture entre 73,18 € et 78,04 € au 2025-08-29",73.17790000000001,78.04299999999999,2025-08-29,80.01629638671875,DEMENTIE
2025-07-31,SAN.PA,REFLEXIVE,AUCUNE SEQUENCE,"AUCUNE SEQUENCE : écart contre TR12 dans ± 5 points, au 2025-08-29",-5.0,5.0,2025-08-29,6.563609252851599,DEMENTIE
2025-07-31,BNP.PA,CANAL,,"clôture entre 78,31 € et 77,39 € au 2025-08-29",78.3104,77.3911,2025-08-29,72.15353393554688,DEMENTIE
2025-07-31,BNP.PA,REFLEXIVE,AUCUNE SEQUENCE,"AUCUNE SEQUENCE : écart contre TR12 dans ± 5 points, au 2025-08-29",-5.0,5.0,2025-08-29,-4.637276942132262,CONFIRMEE
2025-07-31,TTE.PA,CANAL,,"clôture entre 49,18 € et 49,00 € au 2025-08-29",49.1822,48.998,2025-08-29,50.65218734741211,DEMENTIE
2025-07-31,TTE.PA,REFLEXIVE,AUCUNE SEQUENCE,"AUCUNE SEQUENCE : écart contre TR12 dans ± 5 points, au 2025-08-29",-5.0,5.0,2025-08-29,2.242250369114829,CONFIRMEE
2025-07-31,SU.PA,CANAL,,"clôture entre 240,18 € et 237,58 € au 2025-08-29",240.1797,237.5848,2025-08-29,206.813720703125,DEMENTIE
2025-07-31,SU.PA,REFLEXIVE,AUCUNE SEQUENCE,"AUCUNE SEQUENCE : écart contre TR12 dans ± 5 points, au 2025-08-29",-5.0,5.0,2025-08-29,-8.576518977026604,DEMENTIE
2025-07-31,AI.PA,CANAL,,"clôture entre 156,37 € et 153,92 € au 2025-08-29",156.3708,153.9228,2025-08-29,156.8367462158203,DEMENTIE
2025-07-31,AI.PA,REFLEXIVE,AUCUNE SEQUENCE,"AUCUNE SEQUENCE : écart contre TR12 dans ± 5 points, au 2025-08-29",-5.0,5.0,2025-08-29,1.376352594057506,CONFIRMEE
2025-07-31,DG.PA,CANAL,,"clôture entre 122,30 € et 120,59 € au 2025-08-29",122.2984,120.5909,2025-08-29,111.55490112304688,DEMENTIE
2025-07-31,DG.PA,REFLEXIVE,AUCUNE SEQUENCE,"AUCUNE SEQUENCE : écart contre TR12 dans ± 5 points, au 2025-08-29",-5.0,5.0,2025-08-29,-5.290299856094071,DEMENTIE
2025-07-31,CAP.PA,CANAL,,"clôture entre 132,64 € et 133,13 € au 2025-08-29",132.6399,133.1252,2025-08-29,117.66512298583984,DEMENTIE
2025-07-31,CAP.PA,REFLEXIVE,RETOURNEMENT,"RETOURNEMENT : écart contre TR12 négatif ou nul, au 2025-08-29",,0.0,2025-08-29,-7.822055019775576,CONFIRMEE
2025-07-31,RI.PA,CANAL,,"clôture entre 77,59 € et 94,98 € au 2025-08-29",77.5896,94.984,2025-08-29,90.97200775146484,CONFIRMEE
2025-07-31,RI.PA,REFLEXIVE,AUCUNE SEQUENCE,"AUCUNE SEQUENCE : écart contre TR12 dans ± 5 points, au 2025-08-29",-5.0,5.0,2025-08-29,6.966913315060874,DEMENTIE
2025-07-31,ORA.PA,CANAL,,"clôture entre 12,89 € et 14,33 € au 2025-08-29",12.8934,14.3254,2025-08-29,13.265443801879883,CONFIRMEE
2025-07-31,ORA.PA,REFLEXIVE,AUCUNE SEQUENCE,"AUCUNE SEQUENCE : écart contre TR12 dans ± 5 points, au 2025-08-29",-5.0,5.0,2025-08-29,3.55605120917315,CONFIRMEE
2025-08-29,AIR.PA,CANAL,,"clôture entre 185,66 € et 194,77 € au 2025-09-30",185.6572,194.7734,2025-09-30,193.81863403320312,CONFIRMEE
2025-08-29,AIR.PA,REFLEXIVE,AUCUNE SEQUENCE,"AUCUNE SEQUENCE : écart contre TR12 dans ± 5 points, au 2025-09-30",-5.0,5.0,2025-09-30,10.024405201952046,DEMENTIE
2025-08-29,MC.PA,CANAL,,"clôture entre 453,20 € et 495,44 € au 2025-09-30",453.204,495.43519999999995,2025-09-30,507.76605224609375,DEMENTIE
2025-08-29,MC.PA,REFLEXIVE,AUCUNE SEQUENCE,"AUCUNE SEQUENCE : écart contre TR12 dans ± 5 points, au 2025-09-30",-5.0,5.0,2025-09-30,3.035358043977743,CONFIRMEE
2025-08-29,OR.PA,CANAL,,"clôture entre 375,00 € et 405,69 € au 2025-09-30",375.0032,405.6912,2025-09-30,361.4001770019531,DEMENTIE
2025-08-29,OR.PA,REFLEXIVE,AUTO-RENFORCEMENT,"AUTO-RENFORCEMENT : écart contre TR12 positif ou nul, au 2025-09-30",0.0,,2025-09-30,-7.606763207313971,DEMENTIE
2025-08-29,SAN.PA,CANAL,,"clôture entre 69,83 € et 80,04 € au 2025-09-30",69.83080000000001,80.04499999999999,2025-09-30,74.39082336425781,CONFIRMEE
2025-08-29,SAN.PA,REFLEXIVE,AUCUNE SEQUENCE,"AUCUNE SEQUENCE : écart contre TR12 dans ± 5 points, au 2025-09-30",-5.0,5.0,2025-09-30,-7.2483808182865594,DEMENTIE
2025-08-29,BNP.PA,CANAL,,"clôture entre 74,13 € et 81,96 € au 2025-09-30",74.13,81.961,2025-09-30,75.10324096679688,CONFIRMEE
2025-08-29,BNP.PA,REFLEXIVE,AUCUNE SEQUENCE,"AUCUNE SEQUENCE : écart contre TR12 dans ± 5 points, au 2025-09-30",-5.0,5.0,2025-09-30,3.8701261284238564,CONFIRMEE
2025-08-29,TTE.PA,CANAL,,"clôture entre 50,24 € et 50,76 € au 2025-09-30",50.2404,50.7614,2025-09-30,48.97640609741211,DEMENTIE
2025-08-29,TTE.PA,REFLEXIVE,AUCUNE SEQUENCE,"AUCUNE SEQUENCE : écart contre TR12 dans ± 5 points, au 2025-09-30",-5.0,5.0,2025-09-30,-3.5263801258208716,CONFIRMEE
2025-08-29,SU.PA,CANAL,,"clôture entre 215,25 € et 244,37 € au 2025-09-30",215.2508,244.3692,2025-09-30,233.9392547607422,CONFIRMEE
2025-08-29,SU.PA,REFLEXIVE,AUCUNE SEQUENCE,"AUCUNE SEQUENCE : écart contre TR12 dans ± 5 points, au 2025-09-30",-5.0,5.0,2025-09-30,12.897954085997831,DEMENTIE
2025-08-29,AI.PA,CANAL,,"clôture entre 157,48 € et 164,32 € au 2025-09-30",157.4784,164.3224,2025-09-30,157.40635681152344,DEMENTIE
2025-08-29,AI.PA,REFLEXIVE,AUCUNE SEQUENCE,"AUCUNE SEQUENCE : écart contre TR12 dans ± 5 points, au 2025-09-30",-5.0,5.0,2025-09-30,0.1452152818706809,CONFIRMEE
2025-08-29,DG.PA,CANAL,,"clôture entre 112,43 € et 125,37 € au 2025-09-30",112.4288,125.3652,2025-09-30,113.52804565429688,CONFIRMEE
2025-08-29,DG.PA,REFLEXIVE,AUCUNE SEQUENCE,"AUCUNE SEQUENCE : écart contre TR12 dans ± 5 points, au 2025-09-30",-5.0,5.0,2025-09-30,1.5507937656874304,CONFIRMEE
2025-08-29,CAP.PA,CANAL,,"clôture entre 120,01 € et 159,99 € au 2025-09-30",120.01360000000001,159.9916,2025-09-30,119.6996841430664,DEMENTIE
2025-08-29,CAP.PA,REFLEXIVE,AUCUNE SEQUENCE,"AUCUNE SEQUENCE : écart contre TR12 dans ± 5 points, au 2025-09-30",-5.0,5.0,2025-09-30,1.5111398180238655,CONFIRMEE
2025-08-29,RI.PA,CANAL,,"clôture entre 77,98 € et 101,85 € au 2025-09-30",77.97720000000001,101.8542,2025-09-30,78.187255859375,CONFIRMEE
2025-08-29,RI.PA,REFLEXIVE,AUCUNE SEQUENCE,"AUCUNE SEQUENCE : écart contre TR12 dans ± 5 points, au 2025-09-30",-5.0,5.0,2025-09-30,-14.271472528955098,DEMENTIE
2025-08-29,ORA.PA,CANAL,,"clôture entre 13,45 € et 14,66 € au 2025-09-30",13.4488,14.656799999999999,2025-09-30,13.179553031921387,DEMENTIE
2025-08-29,ORA.PA,REFLEXIVE,AUCUNE SEQUENCE,"AUCUNE SEQUENCE : écart contre TR12 dans ± 5 points, au 2025-09-30",-5.0,5.0,2025-09-30,-0.8654492142682546,CONFIRMEE
2025-09-30,AIR.PA,CANAL,,"clôture entre 195,75 € et 203,98 € au 2025-10-31",195.7528,203.9768,2025-10-31,209.52835083007812,DEMENTIE
2025-09-30,AIR.PA,REFLEXIVE,AUTO-RENFORCEMENT,"AUTO-RENFORCEMENT : écart contre TR12 positif ou nul, au 2025-10-31",0.0,,2025-10-31,6.188762882826682,CONFIRMEE
2025-09-30,MC.PA,CANAL,,"clôture entre 462,46 € et 513,97 € au 2025-10-31",462.45599999999996,513.971,2025-10-31,597.125,DEMENTIE
2025-09-30,MC.PA,REFLEXIVE,AUCUNE SEQUENCE,"AUCUNE SEQUENCE : écart contre TR12 dans ± 5 points, au 2025-10-31",-5.0,5.0,2025-10-31,15.681841811051589,DEMENTIE
2025-09-30,OR.PA,CANAL,,"clôture entre 359,04 € et 409,94 € au 2025-10-31",359.037,409.9358,2025-10-31,355.66290283203125,DEMENTIE
2025-09-30,OR.PA,REFLEXIVE,AUCUNE SEQUENCE,"AUCUNE SEQUENCE : écart contre TR12 dans ± 5 points, au 2025-10-31",-5.0,5.0,2025-10-31,-3.504119624937896,CONFIRMEE
2025-09-30,SAN.PA,CANAL,,"clôture entre 71,79 € et 79,78 € au 2025-10-31",71.7934,79.7792,2025-10-31,82.96162414550781,DEMENTIE
2025-09-30,SAN.PA,REFLEXIVE,RETOURNEMENT,"RETOURNEMENT : écart contre TR12 négatif ou nul, au 2025-10-31",,0.0,2025-10-31,9.60470778671796,DEMENTIE
2025-09-30,BNP.PA,CANAL,,"clôture entre 76,26 € et 72,90 € au 2025-10-31",76.2616,72.89930000000001,2025-10-31,65.12896728515625,DEMENTIE
2025-09-30,BNP.PA,REFLEXIVE,AUTO-RENFORCEMENT,"AUTO-RENFORCEMENT : écart contre TR12 positif ou nul, au 2025-10-31",0.0,,2025-10-31,-15.197356806292529,DEMENTIE
2025-09-30,TTE.PA,CANAL,,"clôture entre 49,08 € et 51,32 € au 2025-10-31",49.077099999999994,51.3226,2025-10-31,51.93154525756836,DEMENTIE
2025-09-30,TTE.PA,REFLEXIVE,AUCUNE SEQUENCE,"AUCUNE SEQUENCE : écart contre TR12 dans ± 5 points, au 2025-10-31",-5.0,5.0,2025-10-31,4.117194773198851,CONFIRMEE
2025-09-30,SU.PA,CANAL,,"clôture entre 214,98 € et 232,88 € au 2025-10-31",214.9753,232.8787,2025-10-31,242.30828857421875,DEMENTIE
2025-09-30,SU.PA,REFLEXIVE,AUTO-RENFORCEMENT,"AUTO-RENFORCEMENT : écart contre TR12 positif ou nul, au 2025-10-31",0.0,,2025-10-31,1.660832065034068,CONFIRMEE
2025-09-30,AI.PA,CANAL,,"clôture entre 155,37 € et 163,96 € au 2025-10-31",155.36690000000002,163.95659999999998,2025-10-31,149.44970703125,DEMENTIE
2025-09-30,AI.PA,REFLEXIVE,AUCUNE SEQUENCE,"AUCUNE SEQUENCE : écart contre TR12 dans ± 5 points, au 2025-10-31",-5.0,5.0,2025-10-31,-6.9714533365693,DEMENTIE
2025-09-30,DG.PA,CANAL,,"clôture entre 110,22 € et 125,41 € au 2025-10-31",110.2232,125.4068,2025-10-31,112.55347442626953,CONFIRMEE
2025-09-30,DG.PA,REFLEXIVE,AUCUNE SEQUENCE,"AUCUNE SEQUENCE : écart contre TR12 dans ± 5 points, au 2025-10-31",-5.0,5.0,2025-10-31,-2.77504774211218,CONFIRMEE
2025-09-30,CAP.PA,CANAL,,"clôture entre 113,22 € et 111,25 € au 2025-10-31",113.216,111.2486,2025-10-31,129.339599609375,DEMENTIE
2025-09-30,CAP.PA,REFLEXIVE,AUCUNE SEQUENCE,"AUCUNE SEQUENCE : écart contre TR12 dans ± 5 points, au 2025-10-31",-5.0,5.0,2025-10-31,6.1368108333498705,DEMENTIE
2025-09-30,RI.PA,CANAL,,"clôture entre 75,76 € et 106,26 € au 2025-10-31",75.7586,106.2551,2025-10-31,79.51627349853516,CONFIRMEE
2025-09-30,RI.PA,REFLEXIVE,AUCUNE SEQUENCE,"AUCUNE SEQUENCE : écart contre TR12 dans ± 5 points, au 2025-10-31",-5.0,5.0,2025-10-31,-0.21681873753318648,CONFIRMEE
2025-09-30,ORA.PA,CANAL,,"clôture entre 13,16 € et 15,21 € au 2025-10-31",13.159600000000001,15.2112,2025-10-31,13.203411102294922,CONFIRMEE
2025-09-30,ORA.PA,REFLEXIVE,AUCUNE SEQUENCE,"AUCUNE SEQUENCE : écart contre TR12 dans ± 5 points, au 2025-10-31",-5.0,5.0,2025-10-31,-1.7355834321757913,CONFIRMEE
2025-10-31,AIR.PA,CANAL,,"clôture entre 213,91 € et 221,36 € au 2025-11-28",213.912,221.358,2025-11-28,200.74073791503906,DEMENTIE
2025-10-31,AIR.PA,REFLEXIVE,AUTO-RENFORCEMENT,"AUTO-RENFORCEMENT : écart contre TR12 positif ou nul, au 2025-11-28",0.0,,2025-11-28,-5.410387118803516,DEMENTIE
2025-10-31,MC.PA,CANAL,,"clôture entre 470,50 € et 644,57 € au 2025-11-28",470.5,644.5699999999999,2025-11-28,619.9525756835938,CONFIRMEE
2025-10-31,MC.PA,REFLEXIVE,AUTO-RENFORCEMENT,"AUTO-RENFORCEMENT : écart contre TR12 positif ou nul, au 2025-11-28",0.0,,2025-11-28,2.6065240381546007,CONFIRMEE
2025-10-31,OR.PA,CANAL,,"clôture entre 356,23 € et 382,14 € au 2025-11-28",356.23,382.136,2025-11-28,368.3634033203125,CONFIRMEE
2025-10-31,OR.PA,REFLEXIVE,AUCUNE SEQUENCE,"AUCUNE SEQUENCE : écart contre TR12 dans ± 5 points, au 2025-11-28",-5.0,5.0,2025-11-28,2.35454760642837,CONFIRMEE
2025-10-31,SAN.PA,CANAL,,"clôture entre 71,51 € et 85,71 € au 2025-11-28",71.506,85.706,2025-11-28,81.21905517578125,CONFIRMEE
2025-10-31,SAN.PA,REFLEXIVE,AUCUNE SEQUENCE,"AUCUNE SEQUENCE : écart contre TR12 dans ± 5 points, au 2025-11-28",-5.0,5.0,2025-11-28,-3.3168418897540852,CONFIRMEE
2025-10-31,BNP.PA,CANAL,,"clôture entre 62,79 € et 73,24 € au 2025-11-28",62.785999999999994,73.236,2025-11-28,71.56806182861328,CONFIRMEE
2025-10-31,BNP.PA,REFLEXIVE,AUCUNE SEQUENCE,"AUCUNE SEQUENCE : écart contre TR12 dans ± 5 points, au 2025-11-28",-5.0,5.0,2025-11-28,8.670292971376337,DEMENTIE
2025-10-31,TTE.PA,CANAL,,"clôture entre 47,53 € et 52,61 € au 2025-11-28",47.528000000000006,52.614000000000004,2025-11-28,54.67491912841797,DEMENTIE
2025-10-31,TTE.PA,REFLEXIVE,AUTO-RENFORCEMENT,"AUTO-RENFORCEMENT : écart contre TR12 positif ou nul, au 2025-11-28",0.0,,2025-11-28,4.06628325179017,CONFIRMEE
2025-10-31,SU.PA,CANAL,,"clôture entre 256,66 € et 261,11 € au 2025-11-28",256.662,261.114,2025-11-28,227.44093322753906,DEMENTIE
2025-10-31,SU.PA,REFLEXIVE,AUCUNE SEQUENCE,"AUCUNE SEQUENCE : écart contre TR12 dans ± 5 points, au 2025-11-28",-5.0,5.0,2025-11-28,-7.352108892992826,DEMENTIE
2025-10-31,AI.PA,CANAL,,"clôture entre 147,87 € et 152,49 € au 2025-11-28",147.874,152.48600000000002,2025-11-28,146.9576873779297,DEMENTIE
2025-10-31,AI.PA,REFLEXIVE,AUCUNE SEQUENCE,"AUCUNE SEQUENCE : écart contre TR12 dans ± 5 points, au 2025-11-28",-5.0,5.0,2025-11-28,-2.8838537650382468,CONFIRMEE
2025-10-31,DG.PA,CANAL,,"clôture entre 99,01 € et 116,96 € au 2025-11-28",99.01,116.962,2025-11-28,118.72012329101562,DEMENTIE
2025-10-31,DG.PA,REFLEXIVE,AUCUNE SEQUENCE,"AUCUNE SEQUENCE : écart contre TR12 dans ± 5 points, au 2025-11-28",-5.0,5.0,2025-11-28,4.262471360976794,CONFIRMEE
2025-10-31,CAP.PA,CANAL,,"clôture entre 83,16 € et 132,78 € au 2025-11-28",83.158,132.77599999999998,2025-11-28,130.59909057617188,CONFIRMEE
2025-10-31,CAP.PA,REFLEXIVE,AUCUNE SEQUENCE,"AUCUNE SEQUENCE : écart contre TR12 dans ± 5 points, au 2025-11-28",-5.0,5.0,2025-11-28,-0.24260399782045639,CONFIRMEE
2025-10-31,RI.PA,CANAL,,"clôture entre 75,52 € et 73,87 € au 2025-11-28",75.524,73.868,2025-11-28,74.77259826660156,DEMENTIE
2025-10-31,RI.PA,REFLEXIVE,AUCUNE SEQUENCE,"AUCUNE SEQUENCE : écart contre TR12 dans ± 5 points, au 2025-11-28",-5.0,5.0,2025-11-28,-7.182055962808875,DEMENTIE
2025-10-31,ORA.PA,CANAL,,"clôture entre 12,79 € et 13,56 € au 2025-11-28",12.788,13.56,2025-11-28,13.542203903198242,CONFIRMEE
2025-10-31,ORA.PA,REFLEXIVE,AUCUNE SEQUENCE,"AUCUNE SEQUENCE : écart contre TR12 dans ± 5 points, au 2025-11-28",-5.0,5.0,2025-11-28,1.3495590045462968,CONFIRMEE
2025-11-28,AIR.PA,CANAL,,"clôture entre 205,45 € et 229,71 € au 2025-12-31",205.448,229.70540000000003,2025-12-31,194.8004913330078,DEMENTIE
2025-11-28,AIR.PA,REFLEXIVE,AUCUNE SEQUENCE,"AUCUNE SEQUENCE : écart contre TR12 dans ± 5 points, au 2025-12-31",-5.0,5.0,2025-12-31,-3.335871340343821,CONFIRMEE
2025-11-28,MC.PA,CANAL,,"clôture entre 665,86 € et 693,70 € au 2025-12-31",665.863,693.698,2025-12-31,634.6513061523438,DEMENTIE
2025-11-28,MC.PA,REFLEXIVE,AUCUNE SEQUENCE,"AUCUNE SEQUENCE : écart contre TR12 dans ± 5 points, au 2025-12-31",-5.0,5.0,2025-12-31,1.9942364621211794,CONFIRMEE
2025-11-28,OR.PA,CANAL,,"clôture entre 342,51 € et 375,99 € au 2025-12-31",342.5086,375.9933,2025-12-31,359.53680419921875,CONFIRMEE
2025-11-28,OR.PA,REFLEXIVE,AUCUNE SEQUENCE,"AUCUNE SEQUENCE : écart contre TR12 dans ± 5 points, au 2025-12-31",-5.0,5.0,2025-12-31,-2.7728740064017043,CONFIRMEE
2025-11-28,SAN.PA,CANAL,,"clôture entre 85,32 € et 88,36 € au 2025-12-31",85.3244,88.35820000000001,2025-12-31,78.34001922607422,DEMENTIE
2025-11-28,SAN.PA,REFLEXIVE,AUCUNE SEQUENCE,"AUCUNE SEQUENCE : écart contre TR12 dans ± 5 points, au 2025-12-31",-5.0,5.0,2025-12-31,-3.921486795679585,CONFIRMEE
2025-11-28,BNP.PA,CANAL,,"clôture entre 61,30 € et 69,17 € au 2025-12-31",61.3011,69.1725,2025-12-31,78.46360778808594,DEMENTIE
2025-11-28,BNP.PA,REFLEXIVE,AUCUNE SEQUENCE,"AUCUNE SEQUENCE : écart contre TR12 dans ± 5 points, au 2025-12-31",-5.0,5.0,2025-12-31,9.258240711392984,DEMENTIE
2025-11-28,TTE.PA,CANAL,,"clôture entre 46,85 € et 55,31 € au 2025-12-31",46.8479,55.3067,2025-12-31,54.32897186279297,CONFIRMEE
2025-11-28,TTE.PA,REFLEXIVE,AUTO-RENFORCEMENT,"AUTO-RENFORCEMENT : écart contre TR12 positif ou nul, au 2025-12-31",0.0,,2025-12-31,-1.0094427187233523,DEMENTIE
2025-11-28,SU.PA,CANAL,,"clôture entre 221,99 € et 265,93 € au 2025-12-31",221.9899,265.9337,2025-12-31,231.2808380126953,CONFIRMEE
2025-11-28,SU.PA,REFLEXIVE,AUCUNE SEQUENCE,"AUCUNE SEQUENCE : écart contre TR12 dans ± 5 points, au 2025-12-31",-5.0,5.0,2025-12-31,1.3116007056044099,CONFIRMEE
2025-11-28,AI.PA,CANAL,,"clôture entre 141,84 € et 150,04 € au 2025-12-31",141.8388,150.0415,2025-12-31,142.63226318359375,CONFIRMEE
2025-11-28,AI.PA,REFLEXIVE,RETOURNEMENT,"RETOURNEMENT : écart contre TR12 négatif ou nul, au 2025-12-31",,0.0,2025-12-31,-3.3200205164963026,CONFIRMEE
2025-11-28,DG.PA,CANAL,,"clôture entre 95,90 € et 117,42 € au 2025-12-31",95.902,117.42490000000001,2025-12-31,116.58364868164062,CONFIRMEE
2025-11-28,DG.PA,REFLEXIVE,AUCUNE SEQUENCE,"AUCUNE SEQUENCE : écart contre TR12 dans ± 5 points, au 2025-12-31",-5.0,5.0,2025-12-31,-2.1762971500492,CONFIRMEE
2025-11-28,CAP.PA,CANAL,,"clôture entre 59,03 € et 129,81 € au 2025-12-31",59.0349,129.8148,2025-12-31,137.81690979003906,DEMENTIE
2025-11-28,CAP.PA,REFLEXIVE,AUCUNE SEQUENCE,"AUCUNE SEQUENCE : écart contre TR12 dans ± 5 points, au 2025-12-31",-5.0,5.0,2025-12-31,5.149991572644885,DEMENTIE
2025-11-28,RI.PA,CANAL,,"clôture entre 71,53 € et 68,10 € au 2025-12-31",71.5253,68.1049,2025-12-31,70.4547119140625,DEMENTIE
2025-11-28,RI.PA,REFLEXIVE,AUCUNE SEQUENCE,"AUCUNE SEQUENCE : écart contre TR12 dans ± 5 points, au 2025-12-31",-5.0,5.0,2025-12-31,-6.151398671569986,DEMENTIE
2025-11-28,ORA.PA,CANAL,,"clôture entre 13,38 € et 13,64 € au 2025-12-31",13.375,13.6433,2025-12-31,13.845394134521484,DEMENTIE
2025-11-28,ORA.PA,REFLEXIVE,AUCUNE SEQUENCE,"AUCUNE SEQUENCE : écart contre TR12 dans ± 5 points, au 2025-12-31",-5.0,5.0,2025-12-31,1.8621465527390413,CONFIRMEE
