DATE,TICKER,TYPE,PHASE,ENONCE,BORNE_BASSE,BORNE_HAUTE,BORNE_DEMENTI,SIGMA,DATE_DEPOUILLEMENT,VALEUR_CONSTATEE,VERDICT
2020-12-31,ACA.PA,CANAL,,"encadrement ferme avant le 2021-01-29 : les bornes prolongees se croisent, la thèse est inconfirmable à l'écriture",7.648,7.4,,,2021-01-29,5.962790012359619,INCONFIRMABLE
2020-12-31,ACA.PA,REFLEXIVE,AUCUNE SEQUENCE,"AUCUNE SEQUENCE : écart contre TR39 dans ± 10,73 pt (σ̂), au 2021-01-29",-10.733147707616746,10.733147707616746,,10.7331,2021-01-29,-11.817220595918798,DEMENTIE
2020-12-31,AI.PA,CANAL,,"encadrement ferme avant le 2021-01-29 : les bornes prolongees se croisent, la thèse est inconfirmable à l'écriture",91.49000000000001,89.738,,,2021-01-29,90.66337585449219,INCONFIRMABLE
2020-12-31,AIR.PA,CANAL,,"clôture entre 91,63 € et 97,79 € au 2021-01-29",91.63,97.792,,,2021-01-29,76.33059692382812,DEMENTIE
2020-12-31,ALO.PA,CANAL,,"encadrement ferme avant le 2021-01-29 : les bornes prolongees se croisent, la thèse est inconfirmable à l'écriture",51.3,46.166000000000004,,,2021-01-29,43.737945556640625,INCONFIRMABLE
2020-12-31,ALO.PA,REFLEXIVE,AUCUNE SEQUENCE,"AUCUNE SEQUENCE : écart contre TR39 dans ± 7,86 pt (σ̂), au 2021-01-29",-7.862735544935169,7.862735544935169,,7.8627,2021-01-29,-6.463269482294709,CONFIRMEE
2020-12-31,ATO.PA,CANAL,,"encadrement ferme avant le 2021-01-29 : les bornes prolongees se croisent, la thèse est inconfirmable à l'écriture",6073.61,5636.588,,,2021-01-29,4638.376953125,INCONFIRMABLE
2020-12-31,ATO.PA,REFLEXIVE,AUCUNE SEQUENCE,"AUCUNE SEQUENCE : écart contre TR39 dans ± 6,83 pt (σ̂), au 2021-01-29",-6.8261528741917346,6.8261528741917346,,6.8262,2021-01-29,-17.819689047162047,DEMENTIE
2020-12-31,BN.PA,CANAL,,"encadrement ferme avant le 2021-01-29 : les bornes prolongees se croisent, la thèse est inconfirmable à l'écriture",45.763999999999996,43.978,,,2021-01-29,44.95738983154297,INCONFIRMABLE
2020-12-31,BNP.PA,CANAL,,"encadrement ferme avant le 2021-01-29 : les bornes prolongees se croisent, la thèse est inconfirmable à l'écriture",33.694,33.158,,,2021-01-29,27.309751510620117,INCONFIRMABLE
2020-12-31,BNP.PA,REFLEXIVE,AUCUNE SEQUENCE,"AUCUNE SEQUENCE : écart contre TR39 dans ± 11,34 pt (σ̂), au 2021-01-29",-11.342729276536716,11.342729276536716,,11.3427,2021-01-29,-10.422431322441895,CONFIRMEE
2020-12-31,CA.PA,CANAL,,"clôture entre 9,92 € et 10,52 € au 2021-01-29",9.922,10.516,,,2021-01-29,10.376551628112793,CONFIRMEE
2020-12-31,CAP.PA,CANAL,,"clôture entre 113,99 € et 115,47 € au 2021-01-29",113.994,115.474,,,2021-01-29,106.21468353271484,DEMENTIE
2020-12-31,CS.PA,CANAL,,"encadrement ferme avant le 2021-01-29 : les bornes prolongees se croisent, la thèse est inconfirmable à l'écriture",15.606,14.624,,,2021-01-29,12.8168306350708,INCONFIRMABLE
2020-12-31,CS.PA,REFLEXIVE,AUCUNE SEQUENCE,"AUCUNE SEQUENCE : écart contre TR39 dans ± 9,20 pt (σ̂), au 2021-01-29",-9.202231610394414,9.202231610394414,,9.2022,2021-01-29,-8.92027364685255,CONFIRMEE
2020-12-31,DG.PA,CANAL,,"clôture entre 71,80 € et 78,63 € au 2021-01-29",71.8,78.626,,,2021-01-29,61.97576904296875,DEMENTIE
2020-12-31,DSY.PA,CANAL,,"clôture entre 27,89 € et 32,56 € au 2021-01-29",27.887999999999998,32.556,,,2021-01-29,31.667301177978516,CONFIRMEE
2020-12-31,EL.PA,CANAL,,"encadrement ferme avant le 2021-01-29 : les bornes prolongees se croisent, la thèse est inconfirmable à l'écriture",123.414,118.11,,,2021-01-29,103.35625457763672,INCONFIRMABLE
2020-12-31,EN.PA,CANAL,,"clôture entre 26,86 € et 26,91 € au 2021-01-29",26.856,26.908,,,2021-01-29,23.77930450439453,DEMENTIE
2020-12-31,ENGI.PA,CANAL,,"encadrement ferme avant le 2021-01-29 : les bornes prolongees se croisent, la thèse est inconfirmable à l'écriture",8.584,8.52,,,2021-01-29,8.314111709594727,INCONFIRMABLE
2020-12-31,GLE.PA,CANAL,,"clôture entre 15,05 € et 15,21 € au 2021-01-29",15.046,15.214,,,2021-01-29,12.089618682861328,DEMENTIE
2020-12-31,GLE.PA,REFLEXIVE,AUCUNE SEQUENCE,"AUCUNE SEQUENCE : écart contre TR39 dans ± 12,86 pt (σ̂), au 2021-01-29",-12.857915268427705,12.857915268427705,,12.8579,2021-01-29,-12.014301015658424,CONFIRMEE
2020-12-31,HO.PA,CANAL,,"clôture entre 73,60 € et 77,78 € au 2021-01-29",73.598,77.78,,,2021-01-29,65.8162612915039,DEMENTIE
2020-12-31,KER.PA,CANAL,,"clôture entre 486,80 € et 496,29 € au 2021-01-29",486.798,496.286,,,2021-01-29,469.87628173828125,DEMENTIE
2020-12-31,LR.PA,CANAL,,"encadrement ferme avant le 2021-01-29 : les bornes prolongees se croisent, la thèse est inconfirmable à l'écriture",68.36,66.796,,,2021-01-29,67.6418228149414,INCONFIRMABLE
2020-12-31,MC.PA,CANAL,,"encadrement ferme avant le 2021-01-29 : les bornes prolongees se croisent, la thèse est inconfirmable à l'écriture",498.878,490.892,,,2021-01-29,449.3862609863281,INCONFIRMABLE
2020-12-31,ML.PA,CANAL,,"clôture entre 22,48 € et 23,42 € au 2021-01-29",22.482000000000003,23.418,,,2021-01-29,22.804418563842773,CONFIRMEE
2020-12-31,MT.AS,CANAL,,"clôture entre 11,41 € et 20,11 € au 2021-01-29",11.414,20.112,,,2021-01-29,16.485591888427734,CONFIRMEE
2020-12-31,MT.AS,REFLEXIVE,AUTO-RENFORCEMENT,"AUTO-RENFORCEMENT : écart contre TR39 au-dessus de +5,38 pt (0,5 σ̂), au 2021-01-29",5.376516231869892,,-5.376516231869892,10.753,2021-01-29,-7.147274744264454,DEMENTIE
2020-12-31,OR.PA,CANAL,,"clôture entre 281,21 € et 282,39 € au 2021-01-29",281.21200000000005,282.386,,,2021-01-29,264.4212951660156,DEMENTIE
2020-12-31,ORA.PA,CANAL,,"clôture entre 7,06 € et 7,18 € au 2021-01-29",7.062,7.18,,,2021-01-29,6.744333744049072,DEMENTIE
2020-12-31,PUB.PA,CANAL,,"encadrement ferme avant le 2021-01-29 : les bornes prolongees se croisent, la thèse est inconfirmable à l'écriture",36.166,35.994,,,2021-01-29,33.411224365234375,INCONFIRMABLE
2020-12-31,RI.PA,CANAL,,"clôture entre 136,81 € et 138,55 € au 2021-01-29",136.814,138.54799999999997,,,2021-01-29,127.92831420898438,DEMENTIE
2020-12-31,RMS.PA,CANAL,,"clôture entre 840,34 € et 864,14 € au 2021-01-29",840.342,864.144,,,2021-01-29,801.961669921875,DEMENTIE
2020-12-31,RNO.PA,CANAL,,"encadrement ferme avant le 2021-01-29 : les bornes prolongees se croisent, la thèse est inconfirmable à l'écriture",35.89,34.91,,,2021-01-29,29.831287384033203,INCONFIRMABLE
2020-12-31,SAF.PA,CANAL,,"clôture entre 118,98 € et 132,17 € au 2021-01-29",118.98,132.174,,,2021-01-29,98.95026397705078,DEMENTIE
2020-12-31,SAN.PA,CANAL,,"clôture entre 58,19 € et 63,71 € au 2021-01-29",58.188,63.708000000000006,,,2021-01-29,59.96028137207031,CONFIRMEE
2020-12-31,SGO.PA,CANAL,,"clôture entre 33,91 € et 37,61 € au 2021-01-29",33.914,37.606,,,2021-01-29,34.74098587036133,CONFIRMEE
2020-12-31,STMPA.PA,CANAL,,"clôture entre 29,41 € et 35,38 € au 2021-01-29",29.412,35.376,,,2021-01-29,31.650251388549805,CONFIRMEE
2020-12-31,SU.PA,CANAL,,"encadrement ferme avant le 2021-01-29 : les bornes prolongees se croisent, la thèse est inconfirmable à l'écriture",109.598,108.116,,,2021-01-29,108.28189849853516,INCONFIRMABLE
2020-12-31,TEP.PA,CANAL,,"encadrement ferme avant le 2021-01-29 : les bornes prolongees se croisent, la thèse est inconfirmable à l'écriture",227.16000000000003,222.092,,,2021-01-29,224.97007751464844,INCONFIRMABLE
2020-12-31,TEP.PA,REFLEXIVE,AUCUNE SEQUENCE,"AUCUNE SEQUENCE : écart contre TR39 dans ± 5,02 pt (σ̂), au 2021-01-29",-5.0153201694076905,5.0153201694076905,,5.0153,2021-01-29,-3.114167065131246,CONFIRMEE
2020-12-31,TTE.PA,CANAL,,"clôture entre 28,43 € et 29,18 € au 2021-01-29",28.433999999999997,29.18,,,2021-01-29,25.26862335205078,DEMENTIE
2020-12-31,VIE.PA,CANAL,,"encadrement ferme avant le 2021-01-29 : les bornes prolongees se croisent, la thèse est inconfirmable à l'écriture",15.895999999999999,15.634,,,2021-01-29,16.713472366333008,INCONFIRMABLE
2020-12-31,VIV.PA,CANAL,,"clôture entre 8,99 € et 9,86 € au 2021-01-29",8.991999999999999,9.864,,,2021-01-29,8.792590141296387,DEMENTIE
2020-12-31,VIV.PA,REFLEXIVE,AUCUNE SEQUENCE,"AUCUNE SEQUENCE : écart contre TR39 dans ± 6,05 pt (σ̂), au 2021-01-29",-6.04961695901098,6.04961695901098,,6.0496,2021-01-29,-6.726904572622083,DEMENTIE
2020-12-31,WLN.PA,CANAL,,"encadrement ferme avant le 2021-01-29 : les bornes prolongees se croisent, la thèse est inconfirmable à l'écriture",860.338,818.736,,,2021-01-29,723.927734375,INCONFIRMABLE
2020-12-31,WLN.PA,REFLEXIVE,AUCUNE SEQUENCE,"AUCUNE SEQUENCE : écart contre TR39 dans ± 6,96 pt (σ̂), au 2021-01-29",-6.964127014711335,6.964127014711335,,6.9641,2021-01-29,-14.137278433683843,DEMENTIE
2021-01-29,ACA.PA,CANAL,,"clôture entre 6,44 € et 7,90 € au 2021-02-26",6.4399999999999995,7.901999999999999,,,2021-02-26,7.383560657501221,CONFIRMEE
2021-01-29,ACA.PA,REFLEXIVE,AUCUNE SEQUENCE,"AUCUNE SEQUENCE : écart contre TR39 dans ± 10,83 pt (σ̂), au 2021-02-26",-10.830140388260238,10.830140388260238,,10.8301,2021-02-26,17.826207224558054,DEMENTIE
2021-01-29,AI.PA,CANAL,,"clôture entre 88,98 € et 90,62 € au 2021-02-26",88.982,90.618,,,2021-02-26,83.74610137939453,DEMENTIE
2021-01-29,AIR.PA,CANAL,,"clôture entre 81,55 € et 83,06 € au 2021-02-26",81.548,83.062,,,2021-02-26,87.9912109375,DEMENTIE
2021-01-29,ALO.PA,CANAL,,"clôture entre 44,96 € et 49,58 € au 2021-02-26",44.964,49.578,,,2021-02-26,40.30598831176758,DEMENTIE
2021-01-29,ALO.PA,REFLEXIVE,AUCUNE SEQUENCE,"AUCUNE SEQUENCE : écart contre TR39 dans ± 7,80 pt (σ̂), au 2021-02-26",-7.80415910778918,7.80415910778918,,7.8042,2021-02-26,-13.847708011201998,DEMENTIE
2021-01-29,ATO.PA,CANAL,,"clôture entre 4 622,40 € et 5 854,24 € au 2021-02-26",4622.402,5854.238,,,2021-02-26,4721.67431640625,CONFIRMEE
2021-01-29,ATO.PA,REFLEXIVE,AUCUNE SEQUENCE,"AUCUNE SEQUENCE : écart contre TR39 dans ± 6,77 pt (σ̂), au 2021-02-26",-6.767857210803298,6.767857210803298,,6.7679,2021-02-26,-4.205242357600669,CONFIRMEE
2021-01-29,BN.PA,CANAL,,"clôture entre 45,72 € et 45,93 € au 2021-02-26",45.721999999999994,45.928,,,2021-02-26,46.18439483642578,DEMENTIE
2021-01-29,BNP.PA,CANAL,,"clôture entre 29,66 € et 35,41 € au 2021-02-26",29.662,35.412,,,2021-02-26,33.8282585144043,CONFIRMEE
2021-01-29,BNP.PA,REFLEXIVE,AUCUNE SEQUENCE,"AUCUNE SEQUENCE : écart contre TR39 dans ± 11,33 pt (σ̂), au 2021-02-26",-11.326587541281738,11.326587541281738,,11.3266,2021-02-26,17.867716819814582,DEMENTIE
2021-01-29,CA.PA,CANAL,,"clôture entre 10,01 € et 14,31 € au 2021-02-26",10.012,14.31,,,2021-02-26,10.714030265808105,CONFIRMEE
2021-01-29,CAP.PA,CANAL,,"clôture entre 109,17 € et 117,99 € au 2021-02-26",109.168,117.992,,,2021-02-26,118.34716033935547,DEMENTIE
2021-01-29,CS.PA,CANAL,,"clôture entre 13,82 € et 15,32 € au 2021-02-26",13.816,15.318,,,2021-02-26,14.56776237487793,CONFIRMEE
2021-01-29,CS.PA,REFLEXIVE,AUCUNE SEQUENCE,"AUCUNE SEQUENCE : écart contre TR39 dans ± 9,21 pt (σ̂), au 2021-02-26",-9.212604798472777,9.212604798472777,,9.2126,2021-02-26,7.6601188835143885,CONFIRMEE
2021-01-29,DG.PA,CANAL,,"clôture entre 63,97 € et 67,25 € au 2021-02-26",63.972,67.25,,,2021-02-26,69.63166809082031,DEMENTIE
2021-01-29,DSY.PA,CANAL,,"clôture entre 25,98 € et 33,16 € au 2021-02-26",25.982,33.162,,,2021-02-26,33.04163360595703,CONFIRMEE
2021-01-29,EL.PA,CANAL,,"clôture entre 106,89 € et 123,89 € au 2021-02-26",106.89200000000001,123.89,,,2021-02-26,119.25720977783203,CONFIRMEE
2021-01-29,EN.PA,CANAL,,"clôture entre 24,76 € et 27,36 € au 2021-02-26",24.762,27.358,,,2021-02-26,24.615474700927734,DEMENTIE
2021-01-29,ENGI.PA,CANAL,,"clôture entre 8,59 € et 9,30 € au 2021-02-26",8.59,9.302,,,2021-02-26,7.83744478225708,DEMENTIE
2021-01-29,GLE.PA,CANAL,,"clôture entre 12,92 € et 16,82 € au 2021-02-26",12.922,16.824,,,2021-02-26,16.081117630004883,CONFIRMEE
2021-01-29,GLE.PA,REFLEXIVE,AUCUNE SEQUENCE,"AUCUNE SEQUENCE : écart contre TR39 dans ± 12,53 pt (σ̂), au 2021-02-26",-12.534759709479575,12.534759709479575,,12.5348,2021-02-26,27.0148486230817,DEMENTIE
2021-01-29,HO.PA,CANAL,,"clôture entre 69,01 € et 69,56 € au 2021-02-26",69.006,69.562,,,2021-02-26,69.59593963623047,DEMENTIE
2021-01-29,KER.PA,CANAL,,"clôture entre 469,01 € et 486,63 € au 2021-02-26",469.00600000000003,486.632,,,2021-02-26,455.3879089355469,DEMENTIE
2021-01-29,LR.PA,CANAL,,"clôture entre 71,28 € et 75,54 € au 2021-02-26",71.28399999999999,75.542,,,2021-02-26,64.09485626220703,DEMENTIE
2021-01-29,MC.PA,CANAL,,"clôture entre 478,84 € et 539,76 € au 2021-02-26",478.84,539.7639999999999,,,2021-02-26,473.4654235839844,DEMENTIE
2021-01-29,ML.PA,CANAL,,"clôture entre 22,22 € et 23,22 € au 2021-02-26",22.224,23.218,,,2021-02-26,23.97567367553711,DEMENTIE
2021-01-29,MT.AS,CANAL,,"clôture entre 17,34 € et 22,49 € au 2021-02-26",17.336,22.491999999999997,,,2021-02-26,17.688066482543945,CONFIRMEE
2021-01-29,MT.AS,REFLEXIVE,AUCUNE SEQUENCE,"AUCUNE SEQUENCE : écart contre TR39 dans ± 12,25 pt (σ̂), au 2021-02-26",-12.248306490689723,12.248306490689723,,12.2483,2021-02-26,1.2930218295227558,CONFIRMEE
2021-01-29,OR.PA,CANAL,,"clôture entre 268,76 € et 282,74 € au 2021-02-26",268.76,282.74,,,2021-02-26,275.9971618652344,CONFIRMEE
2021-01-29,ORA.PA,CANAL,,"clôture entre 6,84 € et 7,67 € au 2021-02-26",6.836,7.666,,,2021-02-26,6.635913372039795,DEMENTIE
2021-01-29,PUB.PA,CANAL,,"clôture entre 34,68 € et 40,49 € au 2021-02-26",34.684,40.492,,,2021-02-26,37.92752456665039,CONFIRMEE
2021-01-29,RI.PA,CANAL,,"clôture entre 129,35 € et 146,00 € au 2021-02-26",129.346,146.004,,,2021-02-26,129.2840118408203,DEMENTIE
2021-01-29,RMS.PA,CANAL,,"clôture entre 824,88 € et 880,21 € au 2021-02-26",824.8779999999999,880.2139999999999,,,2021-02-26,878.6744384765625,CONFIRMEE
2021-01-29,RNO.PA,CANAL,,"clôture entre 31,55 € et 38,05 € au 2021-02-26",31.546,38.048,,,2021-02-26,31.426971435546875,DEMENTIE
2021-01-29,SAF.PA,CANAL,,"clôture entre 103,42 € et 139,57 € au 2021-02-26",103.41999999999999,139.566,,,2021-02-26,107.64761352539062,CONFIRMEE
2021-01-29,SAN.PA,CANAL,,"clôture entre 60,65 € et 63,55 € au 2021-02-26",60.652,63.55,,,2021-02-26,58.91107177734375,DEMENTIE
2021-01-29,SGO.PA,CANAL,,"clôture entre 35,58 € et 39,94 € au 2021-02-26",35.582,39.938,,,2021-02-26,37.56559371948242,CONFIRMEE
2021-01-29,STMPA.PA,CANAL,,"clôture entre 30,33 € et 39,08 € au 2021-02-26",30.328,39.08,,,2021-02-26,30.413541793823242,CONFIRMEE
2021-01-29,SU.PA,CANAL,,"clôture entre 112,94 € et 119,47 € au 2021-02-26",112.942,119.468,,,2021-02-26,109.98289489746094,DEMENTIE
2021-01-29,TEP.PA,CANAL,,"clôture entre 225,42 € et 242,45 € au 2021-02-26",225.416,242.45000000000002,,,2021-02-26,244.03675842285156,DEMENTIE
2021-01-29,TEP.PA,REFLEXIVE,AUCUNE SEQUENCE,"AUCUNE SEQUENCE : écart contre TR39 dans ± 5,32 pt (σ̂), au 2021-02-26",-5.319410172324854,5.319410172324854,,5.3194,2021-02-26,2.4741351874708606,CONFIRMEE
2021-01-29,TTE.PA,CANAL,,"encadrement ferme avant le 2021-02-26 : les bornes prolongees se croisent, la thèse est inconfirmable à l'écriture",27.724,27.394,,,2021-02-26,27.788602828979492,INCONFIRMABLE
2021-01-29,VIE.PA,CANAL,,"clôture entre 17,17 € et 18,44 € au 2021-02-26",17.166,18.438000000000002,,,2021-02-26,16.933185577392578,DEMENTIE
2021-01-29,VIV.PA,CANAL,,"clôture entre 8,96 € et 10,26 € au 2021-02-26",8.959999999999999,10.26,,,2021-02-26,9.92117977142334,CONFIRMEE
2021-01-29,VIV.PA,REFLEXIVE,AUCUNE SEQUENCE,"AUCUNE SEQUENCE : écart contre TR39 dans ± 6,08 pt (σ̂), au 2021-02-26",-6.084488215129078,6.084488215129078,,6.0845,2021-02-26,6.834617864964843,DEMENTIE
2021-01-29,WLN.PA,CANAL,,"clôture entre 733,09 € et 835,73 € au 2021-02-26",733.086,835.734,,,2021-02-26,762.5730590820312,CONFIRMEE
2021-01-29,WLN.PA,REFLEXIVE,AUCUNE SEQUENCE,"AUCUNE SEQUENCE : écart contre TR39 dans ± 6,91 pt (σ̂), au 2021-02-26",-6.913450046937019,6.913450046937019,,6.9135,2021-02-26,-0.662787454998548,CONFIRMEE
2021-02-26,ACA.PA,CANAL,,"clôture entre 7,07 € et 7,87 € au 2021-03-31",7.072500000000001,7.8692,,,2021-03-31,7.847616672515869,CONFIRMEE
2021-02-26,ACA.PA,REFLEXIVE,AUTO-RENFORCEMENT,"AUTO-RENFORCEMENT : écart contre TR39 au-dessus de +5,63 pt (0,5 σ̂), au 2021-03-31",5.634208193572903,,-5.634208193572903,11.2684,2021-03-31,-0.6120424037485028,ZONE MORTE
2021-02-26,AI.PA,CANAL,,"clôture entre 83,56 € et 90,35 € au 2021-03-31",83.5596,90.34819999999999,,,2021-03-31,93.55118560791016,DEMENTIE
2021-02-26,AIR.PA,CANAL,,"clôture entre 88,99 € et 98,08 € au 2021-03-31",88.98819999999999,98.07910000000001,,,2021-03-31,88.5691909790039,DEMENTIE
2021-02-26,ALO.PA,CANAL,,"clôture entre 41,46 € et 51,56 € au 2021-03-31",41.4645,51.556000000000004,,,2021-03-31,41.456478118896484,DEMENTIE
2021-02-26,ALO.PA,REFLEXIVE,AUCUNE SEQUENCE,"AUCUNE SEQUENCE : écart contre TR39 dans ± 7,02 pt (σ̂), au 2021-03-31",-7.02368566460409,7.02368566460409,,7.0237,2021-03-31,-4.042642669953667,CONFIRMEE
2021-02-26,ATO.PA,CANAL,,"encadrement ferme avant le 2021-03-31 : les bornes prolongees se croisent, la thèse est inconfirmable à l'écriture",4669.901599999999,4219.0373,,,2021-03-31,4860.50439453125,INCONFIRMABLE
2021-02-26,ATO.PA,REFLEXIVE,AUCUNE SEQUENCE,"AUCUNE SEQUENCE : écart contre TR39 dans ± 8,52 pt (σ̂), au 2021-03-31",-8.516047872863686,8.516047872863686,,8.516,2021-03-31,-3.9567597264232424,CONFIRMEE
2021-02-26,BN.PA,CANAL,,"clôture entre 46,03 € et 48,08 € au 2021-03-31",46.030899999999995,48.0782,,,2021-03-31,47.853118896484375,CONFIRMEE
2021-02-26,BNP.PA,CANAL,,"clôture entre 32,38 € et 36,83 € au 2021-03-31",32.3763,36.825700000000005,,,2021-03-31,35.61664581298828,CONFIRMEE
2021-02-26,BNP.PA,REFLEXIVE,AUTO-RENFORCEMENT,"AUTO-RENFORCEMENT : écart contre TR39 au-dessus de +5,74 pt (0,5 σ̂), au 2021-03-31",5.738875957230826,,-5.738875957230826,11.4778,2021-03-31,-1.6103651832605648,ZONE MORTE
2021-02-26,CA.PA,CANAL,,"encadrement ferme avant le 2021-03-31 : les bornes prolongees se croisent, la thèse est inconfirmable à l'écriture",10.1043,9.1022,,,2021-03-31,11.455741882324219,INCONFIRMABLE
2021-02-26,CAP.PA,CANAL,,"clôture entre 115,71 € et 131,24 € au 2021-03-31",115.7112,131.2359,,,2021-03-31,128.96864318847656,CONFIRMEE
2021-02-26,CS.PA,CANAL,,"clôture entre 14,96 € et 15,27 € au 2021-03-31",14.9552,15.2667,,,2021-03-31,16.028043746948242,DEMENTIE
2021-02-26,CS.PA,REFLEXIVE,AUTO-RENFORCEMENT,"AUTO-RENFORCEMENT : écart contre TR39 au-dessus de +4,74 pt (0,5 σ̂), au 2021-03-31",4.740138543566509,,-4.740138543566509,9.4803,2021-03-31,3.1270289550384245,ZONE MORTE
2021-02-26,DG.PA,CANAL,,"clôture entre 67,08 € et 71,82 € au 2021-03-31",67.0773,71.81750000000001,,,2021-03-31,70.69994354248047,CONFIRMEE
2021-02-26,DSY.PA,CANAL,,"clôture entre 21,01 € et 38,51 € au 2021-03-31",21.0109,38.505,,,2021-03-31,35.059879302978516,CONFIRMEE
2021-02-26,EL.PA,CANAL,,"clôture entre 111,52 € et 129,71 € au 2021-03-31",111.5153,129.70929999999998,,,2021-03-31,122.65826416015625,CONFIRMEE
2021-02-26,EN.PA,CANAL,,"clôture entre 25,49 € et 28,69 € au 2021-03-31",25.4896,28.685200000000002,,,2021-03-31,25.077558517456055,DEMENTIE
2021-02-26,ENGI.PA,CANAL,,"clôture entre 8,13 € et 9,72 € au 2021-03-31",8.1327,9.7182,,,2021-03-31,7.850414276123047,DEMENTIE
2021-02-26,GLE.PA,CANAL,,"clôture entre 14,08 € et 17,44 € au 2021-03-31",14.0838,17.438,,,2021-03-31,17.47504997253418,DEMENTIE
2021-02-26,GLE.PA,REFLEXIVE,AUTO-RENFORCEMENT,"AUTO-RENFORCEMENT : écart contre TR39 au-dessus de +6,39 pt (0,5 σ̂), au 2021-03-31",6.38796720391418,,-6.38796720391418,12.7759,2021-03-31,1.771099056699943,ZONE MORTE
2021-02-26,HO.PA,CANAL,,"encadrement ferme avant le 2021-03-31 : les bornes prolongees se croisent, la thèse est inconfirmable à l'écriture",73.1683,71.05969999999999,,,2021-03-31,75.16788482666016,INCONFIRMABLE
2021-02-26,KER.PA,CANAL,,"clôture entre 447,09 € et 475,35 € au 2021-03-31",447.0947,475.3483,,,2021-03-31,510.65228271484375,DEMENTIE
2021-02-26,LR.PA,CANAL,,"clôture entre 65,73 € et 78,59 € au 2021-03-31",65.7274,78.5913,,,2021-03-31,70.6897201538086,CONFIRMEE
2021-02-26,MC.PA,CANAL,,"clôture entre 499,41 € et 510,66 € au 2021-03-31",499.4059,510.656,,,2021-03-31,512.3346557617188,DEMENTIE
2021-02-26,ML.PA,CANAL,,"clôture entre 23,43 € et 25,26 € au 2021-03-31",23.4321,25.2557,,,2021-03-31,25.55736541748047,DEMENTIE
2021-02-26,MT.AS,CANAL,,"encadrement ferme avant le 2021-03-31 : les bornes prolongees se croisent, la thèse est inconfirmable à l'écriture",19.257399999999997,18.4941,,,2021-03-31,22.50527572631836,INCONFIRMABLE
2021-02-26,MT.AS,REFLEXIVE,AUCUNE SEQUENCE,"AUCUNE SEQUENCE : écart contre TR39 dans ± 11,56 pt (σ̂), au 2021-03-31",-11.555960653313237,11.555960653313237,,11.556,2021-03-31,20.337201082805013,DEMENTIE
2021-02-26,OR.PA,CANAL,,"clôture entre 273,75 € et 291,15 € au 2021-03-31",273.751,291.1545,,,2021-03-31,297.87274169921875,DEMENTIE
2021-02-26,ORA.PA,CANAL,,"clôture entre 6,81 € et 8,49 € au 2021-03-31",6.8109,8.488900000000001,,,2021-03-31,7.3010334968566895,CONFIRMEE
2021-02-26,PUB.PA,CANAL,,"clôture entre 38,05 € et 40,38 € au 2021-03-31",38.0541,40.3797,,,2021-03-31,40.66230392456055,DEMENTIE
2021-02-26,RI.PA,CANAL,,"clôture entre 133,93 € et 138,65 € au 2021-03-31",133.9263,138.6456,,,2021-03-31,131.50242614746094,DEMENTIE
2021-02-26,RMS.PA,CANAL,,"clôture entre 854,72 € et 1 027,46 € au 2021-03-31",854.7217,1027.4599,,,2021-03-31,899.9246215820312,CONFIRMEE
2021-02-26,RNO.PA,CANAL,,"clôture entre 34,52 € et 37,47 € au 2021-03-31",34.524499999999996,37.467999999999996,,,2021-03-31,31.261899948120117,DEMENTIE
2021-02-26,SAF.PA,CANAL,,"clôture entre 107,70 € et 113,68 € au 2021-03-31",107.70049999999999,113.6775,,,2021-03-31,110.3091049194336,CONFIRMEE
2021-02-26,SAN.PA,CANAL,,"clôture entre 58,02 € et 62,17 € au 2021-03-31",58.0209,62.169999999999995,,,2021-03-31,65.47834777832031,DEMENTIE
2021-02-26,SGO.PA,CANAL,,"clôture entre 38,09 € et 38,31 € au 2021-03-31",38.0893,38.312400000000004,,,2021-03-31,42.55517578125,DEMENTIE
2021-02-26,STMPA.PA,CANAL,,"clôture entre 31,10 € et 34,99 € au 2021-03-31",31.096799999999998,34.9857,,,2021-03-31,30.9503173828125,DEMENTIE
2021-02-26,SU.PA,CANAL,,"clôture entre 115,17 € et 122,58 € au 2021-03-31",115.17219999999999,122.5842,,,2021-03-31,116.60782623291016,CONFIRMEE
2021-02-26,TEP.PA,CANAL,,"clôture entre 229,27 € et 247,16 € au 2021-03-31",229.2694,247.1649,,,2021-03-31,258.7738952636719,DEMENTIE
2021-02-26,TEP.PA,REFLEXIVE,AUCUNE SEQUENCE,"AUCUNE SEQUENCE : écart contre TR39 dans ± 5,39 pt (σ̂), au 2021-03-31",-5.38632631232043,5.38632631232043,,5.3863,2021-03-31,-0.8581315191999561,CONFIRMEE
2021-02-26,TTE.PA,CANAL,,"clôture entre 27,97 € et 29,49 € au 2021-03-31",27.9701,29.4852,,,2021-03-31,29.28479766845703,CONFIRMEE
2021-02-26,VIE.PA,CANAL,,"clôture entre 18,33 € et 19,39 € au 2021-03-31",18.3307,19.3885,,,2021-03-31,16.56194496154785,DEMENTIE
2021-02-26,VIV.PA,CANAL,,"clôture entre 9,16 € et 12,01 € au 2021-03-31",9.1555,12.013499999999999,,,2021-03-31,9.723240852355957,CONFIRMEE
2021-02-26,VIV.PA,REFLEXIVE,AUCUNE SEQUENCE,"AUCUNE SEQUENCE : écart contre TR39 dans ± 6,36 pt (σ̂), au 2021-03-31",-6.359739286927625,6.359739286927625,,6.3597,2021-03-31,-8.892146674483348,DEMENTIE
2021-02-26,WLN.PA,CANAL,,"clôture entre 759,42 € et 807,21 € au 2021-03-31",759.4204000000001,807.2141,,,2021-03-31,738.187255859375,DEMENTIE
2021-02-26,WLN.PA,REFLEXIVE,AUCUNE SEQUENCE,"AUCUNE SEQUENCE : écart contre TR39 dans ± 8,38 pt (σ̂), au 2021-03-31",-8.384545612390626,8.384545612390626,,8.3845,2021-03-31,-10.094863670607824,DEMENTIE
2021-03-31,ACA.PA,CANAL,,"clôture entre 8,45 € et 8,63 € au 2021-04-30",8.45,8.628,,,2021-04-30,8.182625770568848,DEMENTIE
2021-03-31,ACA.PA,REFLEXIVE,AUCUNE SEQUENCE,"AUCUNE SEQUENCE : écart contre TR39 dans ± 12,44 pt (σ̂), au 2021-04-30",-12.44490803644211,12.44490803644211,,12.4449,2021-04-30,1.4258715498836727,CONFIRMEE
2021-03-31,AI.PA,CANAL,,"clôture entre 83,66 € et 93,90 € au 2021-04-30",83.664,93.902,,,2021-04-30,94.10186767578125,DEMENTIE
2021-03-31,AIR.PA,CANAL,,"clôture entre 93,06 € et 100,31 € au 2021-04-30",93.062,100.314,,,2021-04-30,91.68846130371094,DEMENTIE
2021-03-31,ALO.PA,CANAL,,"encadrement ferme avant le 2021-04-30 : les bornes prolongees se croisent, la thèse est inconfirmable à l'écriture",40.188,39.362,,,2021-04-30,44.303436279296875,INCONFIRMABLE
2021-03-31,ALO.PA,REFLEXIVE,AUCUNE SEQUENCE,"AUCUNE SEQUENCE : écart contre TR39 dans ± 8,08 pt (σ̂), au 2021-04-30",-8.0774481306113,8.0774481306113,,8.0774,2021-04-30,4.024285709037723,CONFIRMEE
2021-03-31,ATO.PA,CANAL,,"encadrement ferme avant le 2021-04-30 : les bornes prolongees se croisent, la thèse est inconfirmable à l'écriture",4740.204,4657.044,,,2021-04-30,4137.1279296875,INCONFIRMABLE
2021-03-31,ATO.PA,REFLEXIVE,AUCUNE SEQUENCE,"AUCUNE SEQUENCE : écart contre TR39 dans ± 8,54 pt (σ̂), au 2021-04-30",-8.54051981386111,8.54051981386111,,8.5405,2021-04-30,-17.725801151808263,DEMENTIE
2021-03-31,BN.PA,CANAL,,"clôture entre 47,60 € et 51,73 € au 2021-04-30",47.596000000000004,51.728,,,2021-04-30,47.9594612121582,CONFIRMEE
2021-03-31,BNP.PA,CANAL,,"clôture entre 38,01 € et 39,93 € au 2021-04-30",38.013999999999996,39.931999999999995,,,2021-04-30,36.653282165527344,DEMENTIE
2021-03-31,BNP.PA,REFLEXIVE,AUCUNE SEQUENCE,"AUCUNE SEQUENCE : écart contre TR39 dans ± 12,63 pt (σ̂), au 2021-04-30",-12.627476224181603,12.627476224181603,,12.6275,2021-04-30,0.06748260408031559,CONFIRMEE
2021-03-31,CA.PA,CANAL,,"encadrement ferme avant le 2021-04-30 : les bornes prolongees se croisent, la thèse est inconfirmable à l'écriture",10.98,10.908,,,2021-04-30,11.945271492004395,INCONFIRMABLE
2021-03-31,CAP.PA,CANAL,,"clôture entre 139,17 € et 140,05 € au 2021-04-30",139.174,140.048,,,2021-04-30,135.45704650878906,DEMENTIE
2021-03-31,CS.PA,CANAL,,"clôture entre 16,00 € et 17,04 € au 2021-04-30",15.998,17.044,,,2021-04-30,16.476282119750977,CONFIRMEE
2021-03-31,CS.PA,REFLEXIVE,AUCUNE SEQUENCE,"AUCUNE SEQUENCE : écart contre TR39 dans ± 9,71 pt (σ̂), au 2021-04-30",-9.7112069719734,9.7112069719734,,9.7112,2021-04-30,-0.04646820129845519,CONFIRMEE
2021-03-31,DG.PA,CANAL,,"clôture entre 73,62 € et 74,83 € au 2021-04-30",73.622,74.834,,,2021-04-30,75.64539337158203,DEMENTIE
2021-03-31,DSY.PA,CANAL,,"clôture entre 33,96 € et 34,54 € au 2021-04-30",33.958,34.536,,,2021-04-30,37.087745666503906,DEMENTIE
2021-03-31,EL.PA,CANAL,,"clôture entre 121,90 € et 134,20 € au 2021-04-30",121.9,134.19799999999998,,,2021-04-30,122.2607192993164,CONFIRMEE
2021-03-31,EN.PA,CANAL,,"clôture entre 25,54 € et 25,89 € au 2021-04-30",25.540000000000003,25.886000000000003,,,2021-04-30,26.141103744506836,DEMENTIE
2021-03-31,ENGI.PA,CANAL,,"encadrement ferme avant le 2021-04-30 : les bornes prolongees se croisent, la thèse est inconfirmable à l'écriture",7.666,7.4879999999999995,,,2021-04-30,8.022274017333984,INCONFIRMABLE
2021-03-31,GLE.PA,CANAL,,"encadrement ferme avant le 2021-04-30 : les bornes prolongees se croisent, la thèse est inconfirmable à l'écriture",19.688,19.43,,,2021-04-30,18.536163330078125,INCONFIRMABLE
2021-03-31,GLE.PA,REFLEXIVE,AUCUNE SEQUENCE,"AUCUNE SEQUENCE : écart contre TR39 dans ± 15,58 pt (σ̂), au 2021-04-30",-15.579318875620192,15.579318875620192,,15.5793,2021-04-30,3.2291057223429176,CONFIRMEE
2021-03-31,HO.PA,CANAL,,"encadrement ferme avant le 2021-04-30 : les bornes prolongees se croisent, la thèse est inconfirmable à l'écriture",77.134,77.05199999999999,,,2021-04-30,75.22110748291016,INCONFIRMABLE
2021-03-31,KER.PA,CANAL,,"clôture entre 448,27 € et 524,28 € au 2021-04-30",448.268,524.284,,,2021-04-30,578.2359008789062,DEMENTIE
2021-03-31,LR.PA,CANAL,,"clôture entre 66,81 € et 70,60 € au 2021-04-30",66.81,70.604,,,2021-04-30,72.18692016601562,DEMENTIE
2021-03-31,MC.PA,CANAL,,"clôture entre 513,83 € et 537,14 € au 2021-04-30",513.826,537.138,,,2021-04-30,568.36962890625,DEMENTIE
2021-03-31,ML.PA,CANAL,,"clôture entre 26,93 € et 27,33 € au 2021-04-30",26.928,27.33,,,2021-04-30,24.095800399780273,DEMENTIE
2021-03-31,MT.AS,CANAL,,"clôture entre 20,94 € et 24,33 € au 2021-04-30",20.936,24.328000000000003,,,2021-04-30,22.158056259155273,CONFIRMEE
2021-03-31,MT.AS,REFLEXIVE,AUTO-RENFORCEMENT,"AUTO-RENFORCEMENT : écart contre TR39 au-dessus de +5,79 pt (0,5 σ̂), au 2021-04-30",5.785112079369119,,-5.785112079369119,11.5702,2021-04-30,-4.385892228390976,ZONE MORTE
2021-03-31,OR.PA,CANAL,,"clôture entre 278,09 € et 301,42 € au 2021-04-30",278.09,301.418,,,2021-04-30,315.0854187011719,DEMENTIE
2021-03-31,ORA.PA,CANAL,,"clôture entre 6,96 € et 7,48 € au 2021-04-30",6.9639999999999995,7.48,,,2021-04-30,7.193308353424072,CONFIRMEE
2021-03-31,PUB.PA,CANAL,,"clôture entre 43,06 € et 44,13 € au 2021-04-30",43.062,44.13,,,2021-04-30,42.08439636230469,DEMENTIE
2021-03-31,RI.PA,CANAL,,"clôture entre 133,56 € et 139,98 € au 2021-04-30",133.56199999999998,139.98399999999998,,,2021-04-30,140.2528076171875,DEMENTIE
2021-03-31,RMS.PA,CANAL,,"clôture entre 860,88 € et 1 069,29 € au 2021-04-30",860.88,1069.286,,,2021-04-30,995.2557373046875,CONFIRMEE
2021-03-31,RNO.PA,CANAL,,"clôture entre 33,42 € et 38,99 € au 2021-04-30",33.416000000000004,38.99,,,2021-04-30,28.379507064819336,DEMENTIE
2021-03-31,SAF.PA,CANAL,,"clôture entre 112,58 € et 121,38 € au 2021-04-30",112.58,121.376,,,2021-04-30,118.03692626953125,CONFIRMEE
2021-03-31,SAN.PA,CANAL,,"clôture entre 57,74 € et 65,36 € au 2021-04-30",57.736,65.36399999999999,,,2021-04-30,67.8254623413086,DEMENTIE
2021-03-31,SGO.PA,CANAL,,"clôture entre 40,27 € et 45,41 € au 2021-04-30",40.272000000000006,45.414,,,2021-04-30,44.39877700805664,CONFIRMEE
2021-03-31,STMPA.PA,CANAL,,"clôture entre 28,12 € et 29,19 € au 2021-04-30",28.124000000000002,29.188000000000002,,,2021-04-30,29.683347702026367,DEMENTIE
2021-03-31,SU.PA,CANAL,,"clôture entre 113,70 € et 116,72 € au 2021-04-30",113.69800000000001,116.718,,,2021-04-30,119.08772277832031,DEMENTIE
2021-03-31,TEP.PA,CANAL,,"clôture entre 232,63 € et 265,78 € au 2021-04-30",232.626,265.782,,,2021-04-30,269.3331298828125,DEMENTIE
2021-03-31,TEP.PA,REFLEXIVE,AUTO-RENFORCEMENT,"AUTO-RENFORCEMENT : écart contre TR39 au-dessus de +2,66 pt (0,5 σ̂), au 2021-04-30",2.661759733749313,,-2.661759733749313,5.3235,2021-04-30,1.237430437023046,ZONE MORTE
2021-03-31,TTE.PA,CANAL,,"clôture entre 29,94 € et 31,89 € au 2021-04-30",29.944,31.889999999999997,,,2021-04-30,27.11282730102539,DEMENTIE
2021-03-31,VIE.PA,CANAL,,"clôture entre 17,14 € et 21,76 € au 2021-04-30",17.136,21.756,,,2021-04-30,20.069805145263672,CONFIRMEE
2021-03-31,VIV.PA,CANAL,,"encadrement ferme avant le 2021-04-30 : les bornes prolongees se croisent, la thèse est inconfirmable à l'écriture",10.122,8.883999999999999,,,2021-04-30,10.070499420166016,INCONFIRMABLE
2021-03-31,VIV.PA,REFLEXIVE,AUCUNE SEQUENCE,"AUCUNE SEQUENCE : écart contre TR39 dans ± 6,62 pt (σ̂), au 2021-04-30",-6.6237021270900485,6.6237021270900485,,6.6237,2021-04-30,0.7283718654778504,CONFIRMEE
2021-03-31,WLN.PA,CANAL,,"clôture entre 718,72 € et 796,14 € au 2021-04-30",718.722,796.144,,,2021-04-30,843.4801635742188,DEMENTIE
2021-03-31,WLN.PA,REFLEXIVE,AUCUNE SEQUENCE,"AUCUNE SEQUENCE : écart contre TR39 dans ± 7,08 pt (σ̂), au 2021-04-30",-7.078625886084321,7.078625886084321,,7.0786,2021-04-30,11.420656120963436,DEMENTIE
2021-04-30,ACA.PA,CANAL,,"encadrement ferme avant le 2021-05-31 : les bornes prolongees se croisent, la thèse est inconfirmable à l'écriture",8.42,8.4002,,,2021-05-31,8.251479148864746,INCONFIRMABLE
2021-04-30,ACA.PA,REFLEXIVE,AUCUNE SEQUENCE,"AUCUNE SEQUENCE : écart contre TR39 dans ± 10,54 pt (σ̂), au 2021-05-31",-10.539508130235827,10.539508130235827,,10.5395,2021-05-31,-3.5965982703163757,CONFIRMEE
2021-04-30,AI.PA,CANAL,,"encadrement ferme avant le 2021-05-31 : les bornes prolongees se croisent, la thèse est inconfirmable à l'écriture",99.3227,95.7642,,,2021-05-31,95.24668884277344,INCONFIRMABLE
2021-04-30,AIR.PA,CANAL,,"clôture entre 94,51 € et 96,38 € au 2021-05-31",94.5052,96.3771,,,2021-05-31,97.8536376953125,DEMENTIE
2021-04-30,ALO.PA,CANAL,,"clôture entre 39,57 € et 45,71 € au 2021-05-31",39.5711,45.7058,,,2021-05-31,44.83968734741211,CONFIRMEE
2021-04-30,ALO.PA,REFLEXIVE,AUCUNE SEQUENCE,"AUCUNE SEQUENCE : écart contre TR39 dans ± 7,98 pt (σ̂), au 2021-05-31",-7.981993256817072,7.981993256817072,,7.982,2021-05-31,-3.2276513682955477,CONFIRMEE
2021-04-30,ATO.PA,CANAL,,"clôture entre 3 456,13 € et 4 391,24 € au 2021-05-31",3456.1327,4391.2367,,,2021-05-31,4074.27392578125,CONFIRMEE
2021-04-30,ATO.PA,REFLEXIVE,AUCUNE SEQUENCE,"AUCUNE SEQUENCE : écart contre TR39 dans ± 7,85 pt (σ̂), au 2021-05-31",-7.850753094614372,7.850753094614372,,7.8508,2021-05-31,-5.957323130112346,CONFIRMEE
2021-04-30,BN.PA,CANAL,,"clôture entre 49,11 € et 53,31 € au 2021-05-31",49.1086,53.312799999999996,,,2021-05-31,49.306396484375,CONFIRMEE
2021-04-30,BNP.PA,CANAL,,"clôture entre 37,22 € et 37,86 € au 2021-05-31",37.2222,37.8575,,,2021-05-31,39.114112854003906,DEMENTIE
2021-04-30,BNP.PA,REFLEXIVE,AUCUNE SEQUENCE,"AUCUNE SEQUENCE : écart contre TR39 dans ± 10,90 pt (σ̂), au 2021-05-31",-10.903162287493103,10.903162287493103,,10.9032,2021-05-31,2.275750672347976,CONFIRMEE
2021-04-30,CA.PA,CANAL,,"clôture entre 11,25 € et 11,61 € au 2021-05-31",11.253,11.6131,,,2021-05-31,12.761211395263672,DEMENTIE
2021-04-30,CAP.PA,CANAL,,"clôture entre 144,92 € et 146,56 € au 2021-05-31",144.9189,146.56470000000002,,,2021-05-31,135.6792755126953,DEMENTIE
2021-04-30,CS.PA,CANAL,,"clôture entre 17,46 € et 17,71 € au 2021-05-31",17.4633,17.7148,,,2021-05-31,16.80935287475586,DEMENTIE
2021-04-30,CS.PA,REFLEXIVE,AUCUNE SEQUENCE,"AUCUNE SEQUENCE : écart contre TR39 dans ± 9,51 pt (σ̂), au 2021-05-31",-9.512331339238587,9.512331339238587,,9.5123,2021-05-31,-2.4165400444735363,CONFIRMEE
2021-04-30,DG.PA,CANAL,,"clôture entre 76,24 € et 76,48 € au 2021-05-31",76.24170000000001,76.4843,,,2021-05-31,76.90338897705078,DEMENTIE
2021-04-30,DSY.PA,CANAL,,"encadrement ferme avant le 2021-05-31 : les bornes prolongees se croisent, la thèse est inconfirmable à l'écriture",39.658899999999996,38.651199999999996,,,2021-05-31,36.29328536987305,INCONFIRMABLE
2021-04-30,EL.PA,CANAL,,"clôture entre 128,24 € et 138,46 € au 2021-05-31",128.24200000000002,138.46089999999998,,,2021-05-31,126.31293487548828,DEMENTIE
2021-04-30,EN.PA,CANAL,,"clôture entre 25,51 € et 26,20 € au 2021-05-31",25.5145,26.1975,,,2021-05-31,25.697620391845703,CONFIRMEE
2021-04-30,ENGI.PA,CANAL,,"encadrement ferme avant le 2021-05-31 : les bornes prolongees se croisent, la thèse est inconfirmable à l'écriture",8.2355,7.8196,,,2021-05-31,8.210673332214355,INCONFIRMABLE
2021-04-30,GLE.PA,CANAL,,"clôture entre 18,66 € et 20,45 € au 2021-05-31",18.656299999999998,20.4485,,,2021-05-31,20.96137046813965,DEMENTIE
2021-04-30,GLE.PA,REFLEXIVE,AUCUNE SEQUENCE,"AUCUNE SEQUENCE : écart contre TR39 dans ± 14,10 pt (σ̂), au 2021-05-31",-14.098218222077799,14.098218222077799,,14.0982,2021-05-31,8.645595678140584,CONFIRMEE
2021-04-30,HO.PA,CANAL,,"clôture entre 78,19 € et 81,81 € au 2021-05-31",78.188,81.8129,,,2021-05-31,75.61150360107422,DEMENTIE
2021-04-30,KER.PA,CANAL,,"clôture entre 411,92 € et 594,90 € au 2021-05-31",411.9216,594.8966,,,2021-05-31,654.5341796875,DEMENTIE
2021-04-30,LR.PA,CANAL,,"clôture entre 65,54 € et 76,31 € au 2021-05-31",65.5408,76.3133,,,2021-05-31,77.57994079589844,DEMENTIE
2021-04-30,MC.PA,CANAL,,"clôture entre 513,40 € et 612,36 € au 2021-05-31",513.3965,612.3567,,,2021-05-31,591.7869873046875,CONFIRMEE
2021-04-30,ML.PA,CANAL,,"clôture entre 24,89 € et 28,35 € au 2021-05-31",24.892400000000002,28.348499999999998,,,2021-05-31,25.66006088256836,CONFIRMEE
2021-04-30,MT.AS,CANAL,,"clôture entre 21,49 € et 25,68 € au 2021-05-31",21.4937,25.6829,,,2021-05-31,24.57488441467285,CONFIRMEE
2021-04-30,MT.AS,REFLEXIVE,AUCUNE SEQUENCE,"AUCUNE SEQUENCE : écart contre TR39 dans ± 11,04 pt (σ̂), au 2021-05-31",-11.040408124352851,11.040408124352851,,11.0404,2021-05-31,6.469164450773235,CONFIRMEE
2021-04-30,OR.PA,CANAL,,"clôture entre 255,06 € et 325,80 € au 2021-05-31",255.06059999999997,325.798,,,2021-05-31,339.66326904296875,DEMENTIE
2021-04-30,ORA.PA,CANAL,,"clôture entre 7,45 € et 7,52 € au 2021-05-31",7.4514,7.522,,,2021-05-31,7.235007286071777,DEMENTIE
2021-04-30,PUB.PA,CANAL,,"clôture entre 45,35 € et 46,84 € au 2021-05-31",45.34780000000001,46.8385,,,2021-05-31,43.36582946777344,DEMENTIE
2021-04-30,RI.PA,CANAL,,"clôture entre 134,83 € et 149,40 € au 2021-05-31",134.8272,149.3997,,,2021-05-31,148.01722717285156,CONFIRMEE
2021-04-30,RMS.PA,CANAL,,"clôture entre 844,93 € et 1 038,72 € au 2021-05-31",844.9337999999999,1038.7199,,,2021-05-31,1101.8262939453125,DEMENTIE
2021-04-30,RNO.PA,CANAL,,"clôture entre 29,19 € et 40,59 € au 2021-05-31",29.1946,40.586,,,2021-05-31,28.64192771911621,DEMENTIE
2021-04-30,SAF.PA,CANAL,,"clôture entre 115,47 € et 117,46 € au 2021-05-31",115.4749,117.4632,,,2021-05-31,116.71129608154297,CONFIRMEE
2021-04-30,SAN.PA,CANAL,,"encadrement ferme avant le 2021-05-31 : les bornes prolongees se croisent, la thèse est inconfirmable à l'écriture",71.467,69.1922,,,2021-05-31,70.19269561767578,INCONFIRMABLE
2021-04-30,SGO.PA,CANAL,,"clôture entre 47,67 € et 48,56 € au 2021-05-31",47.6699,48.5628,,,2021-05-31,46.36077880859375,DEMENTIE
2021-04-30,STMPA.PA,CANAL,,"clôture entre 30,10 € et 31,10 € au 2021-05-31",30.102,31.1001,,,2021-05-31,29.20704460144043,DEMENTIE
2021-04-30,SU.PA,CANAL,,"clôture entre 114,85 € et 129,47 € au 2021-05-31",114.8505,129.4669,,,2021-05-31,118.12247467041016,CONFIRMEE
2021-04-30,TEP.PA,CANAL,,"clôture entre 286,66 € et 292,89 € au 2021-05-31",286.6589,292.8914,,,2021-05-31,263.8810729980469,DEMENTIE
2021-04-30,TEP.PA,REFLEXIVE,AUCUNE SEQUENCE,"AUCUNE SEQUENCE : écart contre TR39 dans ± 5,26 pt (σ̂), au 2021-05-31",-5.259405927012288,5.259405927012288,,5.2594,2021-05-31,-6.462336579654993,DEMENTIE
2021-04-30,TTE.PA,CANAL,,"clôture entre 27,77 € et 32,74 € au 2021-05-31",27.7683,32.7405,,,2021-05-31,27.907991409301758,CONFIRMEE
2021-04-30,VIE.PA,CANAL,,"clôture entre 17,48 € et 21,15 € au 2021-05-31",17.475800000000003,21.1513,,,2021-05-31,20.003480911254883,CONFIRMEE
2021-04-30,VIV.PA,CANAL,,"encadrement ferme avant le 2021-05-31 : les bornes prolongees se croisent, la thèse est inconfirmable à l'écriture",10.3453,9.7984,,,2021-05-31,10.320526123046875,INCONFIRMABLE
2021-04-30,VIV.PA,REFLEXIVE,AUCUNE SEQUENCE,"AUCUNE SEQUENCE : écart contre TR39 dans ± 7,18 pt (σ̂), au 2021-05-31",-7.177060624826211,7.177060624826211,,7.1771,2021-05-31,-1.9552928154572102,CONFIRMEE
2021-04-30,WLN.PA,CANAL,,"clôture entre 697,82 € et 870,16 € au 2021-05-31",697.819,870.1601,,,2021-05-31,808.86474609375,CONFIRMEE
2021-04-30,WLN.PA,REFLEXIVE,AUCUNE SEQUENCE,"AUCUNE SEQUENCE : écart contre TR39 dans ± 7,55 pt (σ̂), au 2021-05-31",-7.548255151546565,7.548255151546565,,7.5483,2021-05-31,-8.541936948044505,DEMENTIE
2021-05-31,ACA.PA,CANAL,,"clôture entre 8,60 € et 8,99 € au 2021-06-30",8.6032,8.991800000000001,,,2021-06-30,7.9890971183776855,DEMENTIE
2021-05-31,ACA.PA,REFLEXIVE,AUCUNE SEQUENCE,"AUCUNE SEQUENCE : écart contre TR39 dans ± 10,53 pt (σ̂), au 2021-06-30",-10.52577644355323,10.52577644355323,,10.5258,2021-06-30,-4.266057600039474,CONFIRMEE
2021-05-31,AI.PA,CANAL,,"clôture entre 98,37 € et 98,39 € au 2021-06-30",98.36919999999999,98.3918,,,2021-06-30,101.12256622314453,DEMENTIE
2021-05-31,AIR.PA,CANAL,,"clôture entre 90,08 € et 102,52 € au 2021-06-30",90.083,102.524,,,2021-06-30,99.48665618896484,CONFIRMEE
2021-05-31,ALO.PA,CANAL,,"clôture entre 43,19 € et 45,05 € au 2021-06-30",43.191,45.0456,,,2021-06-30,41.524723052978516,DEMENTIE
2021-05-31,ALO.PA,REFLEXIVE,AUCUNE SEQUENCE,"AUCUNE SEQUENCE : écart contre TR39 dans ± 7,99 pt (σ̂), au 2021-06-30",-7.987060574155994,7.987060574155994,,7.9871,2021-06-30,-8.479164103820303,DEMENTIE
2021-05-31,ATO.PA,CANAL,,"clôture entre 2 949,03 € et 3 662,27 € au 2021-06-30",2949.034,3662.2652000000003,,,2021-06-30,3811.273681640625,DEMENTIE
2021-05-31,ATO.PA,REFLEXIVE,AUCUNE SEQUENCE,"AUCUNE SEQUENCE : écart contre TR39 dans ± 8,89 pt (σ̂), au 2021-06-30",-8.89149548972919,8.89149548972919,,8.8915,2021-06-30,-7.541383347835606,CONFIRMEE
2021-05-31,BN.PA,CANAL,,"clôture entre 49,37 € et 52,32 € au 2021-06-30",49.3662,52.321799999999996,,,2021-06-30,50.211326599121094,CONFIRMEE
2021-05-31,BNP.PA,CANAL,,"clôture entre 39,82 € et 41,61 € au 2021-06-30",39.8204,41.6134,,,2021-06-30,37.027095794677734,DEMENTIE
2021-05-31,BNP.PA,REFLEXIVE,AUCUNE SEQUENCE,"AUCUNE SEQUENCE : écart contre TR39 dans ± 10,89 pt (σ̂), au 2021-06-30",-10.89316618236696,10.89316618236696,,10.8932,2021-06-30,-6.421953115544565,CONFIRMEE
2021-05-31,CA.PA,CANAL,,"clôture entre 11,54 € et 12,82 € au 2021-06-30",11.536,12.8178,,,2021-06-30,12.658175468444824,CONFIRMEE
2021-05-31,CAP.PA,CANAL,,"clôture entre 143,72 € et 152,96 € au 2021-06-30",143.72359999999998,152.9554,,,2021-06-30,145.8535919189453,CONFIRMEE
2021-05-31,CS.PA,CANAL,,"clôture entre 17,53 € et 18,42 € au 2021-06-30",17.5322,18.4222,,,2021-06-30,15.919751167297363,DEMENTIE
2021-05-31,CS.PA,REFLEXIVE,AUCUNE SEQUENCE,"AUCUNE SEQUENCE : écart contre TR39 dans ± 9,48 pt (σ̂), au 2021-06-30",-9.481235673111813,9.481235673111813,,9.4812,2021-06-30,-6.3785413987988315,CONFIRMEE
2021-05-31,DG.PA,CANAL,,"clôture entre 80,15 € et 82,66 € au 2021-06-30",80.1494,82.6576,,,2021-06-30,74.47843170166016,DEMENTIE
2021-05-31,DSY.PA,CANAL,,"clôture entre 36,05 € et 39,25 € au 2021-06-30",36.0544,39.2484,,,2021-06-30,39.426170349121094,DEMENTIE
2021-05-31,EL.PA,CANAL,,"clôture entre 127,14 € et 128,11 € au 2021-06-30",127.13579999999999,128.10760000000002,,,2021-06-30,138.5631866455078,DEMENTIE
2021-05-31,EN.PA,CANAL,,"clôture entre 25,76 € et 27,82 € au 2021-06-30",25.759600000000002,27.820800000000002,,,2021-06-30,24.011646270751953,DEMENTIE
2021-05-31,ENGI.PA,CANAL,,"clôture entre 8,17 € et 8,48 € au 2021-06-30",8.168800000000001,8.4832,,,2021-06-30,7.807910919189453,DEMENTIE
2021-05-31,GLE.PA,CANAL,,"clôture entre 20,43 € et 22,72 € au 2021-06-30",20.4266,22.717599999999997,,,2021-06-30,19.885501861572266,DEMENTIE
2021-05-31,GLE.PA,REFLEXIVE,AUTO-RENFORCEMENT,"AUTO-RENFORCEMENT : écart contre TR39 au-dessus de +6,78 pt (0,5 σ̂), au 2021-06-30",6.777276065197068,,-6.777276065197068,13.5546,2021-06-30,-6.218864776605349,ZONE MORTE
2021-05-31,HO.PA,CANAL,,"clôture entre 76,62 € et 85,67 € au 2021-06-30",76.62259999999999,85.6734,,,2021-06-30,77.57707977294922,CONFIRMEE
2021-05-31,KER.PA,CANAL,,"encadrement ferme avant le 2021-06-30 : les bornes prolongees se croisent, la thèse est inconfirmable à l'écriture",710.2832000000001,686.544,,,2021-06-30,644.6500854492188,INCONFIRMABLE
2021-05-31,LR.PA,CANAL,,"clôture entre 65,73 € et 80,42 € au 2021-06-30",65.7294,80.419,,,2021-06-30,80.85924530029297,DEMENTIE
2021-05-31,MC.PA,CANAL,,"clôture entre 601,36 € et 642,38 € au 2021-06-30",601.3634,642.385,,,2021-06-30,600.2280883789062,DEMENTIE
2021-05-31,ML.PA,CANAL,,"clôture entre 25,37 € et 25,37 € au 2021-06-30",25.365599999999997,25.3734,,,2021-06-30,27.43464469909668,DEMENTIE
2021-05-31,MT.AS,CANAL,,"clôture entre 25,08 € et 28,20 € au 2021-06-30",25.0802,28.1958,,,2021-06-30,23.841495513916016,DEMENTIE
2021-05-31,MT.AS,REFLEXIVE,AUCUNE SEQUENCE,"AUCUNE SEQUENCE : écart contre TR39 dans ± 11,31 pt (σ̂), au 2021-06-30",-11.309805530731458,11.309805530731458,,11.3098,2021-06-30,-4.070542007696021,CONFIRMEE
2021-05-31,OR.PA,CANAL,,"clôture entre 344,09 € et 356,10 € au 2021-06-30",344.0866,356.102,,,2021-06-30,346.58013916015625,CONFIRMEE
2021-05-31,ORA.PA,CANAL,,"clôture entre 7,44 € et 7,49 € au 2021-06-30",7.4434000000000005,7.492,,,2021-06-30,7.01828145980835,DEMENTIE
2021-05-31,PUB.PA,CANAL,,"clôture entre 45,67 € et 49,23 € au 2021-06-30",45.673,49.227000000000004,,,2021-06-30,43.69414138793945,DEMENTIE
2021-05-31,RI.PA,CANAL,,"clôture entre 149,41 € et 153,13 € au 2021-06-30",149.406,153.1288,,,2021-06-30,153.8097686767578,DEMENTIE
2021-05-31,RMS.PA,CANAL,,"clôture entre 1 095,43 € et 1 153,67 € au 2021-06-30",1095.4306,1153.6688,,,2021-06-30,1174.484619140625,DEMENTIE
2021-05-31,RNO.PA,CANAL,,"clôture entre 26,17 € et 26,98 € au 2021-06-30",26.165200000000002,26.979599999999998,,,2021-06-30,28.853553771972656,DEMENTIE
2021-05-31,SAF.PA,CANAL,,"clôture entre 114,81 € et 120,44 € au 2021-06-30",114.8122,120.441,,,2021-06-30,111.52242279052734,DEMENTIE
2021-05-31,SAN.PA,CANAL,,"encadrement ferme avant le 2021-06-30 : les bornes prolongees se croisent, la thèse est inconfirmable à l'écriture",73.9734,73.10340000000001,,,2021-06-30,71.31454467773438,INCONFIRMABLE
2021-05-31,SGO.PA,CANAL,,"clôture entre 49,34 € et 53,04 € au 2021-06-30",49.3354,53.0356,,,2021-06-30,48.06698226928711,DEMENTIE
2021-05-31,STMPA.PA,CANAL,,"clôture entre 26,82 € et 30,19 € au 2021-06-30",26.8206,30.1882,,,2021-06-30,29.21222686767578,CONFIRMEE
2021-05-31,SU.PA,CANAL,,"clôture entre 117,10 € et 132,74 € au 2021-06-30",117.10499999999999,132.7358,,,2021-06-30,121.11661529541016,CONFIRMEE
2021-05-31,TEP.PA,CANAL,,"clôture entre 273,55 € et 309,28 € au 2021-06-30",273.54760000000005,309.2822,,,2021-06-30,287.1153564453125,CONFIRMEE
2021-05-31,TEP.PA,REFLEXIVE,AUCUNE SEQUENCE,"AUCUNE SEQUENCE : écart contre TR39 dans ± 5,20 pt (σ̂), au 2021-06-30",-5.203427838051187,5.203427838051187,,5.2034,2021-06-30,7.718591888218818,DEMENTIE
2021-05-31,TTE.PA,CANAL,,"clôture entre 28,70 € et 28,97 € au 2021-06-30",28.700599999999998,28.968,,,2021-06-30,28.562875747680664,DEMENTIE
2021-05-31,VIE.PA,CANAL,,"clôture entre 21,89 € et 21,93 € au 2021-06-30",21.8924,21.926599999999997,,,2021-06-30,19.824460983276367,DEMENTIE
2021-05-31,VIV.PA,CANAL,,"encadrement ferme avant le 2021-06-30 : les bornes prolongees se croisent, la thèse est inconfirmable à l'écriture",10.3012,10.212399999999999,,,2021-06-30,10.374174118041992,INCONFIRMABLE
2021-05-31,VIV.PA,REFLEXIVE,AUCUNE SEQUENCE,"AUCUNE SEQUENCE : écart contre TR39 dans ± 7,08 pt (σ̂), au 2021-06-30",-7.0794686820897095,7.0794686820897095,,7.0795,2021-06-30,-0.566421051833399,CONFIRMEE
2021-05-31,WLN.PA,CANAL,,"clôture entre 791,16 € et 876,28 € au 2021-06-30",791.164,876.2782,,,2021-06-30,815.6845092773438,CONFIRMEE
2021-05-31,WLN.PA,REFLEXIVE,AUCUNE SEQUENCE,"AUCUNE SEQUENCE : écart contre TR39 dans ± 7,63 pt (σ̂), au 2021-06-30",-7.634324220646892,7.634324220646892,,7.6343,2021-06-30,-0.24311170766206924,CONFIRMEE
2021-06-30,ACA.PA,CANAL,,"clôture entre 8,29 € et 9,25 € au 2021-07-30",8.2936,9.2518,,,2021-07-30,7.952580451965332,DEMENTIE
2021-06-30,ACA.PA,REFLEXIVE,AUCUNE SEQUENCE,"AUCUNE SEQUENCE : écart contre TR39 dans ± 10,64 pt (σ̂), au 2021-07-30",-10.639134038322883,10.639134038322883,,10.6391,2021-07-30,-2.487683538557295,CONFIRMEE
2021-06-30,AI.PA,CANAL,,"clôture entre 102,05 € et 106,22 € au 2021-07-30",102.0506,106.2186,,,2021-07-30,100.3829574584961,DEMENTIE
2021-06-30,AIR.PA,CANAL,,"clôture entre 103,87 € et 110,86 € au 2021-07-30",103.86959999999999,110.8596,,,2021-07-30,106.1472396850586,CONFIRMEE
2021-06-30,ALO.PA,CANAL,,"clôture entre 41,98 € et 44,83 € au 2021-07-30",41.9786,44.830400000000004,,,2021-07-30,34.085567474365234,DEMENTIE
2021-06-30,ALO.PA,REFLEXIVE,AUCUNE SEQUENCE,"AUCUNE SEQUENCE : écart contre TR39 dans ± 8,00 pt (σ̂), au 2021-07-30",-8.003277168775139,8.003277168775139,,8.0033,2021-07-30,-19.94560574719022,DEMENTIE
2021-06-30,ATO.PA,CANAL,,"encadrement ferme avant le 2021-07-30 : les bornes prolongees se croisent, la thèse est inconfirmable à l'écriture",3774.1331999999998,3578.8052000000002,,,2021-07-30,2995.52734375,INCONFIRMABLE
2021-06-30,ATO.PA,REFLEXIVE,RETOURNEMENT,"RETOURNEMENT : écart contre TR39 au-dessous de −4,39 pt (0,5 σ̂), au 2021-07-30",,-4.3931034527984325,4.3931034527984325,8.7862,2021-07-30,-23.434112121326056,CONFIRMEE
2021-06-30,BN.PA,CANAL,,"clôture entre 49,26 € et 52,92 € au 2021-07-30",49.257799999999996,52.9218,,,2021-07-30,52.48636245727539,CONFIRMEE
2021-06-30,BNP.PA,CANAL,,"clôture entre 38,43 € et 42,92 € au 2021-07-30",38.434000000000005,42.9234,,,2021-07-30,36.03260803222656,DEMENTIE
2021-06-30,BNP.PA,REFLEXIVE,AUCUNE SEQUENCE,"AUCUNE SEQUENCE : écart contre TR39 dans ± 10,72 pt (σ̂), au 2021-07-30",-10.724083581095437,10.724083581095437,,10.7241,2021-07-30,-4.716440144412948,CONFIRMEE
2021-06-30,CA.PA,CANAL,,"clôture entre 13,08 € et 13,35 € au 2021-07-30",13.079600000000001,13.349,,,2021-07-30,11.952186584472656,DEMENTIE
2021-06-30,CAP.PA,CANAL,,"clôture entre 146,70 € et 151,70 € au 2021-07-30",146.6984,151.6964,,,2021-07-30,164.08526611328125,DEMENTIE
2021-06-30,CS.PA,CANAL,,"clôture entre 16,43 € et 20,38 € au 2021-07-30",16.4314,20.3826,,,2021-07-30,16.288246154785156,DEMENTIE
2021-06-30,CS.PA,REFLEXIVE,AUCUNE SEQUENCE,"AUCUNE SEQUENCE : écart contre TR39 dans ± 9,47 pt (σ̂), au 2021-07-30",-9.474533426650773,9.474533426650773,,9.4745,2021-07-30,0.28410091556154704,CONFIRMEE
2021-06-30,DG.PA,CANAL,,"clôture entre 76,29 € et 86,45 € au 2021-07-30",76.2872,86.454,,,2021-07-30,73.83287811279297,DEMENTIE
2021-06-30,DSY.PA,CANAL,,"clôture entre 37,13 € et 40,77 € au 2021-07-30",37.1312,40.77,,,2021-07-30,44.84365463256836,DEMENTIE
2021-06-30,EL.PA,CANAL,,"clôture entre 132,17 € et 144,49 € au 2021-07-30",132.1658,144.49380000000002,,,2021-07-30,141.69699096679688,CONFIRMEE
2021-06-30,EN.PA,CANAL,,"clôture entre 23,58 € et 28,34 € au 2021-07-30",23.5786,28.339799999999997,,,2021-07-30,25.012454986572266,CONFIRMEE
2021-06-30,ENGI.PA,CANAL,,"clôture entre 7,79 € et 8,38 € au 2021-07-30",7.7868,8.3832,,,2021-07-30,7.603827476501465,DEMENTIE
2021-06-30,GLE.PA,CANAL,,"clôture entre 21,05 € et 24,36 € au 2021-07-30",21.050800000000002,24.3552,,,2021-07-30,19.777515411376953,DEMENTIE
2021-06-30,GLE.PA,REFLEXIVE,AUCUNE SEQUENCE,"AUCUNE SEQUENCE : écart contre TR39 dans ± 13,03 pt (σ̂), au 2021-07-30",-13.028622007614665,13.028622007614665,,13.0286,2021-07-30,-2.573643381323565,CONFIRMEE
2021-06-30,HO.PA,CANAL,,"clôture entre 78,58 € et 78,68 € au 2021-07-30",78.5826,78.6794,,,2021-07-30,79.79510498046875,DEMENTIE
2021-06-30,KER.PA,CANAL,,"clôture entre 695,96 € et 727,97 € au 2021-07-30",695.9594,727.965,,,2021-07-30,661.4441528320312,DEMENTIE
2021-06-30,LR.PA,CANAL,,"clôture entre 84,40 € et 84,83 € au 2021-07-30",84.4016,84.8334,,,2021-07-30,85.9865493774414,DEMENTIE
2021-06-30,MC.PA,CANAL,,"clôture entre 636,65 € et 675,00 € au 2021-07-30",636.6532,674.9956000000001,,,2021-07-30,611.6643676757812,DEMENTIE
2021-06-30,ML.PA,CANAL,,"clôture entre 26,25 € et 29,09 € au 2021-07-30",26.2456,29.087000000000003,,,2021-07-30,28.087360382080078,CONFIRMEE
2021-06-30,MT.AS,CANAL,,"clôture entre 22,65 € et 30,31 € au 2021-07-30",22.6456,30.3062,,,2021-07-30,27.09260368347168,CONFIRMEE
2021-06-30,MT.AS,REFLEXIVE,AUCUNE SEQUENCE,"AUCUNE SEQUENCE : écart contre TR39 dans ± 8,81 pt (σ̂), au 2021-07-30",-8.811280108582407,8.811280108582407,,8.8113,2021-07-30,11.605741001884496,DEMENTIE
2021-06-30,OR.PA,CANAL,,"clôture entre 365,06 € et 389,09 € au 2021-07-30",365.0552,389.0872,,,2021-07-30,355.8948059082031,DEMENTIE
2021-06-30,ORA.PA,CANAL,,"clôture entre 7,03 € et 7,51 € au 2021-07-30",7.0280000000000005,7.5120000000000005,,,2021-07-30,6.8576979637146,DEMENTIE
2021-06-30,PUB.PA,CANAL,,"clôture entre 45,50 € et 53,49 € au 2021-07-30",45.4994,53.4886,,,2021-07-30,43.11090850830078,DEMENTIE
2021-06-30,RI.PA,CANAL,,"clôture entre 153,49 € et 161,67 € au 2021-07-30",153.4892,161.671,,,2021-07-30,154.01864624023438,CONFIRMEE
2021-06-30,RMS.PA,CANAL,,"clôture entre 1 167,86 € et 1 260,50 € au 2021-07-30",1167.8606,1260.5032,,,2021-07-30,1232.32421875,CONFIRMEE
2021-06-30,RNO.PA,CANAL,,"clôture entre 25,88 € et 30,25 € au 2021-07-30",25.875200000000003,30.249599999999997,,,2021-07-30,27.10973358154297,CONFIRMEE
2021-06-30,SAF.PA,CANAL,,"clôture entre 111,46 € et 122,13 € au 2021-07-30",111.46220000000001,122.12660000000001,,,2021-07-30,105.20803833007812,DEMENTIE
2021-06-30,SAN.PA,CANAL,,"clôture entre 73,99 € et 75,04 € au 2021-07-30",73.9944,75.03620000000001,,,2021-07-30,70.12004852294922,DEMENTIE
2021-06-30,SGO.PA,CANAL,,"clôture entre 51,08 € et 56,42 € au 2021-07-30",51.081,56.4214,,,2021-07-30,52.143245697021484,CONFIRMEE
2021-06-30,STMPA.PA,CANAL,,"clôture entre 26,76 € et 29,12 € au 2021-07-30",26.7606,29.1198,,,2021-07-30,32.9681510925293,DEMENTIE
2021-06-30,SU.PA,CANAL,,"encadrement ferme avant le 2021-07-30 : les bornes prolongees se croisent, la thèse est inconfirmable à l'écriture",125.1926,125.035,,,2021-07-30,128.98538208007812,INCONFIRMABLE
2021-06-30,TEP.PA,CANAL,,"clôture entre 278,21 € et 298,50 € au 2021-07-30",278.21340000000004,298.50460000000004,,,2021-07-30,298.27117919921875,CONFIRMEE
2021-06-30,TEP.PA,REFLEXIVE,AUTO-RENFORCEMENT,"AUTO-RENFORCEMENT : écart contre TR39 au-dessus de +2,79 pt (0,5 σ̂), au 2021-07-30",2.7850440204095994,,-2.7850440204095994,5.5701,2021-07-30,1.8548822580628954,ZONE MORTE
2021-06-30,TTE.PA,CANAL,,"clôture entre 29,26 € et 30,51 € au 2021-07-30",29.2624,30.5112,,,2021-07-30,27.47366714477539,DEMENTIE
2021-06-30,VIE.PA,CANAL,,"clôture entre 20,63 € et 22,70 € au 2021-07-30",20.631,22.6966,,,2021-07-30,21.544607162475586,CONFIRMEE
2021-06-30,VIV.PA,CANAL,,"clôture entre 10,29 € et 10,31 € au 2021-07-30",10.291799999999999,10.3062,,,2021-07-30,10.436426162719727,DEMENTIE
2021-06-30,VIV.PA,REFLEXIVE,AUTO-RENFORCEMENT,"AUTO-RENFORCEMENT : écart contre TR39 au-dessus de +3,55 pt (0,5 σ̂), au 2021-07-30",3.547989586438987,,-3.547989586438987,7.096,2021-07-30,-1.4305347955766656,ZONE MORTE
2021-06-30,WLN.PA,CANAL,,"clôture entre 820,02 € et 824,83 € au 2021-07-30",820.024,824.8298,,,2021-07-30,815.37451171875,DEMENTIE
2021-06-30,WLN.PA,REFLEXIVE,AUCUNE SEQUENCE,"AUCUNE SEQUENCE : écart contre TR39 dans ± 7,74 pt (σ̂), au 2021-07-30",-7.735204506708011,7.735204506708011,,7.7352,2021-07-30,-2.0686068611645347,CONFIRMEE
2021-07-30,ACA.PA,CANAL,,"clôture entre 7,63 € et 7,75 € au 2021-08-31",7.6252,7.7544,,,2021-08-31,8.256888389587402,DEMENTIE
2021-07-30,ACA.PA,REFLEXIVE,AUCUNE SEQUENCE,"AUCUNE SEQUENCE : écart contre TR39 dans ± 10,77 pt (σ̂), au 2021-08-31",-10.765401314715112,10.765401314715112,,10.7654,2021-08-31,0.970259414687491,CONFIRMEE
2021-07-30,AI.PA,CANAL,,"clôture entre 102,48 € et 110,15 € au 2021-08-31",102.4808,110.1466,,,2021-08-31,103.97147369384766,CONFIRMEE
2021-07-30,AIR.PA,CANAL,,"clôture entre 100,93 € et 114,33 € au 2021-08-31",100.928,114.33120000000001,,,2021-08-31,106.1472396850586,CONFIRMEE
2021-07-30,ALO.PA,CANAL,,"clôture entre 32,27 € et 53,20 € au 2021-08-31",32.275,53.198,,,2021-08-31,35.730525970458984,CONFIRMEE
2021-07-30,ALO.PA,REFLEXIVE,RETOURNEMENT,"RETOURNEMENT : écart contre TR39 au-dessous de −4,05 pt (0,5 σ̂), au 2021-08-31",,-4.0546109576039635,4.0546109576039635,8.1092,2021-08-31,1.9696964064551015,ZONE MORTE
2021-07-30,ATO.PA,CANAL,,"clôture entre 2 598,46 € et 3 437,10 € au 2021-08-31",2598.4649999999997,3437.1016,,,2021-08-31,3265.95703125,CONFIRMEE
2021-07-30,ATO.PA,REFLEXIVE,RETOURNEMENT,"RETOURNEMENT : écart contre TR39 au-dessous de −4,04 pt (0,5 σ̂), au 2021-08-31",,-4.041669523388436,4.041669523388436,8.0833,2021-08-31,6.171510955134263,DEMENTIE
2021-07-30,BN.PA,CANAL,,"clôture entre 48,63 € et 52,91 € au 2021-08-31",48.626799999999996,52.9092,,,2021-08-31,52.32566833496094,CONFIRMEE
2021-07-30,BNP.PA,CANAL,,"clôture entre 33,83 € et 34,90 € au 2021-08-31",33.832800000000006,34.9034,,,2021-08-31,37.62938690185547,DEMENTIE
2021-07-30,BNP.PA,REFLEXIVE,AUCUNE SEQUENCE,"AUCUNE SEQUENCE : écart contre TR39 dans ± 10,97 pt (σ̂), au 2021-08-31",-10.970602732150654,10.970602732150654,,10.9706,2021-08-31,1.575211566847412,CONFIRMEE
2021-07-30,CA.PA,CANAL,,"clôture entre 12,26 € et 15,01 € au 2021-08-31",12.2646,15.0084,,,2021-08-31,12.860432624816895,CONFIRMEE
2021-07-30,CAP.PA,CANAL,,"clôture entre 149,05 € et 172,41 € au 2021-08-31",149.0532,172.4134,,,2021-08-31,171.19789123535156,CONFIRMEE
2021-07-30,CS.PA,CANAL,,"encadrement ferme avant le 2021-08-31 : les bornes prolongees se croisent, la thèse est inconfirmable à l'écriture",16.1032,15.8026,,,2021-08-31,17.702674865722656,INCONFIRMABLE
2021-07-30,CS.PA,REFLEXIVE,AUCUNE SEQUENCE,"AUCUNE SEQUENCE : écart contre TR39 dans ± 9,36 pt (σ̂), au 2021-08-31",-9.363140503079695,9.363140503079695,,9.3631,2021-08-31,5.827467202402725,CONFIRMEE
2021-07-30,DG.PA,CANAL,,"clôture entre 71,23 € et 89,90 € au 2021-08-31",71.2334,89.8984,,,2021-08-31,75.22329711914062,CONFIRMEE
2021-07-30,DSY.PA,CANAL,,"clôture entre 38,22 € et 46,81 € au 2021-08-31",38.2212,46.812799999999996,,,2021-08-31,46.56433868408203,CONFIRMEE
2021-07-30,EL.PA,CANAL,,"clôture entre 138,12 € et 148,40 € au 2021-08-31",138.11860000000001,148.40380000000002,,,2021-08-31,148.01797485351562,CONFIRMEE
2021-07-30,EN.PA,CANAL,,"clôture entre 23,19 € et 24,81 € au 2021-08-31",23.188,24.806,,,2021-08-31,27.275814056396484,DEMENTIE
2021-07-30,ENGI.PA,CANAL,,"clôture entre 7,44 € et 7,70 € au 2021-08-31",7.4376,7.702800000000001,,,2021-08-31,8.19851016998291,DEMENTIE
2021-07-30,GLE.PA,CANAL,,"encadrement ferme avant le 2021-08-31 : les bornes prolongees se croisent, la thèse est inconfirmable à l'écriture",19.5562,19.2646,,,2021-08-31,21.317323684692383,INCONFIRMABLE
2021-07-30,GLE.PA,REFLEXIVE,AUCUNE SEQUENCE,"AUCUNE SEQUENCE : écart contre TR39 dans ± 13,29 pt (σ̂), au 2021-08-31",-13.285857186569391,13.285857186569391,,13.2859,2021-08-31,4.9293793810693876,CONFIRMEE
2021-07-30,HO.PA,CANAL,,"clôture entre 77,88 € et 84,44 € au 2021-08-31",77.884,84.4402,,,2021-08-31,77.48692321777344,DEMENTIE
2021-07-30,KER.PA,CANAL,,"encadrement ferme avant le 2021-08-31 : les bornes prolongees se croisent, la thèse est inconfirmable à l'écriture",664.4146000000001,662.0084,,,2021-08-31,589.5442504882812,INCONFIRMABLE
2021-07-30,LR.PA,CANAL,,"clôture entre 86,66 € et 89,26 € au 2021-08-31",86.6584,89.2632,,,2021-08-31,87.7983169555664,CONFIRMEE
2021-07-30,MC.PA,CANAL,,"clôture entre 612,66 € et 704,81 € au 2021-08-31",612.6648,704.8056,,,2021-08-31,568.9141235351562,DEMENTIE
2021-07-30,ML.PA,CANAL,,"clôture entre 28,62 € et 29,83 € au 2021-08-31",28.6222,29.826999999999998,,,2021-08-31,27.954782485961914,DEMENTIE
2021-07-30,MT.AS,CANAL,,"clôture entre 23,65 € et 28,49 € au 2021-08-31",23.649800000000003,28.492800000000003,,,2021-08-31,26.188751220703125,CONFIRMEE
2021-07-30,MT.AS,REFLEXIVE,AUTO-RENFORCEMENT,"AUTO-RENFORCEMENT : écart contre TR39 au-dessus de +4,66 pt (0,5 σ̂), au 2021-08-31",4.661848053910233,,-4.661848053910233,9.3237,2021-08-31,-6.192430817980421,DEMENTIE
2021-07-30,OR.PA,CANAL,,"encadrement ferme avant le 2021-08-31 : les bornes prolongees se croisent, la thèse est inconfirmable à l'écriture",356.75440000000003,353.65139999999997,,,2021-08-31,365.4861755371094,INCONFIRMABLE
2021-07-30,ORA.PA,CANAL,,"clôture entre 6,71 € et 6,78 € au 2021-08-31",6.714200000000001,6.7826,,,2021-08-31,7.021932125091553,DEMENTIE
2021-07-30,PUB.PA,CANAL,,"clôture entre 41,75 € et 46,74 € au 2021-08-31",41.7524,46.7444,,,2021-08-31,44.974021911621094,CONFIRMEE
2021-07-30,RI.PA,CANAL,,"clôture entre 156,01 € et 166,52 € au 2021-08-31",156.0118,166.521,,,2021-08-31,147.27362060546875,DEMENTIE
2021-07-30,RMS.PA,CANAL,,"clôture entre 1 288,49 € et 1 317,28 € au 2021-08-31",1288.4892,1317.2832,,,2021-08-31,1189.7811279296875,DEMENTIE
2021-07-30,RNO.PA,CANAL,,"clôture entre 23,29 € et 27,58 € au 2021-08-31",23.2906,27.583,,,2021-08-31,26.622982025146484,CONFIRMEE
2021-07-30,SAF.PA,CANAL,,"clôture entre 101,80 € et 122,36 € au 2021-08-31",101.80120000000001,122.3566,,,2021-08-31,101.35453796386719,DEMENTIE
2021-07-30,SAN.PA,CANAL,,"clôture entre 71,61 € et 72,20 € au 2021-08-31",71.6066,72.198,,,2021-08-31,70.71730041503906,DEMENTIE
2021-07-30,SGO.PA,CANAL,,"clôture entre 50,95 € et 53,09 € au 2021-08-31",50.9464,53.0912,,,2021-08-31,53.12985610961914,DEMENTIE
2021-07-30,STMPA.PA,CANAL,,"clôture entre 30,94 € et 33,68 € au 2021-08-31",30.9404,33.683,,,2021-08-31,35.99866485595703,DEMENTIE
2021-07-30,SU.PA,CANAL,,"clôture entre 123,10 € et 132,16 € au 2021-08-31",123.0992,132.1634,,,2021-08-31,138.11386108398438,DEMENTIE
2021-07-30,TEP.PA,CANAL,,"encadrement ferme avant le 2021-08-31 : les bornes prolongees se croisent, la thèse est inconfirmable à l'écriture",319.0352,316.2562,,,2021-08-31,314.0402526855469,INCONFIRMABLE
2021-07-30,TEP.PA,REFLEXIVE,AUCUNE SEQUENCE,"AUCUNE SEQUENCE : écart contre TR39 dans ± 6,02 pt (σ̂), au 2021-08-31",-6.018448316730214,6.018448316730214,,6.0184,2021-08-31,2.4305530515807083,CONFIRMEE
2021-07-30,TTE.PA,CANAL,,"clôture entre 25,91 € et 30,50 € au 2021-08-31",25.907,30.5012,,,2021-08-31,27.95650291442871,CONFIRMEE
2021-07-30,VIE.PA,CANAL,,"clôture entre 20,82 € et 22,37 € au 2021-08-31",20.8184,22.373800000000003,,,2021-08-31,22.610937118530273,DEMENTIE
2021-07-30,VIV.PA,CANAL,,"clôture entre 10,24 € et 10,60 € au 2021-08-31",10.238,10.598799999999999,,,2021-08-31,11.835273742675781,DEMENTIE
2021-07-30,VIV.PA,REFLEXIVE,AUCUNE SEQUENCE,"AUCUNE SEQUENCE : écart contre TR39 dans ± 6,77 pt (σ̂), au 2021-08-31",-6.769625832793531,6.769625832793531,,6.7696,2021-08-31,10.547240140350889,DEMENTIE
2021-07-30,WLN.PA,CANAL,,"clôture entre 816,36 € et 889,83 € au 2021-08-31",816.3558,889.826,,,2021-08-31,777.7625122070312,DEMENTIE
2021-07-30,WLN.PA,REFLEXIVE,AUCUNE SEQUENCE,"AUCUNE SEQUENCE : écart contre TR39 dans ± 6,91 pt (σ̂), au 2021-08-31",-6.911461771835387,6.911461771835387,,6.9115,2021-08-31,-7.469120902612181,DEMENTIE
2021-08-31,ACA.PA,CANAL,,"clôture entre 7,41 € et 8,20 € au 2021-09-30",7.4056,8.201,,,2021-09-30,8.078361511230469,CONFIRMEE
2021-08-31,ACA.PA,REFLEXIVE,AUCUNE SEQUENCE,"AUCUNE SEQUENCE : écart contre TR39 dans ± 10,78 pt (σ̂), au 2021-09-30",-10.781836591629759,10.781836591629759,,10.7818,2021-09-30,1.039005304224827,CONFIRMEE
2021-08-31,AI.PA,CANAL,,"clôture entre 104,08 € et 105,43 € au 2021-09-30",104.0768,105.42939999999999,,,2021-09-30,94.90428161621094,DEMENTIE
2021-08-31,AIR.PA,CANAL,,"clôture entre 105,08 € et 117,84 € au 2021-09-30",105.081,117.8374,,,2021-09-30,105.5967788696289,CONFIRMEE
2021-08-31,ALO.PA,CANAL,,"clôture entre 30,81 € et 32,61 € au 2021-09-30",30.807400000000005,32.6104,,,2021-09-30,32.245819091796875,CONFIRMEE
2021-08-31,ALO.PA,REFLEXIVE,AUCUNE SEQUENCE,"AUCUNE SEQUENCE : écart contre TR39 dans ± 7,52 pt (σ̂), au 2021-09-30",-7.5246599355113135,7.5246599355113135,,7.5247,2021-09-30,-6.5515822627455815,CONFIRMEE
2021-08-31,ATO.PA,CANAL,,"clôture entre 2 347,06 € et 2 876,72 € au 2021-09-30",2347.0649999999996,2876.7226,,,2021-09-30,3428.660400390625,DEMENTIE
2021-08-31,ATO.PA,REFLEXIVE,AUCUNE SEQUENCE,"AUCUNE SEQUENCE : écart contre TR39 dans ± 9,47 pt (σ̂), au 2021-09-30",-9.474340491952178,9.474340491952178,,9.4743,2021-09-30,8.182959763920172,CONFIRMEE
2021-08-31,BN.PA,CANAL,,"clôture entre 48,35 € et 56,67 € au 2021-09-30",48.351800000000004,56.6722,,,2021-09-30,49.94069290161133,CONFIRMEE
2021-08-31,BNP.PA,CANAL,,"clôture entre 32,73 € et 36,72 € au 2021-09-30",32.730599999999995,36.7156,,,2021-09-30,39.92218017578125,DEMENTIE
2021-08-31,BNP.PA,REFLEXIVE,AUCUNE SEQUENCE,"AUCUNE SEQUENCE : écart contre TR39 dans ± 11,07 pt (σ̂), au 2021-09-30",-11.074552481442018,11.074552481442018,,11.0746,2021-09-30,9.29425445448494,CONFIRMEE
2021-08-31,CA.PA,CANAL,,"clôture entre 12,55 € et 13,29 € au 2021-09-30",12.5492,13.288,,,2021-09-30,11.864416122436523,DEMENTIE
2021-08-31,CAP.PA,CANAL,,"clôture entre 187,66 € et 189,30 € au 2021-09-30",187.6642,189.3046,,,2021-09-30,162.19459533691406,DEMENTIE
2021-08-31,CS.PA,CANAL,,"encadrement ferme avant le 2021-09-30 : les bornes prolongees se croisent, la thèse est inconfirmable à l'écriture",19.0262,18.6846,,,2021-09-30,17.929725646972656,INCONFIRMABLE
2021-08-31,CS.PA,REFLEXIVE,AUCUNE SEQUENCE,"AUCUNE SEQUENCE : écart contre TR39 dans ± 9,29 pt (σ̂), au 2021-09-30",-9.294854281670968,9.294854281670968,,9.2949,2021-09-30,4.483741108679229,CONFIRMEE
2021-08-31,DG.PA,CANAL,,"encadrement ferme avant le 2021-09-30 : les bornes prolongees se croisent, la thèse est inconfirmable à l'écriture",77.0476,73.998,,,2021-09-30,74.6108627319336,INCONFIRMABLE
2021-08-31,DSY.PA,CANAL,,"clôture entre 50,43 € et 51,43 € au 2021-09-30",50.4278,51.4296,,,2021-09-30,43.82666778564453,DEMENTIE
2021-08-31,EL.PA,CANAL,,"clôture entre 143,43 € et 159,15 € au 2021-09-30",143.42860000000002,159.152,,,2021-09-30,147.34136962890625,CONFIRMEE
2021-08-31,EN.PA,CANAL,,"clôture entre 22,60 € et 28,50 € au 2021-09-30",22.6008,28.4954,,,2021-09-30,27.637643814086914,CONFIRMEE
2021-08-31,ENGI.PA,CANAL,,"clôture entre 7,28 € et 8,30 € au 2021-09-30",7.2783999999999995,8.2974,,,2021-09-30,7.664646625518799,CONFIRMEE
2021-08-31,GLE.PA,CANAL,,"clôture entre 19,77 € et 22,67 € au 2021-09-30",19.7692,22.6682,,,2021-09-30,21.753265380859375,CONFIRMEE
2021-08-31,GLE.PA,REFLEXIVE,AUCUNE SEQUENCE,"AUCUNE SEQUENCE : écart contre TR39 dans ± 12,76 pt (σ̂), au 2021-09-30",-12.7610499174637,12.7610499174637,,12.761,2021-09-30,5.246173543848409,CONFIRMEE
2021-08-31,HO.PA,CANAL,,"clôture entre 76,61 € et 85,52 € au 2021-09-30",76.6072,85.5202,,,2021-09-30,75.88200378417969,DEMENTIE
2021-08-31,KER.PA,CANAL,,"clôture entre 587,55 € et 719,20 € au 2021-09-30",587.5476,719.2004000000001,,,2021-09-30,538.81201171875,DEMENTIE
2021-08-31,LR.PA,CANAL,,"clôture entre 90,78 € et 93,62 € au 2021-09-30",90.77839999999999,93.6236,,,2021-09-30,84.02983093261719,DEMENTIE
2021-08-31,MC.PA,CANAL,,"clôture entre 570,30 € et 664,08 € au 2021-09-30",570.3004000000001,664.0752,,,2021-09-30,562.832763671875,DEMENTIE
2021-08-31,ML.PA,CANAL,,"clôture entre 28,93 € et 30,66 € au 2021-09-30",28.9312,30.6646,,,2021-09-30,27.0878849029541,DEMENTIE
2021-08-31,MT.AS,CANAL,,"clôture entre 28,79 € et 30,01 € au 2021-09-30",28.787599999999998,30.0124,,,2021-09-30,24.404096603393555,DEMENTIE
2021-08-31,MT.AS,REFLEXIVE,AUCUNE SEQUENCE,"AUCUNE SEQUENCE : écart contre TR39 dans ± 9,31 pt (σ̂), au 2021-09-30",-9.313896318950539,9.313896318950539,,9.3139,2021-09-30,-3.613422477395689,CONFIRMEE
2021-08-31,OR.PA,CANAL,,"clôture entre 371,34 € et 383,19 € au 2021-09-30",371.3392,383.18919999999997,,,2021-09-30,329.10357666015625,DEMENTIE
2021-08-31,ORA.PA,CANAL,,"clôture entre 6,49 € et 7,10 € au 2021-09-30",6.491,7.102,,,2021-09-30,6.826310634613037,CONFIRMEE
2021-08-31,PUB.PA,CANAL,,"clôture entre 41,81 € et 47,40 € au 2021-09-30",41.8102,47.4044,,,2021-09-30,47.19355773925781,CONFIRMEE
2021-08-31,RI.PA,CANAL,,"clôture entre 146,94 € et 171,40 € au 2021-09-30",146.9438,171.39759999999998,,,2021-09-30,157.82566833496094,CONFIRMEE
2021-08-31,RMS.PA,CANAL,,"clôture entre 1 223,14 € et 1 407,81 € au 2021-09-30",1223.1355999999998,1407.8096,,,2021-09-30,1143.8916015625,DEMENTIE
2021-08-31,RNO.PA,CANAL,,"clôture entre 22,35 € et 26,46 € au 2021-09-30",22.3506,26.4612,,,2021-09-30,26.153165817260742,CONFIRMEE
2021-08-31,SAF.PA,CANAL,,"clôture entre 96,64 € et 122,59 € au 2021-09-30",96.6446,122.5866,,,2021-09-30,104.59757995605469,CONFIRMEE
2021-08-31,SAN.PA,CANAL,,"clôture entre 70,34 € et 74,31 € au 2021-09-30",70.3388,74.3074,,,2021-09-30,67.0531005859375,DEMENTIE
2021-08-31,SGO.PA,CANAL,,"clôture entre 56,95 € et 60,23 € au 2021-09-30",56.946400000000004,60.232,,,2021-09-30,50.40369415283203,DEMENTIE
2021-08-31,STMPA.PA,CANAL,,"clôture entre 32,11 € et 37,79 € au 2021-09-30",32.1104,37.7912,,,2021-09-30,36.102088928222656,CONFIRMEE
2021-08-31,SU.PA,CANAL,,"clôture entre 125,93 € et 147,94 € au 2021-09-30",125.9292,147.9418,,,2021-09-30,131.3587646484375,CONFIRMEE
2021-08-31,TEP.PA,CANAL,,"clôture entre 324,83 € et 325,44 € au 2021-09-30",324.827,325.4368,,,2021-09-30,285.2700500488281,DEMENTIE
2021-08-31,TEP.PA,REFLEXIVE,AUTO-RENFORCEMENT,"AUTO-RENFORCEMENT : écart contre TR39 au-dessus de +2,38 pt (0,5 σ̂), au 2021-09-30",2.379026584055502,,-2.379026584055502,4.7581,2021-09-30,-5.960148338228633,DEMENTIE
2021-08-31,TTE.PA,CANAL,,"clôture entre 24,70 € et 27,54 € au 2021-09-30",24.6952,27.544400000000003,,,2021-09-30,31.49264144897461,DEMENTIE
2021-08-31,VIE.PA,CANAL,,"clôture entre 21,75 € et 23,53 € au 2021-09-30",21.7484,23.5336,,,2021-09-30,21.360334396362305,DEMENTIE
2021-08-31,VIV.PA,CANAL,,"clôture entre 10,27 € et 12,55 € au 2021-09-30",10.2666,12.5512,,,2021-09-30,9.950923919677734,DEMENTIE
2021-08-31,VIV.PA,REFLEXIVE,AUTO-RENFORCEMENT,"AUTO-RENFORCEMENT : écart contre TR39 au-dessus de +3,38 pt (0,5 σ̂), au 2021-09-30",3.3830522134847896,,-3.3830522134847896,6.7661,2021-09-30,-12.720310076418484,DEMENTIE
2021-08-31,WLN.PA,CANAL,,"clôture entre 770,50 € et 896,28 € au 2021-09-30",770.5032,896.2760000000001,,,2021-09-30,682.0792236328125,DEMENTIE
2021-08-31,WLN.PA,REFLEXIVE,AUCUNE SEQUENCE,"AUCUNE SEQUENCE : écart contre TR39 dans ± 6,90 pt (σ̂), au 2021-09-30",-6.9020712942688975,6.9020712942688975,,6.9021,2021-09-30,-9.101216403571776,DEMENTIE
2021-09-30,ACA.PA,CANAL,,"clôture entre 7,52 € et 8,36 € au 2021-10-29",7.5152,8.360100000000001,,,2021-10-29,8.818167686462402,DEMENTIE
2021-09-30,ACA.PA,REFLEXIVE,AUCUNE SEQUENCE,"AUCUNE SEQUENCE : écart contre TR39 dans ± 10,78 pt (σ̂), au 2021-10-29",-10.781822734841809,10.781822734841809,,10.7818,2021-10-29,5.569169673244745,CONFIRMEE
2021-09-30,AI.PA,CANAL,,"clôture entre 95,38 € et 106,16 € au 2021-10-29",95.3767,106.15530000000001,,,2021-10-29,98.78044128417969,CONFIRMEE
2021-09-30,AIR.PA,CANAL,,"clôture entre 104,33 € et 107,96 € au 2021-10-29",104.328,107.9577,,,2021-10-29,101.46831512451172,DEMENTIE
2021-09-30,ALO.PA,CANAL,,"clôture entre 26,25 € et 29,21 € au 2021-10-29",26.248600000000003,29.2122,,,2021-10-29,30.213890075683594,DEMENTIE
2021-09-30,ALO.PA,REFLEXIVE,AUCUNE SEQUENCE,"AUCUNE SEQUENCE : écart contre TR39 dans ± 7,78 pt (σ̂), au 2021-10-29",-7.775967628268921,7.775967628268921,,7.776,2021-10-29,-9.890076412692839,DEMENTIE
2021-09-30,BN.PA,CANAL,,"encadrement ferme avant le 2021-10-29 : les bornes prolongees se croisent, la thèse est inconfirmable à l'écriture",50.3217,47.7937,,,2021-10-29,47.65720748901367,INCONFIRMABLE
2021-09-30,BNP.PA,CANAL,,"clôture entre 36,71 € et 40,25 € au 2021-10-29",36.7143,40.249599999999994,,,2021-10-29,41.69362258911133,DEMENTIE
2021-09-30,BNP.PA,REFLEXIVE,AUCUNE SEQUENCE,"AUCUNE SEQUENCE : écart contre TR39 dans ± 11,07 pt (σ̂), au 2021-10-29",-11.066114070235814,11.066114070235814,,11.0661,2021-10-29,0.8485342510954341,CONFIRMEE
2021-09-30,CA.PA,CANAL,,"clôture entre 11,07 € et 13,27 € au 2021-10-29",11.0737,13.268999999999998,,,2021-10-29,11.948371887207031,CONFIRMEE
2021-09-30,CAP.PA,CANAL,,"clôture entre 167,35 € et 184,24 € au 2021-10-29",167.3487,184.2448,,,2021-10-29,181.236572265625,CONFIRMEE
2021-09-30,CS.PA,CANAL,,"clôture entre 17,16 € et 17,99 € au 2021-10-29",17.1588,17.9902,,,2021-10-29,18.729995727539062,DEMENTIE
2021-09-30,CS.PA,REFLEXIVE,AUCUNE SEQUENCE,"AUCUNE SEQUENCE : écart contre TR39 dans ± 9,38 pt (σ̂), au 2021-10-29",-9.380312969896359,9.380312969896359,,9.3803,2021-10-29,0.8746660632875214,CONFIRMEE
2021-09-30,DG.PA,CANAL,,"clôture entre 69,24 € et 75,91 € au 2021-10-29",69.2398,75.9118,,,2021-10-29,76.44821166992188,DEMENTIE
2021-09-30,DSY.PA,CANAL,,"clôture entre 45,49 € et 54,03 € au 2021-10-29",45.487100000000005,54.0274,,,2021-10-29,48.56455612182617,CONFIRMEE
2021-09-30,EL.PA,CANAL,,"clôture entre 152,37 € et 168,56 € au 2021-10-29",152.3656,168.55790000000002,,,2021-10-29,159.2711181640625,CONFIRMEE
2021-09-30,EN.PA,CANAL,,"clôture entre 28,87 € et 28,94 € au 2021-10-29",28.8659,28.9404,,,2021-10-29,26.944778442382812,DEMENTIE
2021-09-30,ENGI.PA,CANAL,,"clôture entre 7,72 € et 8,26 € au 2021-10-29",7.7161,8.257,,,2021-10-29,8.309337615966797,DEMENTIE
2021-09-30,ERF.PA,CANAL,,"clôture entre 109,82 € et 132,20 € au 2021-10-29",109.8246,132.1983,,,2021-10-29,95.52766418457031,DEMENTIE
2021-09-30,ERF.PA,REFLEXIVE,AUCUNE SEQUENCE,"AUCUNE SEQUENCE : écart contre TR39 dans ± 9,63 pt (σ̂), au 2021-10-29",-9.634588302450021,9.634588302450021,,9.6346,2021-10-29,-11.618290952150168,DEMENTIE
2021-09-30,GLE.PA,CANAL,,"clôture entre 19,99 € et 21,91 € au 2021-10-29",19.9939,21.909200000000002,,,2021-10-29,23.065105438232422,DEMENTIE
2021-09-30,GLE.PA,REFLEXIVE,AUCUNE SEQUENCE,"AUCUNE SEQUENCE : écart contre TR39 dans ± 12,73 pt (σ̂), au 2021-10-29",-12.726817529582382,12.726817529582382,,12.7268,2021-10-29,2.4418387488605253,CONFIRMEE
2021-09-30,HO.PA,CANAL,,"clôture entre 70,70 € et 75,01 € au 2021-10-29",70.6958,75.0082,,,2021-10-29,71.82462310791016,CONFIRMEE
2021-09-30,KER.PA,CANAL,,"clôture entre 529,10 € et 732,29 € au 2021-10-29",529.0977,732.2872000000001,,,2021-10-29,566.9772338867188,CONFIRMEE
2021-09-30,LR.PA,CANAL,,"clôture entre 85,34 € et 96,74 € au 2021-10-29",85.3435,96.7448,,,2021-10-29,85.37053680419922,CONFIRMEE
2021-09-30,MC.PA,CANAL,,"clôture entre 551,04 € et 672,51 € au 2021-10-29",551.0392999999999,672.5136,,,2021-10-29,614.65966796875,CONFIRMEE
2021-09-30,ML.PA,CANAL,,"encadrement ferme avant le 2021-10-29 : les bornes prolongees se croisent, la thèse est inconfirmable à l'écriture",26.8535,25.896900000000002,,,2021-10-29,27.679410934448242,INCONFIRMABLE
2021-09-30,MT.AS,CANAL,,"clôture entre 23,20 € et 30,95 € au 2021-10-29",23.1988,30.9482,,,2021-10-29,27.046491622924805,CONFIRMEE
2021-09-30,MT.AS,REFLEXIVE,AUCUNE SEQUENCE,"AUCUNE SEQUENCE : écart contre TR39 dans ± 10,03 pt (σ̂), au 2021-10-29",-10.0306535515314,10.0306535515314,,10.0307,2021-10-29,7.238965478138626,CONFIRMEE
2021-09-30,OR.PA,CANAL,,"clôture entre 333,79 € et 388,31 € au 2021-10-29",333.7914,388.3056,,,2021-10-29,364.24114990234375,CONFIRMEE
2021-09-30,ORA.PA,CANAL,,"clôture entre 6,73 € et 7,03 € au 2021-10-29",6.7347,7.026000000000001,,,2021-10-29,6.886894226074219,CONFIRMEE
2021-09-30,PUB.PA,CANAL,,"clôture entre 46,04 € et 48,49 € au 2021-10-29",46.0445,48.487700000000004,,,2021-10-29,46.93434524536133,CONFIRMEE
2021-09-30,RI.PA,CANAL,,"clôture entre 145,90 € et 162,22 € au 2021-10-29",145.9002,162.2198,,,2021-10-29,164.44656372070312,DEMENTIE
2021-09-30,RMS.PA,CANAL,,"clôture entre 1 170,65 € et 1 471,58 € au 2021-10-29",1170.6533000000002,1471.5828,,,2021-10-29,1310.2410888671875,CONFIRMEE
2021-09-30,RNO.PA,CANAL,,"clôture entre 22,39 € et 25,60 € au 2021-10-29",22.3879,25.596,,,2021-10-29,26.29283905029297,DEMENTIE
2021-09-30,SAF.PA,CANAL,,"clôture entre 92,33 € et 106,08 € au 2021-10-29",92.3334,106.0805,,,2021-10-29,110.68304443359375,DEMENTIE
2021-09-30,SAN.PA,CANAL,,"clôture entre 65,36 € et 74,87 € au 2021-10-29",65.3611,74.8707,,,2021-10-29,69.7568588256836,CONFIRMEE
2021-09-30,SGO.PA,CANAL,,"encadrement ferme avant le 2021-10-29 : les bornes prolongees se croisent, la thèse est inconfirmable à l'écriture",51.3264,50.9282,,,2021-10-29,51.54608917236328,INCONFIRMABLE
2021-09-30,STMPA.PA,CANAL,,"clôture entre 38,05 € et 40,67 € au 2021-10-29",38.048,40.666000000000004,,,2021-10-29,39.1133918762207,CONFIRMEE
2021-09-30,SU.PA,CANAL,,"clôture entre 134,58 € et 152,07 € au 2021-10-29",134.5811,152.07489999999999,,,2021-10-29,135.92300415039062,CONFIRMEE
2021-09-30,TEP.PA,CANAL,,"clôture entre 291,66 € et 340,72 € au 2021-10-29",291.6561,340.724,,,2021-10-29,302.88446044921875,CONFIRMEE
2021-09-30,TEP.PA,REFLEXIVE,AUCUNE SEQUENCE,"AUCUNE SEQUENCE : écart contre TR39 dans ± 4,83 pt (σ̂), au 2021-10-29",-4.829734570030078,4.829734570030078,,4.8297,2021-10-29,2.585939719594732,CONFIRMEE
2021-09-30,TTE.PA,CANAL,,"clôture entre 28,88 € et 32,46 € au 2021-10-29",28.8782,32.4642,,,2021-10-29,33.04308319091797,DEMENTIE
2021-09-30,VIE.PA,CANAL,,"clôture entre 21,63 € et 24,64 € au 2021-10-29",21.628500000000003,24.6446,,,2021-10-29,22.789199829101562,CONFIRMEE
2021-09-30,VIV.PA,CANAL,,"clôture entre 8,95 € et 13,06 € au 2021-10-29",8.9477,13.060500000000001,,,2021-10-29,10.160801887512207,CONFIRMEE
2021-09-30,VIV.PA,REFLEXIVE,AUCUNE SEQUENCE,"AUCUNE SEQUENCE : écart contre TR39 dans ± 7,54 pt (σ̂), au 2021-10-29",-7.538775868412676,7.538775868412676,,7.5388,2021-10-29,-1.4795739465957691,CONFIRMEE
2021-09-30,WLN.PA,CANAL,,"clôture entre 663,51 € et 902,43 € au 2021-10-29",663.5056,902.433,,,2021-10-29,520.574951171875,DEMENTIE
2021-09-30,WLN.PA,REFLEXIVE,RETOURNEMENT,"RETOURNEMENT : écart contre TR39 au-dessous de −3,46 pt (0,5 σ̂), au 2021-10-29",,-3.462708794264991,3.462708794264991,6.9254,2021-10-29,-27.266932227067752,CONFIRMEE
2021-10-29,ACA.PA,CANAL,,"clôture entre 7,54 € et 8,95 € au 2021-11-30",7.5363999999999995,8.9494,,,2021-11-30,8.159510612487793,CONFIRMEE
2021-10-29,ACA.PA,REFLEXIVE,AUTO-RENFORCEMENT,"AUTO-RENFORCEMENT : écart contre TR39 au-dessus de +5,08 pt (0,5 σ̂), au 2021-11-30",5.0778016457613395,,-5.0778016457613395,10.1556,2021-11-30,-4.984301803839209,ZONE MORTE
2021-10-29,AI.PA,CANAL,,"clôture entre 93,55 € et 95,53 € au 2021-11-30",93.5516,95.52879999999999,,,2021-11-30,99.86248016357422,DEMENTIE
2021-10-29,AIR.PA,CANAL,,"clôture entre 101,05 € et 106,93 € au 2021-11-30",101.0468,106.9314,,,2021-11-30,90.5691909790039,DEMENTIE
2021-10-29,ALO.PA,CANAL,,"encadrement ferme avant le 2021-11-30 : les bornes prolongees se croisent, la thèse est inconfirmable à l'écriture",29.955,27.4116,,,2021-11-30,30.901016235351562,INCONFIRMABLE
2021-10-29,ALO.PA,REFLEXIVE,AUCUNE SEQUENCE,"AUCUNE SEQUENCE : écart contre TR39 dans ± 7,78 pt (σ̂), au 2021-11-30",-7.779274424917431,7.779274424917431,,7.7793,2021-11-30,4.759223385084621,CONFIRMEE
2021-10-29,BN.PA,CANAL,,"encadrement ferme avant le 2021-11-30 : les bornes prolongees se croisent, la thèse est inconfirmable à l'écriture",46.415,45.215199999999996,,,2021-11-30,43.96980285644531,INCONFIRMABLE
2021-10-29,BNP.PA,CANAL,,"clôture entre 37,77 € et 42,71 € au 2021-11-30",37.772600000000004,42.714999999999996,,,2021-11-30,39.6629524230957,CONFIRMEE
2021-10-29,BNP.PA,REFLEXIVE,AUTO-RENFORCEMENT,"AUTO-RENFORCEMENT : écart contre TR39 au-dessus de +5,19 pt (0,5 σ̂), au 2021-11-30",5.193420068786006,,-5.193420068786006,10.3868,2021-11-30,-2.3854403035571736,ZONE MORTE
2021-10-29,CA.PA,CANAL,,"clôture entre 10,32 € et 11,61 € au 2021-11-30",10.3244,11.612,,,2021-11-30,11.158428192138672,CONFIRMEE
2021-10-29,CAP.PA,CANAL,,"clôture entre 162,79 € et 183,66 € au 2021-11-30",162.791,183.655,,,2021-11-30,183.75750732421875,DEMENTIE
2021-10-29,CS.PA,CANAL,,"clôture entre 17,66 € et 18,94 € au 2021-11-30",17.6616,18.9434,,,2021-11-30,18.127002716064453,CONFIRMEE
2021-10-29,CS.PA,REFLEXIVE,AUTO-RENFORCEMENT,"AUTO-RENFORCEMENT : écart contre TR39 au-dessus de +4,62 pt (0,5 σ̂), au 2021-11-30",4.623873837082003,,-4.623873837082003,9.2477,2021-11-30,-0.7343802947430311,ZONE MORTE
2021-10-29,DG.PA,CANAL,,"clôture entre 68,85 € et 76,36 € au 2021-11-30",68.8482,76.3594,,,2021-11-30,69.71844482421875,CONFIRMEE
2021-10-29,DSY.PA,CANAL,,"clôture entre 43,81 € et 62,09 € au 2021-11-30",43.805200000000006,62.087399999999995,,,2021-11-30,51.2733039855957,CONFIRMEE
2021-10-29,EL.PA,CANAL,,"clôture entre 146,88 € et 162,75 € au 2021-11-30",146.88299999999998,162.7522,,,2021-11-30,157.59738159179688,CONFIRMEE
2021-10-29,EN.PA,CANAL,,"clôture entre 26,83 € et 29,59 € au 2021-11-30",26.828200000000002,29.59,,,2021-11-30,23.057031631469727,DEMENTIE
2021-10-29,ENGI.PA,CANAL,,"clôture entre 7,71 € et 8,37 € au 2021-11-30",7.7082,8.3748,,,2021-11-30,8.656685829162598,DEMENTIE
2021-10-29,ERF.PA,CANAL,,"clôture entre 99,33 € et 149,72 € au 2021-11-30",99.3264,149.7198,,,2021-11-30,105.83573150634766,CONFIRMEE
2021-10-29,ERF.PA,REFLEXIVE,AUCUNE SEQUENCE,"AUCUNE SEQUENCE : écart contre TR39 dans ± 9,79 pt (σ̂), au 2021-11-30",-9.788830457285613,9.788830457285613,,9.7888,2021-11-30,13.275679152091612,DEMENTIE
2021-10-29,GLE.PA,CANAL,,"clôture entre 20,36 € et 23,97 € au 2021-11-30",20.363999999999997,23.9658,,,2021-11-30,22.033231735229492,CONFIRMEE
2021-10-29,GLE.PA,REFLEXIVE,AUTO-RENFORCEMENT,"AUTO-RENFORCEMENT : écart contre TR39 au-dessus de +5,71 pt (0,5 σ̂), au 2021-11-30",5.7086510863909,,-5.7086510863909,11.4173,2021-11-30,-1.9887265160779322,ZONE MORTE
2021-10-29,HO.PA,CANAL,,"clôture entre 70,25 € et 73,30 € au 2021-11-30",70.2534,73.2986,,,2021-11-30,65.35083770751953,DEMENTIE
2021-10-29,KER.PA,CANAL,,"clôture entre 492,57 € et 518,70 € au 2021-11-30",492.5694,518.7008,,,2021-11-30,596.0170288085938,DEMENTIE
2021-10-29,LR.PA,CANAL,,"clôture entre 81,36 € et 100,02 € au 2021-11-30",81.3552,100.0236,,,2021-11-30,87.67149353027344,CONFIRMEE
2021-10-29,MC.PA,CANAL,,"clôture entre 546,96 € et 600,36 € au 2021-11-30",546.9609999999999,600.3556,,,2021-11-30,625.8847045898438,DEMENTIE
2021-10-29,ML.PA,CANAL,,"encadrement ferme avant le 2021-11-30 : les bornes prolongees se croisent, la thèse est inconfirmable à l'écriture",27.1508,26.9258,,,2021-11-30,26.618741989135742,INCONFIRMABLE
2021-10-29,MT.AS,CANAL,,"clôture entre 22,79 € et 26,77 € au 2021-11-30",22.79,26.771600000000003,,,2021-11-30,22.070676803588867,DEMENTIE
2021-10-29,MT.AS,REFLEXIVE,AUTO-RENFORCEMENT,"AUTO-RENFORCEMENT : écart contre TR39 au-dessus de +5,14 pt (0,5 σ̂), au 2021-11-30",5.142700249397119,,-5.142700249397119,10.2854,2021-11-30,-15.91224811346381,DEMENTIE
2021-10-29,OR.PA,CANAL,,"clôture entre 325,34 € et 359,64 € au 2021-11-30",325.3364,359.6442,,,2021-11-30,366.5928955078125,DEMENTIE
2021-10-29,ORA.PA,CANAL,,"clôture entre 6,73 € et 7,03 € au 2021-11-30",6.7288,7.029599999999999,,,2021-11-30,6.941638946533203,CONFIRMEE
2021-10-29,PUB.PA,CANAL,,"clôture entre 46,85 € et 49,32 € au 2021-11-30",46.8454,49.3198,,,2021-11-30,46.28630447387695,DEMENTIE
2021-10-29,RI.PA,CANAL,,"clôture entre 143,68 € et 170,45 € au 2021-11-30",143.6782,170.4498,,,2021-11-30,169.01722717285156,CONFIRMEE
2021-10-29,RMS.PA,CANAL,,"clôture entre 1 166,54 € et 1 316,36 € au 2021-11-30",1166.5362,1316.3582,,,2021-11-30,1580.3197021484375,DEMENTIE
2021-10-29,RNO.PA,CANAL,,"clôture entre 21,73 € et 27,08 € au 2021-11-30",21.727800000000002,27.081,,,2021-11-30,24.091894149780273,CONFIRMEE
2021-10-29,SAF.PA,CANAL,,"clôture entre 89,44 € et 111,63 € au 2021-11-30",89.43939999999999,111.6264,,,2021-11-30,94.2198486328125,CONFIRMEE
2021-10-29,SAN.PA,CANAL,,"clôture entre 63,30 € et 68,40 € au 2021-11-30",63.300000000000004,68.4028,,,2021-11-30,67.6826400756836,CONFIRMEE
2021-10-29,SGO.PA,CANAL,,"clôture entre 48,65 € et 51,77 € au 2021-11-30",48.6492,51.765,,,2021-11-30,48.62087631225586,DEMENTIE
2021-10-29,STMPA.PA,CANAL,,"clôture entre 34,99 € et 40,44 € au 2021-11-30",34.9858,40.4378,,,2021-11-30,41.22607421875,DEMENTIE
2021-10-29,SU.PA,CANAL,,"clôture entre 128,07 € et 165,41 € au 2021-11-30",128.0746,165.407,,,2021-11-30,142.60507202148438,CONFIRMEE
2021-10-29,TEP.PA,CANAL,,clôture entre — € et — € au 2021-11-30,,,,,2021-11-30,304.2265319824219,CONFIRMEE
2021-10-29,TTE.PA,CANAL,,"clôture entre 29,85 € et 35,66 € au 2021-11-30",29.8524,35.6582,,,2021-11-30,30.94027328491211,CONFIRMEE
2021-10-29,VIE.PA,CANAL,,"clôture entre 21,85 € et 23,16 € au 2021-11-30",21.8524,23.165,,,2021-11-30,22.926437377929688,CONFIRMEE
2021-10-29,VIV.PA,CANAL,,"clôture entre 8,62 € et 13,60 € au 2021-11-30",8.62,13.604,,,2021-11-30,10.265740394592285,CONFIRMEE
2021-10-29,VIV.PA,REFLEXIVE,AUCUNE SEQUENCE,"AUCUNE SEQUENCE : écart contre TR39 dans ± 8,27 pt (σ̂), au 2021-11-30",-8.266789727071579,8.266789727071579,,8.2668,2021-11-30,3.5177949993915214,CONFIRMEE
2021-10-29,WLN.PA,CANAL,,"clôture entre 473,45 € et 644,09 € au 2021-11-30",473.45160000000004,644.088,,,2021-11-30,479.29473876953125,CONFIRMEE
2021-10-29,WLN.PA,REFLEXIVE,RETOURNEMENT,"RETOURNEMENT : écart contre TR39 au-dessous de −3,54 pt (0,5 σ̂), au 2021-11-30",,-3.53645949991445,3.53645949991445,7.0729,2021-11-30,-5.444717482367778,CONFIRMEE
2021-11-30,ACA.PA,CANAL,,"clôture entre 8,24 € et 9,28 € au 2021-12-31",8.2369,9.2819,,,2021-12-31,8.486809730529785,CONFIRMEE
2021-11-30,ACA.PA,REFLEXIVE,AUCUNE SEQUENCE,"AUCUNE SEQUENCE : écart contre TR39 dans ± 9,92 pt (σ̂), au 2021-12-31",-9.918589762884372,9.918589762884372,,9.9186,2021-12-31,-2.2029387180130255,CONFIRMEE
2021-11-30,AI.PA,CANAL,,"clôture entre 102,73 € et 106,09 € au 2021-12-31",102.7323,106.09360000000001,,,2021-12-31,104.99873352050781,CONFIRMEE
2021-11-30,AIR.PA,CANAL,,"clôture entre 86,02 € et 106,36 € au 2021-12-31",86.02170000000001,106.35629999999999,,,2021-12-31,103.0830078125,CONFIRMEE
2021-11-30,ALO.PA,CANAL,,"clôture entre 30,13 € et 31,32 € au 2021-12-31",30.1325,31.318800000000003,,,2021-12-31,30.645795822143555,CONFIRMEE
2021-11-30,ALO.PA,REFLEXIVE,AUCUNE SEQUENCE,"AUCUNE SEQUENCE : écart contre TR39 dans ± 7,94 pt (σ̂), au 2021-12-31",-7.9372489616357935,7.9372489616357935,,7.9372,2021-12-31,-7.0401267593190875,CONFIRMEE
2021-11-30,BN.PA,CANAL,,"clôture entre 42,62 € et 46,02 € au 2021-12-31",42.616,46.018,,,2021-12-31,46.1687126159668,DEMENTIE
2021-11-30,BNP.PA,CANAL,,"clôture entre 39,98 € et 46,49 € au 2021-12-31",39.9836,46.489799999999995,,,2021-12-31,43.76030349731445,CONFIRMEE
2021-11-30,BNP.PA,REFLEXIVE,AUCUNE SEQUENCE,"AUCUNE SEQUENCE : écart contre TR39 dans ± 10,37 pt (σ̂), au 2021-12-31",-10.371573968760439,10.371573968760439,,10.3716,2021-12-31,4.116225900679149,CONFIRMEE
2021-11-30,CA.PA,CANAL,,"clôture entre 11,20 € et 12,30 € au 2021-12-31",11.1968,12.2993,,,2021-12-31,12.291824340820312,CONFIRMEE
2021-11-30,CAP.PA,CANAL,,"clôture entre 192,32 € et 206,94 € au 2021-12-31",192.3186,206.9444,,,2021-12-31,194.0212860107422,CONFIRMEE
2021-11-30,CS.PA,CANAL,,"clôture entre 18,40 € et 20,55 € au 2021-12-31",18.403399999999998,20.5482,,,2021-12-31,19.4930419921875,CONFIRMEE
2021-11-30,CS.PA,REFLEXIVE,AUCUNE SEQUENCE,"AUCUNE SEQUENCE : écart contre TR39 dans ± 8,68 pt (σ̂), au 2021-12-31",-8.675380262808996,8.675380262808996,,8.6754,2021-12-31,1.3217378466201968,CONFIRMEE
2021-11-30,DG.PA,CANAL,,"clôture entre 68,85 € et 79,46 € au 2021-12-31",68.8532,79.4633,,,2021-12-31,77.42696380615234,CONFIRMEE
2021-11-30,DSY.PA,CANAL,,"clôture entre 55,05 € et 57,92 € au 2021-12-31",55.047599999999996,57.925,,,2021-12-31,50.42500686645508,DEMENTIE
2021-11-30,EL.PA,CANAL,,"clôture entre 165,93 € et 183,06 € au 2021-12-31",165.9331,183.055,,,2021-12-31,166.69606018066406,CONFIRMEE
2021-11-30,EN.PA,CANAL,,"clôture entre 22,39 € et 31,82 € au 2021-12-31",22.3937,31.8162,,,2021-12-31,24.24260139465332,CONFIRMEE
2021-11-30,ENGI.PA,CANAL,,"clôture entre 9,14 € et 9,49 € au 2021-12-31",9.1357,9.494,,,2021-12-31,8.794544219970703,DEMENTIE
2021-11-30,ERF.PA,CANAL,,"clôture entre 94,04 € et 106,31 € au 2021-12-31",94.0407,106.3056,,,2021-12-31,101.9561538696289,CONFIRMEE
2021-11-30,ERF.PA,REFLEXIVE,AUTO-RENFORCEMENT,"AUTO-RENFORCEMENT : écart contre TR39 au-dessus de +5,18 pt (0,5 σ̂), au 2021-12-31",5.177003817220993,,-5.177003817220993,10.354,2021-12-31,-9.879857477944732,DEMENTIE
2021-11-30,GLE.PA,CANAL,,"clôture entre 21,73 € et 26,06 € au 2021-12-31",21.7328,26.062,,,2021-12-31,24.160966873168945,CONFIRMEE
2021-11-30,GLE.PA,REFLEXIVE,AUCUNE SEQUENCE,"AUCUNE SEQUENCE : écart contre TR39 dans ± 11,44 pt (σ̂), au 2021-12-31",-11.435462764294758,11.435462764294758,,11.4355,2021-12-31,3.4427383368001774,CONFIRMEE
2021-11-30,HO.PA,CANAL,,"clôture entre 62,68 € et 72,06 € au 2021-12-31",62.68090000000001,72.0578,,,2021-12-31,67.98772430419922,CONFIRMEE
2021-11-30,KER.PA,CANAL,,"clôture entre 409,32 € et 611,93 € au 2021-12-31",409.3161,611.9316,,,2021-12-31,618.32177734375,DEMENTIE
2021-11-30,LR.PA,CANAL,,"clôture entre 88,67 € et 90,43 € au 2021-12-31",88.6676,90.42760000000001,,,2021-12-31,93.21551513671875,DEMENTIE
2021-11-30,MC.PA,CANAL,,"clôture entre 605,29 € et 682,84 € au 2021-12-31",605.2866,682.8366,,,2021-12-31,662.7122192382812,CONFIRMEE
2021-11-30,ML.PA,CANAL,,"clôture entre 25,44 € et 28,61 € au 2021-12-31",25.4375,28.6054,,,2021-12-31,29.402999877929688,DEMENTIE
2021-11-30,MT.AS,CANAL,,"clôture entre 21,37 € et 27,29 € au 2021-12-31",21.3729,27.286299999999997,,,2021-12-31,25.958173751831055,CONFIRMEE
2021-11-30,MT.AS,REFLEXIVE,AUCUNE SEQUENCE,"AUCUNE SEQUENCE : écart contre TR39 dans ± 10,31 pt (σ̂), au 2021-12-31",-10.30562591324722,10.30562591324722,,10.3056,2021-12-31,11.39965682896289,DEMENTIE
2021-11-30,OR.PA,CANAL,,"clôture entre 387,91 € et 406,03 € au 2021-12-31",387.91249999999997,406.0337,,,2021-12-31,384.53057861328125,DEMENTIE
2021-11-30,ORA.PA,CANAL,,"clôture entre 6,74 € et 7,27 € au 2021-12-31",6.7392,7.267,,,2021-12-31,7.101788520812988,CONFIRMEE
2021-11-30,PUB.PA,CANAL,,"clôture entre 47,12 € et 51,08 € au 2021-12-31",47.1242,51.081300000000006,,,2021-12-31,47.955013275146484,CONFIRMEE
2021-11-30,RI.PA,CANAL,,"clôture entre 176,20 € et 183,99 € au 2021-12-31",176.1955,183.9857,,,2021-12-31,176.52911376953125,CONFIRMEE
2021-11-30,RMS.PA,CANAL,,"clôture entre 1 101,31 € et 1 716,03 € au 2021-12-31",1101.3126,1716.0341,,,2021-12-31,1468.464111328125,CONFIRMEE
2021-11-30,RNO.PA,CANAL,,"clôture entre 23,88 € et 29,16 € au 2021-12-31",23.8809,29.1591,,,2021-12-31,25.856884002685547,CONFIRMEE
2021-11-30,SAF.PA,CANAL,,"clôture entre 90,64 € et 115,88 € au 2021-12-31",90.639,115.8764,,,2021-12-31,102.68991088867188,CONFIRMEE
2021-11-30,SAN.PA,CANAL,,"clôture entre 69,37 € et 73,36 € au 2021-12-31",69.3703,73.3617,,,2021-12-31,71.49209594726562,CONFIRMEE
2021-11-30,SGO.PA,CANAL,,"clôture entre 48,77 € et 52,30 € au 2021-12-31",48.77,52.2953,,,2021-12-31,53.54527282714844,DEMENTIE
2021-11-30,STMPA.PA,CANAL,,"clôture entre 43,37 € et 47,76 € au 2021-12-31",43.370599999999996,47.7585,,,2021-12-31,41.5189208984375,DEMENTIE
2021-11-30,SU.PA,CANAL,,"clôture entre 145,28 € et 151,58 € au 2021-12-31",145.2808,151.5806,,,2021-12-31,157.42971801757812,DEMENTIE
2021-11-30,TEP.PA,CANAL,,"clôture entre 300,84 € et 304,50 € au 2021-12-31",300.8422,304.4964,,,2021-12-31,328.8028869628906,DEMENTIE
2021-11-30,TEP.PA,REFLEXIVE,AUCUNE SEQUENCE,"AUCUNE SEQUENCE : écart contre TR39 dans ± 4,92 pt (σ̂), au 2021-12-31",-4.916820389096401,4.916820389096401,,4.9168,2021-12-31,1.8641096831488513,CONFIRMEE
2021-11-30,TTE.PA,CANAL,,"clôture entre 31,83 € et 36,67 € au 2021-12-31",31.834899999999998,36.6728,,,2021-12-31,34.0030632019043,CONFIRMEE
2021-11-30,VIE.PA,CANAL,,"clôture entre 23,37 € et 25,90 € au 2021-12-31",23.373800000000003,25.904600000000002,,,2021-12-31,26.04249382019043,DEMENTIE
2021-11-30,VIV.PA,CANAL,,"encadrement ferme avant le 2021-12-31 : les bornes prolongees se croisent, la thèse est inconfirmable à l'écriture",10.619200000000001,9.7062,,,2021-12-31,10.849748611450195,INCONFIRMABLE
2021-11-30,VIV.PA,REFLEXIVE,AUCUNE SEQUENCE,"AUCUNE SEQUENCE : écart contre TR39 dans ± 7,72 pt (σ̂), au 2021-12-31",-7.7151661101879805,7.7151661101879805,,7.7152,2021-12-31,-0.5252929094864411,CONFIRMEE
2021-11-30,WLN.PA,CANAL,,"clôture entre 343,30 € et 584,27 € au 2021-12-31",343.29970000000003,584.267,,,2021-12-31,506.41876220703125,CONFIRMEE
2021-11-30,WLN.PA,REFLEXIVE,RETOURNEMENT,"RETOURNEMENT : écart contre TR39 au-dessous de −4,94 pt (0,5 σ̂), au 2021-12-31",,-4.936504802263633,4.936504802263633,9.873,2021-12-31,-0.555044715308739,ZONE MORTE
2021-12-31,ACA.PA,CANAL,,"clôture entre 8,12 € et 8,22 € au 2022-01-31",8.1228,8.2181,,,2022-01-31,8.98046588897705,DEMENTIE
2021-12-31,ACA.PA,REFLEXIVE,AUTO-RENFORCEMENT,"AUTO-RENFORCEMENT : écart contre TR39 au-dessus de +3,63 pt (0,5 σ̂), au 2022-01-31",3.62969388651486,,-3.62969388651486,7.2594,2022-01-31,8.005681017615151,CONFIRMEE
2021-12-31,AI.PA,CANAL,,"clôture entre 105,72 € et 109,35 € au 2022-01-31",105.7192,109.3531,,,2022-01-31,103.67015075683594,DEMENTIE
2021-12-31,AIR.PA,CANAL,,"clôture entre 84,51 € et 102,31 € au 2022-01-31",84.5059,102.3135,,,2022-01-31,102.86282348632812,DEMENTIE
2021-12-31,ALO.PA,CANAL,,"clôture entre 26,30 € et 32,50 € au 2022-01-31",26.3028,32.496700000000004,,,2022-01-31,28.123065948486328,CONFIRMEE
2021-12-31,ALO.PA,REFLEXIVE,AUCUNE SEQUENCE,"AUCUNE SEQUENCE : écart contre TR39 dans ± 7,57 pt (σ̂), au 2022-01-31",-7.5727567301650796,7.5727567301650796,,7.5728,2022-01-31,-6.0429603546864445,CONFIRMEE
2021-12-31,BN.PA,CANAL,,"clôture entre 41,35 € et 44,62 € au 2022-01-31",41.351499999999994,44.616800000000005,,,2022-01-31,46.726898193359375,DEMENTIE
2021-12-31,BNP.PA,CANAL,,"clôture entre 41,32 € et 43,11 € au 2022-01-31",41.3172,43.1129,,,2022-01-31,45.36611557006836,DEMENTIE
2021-12-31,BNP.PA,REFLEXIVE,AUTO-RENFORCEMENT,"AUTO-RENFORCEMENT : écart contre TR39 au-dessus de +3,67 pt (0,5 σ̂), au 2022-01-31",3.6735245999432165,,-3.6735245999432165,7.347,2022-01-31,5.858498482511331,CONFIRMEE
2021-12-31,CA.PA,CANAL,,"clôture entre 11,09 € et 12,06 € au 2022-01-31",11.0942,12.059,,,2022-01-31,12.913858413696289,DEMENTIE
2021-12-31,CAP.PA,CANAL,,"clôture entre 195,58 € et 213,73 € au 2022-01-31",195.5812,213.72879999999998,,,2022-01-31,177.77029418945312,DEMENTIE
2021-12-31,CS.PA,CANAL,,"clôture entre 18,94 € et 19,87 € au 2022-01-31",18.941799999999997,19.8661,,,2022-01-31,20.810693740844727,DEMENTIE
2021-12-31,CS.PA,REFLEXIVE,AUTO-RENFORCEMENT,"AUTO-RENFORCEMENT : écart contre TR39 au-dessus de +2,41 pt (0,5 σ̂), au 2022-01-31",2.414716791287864,,-2.414716791287864,4.8294,2022-01-31,8.948535522499201,CONFIRMEE
2021-12-31,DG.PA,CANAL,,"clôture entre 68,61 € et 76,17 € au 2022-01-31",68.6064,76.1658,,,2022-01-31,80.55203247070312,DEMENTIE
2021-12-31,DSY.PA,CANAL,,"clôture entre 52,87 € et 60,12 € au 2022-01-31",52.8693,60.125,,,2022-01-31,40.920318603515625,DEMENTIE
2021-12-31,EL.PA,CANAL,,"clôture entre 164,83 € et 189,68 € au 2022-01-31",164.8305,189.675,,,2022-01-31,148.51654052734375,DEMENTIE
2021-12-31,EN.PA,CANAL,,"clôture entre 22,00 € et 22,45 € au 2022-01-31",22.0028,22.4524,,,2022-01-31,24.011646270751953,DEMENTIE
2021-12-31,ENGI.PA,CANAL,,"encadrement ferme avant le 2022-01-31 : les bornes prolongees se croisent, la thèse est inconfirmable à l'écriture",8.9523,8.634799999999998,,,2022-01-31,9.159462928771973,INCONFIRMABLE
2021-12-31,ERF.PA,CANAL,,"clôture entre 88,74 € et 102,46 € au 2022-01-31",88.7388,102.46119999999999,,,2022-01-31,83.18608856201172,DEMENTIE
2021-12-31,ERF.PA,REFLEXIVE,AUCUNE SEQUENCE,"AUCUNE SEQUENCE : écart contre TR39 dans ± 9,34 pt (σ̂), au 2022-01-31",-9.33731221084035,9.33731221084035,,9.3373,2022-01-31,-16.22100348060608,DEMENTIE
2021-12-31,GLE.PA,CANAL,,"clôture entre 22,44 € et 24,13 € au 2022-01-31",22.4356,24.1294,,,2022-01-31,26.14472007751465,DEMENTIE
2021-12-31,GLE.PA,REFLEXIVE,AUTO-RENFORCEMENT,"AUTO-RENFORCEMENT : écart contre TR39 au-dessus de +4,74 pt (0,5 σ̂), au 2022-01-31",4.743365747776688,,-4.743365747776688,9.4867,2022-01-31,10.399505542039378,CONFIRMEE
2021-12-31,HO.PA,CANAL,,"clôture entre 59,95 € et 64,35 € au 2022-01-31",59.9521,64.3525,,,2022-01-31,74.02298736572266,DEMENTIE
2021-12-31,KER.PA,CANAL,,"clôture entre 616,56 € et 624,04 € au 2022-01-31",616.5566,624.0448,,,2022-01-31,576.8857421875,DEMENTIE
2021-12-31,LR.PA,CANAL,,"clôture entre 91,85 € et 94,78 € au 2022-01-31",91.8452,94.7823,,,2022-01-31,81.34842681884766,DEMENTIE
2021-12-31,MC.PA,CANAL,,"clôture entre 621,97 € et 689,65 € au 2022-01-31",621.9681999999999,689.6482000000001,,,2022-01-31,658.7012939453125,CONFIRMEE
2021-12-31,ML.PA,CANAL,,"clôture entre 25,13 € et 29,83 € au 2022-01-31",25.128999999999998,29.832,,,2022-01-31,30.12710952758789,DEMENTIE
2021-12-31,MT.AS,CANAL,,"clôture entre 20,96 € et 26,39 € au 2022-01-31",20.9557,26.388,,,2022-01-31,24.159687042236328,CONFIRMEE
2021-12-31,MT.AS,REFLEXIVE,AUCUNE SEQUENCE,"AUCUNE SEQUENCE : écart contre TR39 dans ± 11,42 pt (σ̂), au 2022-01-31",-11.417364053718462,11.417364053718462,,11.4174,2022-01-31,-4.739467207944981,CONFIRMEE
2021-12-31,OR.PA,CANAL,,"clôture entre 396,83 € et 413,55 € au 2022-01-31",396.8289,413.5548,,,2022-01-31,347.54852294921875,DEMENTIE
2021-12-31,ORA.PA,CANAL,,"clôture entre 6,63 € et 7,36 € au 2022-01-31",6.629499999999999,7.3552,,,2022-01-31,7.861535549163818,DEMENTIE
2021-12-31,PUB.PA,CANAL,,"clôture entre 45,89 € et 52,17 € au 2022-01-31",45.8943,52.1707,,,2022-01-31,48.36003112792969,CONFIRMEE
2021-12-31,RI.PA,CANAL,,"clôture entre 180,76 € et 191,80 € au 2022-01-31",180.7587,191.8026,,,2022-01-31,157.74942016601562,DEMENTIE
2021-12-31,RMS.PA,CANAL,,"clôture entre 1 555,19 € et 1 813,55 € au 2022-01-31",1555.1911,1813.5451999999998,,,2022-01-31,1260.5274658203125,DEMENTIE
2021-12-31,RNO.PA,CANAL,,"encadrement ferme avant le 2022-01-31 : les bornes prolongees se croisent, la thèse est inconfirmable à l'écriture",23.7329,23.253899999999998,,,2022-01-31,29.556167602539062,INCONFIRMABLE
2021-12-31,SAF.PA,CANAL,,"clôture entre 89,02 € et 93,70 € au 2022-01-31",89.023,93.6999,,,2022-01-31,101.69791412353516,DEMENTIE
2021-12-31,SAN.PA,CANAL,,"clôture entre 69,28 € et 71,51 € au 2022-01-31",69.27929999999999,71.5071,,,2022-01-31,74.85767364501953,DEMENTIE
2021-12-31,SGO.PA,CANAL,,"clôture entre 49,19 € et 53,56 € au 2022-01-31",49.190000000000005,53.562200000000004,,,2022-01-31,51.62398147583008,CONFIRMEE
2021-12-31,STMPA.PA,CANAL,,"clôture entre 42,02 € et 50,27 € au 2022-01-31",42.023900000000005,50.2695,,,2022-01-31,39.47983932495117,DEMENTIE
2021-12-31,SU.PA,CANAL,,"clôture entre 152,83 € et 162,92 € au 2022-01-31",152.8316,162.9227,,,2022-01-31,136.3429412841797,DEMENTIE
2021-12-31,TEP.PA,CANAL,,"clôture entre 309,06 € et 337,68 € au 2022-01-31",309.0594,337.683,,,2022-01-31,279.6501770019531,DEMENTIE
2021-12-31,TEP.PA,REFLEXIVE,AUTO-RENFORCEMENT,"AUTO-RENFORCEMENT : écart contre TR39 au-dessus de +2,13 pt (0,5 σ̂), au 2022-01-31",2.1260343117914484,,-2.1260343117914484,4.2521,2022-01-31,-12.760054676672294,DEMENTIE
2021-12-31,TTE.PA,CANAL,,"clôture entre 33,02 € et 34,85 € au 2022-01-31",33.0223,34.846,,,2022-01-31,38.83634567260742,DEMENTIE
2021-12-31,VIE.PA,CANAL,,"clôture entre 24,23 € et 27,17 € au 2022-01-31",24.232599999999998,27.1681,,,2022-01-31,25.776094436645508,CONFIRMEE
2021-12-31,VIV.PA,CANAL,,"clôture entre 10,56 € et 10,69 € au 2022-01-31",10.561300000000001,10.685,,,2022-01-31,10.585119247436523,CONFIRMEE
2021-12-31,VIV.PA,REFLEXIVE,AUCUNE SEQUENCE,"AUCUNE SEQUENCE : écart contre TR39 dans ± 6,53 pt (σ̂), au 2022-01-31",-6.529132223969746,6.529132223969746,,6.5291,2022-01-31,-0.2501017235859604,CONFIRMEE
2021-12-31,WLN.PA,CANAL,,"clôture entre 209,02 € et 419,91 € au 2022-01-31",209.01620000000003,419.9114,,,2022-01-31,441.062744140625,DEMENTIE
2021-12-31,WLN.PA,REFLEXIVE,AUCUNE SEQUENCE,"AUCUNE SEQUENCE : écart contre TR39 dans ± 9,42 pt (σ̂), au 2022-01-31",-9.421802666640083,9.421802666640083,,9.4218,2022-01-31,-10.716593474071988,DEMENTIE
2022-01-31,ACA.PA,CANAL,,"clôture entre 8,27 € et 9,68 € au 2022-02-28",8.266,9.68,,,2022-02-28,7.7537665367126465,DEMENTIE
2022-01-31,ACA.PA,REFLEXIVE,AUCUNE SEQUENCE,"AUCUNE SEQUENCE : écart contre TR39 dans ± 7,13 pt (σ̂), au 2022-02-28",-7.129098401051693,7.129098401051693,,7.1291,2022-02-28,-10.31600518198158,DEMENTIE
2022-01-31,AI.PA,CANAL,,"clôture entre 104,93 € et 111,58 € au 2022-02-28",104.928,111.584,,,2022-02-28,101.83480072021484,DEMENTIE
2022-01-31,AIR.PA,CANAL,,"clôture entre 102,92 € et 112,18 € au 2022-02-28",102.92399999999999,112.176,,,2022-02-28,105.41329193115234,CONFIRMEE
2022-01-31,ALO.PA,CANAL,,"clôture entre 27,95 € et 33,39 € au 2022-02-28",27.952,33.39,,,2022-02-28,22.478818893432617,DEMENTIE
2022-01-31,ALO.PA,REFLEXIVE,RETOURNEMENT,"RETOURNEMENT : écart contre TR39 au-dessous de −3,60 pt (0,5 σ̂), au 2022-02-28",,-3.5971515695992995,3.5971515695992995,7.1943,2022-02-28,-16.726178819686556,CONFIRMEE
2022-01-31,BN.PA,CANAL,,"clôture entre 36,52 € et 47,94 € au 2022-02-28",36.524,47.942,,,2022-02-28,45.93191146850586,CONFIRMEE
2022-01-31,BNP.PA,CANAL,,"clôture entre 42,57 € et 50,58 € au 2022-02-28",42.574000000000005,50.578,,,2022-02-28,37.81229782104492,DEMENTIE
2022-01-31,BNP.PA,REFLEXIVE,AUCUNE SEQUENCE,"AUCUNE SEQUENCE : écart contre TR39 dans ± 7,40 pt (σ̂), au 2022-02-28",-7.398993675869208,7.398993675869208,,7.399,2022-02-28,-13.307157176011142,DEMENTIE
2022-01-31,CA.PA,CANAL,,"clôture entre 13,64 € et 14,55 € au 2022-02-28",13.642000000000001,14.553999999999998,,,2022-02-28,13.661823272705078,CONFIRMEE
2022-01-31,CAP.PA,CANAL,,"clôture entre 173,01 € et 199,46 € au 2022-02-28",173.01399999999998,199.458,,,2022-02-28,169.5322723388672,DEMENTIE
2022-01-31,CS.PA,CANAL,,"clôture entre 19,46 € et 22,26 € au 2022-02-28",19.456000000000003,22.262,,,2022-02-28,18.071170806884766,DEMENTIE
2022-01-31,CS.PA,REFLEXIVE,AUCUNE SEQUENCE,"AUCUNE SEQUENCE : écart contre TR39 dans ± 4,76 pt (σ̂), au 2022-02-28",-4.763470971615913,4.763470971615913,,4.7635,2022-02-28,-9.820380144140174,DEMENTIE
2022-01-31,DG.PA,CANAL,,"encadrement ferme avant le 2022-02-28 : les bornes prolongees se croisent, la thèse est inconfirmable à l'écriture",86.03,84.08,,,2022-02-28,78.7686538696289,INCONFIRMABLE
2022-01-31,DSY.PA,CANAL,,"clôture entre 37,84 € et 63,29 € au 2022-02-28",37.836,63.29,,,2022-02-28,41.9228401184082,CONFIRMEE
2022-01-31,EL.PA,CANAL,,"clôture entre 144,77 € et 168,59 € au 2022-02-28",144.766,168.586,,,2022-02-28,139.52471923828125,DEMENTIE
2022-01-31,EN.PA,CANAL,,"clôture entre 19,24 € et 24,10 € au 2022-02-28",19.236,24.096,,,2022-02-28,24.650623321533203,DEMENTIE
2022-01-31,ENGI.PA,CANAL,,"clôture entre 9,19 € et 9,54 € au 2022-02-28",9.190000000000001,9.544,,,2022-02-28,9.641966819763184,DEMENTIE
2022-01-31,ERF.PA,CANAL,,"clôture entre 74,24 € et 98,80 € au 2022-02-28",74.238,98.80399999999999,,,2022-02-28,84.84476470947266,CONFIRMEE
2022-01-31,ERF.PA,REFLEXIVE,RETOURNEMENT,"RETOURNEMENT : écart contre TR39 au-dessous de −4,98 pt (0,5 σ̂), au 2022-02-28",,-4.983130658654908,4.983130658654908,9.9663,2022-02-28,5.337569814381549,DEMENTIE
2022-01-31,GLE.PA,CANAL,,"clôture entre 23,10 € et 29,52 € au 2022-02-28",23.102,29.516000000000002,,,2022-02-28,20.50942611694336,DEMENTIE
2022-01-31,GLE.PA,REFLEXIVE,AUCUNE SEQUENCE,"AUCUNE SEQUENCE : écart contre TR39 dans ± 9,46 pt (σ̂), au 2022-02-28",-9.464933516329184,9.464933516329184,,9.4649,2022-02-28,-18.21059801761261,DEMENTIE
2022-01-31,HO.PA,CANAL,,"encadrement ferme avant le 2022-02-28 : les bornes prolongees se croisent, la thèse est inconfirmable à l'écriture",79.44200000000001,75.94,,,2022-02-28,93.52855682373047,INCONFIRMABLE
2022-01-31,KER.PA,CANAL,,"clôture entre 562,55 € et 645,01 € au 2022-02-28",562.548,645.0120000000001,,,2022-02-28,560.009033203125,DEMENTIE
2022-01-31,LR.PA,CANAL,,"clôture entre 78,38 € et 96,88 € au 2022-02-28",78.384,96.878,,,2022-02-28,76.83711242675781,DEMENTIE
2022-01-31,MC.PA,CANAL,,"clôture entre 617,68 € et 712,52 € au 2022-02-28",617.678,712.52,,,2022-02-28,601.5457763671875,DEMENTIE
2022-01-31,ML.PA,CANAL,,"clôture entre 31,43 € et 32,36 € au 2022-02-28",31.426,32.36,,,2022-02-28,25.292903900146484,DEMENTIE
2022-01-31,MT.AS,CANAL,,"clôture entre 24,39 € et 31,19 € au 2022-02-28",24.387999999999998,31.189999999999998,,,2022-02-28,25.552364349365234,CONFIRMEE
2022-01-31,MT.AS,REFLEXIVE,AUCUNE SEQUENCE,"AUCUNE SEQUENCE : écart contre TR39 dans ± 10,19 pt (σ̂), au 2022-02-28",-10.186969333696952,10.186969333696952,,10.187,2022-02-28,9.108102778051485,CONFIRMEE
2022-01-31,OR.PA,CANAL,,"clôture entre 336,05 € et 426,71 € au 2022-02-28",336.046,426.70799999999997,,,2022-02-28,327.39739990234375,DEMENTIE
2022-01-31,ORA.PA,CANAL,,"clôture entre 6,57 € et 8,08 € au 2022-02-28",6.574,8.078,,,2022-02-28,8.158794403076172,DEMENTIE
2022-01-31,PUB.PA,CANAL,,"clôture entre 46,12 € et 51,34 € au 2022-02-28",46.116,51.339999999999996,,,2022-02-28,48.311431884765625,CONFIRMEE
2022-01-31,RI.PA,CANAL,,"clôture entre 159,74 € et 204,03 € au 2022-02-28",159.738,204.034,,,2022-02-28,163.2998504638672,CONFIRMEE
2022-01-31,RMS.PA,CANAL,,"clôture entre 1 224,90 € et 1 942,22 € au 2022-02-28",1224.896,1942.224,,,2022-02-28,1189.8636474609375,DEMENTIE
2022-01-31,RNO.PA,CANAL,,"clôture entre 23,83 € et 31,81 € au 2022-02-28",23.828,31.814,,,2022-02-28,24.159618377685547,CONFIRMEE
2022-01-31,SAF.PA,CANAL,,"clôture entre 87,48 € et 105,40 € au 2022-02-28",87.47999999999999,105.402,,,2022-02-28,109.4049072265625,DEMENTIE
2022-01-31,SAN.PA,CANAL,,"clôture entre 74,05 € et 77,40 € au 2022-02-28",74.05199999999999,77.39999999999999,,,2022-02-28,75.43878173828125,CONFIRMEE
2022-01-31,SGO.PA,CANAL,,"clôture entre 49,76 € et 58,80 € au 2022-02-28",49.764,58.802,,,2022-02-28,48.42182159423828,DEMENTIE
2022-01-31,STLAP.PA,CANAL,,"clôture entre 12,59 € et 14,31 € au 2022-02-28",12.586,14.306000000000001,,,2022-02-28,11.941444396972656,DEMENTIE
2022-01-31,STMPA.PA,CANAL,,"clôture entre 37,90 € et 42,97 € au 2022-02-28",37.903999999999996,42.972,,,2022-02-28,36.32068634033203,DEMENTIE
2022-01-31,SU.PA,CANAL,,"clôture entre 134,29 € et 171,62 € au 2022-02-28",134.294,171.616,,,2022-02-28,127.59782409667969,DEMENTIE
2022-01-31,TEP.PA,CANAL,,"clôture entre 265,27 € et 343,43 € au 2022-02-28",265.27000000000004,343.428,,,2022-02-28,278.3919982910156,CONFIRMEE
2022-01-31,TEP.PA,REFLEXIVE,AUCUNE SEQUENCE,"AUCUNE SEQUENCE : écart contre TR39 dans ± 4,04 pt (σ̂), au 2022-02-28",-4.03724882988887,4.03724882988887,,4.0372,2022-02-28,2.89372363544933,CONFIRMEE
2022-01-31,TTE.PA,CANAL,,"clôture entre 34,15 € et 42,49 € au 2022-02-28",34.146,42.489999999999995,,,2022-02-28,35.255855560302734,CONFIRMEE
2022-01-31,VIE.PA,CANAL,,"clôture entre 26,11 € et 28,45 € au 2022-02-28",26.112,28.45,,,2022-02-28,25.194860458374023,DEMENTIE
2022-01-31,VIV.PA,CANAL,,"clôture entre 10,42 € et 10,77 € au 2022-02-28",10.418,10.772,,,2022-02-28,10.320491790771484,DEMENTIE
2022-01-31,VIV.PA,REFLEXIVE,AUCUNE SEQUENCE,"AUCUNE SEQUENCE : écart contre TR39 dans ± 6,41 pt (σ̂), au 2022-02-28",-6.4121394381253936,6.4121394381253936,,6.4121,2022-02-28,0.8436402354808137,CONFIRMEE
2022-01-31,WLN.PA,CANAL,,"clôture entre 401,90 € et 433,26 € au 2022-02-28",401.904,433.258,,,2022-02-28,474.33489990234375,DEMENTIE
2022-01-31,WLN.PA,REFLEXIVE,RETOURNEMENT,"RETOURNEMENT : écart contre TR39 au-dessous de −4,68 pt (0,5 σ̂), au 2022-02-28",,-4.679818661701085,4.679818661701085,9.3596,2022-02-28,10.887268516920024,DEMENTIE
2022-02-28,ACA.PA,CANAL,,"clôture entre 7,66 € et 9,94 € au 2022-03-31",7.6621999999999995,9.9432,,,2022-03-31,7.361546516418457,DEMENTIE
2022-02-28,ACA.PA,REFLEXIVE,AUCUNE SEQUENCE,"AUCUNE SEQUENCE : écart contre TR39 dans ± 6,47 pt (σ̂), au 2022-03-31",-6.474600376797884,6.474600376797884,,6.4746,2022-03-31,-4.230732796713199,CONFIRMEE
2022-02-28,AI.PA,CANAL,,"clôture entre 95,76 € et 114,85 € au 2022-03-31",95.7647,114.8503,,,2022-03-31,108.83380126953125,CONFIRMEE
2022-02-28,AIR.PA,CANAL,,"clôture entre 100,57 € et 109,77 € au 2022-03-31",100.5736,109.7663,,,2022-03-31,101.2481460571289,CONFIRMEE
2022-02-28,ALO.PA,CANAL,,"clôture entre 19,55 € et 33,50 € au 2022-03-31",19.547,33.4955,,,2022-03-31,20.878799438476562,CONFIRMEE
2022-02-28,ALO.PA,REFLEXIVE,RETOURNEMENT,"RETOURNEMENT : écart contre TR39 au-dessous de −3,60 pt (0,5 σ̂), au 2022-03-31",,-3.5957099906858683,3.5957099906858683,7.1914,2022-03-31,-6.290185979832719,CONFIRMEE
2022-02-28,BN.PA,CANAL,,"clôture entre 45,95 € et 48,25 € au 2022-03-31",45.9509,48.2493,,,2022-03-31,42.31216049194336,DEMENTIE
2022-02-28,BNP.PA,CANAL,,"clôture entre 37,48 € et 52,28 € au 2022-03-31",37.4811,52.2797,,,2022-03-31,37.3946418762207,DEMENTIE
2022-02-28,BNP.PA,REFLEXIVE,AUCUNE SEQUENCE,"AUCUNE SEQUENCE : écart contre TR39 dans ± 6,59 pt (σ̂), au 2022-03-31",-6.58746404293632,6.58746404293632,,6.5875,2022-03-31,-0.27683829067742804,CONFIRMEE
2022-02-28,CA.PA,CANAL,,"encadrement ferme avant le 2022-03-31 : les bornes prolongees se croisent, la thèse est inconfirmable à l'écriture",13.806000000000001,13.7437,,,2022-03-31,14.993659973144531,INCONFIRMABLE
2022-02-28,CAP.PA,CANAL,,"clôture entre 159,53 € et 200,17 € au 2022-03-31",159.52620000000002,200.1707,,,2022-03-31,182.3169708251953,CONFIRMEE
2022-02-28,CS.PA,CANAL,,"clôture entre 17,72 € et 23,19 € au 2022-03-31",17.7247,23.1912,,,2022-03-31,19.775930404663086,CONFIRMEE
2022-02-28,CS.PA,REFLEXIVE,AUCUNE SEQUENCE,"AUCUNE SEQUENCE : écart contre TR39 dans ± 4,35 pt (σ̂), au 2022-03-31",-4.352193990226015,4.352193990226015,,4.3522,2022-03-31,10.261299139801917,DEMENTIE
2022-02-28,DG.PA,CANAL,,"clôture entre 79,84 € et 89,84 € au 2022-03-31",79.8379,89.8364,,,2022-03-31,77.49360656738281,DEMENTIE
2022-02-28,DSY.PA,CANAL,,"clôture entre 35,78 € et 36,92 € au 2022-03-31",35.7789,36.9236,,,2022-03-31,43.103694915771484,DEMENTIE
2022-02-28,EL.PA,CANAL,,"clôture entre 134,93 € et 166,96 € au 2022-03-31",134.9347,166.9639,,,2022-03-31,148.05357360839844,CONFIRMEE
2022-02-28,EN.PA,CANAL,,"clôture entre 23,86 € et 24,65 € au 2022-03-31",23.8581,24.653100000000002,,,2022-03-31,24.35038185119629,CONFIRMEE
2022-02-28,ENGI.PA,CANAL,,"clôture entre 9,54 € et 10,23 € au 2022-03-31",9.5442,10.2292,,,2022-03-31,8.064705848693848,DEMENTIE
2022-02-28,ERF.PA,CANAL,,"clôture entre 69,65 € et 75,46 € au 2022-03-31",69.6492,75.4555,,,2022-03-31,84.25438690185547,DEMENTIE
2022-02-28,ERF.PA,REFLEXIVE,AUCUNE SEQUENCE,"AUCUNE SEQUENCE : écart contre TR39 dans ± 10,53 pt (σ̂), au 2022-03-31",-10.526768951617798,10.526768951617798,,10.5268,2022-03-31,0.13187933812865982,CONFIRMEE
2022-02-28,GLE.PA,CANAL,,"clôture entre 19,98 € et 32,87 € au 2022-03-31",19.984199999999998,32.8686,,,2022-03-31,19.565542221069336,DEMENTIE
2022-02-28,GLE.PA,REFLEXIVE,AUCUNE SEQUENCE,"AUCUNE SEQUENCE : écart contre TR39 dans ± 8,42 pt (σ̂), au 2022-03-31",-8.424227598302094,8.424227598302094,,8.4242,2022-03-31,-3.7744832862812827,CONFIRMEE
2022-02-28,HO.PA,CANAL,,"clôture entre 77,82 € et 100,90 € au 2022-03-31",77.8171,100.8966,,,2022-03-31,103.57219696044922,DEMENTIE
2022-02-28,KER.PA,CANAL,,"clôture entre 521,09 € et 743,81 € au 2022-03-31",521.0923,743.8079,,,2022-03-31,506.03863525390625,DEMENTIE
2022-02-28,LR.PA,CANAL,,"clôture entre 69,73 € et 98,17 € au 2022-03-31",69.73410000000001,98.16720000000001,,,2022-03-31,78.25029754638672,CONFIRMEE
2022-02-28,MC.PA,CANAL,,"clôture entre 574,21 € et 725,28 € au 2022-03-31",574.2093,725.285,,,2022-03-31,591.974365234375,CONFIRMEE
2022-02-28,ML.PA,CANAL,,"clôture entre 24,06 € et 34,10 € au 2022-03-31",24.0581,34.0952,,,2022-03-31,25.078731536865234,CONFIRMEE
2022-02-28,MT.AS,CANAL,,"encadrement ferme avant le 2022-03-31 : les bornes prolongees se croisent, la thèse est inconfirmable à l'écriture",23.033099999999997,22.1802,,,2022-03-31,27.023435592651367,INCONFIRMABLE
2022-02-28,MT.AS,REFLEXIVE,AUCUNE SEQUENCE,"AUCUNE SEQUENCE : écart contre TR39 dans ± 10,03 pt (σ̂), au 2022-03-31",-10.025343999073591,10.025343999073591,,10.0253,2022-03-31,6.584796903365531,CONFIRMEE
2022-02-28,OR.PA,CANAL,,"encadrement ferme avant le 2022-03-31 : les bornes prolongees se croisent, la thèse est inconfirmable à l'écriture",298.31129999999996,287.1888,,,2022-03-31,335.5592956542969,INCONFIRMABLE
2022-02-28,ORA.PA,CANAL,,"clôture entre 6,54 € et 8,81 € au 2022-03-31",6.540100000000001,8.8105,,,2022-03-31,8.075804710388184,CONFIRMEE
2022-02-28,PUB.PA,CANAL,,"clôture entre 45,71 € et 56,52 € au 2022-03-31",45.7136,56.5156,,,2022-03-31,44.76340866088867,DEMENTIE
2022-02-28,RI.PA,CANAL,,"encadrement ferme avant le 2022-03-31 : les bornes prolongees se croisent, la thèse est inconfirmable à l'écriture",155.81709999999998,153.97060000000002,,,2022-03-31,166.34632873535156,INCONFIRMABLE
2022-02-28,RMS.PA,CANAL,,"encadrement ferme avant le 2022-03-31 : les bornes prolongees se croisent, la thèse est inconfirmable à l'écriture",1094.8629,1003.6527000000001,,,2022-03-31,1237.285888671875,INCONFIRMABLE
2022-02-28,RNO.PA,CANAL,,"clôture entre 22,78 € et 33,27 € au 2022-03-31",22.7795,33.2726,,,2022-03-31,20.21061134338379,DEMENTIE
2022-02-28,SAF.PA,CANAL,,"clôture entre 102,07 € et 109,25 € au 2022-03-31",102.0691,109.2486,,,2022-03-31,102.30838012695312,CONFIRMEE
2022-02-28,SAN.PA,CANAL,,"clôture entre 73,45 € et 79,22 € au 2022-03-31",73.4511,79.225,,,2022-03-31,74.66397857666016,CONFIRMEE
2022-02-28,SGO.PA,CANAL,,"clôture entre 46,37 € et 61,06 € au 2022-03-31",46.366099999999996,61.0613,,,2022-03-31,46.967864990234375,CONFIRMEE
2022-02-28,STLAP.PA,CANAL,,"clôture entre 11,64 € et 14,80 € au 2022-03-31",11.6447,14.7982,,,2022-03-31,10.785490989685059,DEMENTIE
2022-02-28,STMPA.PA,CANAL,,"clôture entre 33,52 € et 42,55 € au 2022-03-31",33.5235,42.5453,,,2022-03-31,37.95909118652344,CONFIRMEE
2022-02-28,SU.PA,CANAL,,"encadrement ferme avant le 2022-03-31 : les bornes prolongees se croisent, la thèse est inconfirmable à l'écriture",117.3952,110.8337,,,2022-03-31,138.89889526367188,INCONFIRMABLE
2022-02-28,TEP.PA,CANAL,,"encadrement ferme avant le 2022-03-31 : les bornes prolongees se croisent, la thèse est inconfirmable à l'écriture",250.0083,245.66749999999996,,,2022-03-31,290.4704895019531,INCONFIRMABLE
2022-02-28,TEP.PA,REFLEXIVE,AUCUNE SEQUENCE,"AUCUNE SEQUENCE : écart contre TR39 dans ± 5,52 pt (σ̂), au 2022-03-31",-5.5221052655113745,5.5221052655113745,,5.5221,2022-03-31,5.166375473231755,CONFIRMEE
2022-02-28,TTE.PA,CANAL,,"clôture entre 36,07 € et 44,49 € au 2022-03-31",36.0705,44.4895,,,2022-03-31,36.11686706542969,CONFIRMEE
2022-02-28,VIE.PA,CANAL,,"clôture entre 24,41 € et 29,68 € au 2022-03-31",24.409399999999998,29.6788,,,2022-03-31,23.483449935913086,DEMENTIE
2022-02-28,VIV.PA,CANAL,,"clôture entre 10,21 € et 10,60 € au 2022-03-31",10.211699999999999,10.6,,,2022-03-31,10.804121017456055,DEMENTIE
2022-02-28,VIV.PA,REFLEXIVE,AUCUNE SEQUENCE,"AUCUNE SEQUENCE : écart contre TR39 dans ± 6,16 pt (σ̂), au 2022-03-31",-6.158966777026137,6.158966777026137,,6.159,2022-03-31,5.513818666236392,CONFIRMEE
2022-02-28,WLN.PA,CANAL,,"clôture entre 377,81 € et 449,61 € au 2022-03-31",377.8106,449.614,,,2022-03-31,407.99725341796875,CONFIRMEE
2022-02-28,WLN.PA,REFLEXIVE,AUCUNE SEQUENCE,"AUCUNE SEQUENCE : écart contre TR39 dans ± 9,14 pt (σ̂), au 2022-03-31",-9.144899507629189,9.144899507629189,,9.1449,2022-03-31,-13.157690560931245,DEMENTIE
2022-03-31,ACA.PA,CANAL,,"clôture entre 5,15 € et 6,49 € au 2022-04-29",5.1450000000000005,6.490399999999999,,,2022-04-29,7.016664505004883,DEMENTIE
2022-03-31,ACA.PA,REFLEXIVE,AUCUNE SEQUENCE,"AUCUNE SEQUENCE : écart contre TR39 dans ± 4,88 pt (σ̂), au 2022-04-29",-4.880748337064195,4.880748337064195,,4.8807,2022-04-29,-3.817661662115024,CONFIRMEE
2022-03-31,AI.PA,CANAL,,"clôture entre 92,46 € et 110,79 € au 2022-04-29",92.456,110.79310000000001,,,2022-04-29,113.23043823242188,DEMENTIE
2022-03-31,AIR.PA,CANAL,,"clôture entre 80,16 € et 109,35 € au 2022-04-29",80.16290000000001,109.3539,,,2022-04-29,98.21435546875,CONFIRMEE
2022-03-31,ALO.PA,CANAL,,"clôture entre 10,82 € et 17,09 € au 2022-04-29",10.8215,17.086000000000002,,,2022-04-29,20.731557846069336,DEMENTIE
2022-03-31,ALO.PA,REFLEXIVE,AUCUNE SEQUENCE,"AUCUNE SEQUENCE : écart contre TR39 dans ± 7,53 pt (σ̂), au 2022-04-29",-7.5282730754767755,7.5282730754767755,,7.5283,2022-04-29,0.16203022798740863,CONFIRMEE
2022-03-31,BN.PA,CANAL,,"clôture entre 37,16 € et 49,35 € au 2022-04-29",37.155699999999996,49.3524,,,2022-04-29,48.748207092285156,CONFIRMEE
2022-03-31,BNP.PA,CANAL,,"clôture entre 27,30 € et 33,53 € au 2022-04-29",27.3005,33.5327,,,2022-04-29,35.79243087768555,DEMENTIE
2022-03-31,BNP.PA,REFLEXIVE,AUCUNE SEQUENCE,"AUCUNE SEQUENCE : écart contre TR39 dans ± 5,98 pt (σ̂), au 2022-04-29",-5.9792551346547915,5.9792551346547915,,5.9793,2022-04-29,-3.4173496447122975,CONFIRMEE
2022-03-31,CA.PA,CANAL,,"clôture entre 13,51 € et 15,31 € au 2022-04-29",13.5146,15.3141,,,2022-04-29,15.386724472045898,DEMENTIE
2022-03-31,CAP.PA,CANAL,,"clôture entre 141,51 € et 180,02 € au 2022-04-29",141.51479999999998,180.0231,,,2022-04-29,176.55487060546875,CONFIRMEE
2022-03-31,CS.PA,CANAL,,"clôture entre 14,90 € et 19,10 € au 2022-04-29",14.8957,19.0994,,,2022-04-29,18.953325271606445,CONFIRMEE
2022-03-31,CS.PA,REFLEXIVE,AUTO-RENFORCEMENT,"AUTO-RENFORCEMENT : écart contre TR39 au-dessus de +2,56 pt (0,5 σ̂), au 2022-04-29",2.5562897339340034,,-2.5562897339340034,5.1126,2022-04-29,-3.2923771559813964,DEMENTIE
2022-03-31,DG.PA,CANAL,,"clôture entre 66,30 € et 91,83 € au 2022-04-29",66.30460000000001,91.83239999999999,,,2022-04-29,79.26387023925781,CONFIRMEE
2022-03-31,DSY.PA,CANAL,,"clôture entre 33,58 € et 42,31 € au 2022-04-29",33.5788,42.3135,,,2022-04-29,41.00225067138672,CONFIRMEE
2022-03-31,EL.PA,CANAL,,"clôture entre 110,47 € et 147,71 € au 2022-04-29",110.469,147.71450000000002,,,2022-04-29,145.827880859375,CONFIRMEE
2022-03-31,EN.PA,CANAL,,"clôture entre 21,63 € et 25,41 € au 2022-04-29",21.6309,25.4085,,,2022-04-29,25.289596557617188,CONFIRMEE
2022-03-31,ENGI.PA,CANAL,,"clôture entre 6,23 € et 10,43 € au 2022-04-29",6.2267,10.4276,,,2022-04-29,8.230348587036133,CONFIRMEE
2022-03-31,ERF.PA,CANAL,,"clôture entre 65,42 € et 81,86 € au 2022-04-29",65.4211,81.86319999999999,,,2022-04-29,83.13923645019531,DEMENTIE
2022-03-31,ERF.PA,REFLEXIVE,AUCUNE SEQUENCE,"AUCUNE SEQUENCE : écart contre TR39 dans ± 9,91 pt (σ̂), au 2022-04-29",-9.906971580004816,9.906971580004816,,9.907,2022-04-29,-0.4563009795899742,CONFIRMEE
2022-03-31,GLE.PA,CANAL,,"clôture entre 11,69 € et 15,12 € au 2022-04-29",11.692400000000001,15.1161,,,2022-04-29,18.533672332763672,DEMENTIE
2022-03-31,GLE.PA,REFLEXIVE,AUCUNE SEQUENCE,"AUCUNE SEQUENCE : écart contre TR39 dans ± 7,61 pt (σ̂), au 2022-04-29",-7.607904075060649,7.607904075060649,,7.6079,2022-04-29,-4.406663274518663,CONFIRMEE
2022-03-31,HO.PA,CANAL,,"clôture entre 81,39 € et 120,68 € au 2022-04-29",81.38629999999999,120.6803,,,2022-04-29,110.88905334472656,CONFIRMEE
2022-03-31,KER.PA,CANAL,,clôture entre — € et — € au 2022-04-29,,,,,2022-04-29,451.0133361816406,CONFIRMEE
2022-03-31,LR.PA,CANAL,,"clôture entre 66,40 € et 76,04 € au 2022-04-29",66.4033,76.0386,,,2022-04-29,76.78276062011719,DEMENTIE
2022-03-31,MC.PA,CANAL,,"clôture entre 464,99 € et 584,42 € au 2022-04-29",464.9868,584.4176,,,2022-04-29,571.213623046875,CONFIRMEE
2022-03-31,ML.PA,CANAL,,"clôture entre 17,97 € et 22,69 € au 2022-04-29",17.965400000000002,22.6882,,,2022-04-29,24.283227920532227,DEMENTIE
2022-03-31,MT.AS,CANAL,,"clôture entre 23,40 € et 28,20 € au 2022-04-29",23.404300000000003,28.2024,,,2022-04-29,25.93050765991211,CONFIRMEE
2022-03-31,MT.AS,REFLEXIVE,AUTO-RENFORCEMENT,"AUTO-RENFORCEMENT : écart contre TR39 au-dessus de +5,13 pt (0,5 σ̂), au 2022-04-29",5.126737495287567,,-5.126737495287567,10.2535,2022-04-29,-3.1771199624121116,ZONE MORTE
2022-03-31,OR.PA,CANAL,,"clôture entre 284,34 € et 328,83 € au 2022-04-29",284.3435,328.82849999999996,,,2022-04-29,326.404296875,CONFIRMEE
2022-03-31,ORA.PA,CANAL,,"clôture entre 7,95 € et 9,16 € au 2022-04-29",7.9508,9.1626,,,2022-04-29,8.539046287536621,CONFIRMEE
2022-03-31,PUB.PA,CANAL,,"clôture entre 35,51 € et 43,50 € au 2022-04-29",35.5069,43.4994,,,2022-04-29,46.642730712890625,DEMENTIE
2022-03-31,RI.PA,CANAL,,"clôture entre 138,06 € et 164,87 € au 2022-04-29",138.0556,164.87120000000002,,,2022-04-29,164.96914672851562,DEMENTIE
2022-03-31,RMS.PA,CANAL,,"clôture entre 951,69 € et 1 178,65 € au 2022-04-29",951.6868,1178.6475,,,2022-04-29,1141.78857421875,CONFIRMEE
2022-03-31,RNO.PA,CANAL,,"clôture entre 14,25 € et 33,97 € au 2022-04-29",14.2549,33.967800000000004,,,2022-04-29,19.95665740966797,CONFIRMEE
2022-03-31,SAF.PA,CANAL,,"clôture entre 84,49 € et 107,70 € au 2022-04-29",84.4926,107.6958,,,2022-04-29,98.41673278808594,CONFIRMEE
2022-03-31,SAN.PA,CANAL,,"clôture entre 69,76 € et 78,72 € au 2022-04-29",69.75750000000001,78.7176,,,2022-04-29,81.66144561767578,DEMENTIE
2022-03-31,SGO.PA,CANAL,,"clôture entre 35,34 € et 63,60 € au 2022-04-29",35.3431,63.596500000000006,,,2022-04-29,48.75069046020508,CONFIRMEE
2022-03-31,STLAP.PA,CANAL,,"clôture entre 7,79 € et 15,31 € au 2022-04-29",7.789,15.3149,,,2022-04-29,10.237227439880371,CONFIRMEE
2022-03-31,STMPA.PA,CANAL,,"clôture entre 28,96 € et 39,07 € au 2022-04-29",28.958099999999998,39.0728,,,2022-04-29,34.262901306152344,CONFIRMEE
2022-03-31,SU.PA,CANAL,,"clôture entre 104,62 € et 134,76 € au 2022-04-29",104.62060000000001,134.7612,,,2022-04-29,125.69911193847656,CONFIRMEE
2022-03-31,TEP.PA,CANAL,,"clôture entre 233,26 € et 282,59 € au 2022-04-29",233.2635,282.5912,,,2022-04-29,290.2598571777344,DEMENTIE
2022-03-31,TEP.PA,REFLEXIVE,AUCUNE SEQUENCE,"AUCUNE SEQUENCE : écart contre TR39 dans ± 5,54 pt (σ̂), au 2022-04-29",-5.542183803652522,5.542183803652522,,5.5422,2022-04-29,0.7947366265966371,CONFIRMEE
2022-03-31,TTE.PA,CANAL,,"clôture entre 35,42 € et 36,06 € au 2022-04-29",35.424,36.0636,,,2022-04-29,37.05449676513672,DEMENTIE
2022-03-31,VIE.PA,CANAL,,"clôture entre 17,32 € et 30,92 € au 2022-04-29",17.321,30.9195,,,2022-04-29,22.52280044555664,CONFIRMEE
2022-03-31,VIV.PA,CANAL,,"clôture entre 9,04 € et 11,07 € au 2022-04-29",9.036999999999999,11.071,,,2022-04-29,10.22266960144043,CONFIRMEE
2022-03-31,VIV.PA,REFLEXIVE,AUTO-RENFORCEMENT,"AUTO-RENFORCEMENT : écart contre TR39 au-dessus de +2,87 pt (0,5 σ̂), au 2022-04-29",2.868670874824302,,-2.868670874824302,5.7373,2022-04-29,-4.514505043208006,DEMENTIE
2022-03-31,WLN.PA,CANAL,,"clôture entre 336,16 € et 405,49 € au 2022-04-29",336.16089999999997,405.492,,,2022-04-29,391.10284423828125,CONFIRMEE
2022-03-31,WLN.PA,REFLEXIVE,AUCUNE SEQUENCE,"AUCUNE SEQUENCE : écart contre TR39 dans ± 10,28 pt (σ̂), au 2022-04-29",-10.282733955414418,10.282733955414418,,10.2827,2022-04-29,-3.273563621724751,CONFIRMEE
2022-04-29,ACA.PA,CANAL,,"clôture entre 4,48 € et 6,03 € au 2022-05-31",4.476,6.0328,,,2022-05-31,7.692444324493408,DEMENTIE
2022-04-29,ACA.PA,REFLEXIVE,AUCUNE SEQUENCE,"AUCUNE SEQUENCE : écart contre TR39 dans ± 4,97 pt (σ̂), au 2022-05-31",-4.968655744392304,4.968655744392304,,4.9687,2022-05-31,9.24535130709696,DEMENTIE
2022-04-29,AI.PA,CANAL,,"encadrement ferme avant le 2022-05-31 : les bornes prolongees se croisent, la thèse est inconfirmable à l'écriture",119.39620000000001,114.90400000000001,,,2022-05-31,113.54595947265625,INCONFIRMABLE
2022-04-29,AIR.PA,CANAL,,"encadrement ferme avant le 2022-05-31 : les bornes prolongees se croisent, la thèse est inconfirmable à l'écriture",101.0398,96.6852,,,2022-05-31,101.22946166992188,INCONFIRMABLE
2022-04-29,ALO.PA,CANAL,,"encadrement ferme avant le 2022-05-31 : les bornes prolongees se croisent, la thèse est inconfirmable à l'écriture",22.150399999999998,17.0604,,,2022-05-31,24.932838439941406,INCONFIRMABLE
2022-04-29,ALO.PA,REFLEXIVE,AUCUNE SEQUENCE,"AUCUNE SEQUENCE : écart contre TR39 dans ± 7,50 pt (σ̂), au 2022-05-31",-7.504896778963347,7.504896778963347,,7.5049,2022-05-31,19.879428647824994,DEMENTIE
2022-04-29,BN.PA,CANAL,,"clôture entre 35,84 € et 48,87 € au 2022-05-31",35.8366,48.873400000000004,,,2022-05-31,47.951568603515625,CONFIRMEE
2022-04-29,BNP.PA,CANAL,,"clôture entre 24,58 € et 31,79 € au 2022-05-31",24.582,31.7926,,,2022-05-31,41.049251556396484,DEMENTIE
2022-04-29,BNP.PA,REFLEXIVE,AUCUNE SEQUENCE,"AUCUNE SEQUENCE : écart contre TR39 dans ± 5,97 pt (σ̂), au 2022-05-31",-5.966426548296628,5.966426548296628,,5.9664,2022-05-31,14.301243908387008,DEMENTIE
2022-04-29,CA.PA,CANAL,,"clôture entre 16,38 € et 16,58 € au 2022-05-31",16.376,16.5792,,,2022-05-31,14.524274826049805,DEMENTIE
2022-04-29,CAP.PA,CANAL,,"clôture entre 174,92 € et 178,40 € au 2022-05-31",174.92239999999998,178.4006,,,2022-05-31,162.50970458984375,DEMENTIE
2022-04-29,CS.PA,CANAL,,"encadrement ferme avant le 2022-05-31 : les bornes prolongees se croisent, la thèse est inconfirmable à l'écriture",20.8326,19.6492,,,2022-05-31,18.666690826416016,INCONFIRMABLE
2022-04-29,CS.PA,REFLEXIVE,AUCUNE SEQUENCE,"AUCUNE SEQUENCE : écart contre TR39 dans ± 5,82 pt (σ̂), au 2022-05-31",-5.817625225491835,5.817625225491835,,5.8176,2022-05-31,-1.8980354196931226,CONFIRMEE
2022-04-29,DG.PA,CANAL,,"clôture entre 65,71 € et 77,78 € au 2022-05-31",65.7148,77.77959999999999,,,2022-05-31,76.56596374511719,CONFIRMEE
2022-04-29,DSY.PA,CANAL,,"clôture entre 37,07 € et 40,95 € au 2022-05-31",37.0654,40.954,,,2022-05-31,37.941646575927734,CONFIRMEE
2022-04-29,EL.PA,CANAL,,"encadrement ferme avant le 2022-05-31 : les bornes prolongees se croisent, la thèse est inconfirmable à l'écriture",156.0126,150.1294,,,2022-05-31,135.8688507080078,INCONFIRMABLE
2022-04-29,EN.PA,CANAL,,"clôture entre 21,43 € et 26,15 € au 2022-05-31",21.4342,26.1514,,,2022-05-31,26.197973251342773,DEMENTIE
2022-04-29,ENGI.PA,CANAL,,"clôture entre 5,07 € et 7,68 € au 2022-05-31",5.073600000000001,7.6784,,,2022-05-31,9.083771705627441,DEMENTIE
2022-04-29,ERF.PA,CANAL,,"clôture entre 87,91 € et 88,27 € au 2022-05-31",87.90559999999999,88.2664,,,2022-05-31,81.35874938964844,DEMENTIE
2022-04-29,ERF.PA,REFLEXIVE,AUCUNE SEQUENCE,"AUCUNE SEQUENCE : écart contre TR39 dans ± 9,86 pt (σ̂), au 2022-05-31",-9.8605202426922,9.8605202426922,,9.8605,2022-05-31,-2.5272905143224222,CONFIRMEE
2022-04-29,GLE.PA,CANAL,,"encadrement ferme avant le 2022-05-31 : les bornes prolongees se croisent, la thèse est inconfirmable à l'écriture",20.3962,14.169999999999998,,,2022-05-31,21.38727378845215,INCONFIRMABLE
2022-04-29,GLE.PA,REFLEXIVE,AUCUNE SEQUENCE,"AUCUNE SEQUENCE : écart contre TR39 dans ± 7,72 pt (σ̂), au 2022-05-31",-7.719522423245031,7.719522423245031,,7.7195,2022-05-31,15.011130556662033,DEMENTIE
2022-04-29,HO.PA,CANAL,,"clôture entre 126,34 € et 132,73 € au 2022-05-31",126.3404,132.7314,,,2022-05-31,105.02791595458984,DEMENTIE
2022-04-29,KER.PA,CANAL,,clôture entre — € et — € au 2022-05-31,,,,,2022-05-31,455.707275390625,CONFIRMEE
2022-04-29,LR.PA,CANAL,,"clôture entre 59,86 € et 74,10 € au 2022-05-31",59.8636,74.1044,,,2022-05-31,74.47331237792969,DEMENTIE
2022-04-29,MC.PA,CANAL,,"encadrement ferme avant le 2022-05-31 : les bornes prolongees se croisent, la thèse est inconfirmable à l'écriture",597.435,562.5964,,,2022-05-31,550.6517333984375,INCONFIRMABLE
2022-04-29,ML.PA,CANAL,,"encadrement ferme avant le 2022-05-31 : les bornes prolongees se croisent, la thèse est inconfirmable à l'écriture",25.2846,22.2756,,,2022-05-31,25.68933868408203,INCONFIRMABLE
2022-04-29,MT.AS,CANAL,,"clôture entre 25,63 € et 28,05 € au 2022-05-31",25.6296,28.05,,,2022-05-31,28.036523818969727,CONFIRMEE
2022-04-29,MT.AS,REFLEXIVE,AUCUNE SEQUENCE,"AUCUNE SEQUENCE : écart contre TR39 dans ± 8,70 pt (σ̂), au 2022-05-31",-8.701699468414677,8.701699468414677,,8.7017,2022-05-31,7.73605190207487,CONFIRMEE
2022-04-29,OR.PA,CANAL,,"encadrement ferme avant le 2022-05-31 : les bornes prolongees se croisent, la thèse est inconfirmable à l'écriture",320.6326,317.11420000000004,,,2022-05-31,307.3663635253906,INCONFIRMABLE
2022-04-29,ORA.PA,CANAL,,"encadrement ferme avant le 2022-05-31 : les bornes prolongees se croisent, la thèse est inconfirmable à l'écriture",8.9422,8.6814,,,2022-05-31,8.788020133972168,INCONFIRMABLE
2022-04-29,PUB.PA,CANAL,,"clôture entre 31,81 € et 44,63 € au 2022-05-31",31.8066,44.6312,,,2022-05-31,41.215389251708984,CONFIRMEE
2022-04-29,RI.PA,CANAL,,"encadrement ferme avant le 2022-05-31 : les bornes prolongees se croisent, la thèse est inconfirmable à l'écriture",169.592,163.3402,,,2022-05-31,152.3241729736328,INCONFIRMABLE
2022-04-29,RMS.PA,CANAL,,"encadrement ferme avant le 2022-05-31 : les bornes prolongees se croisent, la thèse est inconfirmable à l'écriture",1187.4324000000001,1126.6076,,,2022-05-31,1068.1715087890625,INCONFIRMABLE
2022-04-29,RNO.PA,CANAL,,"encadrement ferme avant le 2022-05-31 : les bornes prolongees se croisent, la thèse est inconfirmable à l'écriture",18.5122,14.8442,,,2022-05-31,21.628528594970703,INCONFIRMABLE
2022-04-29,SAF.PA,CANAL,,"encadrement ferme avant le 2022-05-31 : les bornes prolongees se croisent, la thèse est inconfirmable à l'écriture",103.1092,100.7042,,,2022-05-31,92.26840209960938,INCONFIRMABLE
2022-04-29,SAN.PA,CANAL,,"clôture entre 69,86 € et 90,27 € au 2022-05-31",69.8562,90.2704,,,2022-05-31,83.44003295898438,CONFIRMEE
2022-04-29,SGO.PA,CANAL,,"clôture entre 32,15 € et 47,95 € au 2022-05-31",32.1536,47.9458,,,2022-05-31,47.686187744140625,CONFIRMEE
2022-04-29,STLAP.PA,CANAL,,"encadrement ferme avant le 2022-05-31 : les bornes prolongees se croisent, la thèse est inconfirmable à l'écriture",9.959200000000001,9.3814,,,2022-05-31,10.964410781860352,INCONFIRMABLE
2022-04-29,STMPA.PA,CANAL,,"clôture entre 34,32 € et 37,78 € au 2022-05-31",34.3154,37.7764,,,2022-05-31,35.696319580078125,CONFIRMEE
2022-04-29,SU.PA,CANAL,,"clôture entre 126,08 € et 130,86 € au 2022-05-31",126.08319999999999,130.8582,,,2022-05-31,120.53280639648438,DEMENTIE
2022-04-29,TEP.PA,CANAL,,"clôture entre 216,44 € et 283,63 € au 2022-05-31",216.4376,283.63239999999996,,,2022-05-31,261.4625549316406,CONFIRMEE
2022-04-29,TEP.PA,REFLEXIVE,AUCUNE SEQUENCE,"AUCUNE SEQUENCE : écart contre TR39 dans ± 5,75 pt (σ̂), au 2022-05-31",-5.747267749936729,5.747267749936729,,5.7473,2022-05-31,-10.30693219817258,DEMENTIE
2022-04-29,TTE.PA,CANAL,,"clôture entre 35,49 € et 36,21 € au 2022-05-31",35.4914,36.2108,,,2022-05-31,43.61799621582031,DEMENTIE
2022-04-29,VIE.PA,CANAL,,"encadrement ferme avant le 2022-05-31 : les bornes prolongees se croisent, la thèse est inconfirmable à l'écriture",23.9704,22.0202,,,2022-05-31,21.021284103393555,INCONFIRMABLE
2022-04-29,VIV.PA,CANAL,,"clôture entre 10,77 € et 11,05 € au 2022-05-31",10.772200000000002,11.048,,,2022-05-31,10.353251457214355,DEMENTIE
2022-04-29,VIV.PA,REFLEXIVE,AUCUNE SEQUENCE,"AUCUNE SEQUENCE : écart contre TR39 dans ± 5,44 pt (σ̂), au 2022-05-31",-5.438716546083949,5.438716546083949,,5.4387,2022-05-31,0.8916573220029367,CONFIRMEE
2022-04-29,WLN.PA,CANAL,,"clôture entre 304,25 € et 347,60 € au 2022-05-31",304.2504,347.59860000000003,,,2022-05-31,392.756103515625,DEMENTIE
2022-04-29,WLN.PA,REFLEXIVE,AUCUNE SEQUENCE,"AUCUNE SEQUENCE : écart contre TR39 dans ± 10,46 pt (σ̂), au 2022-05-31",-10.459013764687716,10.459013764687716,,10.459,2022-05-31,0.036999301887941094,CONFIRMEE
2022-05-31,ACA.PA,CANAL,,"clôture entre 7,10 € et 7,24 € au 2022-06-30",7.1016,7.2388,,,2022-06-30,6.5118021965026855,DEMENTIE
2022-05-31,ACA.PA,REFLEXIVE,AUCUNE SEQUENCE,"AUCUNE SEQUENCE : écart contre TR39 dans ± 4,94 pt (σ̂), au 2022-06-30",-4.941837690171113,4.941837690171113,,4.9418,2022-06-30,-6.005064832077811,DEMENTIE
2022-05-31,AI.PA,CANAL,,"clôture entre 116,42 € et 117,37 € au 2022-06-30",116.4248,117.3694,,,2022-06-30,98.26982879638672,DEMENTIE
2022-05-31,AIR.PA,CANAL,,"clôture entre 101,81 € et 103,62 € au 2022-06-30",101.81,103.62180000000001,,,2022-06-30,86.0329360961914,DEMENTIE
2022-05-31,ALO.PA,CANAL,,"clôture entre 22,16 € et 23,75 € au 2022-06-30",22.1566,23.753600000000002,,,2022-06-30,21.192914962768555,DEMENTIE
2022-05-31,ALO.PA,REFLEXIVE,AUCUNE SEQUENCE,"AUCUNE SEQUENCE : écart contre TR39 dans ± 7,10 pt (σ̂), au 2022-06-30",-7.1023191391641545,7.1023191391641545,,7.1023,2022-06-30,-5.656980603598683,CONFIRMEE
2022-05-31,BN.PA,CANAL,,"encadrement ferme avant le 2022-06-30 : les bornes prolongees se croisent, la thèse est inconfirmable à l'écriture",50.8754,49.8946,,,2022-06-30,46.66362762451172,INCONFIRMABLE
2022-05-31,BNP.PA,CANAL,,"clôture entre 38,79 € et 40,27 € au 2022-06-30",38.794200000000004,40.2654,,,2022-06-30,35.06306076049805,DEMENTIE
2022-05-31,BNP.PA,REFLEXIVE,AUCUNE SEQUENCE,"AUCUNE SEQUENCE : écart contre TR39 dans ± 6,03 pt (σ̂), au 2022-06-30",-6.03368019850455,6.03368019850455,,6.0337,2022-06-30,-5.239937264742112,CONFIRMEE
2022-05-31,CA.PA,CANAL,,"clôture entre 14,85 € et 17,10 € au 2022-06-30",14.8462,17.0992,,,2022-06-30,13.237998008728027,DEMENTIE
2022-05-31,CAP.PA,CANAL,,"clôture entre 162,07 € et 174,16 € au 2022-06-30",162.06539999999998,174.16060000000002,,,2022-06-30,149.14212036132812,DEMENTIE
2022-05-31,CS.PA,CANAL,,"encadrement ferme avant le 2022-06-30 : les bornes prolongees se croisent, la thèse est inconfirmable à l'écriture",19.2578,19.0692,,,2022-06-30,17.19780921936035,INCONFIRMABLE
2022-05-31,CS.PA,REFLEXIVE,AUCUNE SEQUENCE,"AUCUNE SEQUENCE : écart contre TR39 dans ± 5,95 pt (σ̂), au 2022-06-30",-5.947277700647251,5.947277700647251,,5.9473,2022-06-30,1.4740117918661366,CONFIRMEE
2022-05-31,DG.PA,CANAL,,"encadrement ferme avant le 2022-06-30 : les bornes prolongees se croisent, la thèse est inconfirmable à l'écriture",77.41,76.8974,,,2022-06-30,72.53618621826172,INCONFIRMABLE
2022-05-31,DSY.PA,CANAL,,"clôture entre 33,53 € et 36,29 € au 2022-06-30",33.528600000000004,36.294,,,2022-06-30,34.000789642333984,CONFIRMEE
2022-05-31,EL.PA,CANAL,,"clôture entre 129,21 € et 145,57 € au 2022-06-30",129.2096,145.5694,,,2022-06-30,129.39459228515625,CONFIRMEE
2022-05-31,EN.PA,CANAL,,"clôture entre 25,75 € et 27,26 € au 2022-06-30",25.749599999999997,27.2576,,,2022-06-30,23.93938446044922,DEMENTIE
2022-05-31,ENGI.PA,CANAL,,"clôture entre 8,62 € et 9,18 € au 2022-06-30",8.6222,9.1806,,,2022-06-30,7.971562385559082,DEMENTIE
2022-05-31,ERF.PA,CANAL,,"encadrement ferme avant le 2022-06-30 : les bornes prolongees se croisent, la thèse est inconfirmable à l'écriture",75.96480000000001,75.8638,,,2022-06-30,70.35723114013672,INCONFIRMABLE
2022-05-31,ERF.PA,REFLEXIVE,AUCUNE SEQUENCE,"AUCUNE SEQUENCE : écart contre TR39 dans ± 9,84 pt (σ̂), au 2022-06-30",-9.840256341003851,9.840256341003851,,9.8403,2022-06-30,-4.179221051891247,CONFIRMEE
2022-05-31,GLE.PA,CANAL,,"encadrement ferme avant le 2022-06-30 : les bornes prolongees se croisent, la thèse est inconfirmable à l'écriture",19.94,19.4132,,,2022-06-30,17.867631912231445,INCONFIRMABLE
2022-05-31,GLE.PA,REFLEXIVE,AUCUNE SEQUENCE,"AUCUNE SEQUENCE : écart contre TR39 dans ± 7,79 pt (σ̂), au 2022-06-30",-7.785301543156749,7.785301543156749,,7.7853,2022-06-30,-7.11370096156656,CONFIRMEE
2022-05-31,HO.PA,CANAL,,"clôture entre 115,27 € et 164,52 € au 2022-06-30",115.2688,164.51919999999998,,,2022-06-30,108.21758270263672,DEMENTIE
2022-05-31,KER.PA,CANAL,,"clôture entre 330,97 € et 412,34 € au 2022-06-30",330.974,412.33799999999997,,,2022-06-30,438.1835021972656,DEMENTIE
2022-05-31,LR.PA,CANAL,,"clôture entre 68,62 € et 71,84 € au 2022-06-30",68.6216,71.8428,,,2022-06-30,65.13641357421875,DEMENTIE
2022-05-31,MC.PA,CANAL,,"clôture entre 495,51 € et 538,83 € au 2022-06-30",495.51079999999996,538.826,,,2022-06-30,536.35986328125,CONFIRMEE
2022-05-31,ML.PA,CANAL,,"encadrement ferme avant le 2022-06-30 : les bornes prolongees se croisent, la thèse est inconfirmable à l'écriture",25.0858,24.4224,,,2022-06-30,22.013381958007812,INCONFIRMABLE
2022-05-31,MT.AS,CANAL,,"clôture entre 23,45 € et 28,61 € au 2022-06-30",23.4466,28.608999999999998,,,2022-06-30,20.132383346557617,DEMENTIE
2022-05-31,MT.AS,REFLEXIVE,AUCUNE SEQUENCE,"AUCUNE SEQUENCE : écart contre TR39 dans ± 8,64 pt (σ̂), au 2022-06-30",-8.63888344181935,8.63888344181935,,8.6389,2022-06-30,-18.849288241961336,DEMENTIE
2022-05-31,OR.PA,CANAL,,"clôture entre 272,36 € et 297,69 € au 2022-06-30",272.3632,297.6896,,,2022-06-30,308.0680236816406,DEMENTIE
2022-05-31,ORA.PA,CANAL,,"clôture entre 8,28 € et 9,24 € au 2022-06-30",8.282,9.2358,,,2022-06-30,8.770543098449707,CONFIRMEE
2022-05-31,PUB.PA,CANAL,,"clôture entre 40,77 € et 43,07 € au 2022-06-30",40.7676,43.0718,,,2022-06-30,37.796974182128906,DEMENTIE
2022-05-31,RI.PA,CANAL,,"clôture entre 146,82 € et 161,47 € au 2022-06-30",146.8192,161.4744,,,2022-06-30,146.31466674804688,DEMENTIE
2022-05-31,RMS.PA,CANAL,,"clôture entre 913,76 € et 988,34 € au 2022-06-30",913.7604,988.3371999999999,,,2022-06-30,1026.791748046875,DEMENTIE
2022-05-31,RNO.PA,CANAL,,"clôture entre 18,42 € et 18,60 € au 2022-06-30",18.417,18.601799999999997,,,2022-06-30,20.138656616210938,DEMENTIE
2022-05-31,SAF.PA,CANAL,,"clôture entre 87,69 € et 97,32 € au 2022-06-30",87.68879999999999,97.32419999999999,,,2022-06-30,90.31279754638672,CONFIRMEE
2022-05-31,SAN.PA,CANAL,,"clôture entre 87,66 € et 88,99 € au 2022-06-30",87.6576,88.9896,,,2022-06-30,80.88762664794922,DEMENTIE
2022-05-31,SGO.PA,CANAL,,"encadrement ferme avant le 2022-06-30 : les bornes prolongees se croisent, la thèse est inconfirmable à l'écriture",47.5604,46.317800000000005,,,2022-06-30,36.482913970947266,INCONFIRMABLE
2022-05-31,STLAP.PA,CANAL,,"clôture entre 10,37 € et 10,45 € au 2022-06-30",10.369200000000001,10.446,,,2022-06-30,9.272371292114258,DEMENTIE
2022-05-31,STMPA.PA,CANAL,,"clôture entre 31,73 € et 34,78 € au 2022-06-30",31.729799999999997,34.78,,,2022-06-30,28.81869125366211,DEMENTIE
2022-05-31,SU.PA,CANAL,,"clôture entre 111,25 € et 111,97 € au 2022-06-30",111.24600000000001,111.9746,,,2022-06-30,105.45687866210938,DEMENTIE
2022-05-31,TEP.PA,CANAL,,"clôture entre 251,34 € et 272,17 € au 2022-06-30",251.3398,272.1724,,,2022-06-30,248.4190216064453,DEMENTIE
2022-05-31,TEP.PA,REFLEXIVE,RETOURNEMENT,"RETOURNEMENT : écart contre TR39 au-dessous de −2,87 pt (0,5 σ̂), au 2022-06-30",,-2.8710309490334742,2.8710309490334742,5.7421,2022-06-30,4.354329015593972,DEMENTIE
2022-05-31,TTE.PA,CANAL,,"clôture entre 35,74 € et 44,77 € au 2022-06-30",35.7376,44.7714,,,2022-06-30,40.04819107055664,CONFIRMEE
2022-05-31,VIE.PA,CANAL,,"encadrement ferme avant le 2022-06-30 : les bornes prolongees se croisent, la thèse est inconfirmable à l'écriture",20.818,20.5702,,,2022-06-30,18.801292419433594,INCONFIRMABLE
2022-05-31,VIV.PA,CANAL,,"clôture entre 9,47 € et 11,03 € au 2022-06-30",9.4662,11.028,,,2022-06-30,9.043705940246582,DEMENTIE
2022-05-31,VIV.PA,REFLEXIVE,AUCUNE SEQUENCE,"AUCUNE SEQUENCE : écart contre TR39 dans ± 5,60 pt (σ̂), au 2022-06-30",-5.5993374591816005,5.5993374591816005,,5.5993,2022-06-30,-3.3056298979902365,CONFIRMEE
2022-05-31,WLN.PA,CANAL,,"clôture entre 254,87 € et 386,04 € au 2022-06-30",254.8666,386.0428,,,2022-06-30,365.5804138183594,CONFIRMEE
2022-05-31,WLN.PA,REFLEXIVE,AUCUNE SEQUENCE,"AUCUNE SEQUENCE : écart contre TR39 dans ± 9,11 pt (σ̂), au 2022-06-30",-9.11104405905093,9.11104405905093,,9.111,2022-06-30,2.4237823664058133,CONFIRMEE
2022-06-30,ACA.PA,CANAL,,"clôture entre 6,48 € et 6,76 € au 2022-07-29",6.4761,6.761799999999999,,,2022-07-29,6.696767330169678,CONFIRMEE
2022-06-30,ACA.PA,REFLEXIVE,RETOURNEMENT,"RETOURNEMENT : écart contre TR39 au-dessous de −2,90 pt (0,5 σ̂), au 2022-07-29",,-2.9034627357935947,2.9034627357935947,5.8069,2022-07-29,-5.317859072587017,CONFIRMEE
2022-06-30,AI.PA,CANAL,,"clôture entre 98,77 € et 121,08 € au 2022-07-29",98.7737,121.0817,,,2022-07-29,102.87191009521484,CONFIRMEE
2022-06-30,AIR.PA,CANAL,,"clôture entre 84,19 € et 102,08 € au 2022-07-29",84.1877,102.0849,,,2022-07-29,97.60015869140625,CONFIRMEE
2022-06-30,ALO.PA,CANAL,,"clôture entre 21,97 € et 24,13 € au 2022-07-29",21.9659,24.1339,,,2022-07-29,22.948362350463867,CONFIRMEE
2022-06-30,ALO.PA,REFLEXIVE,RETOURNEMENT,"RETOURNEMENT : écart contre TR39 au-dessous de −5,21 pt (0,5 σ̂), au 2022-07-29",,-5.206764947490287,5.206764947490287,10.4135,2022-07-29,0.12486141747396484,ZONE MORTE
2022-06-30,BN.PA,CANAL,,"clôture entre 45,46 € et 50,17 € au 2022-07-29",45.4589,50.1697,,,2022-07-29,47.14551544189453,CONFIRMEE
2022-06-30,BNP.PA,CANAL,,"clôture entre 35,09 € et 38,38 € au 2022-07-29",35.0879,38.384699999999995,,,2022-07-29,35.55385971069336,CONFIRMEE
2022-06-30,BNP.PA,REFLEXIVE,RETOURNEMENT,"RETOURNEMENT : écart contre TR39 au-dessous de −3,70 pt (0,5 σ̂), au 2022-07-29",,-3.6954979519966704,3.6954979519966704,7.391,2022-07-29,-6.758558310907414,CONFIRMEE
2022-06-30,CA.PA,CANAL,,"clôture entre 12,89 € et 18,20 € au 2022-07-29",12.8851,18.1999,,,2022-07-29,13.045916557312012,CONFIRMEE
2022-06-30,CAP.PA,CANAL,,"clôture entre 148,67 € et 159,21 € au 2022-07-29",148.6743,159.20860000000002,,,2022-07-29,169.12506103515625,DEMENTIE
2022-06-30,CS.PA,CANAL,,"clôture entre 17,27 € et 18,52 € au 2022-07-29",17.2702,18.5156,,,2022-07-29,17.825063705444336,CONFIRMEE
2022-06-30,CS.PA,REFLEXIVE,RETOURNEMENT,"RETOURNEMENT : écart contre TR39 au-dessous de −2,96 pt (0,5 σ̂), au 2022-07-29",,-2.9618901062814538,2.9618901062814538,5.9238,2022-07-29,-4.511026059759993,CONFIRMEE
2022-06-30,DG.PA,CANAL,,"clôture entre 71,89 € et 74,74 € au 2022-07-29",71.8871,74.7449,,,2022-07-29,79.72490692138672,DEMENTIE
2022-06-30,DSY.PA,CANAL,,"clôture entre 30,20 € et 33,29 € au 2022-07-29",30.200599999999998,33.287,,,2022-07-29,40.338111877441406,DEMENTIE
2022-06-30,EL.PA,CANAL,,"clôture entre 120,74 € et 123,91 € au 2022-07-29",120.73960000000001,123.90899999999999,,,2022-07-29,138.04202270507812,DEMENTIE
2022-06-30,EN.PA,CANAL,,"clôture entre 24,09 € et 27,58 € au 2022-07-29",24.0868,27.5818,,,2022-07-29,24.053539276123047,DEMENTIE
2022-06-30,ENGI.PA,CANAL,,"clôture entre 8,15 € et 9,02 € au 2022-07-29",8.1492,9.0183,,,2022-07-29,8.766827583312988,CONFIRMEE
2022-06-30,ERF.PA,CANAL,,"clôture entre 63,21 € et 69,41 € au 2022-07-29",63.2128,69.4143,,,2022-07-29,72.2010498046875,DEMENTIE
2022-06-30,ERF.PA,REFLEXIVE,AUCUNE SEQUENCE,"AUCUNE SEQUENCE : écart contre TR39 dans ± 9,85 pt (σ̂), au 2022-07-29",-9.850461397232994,9.850461397232994,,9.8505,2022-07-29,-5.537666344890946,CONFIRMEE
2022-06-30,GLE.PA,CANAL,,"encadrement ferme avant le 2022-07-29 : les bornes prolongees se croisent, la thèse est inconfirmable à l'écriture",18.2855,18.252100000000002,,,2022-07-29,18.6759090423584,INCONFIRMABLE
2022-06-30,GLE.PA,REFLEXIVE,RETOURNEMENT,"RETOURNEMENT : écart contre TR39 au-dessous de −4,31 pt (0,5 σ̂), au 2022-07-29",,-4.3067729114902775,4.3067729114902775,8.6135,2022-07-29,-3.634624257631236,ZONE MORTE
2022-06-30,HO.PA,CANAL,,"encadrement ferme avant le 2022-07-29 : les bornes prolongees se croisent, la thèse est inconfirmable à l'écriture",111.3458,105.5956,,,2022-07-29,112.193115234375,INCONFIRMABLE
2022-06-30,KER.PA,CANAL,,"clôture entre 297,42 € et 421,18 € au 2022-07-29",297.422,421.183,,,2022-07-29,497.9073486328125,DEMENTIE
2022-06-30,LR.PA,CANAL,,"clôture entre 59,45 € et 70,19 € au 2022-07-29",59.448499999999996,70.1922,,,2022-07-29,73.84468078613281,DEMENTIE
2022-06-30,MC.PA,CANAL,,"clôture entre 492,21 € et 528,03 € au 2022-07-29",492.20869999999996,528.0327,,,2022-07-29,622.3876953125,DEMENTIE
2022-06-30,ML.PA,CANAL,,"clôture entre 21,76 € et 23,71 € au 2022-07-29",21.758200000000002,23.7118,,,2022-07-29,23.02188491821289,CONFIRMEE
2022-06-30,MT.AS,CANAL,,"clôture entre 19,01 € et 28,46 € au 2022-07-29",19.009600000000002,28.4618,,,2022-07-29,22.38335609436035,CONFIRMEE
2022-06-30,MT.AS,REFLEXIVE,RETOURNEMENT,"RETOURNEMENT : écart contre TR39 au-dessous de −4,36 pt (0,5 σ̂), au 2022-07-29",,-4.3580956834492905,4.3580956834492905,8.7162,2022-07-29,3.0225367572537243,ZONE MORTE
2022-06-30,OR.PA,CANAL,,"clôture entre 265,86 € et 311,11 € au 2022-07-29",265.8626,311.1139,,,2022-07-29,344.3663635253906,DEMENTIE
2022-06-30,ORA.PA,CANAL,,"clôture entre 8,40 € et 9,43 € au 2022-07-29",8.4032,9.4269,,,2022-07-29,7.814537048339844,DEMENTIE
2022-06-30,PUB.PA,CANAL,,"clôture entre 35,38 € et 40,69 € au 2022-07-29",35.383599999999994,40.6949,,,2022-07-29,44.325477600097656,DEMENTIE
2022-06-30,RI.PA,CANAL,,"clôture entre 137,34 € et 141,49 € au 2022-07-29",137.34279999999998,141.49439999999998,,,2022-07-29,161.26174926757812,DEMENTIE
2022-06-30,RMS.PA,CANAL,,"clôture entre 879,89 € et 964,97 € au 2022-07-29",879.8933000000001,964.9653000000001,,,2022-07-29,1283.73046875,DEMENTIE
2022-06-30,RNO.PA,CANAL,,"encadrement ferme avant le 2022-07-29 : les bornes prolongees se croisent, la thèse est inconfirmable à l'écriture",20.19,20.1572,,,2022-07-29,24.333152770996094,INCONFIRMABLE
2022-06-30,SAF.PA,CANAL,,"clôture entre 82,76 € et 88,32 € au 2022-07-29",82.76389999999999,88.3208,,,2022-07-29,102.5545425415039,DEMENTIE
2022-06-30,SAN.PA,CANAL,,"clôture entre 81,97 € et 90,07 € au 2022-07-29",81.97359999999999,90.0678,,,2022-07-29,81.61809539794922,DEMENTIE
2022-06-30,SGO.PA,CANAL,,"clôture entre 34,47 € et 47,07 € au 2022-07-29",34.4737,47.0726,,,2022-07-29,40.385589599609375,CONFIRMEE
2022-06-30,STLAP.PA,CANAL,,"clôture entre 9,23 € et 10,19 € au 2022-07-29",9.2256,10.193100000000001,,,2022-07-29,10.95654010772705,DEMENTIE
2022-06-30,STMPA.PA,CANAL,,"clôture entre 27,56 € et 33,10 € au 2022-07-29",27.555699999999998,33.1002,,,2022-07-29,35.475807189941406,DEMENTIE
2022-06-30,SU.PA,CANAL,,"clôture entre 99,80 € et 105,49 € au 2022-07-29",99.8042,105.4922,,,2022-07-29,125.67020416259766,DEMENTIE
2022-06-30,TEP.PA,CANAL,,"clôture entre 223,05 € et 227,11 € au 2022-07-29",223.05239999999998,227.1061,,,2022-07-29,276.3693542480469,DEMENTIE
2022-06-30,TEP.PA,REFLEXIVE,AUCUNE SEQUENCE,"AUCUNE SEQUENCE : écart contre TR39 dans ± 6,24 pt (σ̂), au 2022-07-29",-6.2368446907082795,6.2368446907082795,,6.2368,2022-07-29,3.0929661854610435,CONFIRMEE
2022-06-30,TTE.PA,CANAL,,"clôture entre 39,65 € et 46,77 € au 2022-07-29",39.6534,46.765899999999995,,,2022-07-29,39.563194274902344,DEMENTIE
2022-06-30,VIE.PA,CANAL,,"clôture entre 18,04 € et 19,42 € au 2022-07-29",18.0418,19.4202,,,2022-07-29,20.546340942382812,DEMENTIE
2022-06-30,VIV.PA,CANAL,,"clôture entre 8,75 € et 10,32 € au 2022-07-29",8.7487,10.3168,,,2022-07-29,8.635171890258789,DEMENTIE
2022-06-30,VIV.PA,REFLEXIVE,RETOURNEMENT,"RETOURNEMENT : écart contre TR39 au-dessous de −2,79 pt (0,5 σ̂), au 2022-07-29",,-2.79043651413562,2.79043651413562,5.5809,2022-07-29,-12.67564911975284,CONFIRMEE
2022-06-30,WLN.PA,CANAL,,"clôture entre 312,56 € et 375,05 € au 2022-07-29",312.558,375.0493,,,2022-07-29,444.317626953125,DEMENTIE
2022-06-30,WLN.PA,REFLEXIVE,AUCUNE SEQUENCE,"AUCUNE SEQUENCE : écart contre TR39 dans ± 9,26 pt (σ̂), au 2022-07-29",-9.264068091350943,9.264068091350943,,9.2641,2022-07-29,13.379271653628134,DEMENTIE
2022-07-29,ACA.PA,CANAL,,"clôture entre 6,02 € et 6,16 € au 2022-08-31",6.0231,6.1573,,,2022-08-31,6.8541364669799805,DEMENTIE
2022-07-29,ACA.PA,REFLEXIVE,AUCUNE SEQUENCE,"AUCUNE SEQUENCE : écart contre TR39 dans ± 5,93 pt (σ̂), au 2022-08-31",-5.926573312514523,5.926573312514523,,5.9266,2022-08-31,6.655439367945403,DEMENTIE
2022-07-29,AI.PA,CANAL,,"clôture entre 93,97 € et 95,27 € au 2022-08-31",93.96910000000001,95.2747,,,2022-08-31,96.03014373779297,DEMENTIE
2022-07-29,AIR.PA,CANAL,,"clôture entre 82,72 € et 96,01 € au 2022-08-31",82.7162,96.0053,,,2022-08-31,91.09535217285156,CONFIRMEE
2022-07-29,ALO.PA,CANAL,,"clôture entre 23,27 € et 27,05 € au 2022-08-31",23.267100000000003,27.046599999999998,,,2022-08-31,20.38092041015625,DEMENTIE
2022-07-29,ALO.PA,REFLEXIVE,AUCUNE SEQUENCE,"AUCUNE SEQUENCE : écart contre TR39 dans ± 10,35 pt (σ̂), au 2022-08-31",-10.347554568808864,10.347554568808864,,10.3476,2022-08-31,-6.882396720148454,CONFIRMEE
2022-07-29,BN.PA,CANAL,,"clôture entre 48,20 € et 49,77 € au 2022-08-31",48.1988,49.7679,,,2022-08-31,46.00651931762695,DEMENTIE
2022-07-29,BNP.PA,CANAL,,"clôture entre 31,58 € et 32,70 € au 2022-08-31",31.5835,32.698,,,2022-08-31,35.92872619628906,DEMENTIE
2022-07-29,BNP.PA,REFLEXIVE,AUCUNE SEQUENCE,"AUCUNE SEQUENCE : écart contre TR39 dans ± 7,30 pt (σ̂), au 2022-08-31",-7.298297992890093,7.298297992890093,,7.2983,2022-08-31,5.359874748832539,CONFIRMEE
2022-07-29,CA.PA,CANAL,,"encadrement ferme avant le 2022-08-31 : les bornes prolongees se croisent, la thèse est inconfirmable à l'écriture",12.8568,12.237200000000001,,,2022-08-31,13.045916557312012,INCONFIRMABLE
2022-07-29,CAP.PA,CANAL,,"clôture entre 136,68 € et 164,94 € au 2022-08-31",136.6761,164.94459999999998,,,2022-08-31,157.8561248779297,CONFIRMEE
2022-07-29,CS.PA,CANAL,,"clôture entre 16,40 € et 17,14 € au 2022-08-31",16.402600000000003,17.1442,,,2022-08-31,18.678600311279297,DEMENTIE
2022-07-29,CS.PA,REFLEXIVE,AUCUNE SEQUENCE,"AUCUNE SEQUENCE : écart contre TR39 dans ± 5,47 pt (σ̂), au 2022-08-31",-5.472439718080429,5.472439718080429,,5.4724,2022-08-31,9.093919512301463,DEMENTIE
2022-07-29,DG.PA,CANAL,,"clôture entre 72,49 € et 78,98 € au 2022-08-31",72.4868,78.9842,,,2022-08-31,78.7601547241211,CONFIRMEE
2022-07-29,DSY.PA,CANAL,,"clôture entre 28,80 € et 39,58 € au 2022-08-31",28.797800000000002,39.5816,,,2022-08-31,37.35100173950195,CONFIRMEE
2022-07-29,EL.PA,CANAL,,"clôture entre 121,14 € et 138,43 € au 2022-08-31",121.14479999999999,138.42510000000001,,,2022-08-31,135.14447021484375,CONFIRMEE
2022-07-29,EN.PA,CANAL,,"clôture entre 22,52 € et 22,77 € au 2022-08-31",22.523500000000002,22.7724,,,2022-08-31,23.89046287536621,DEMENTIE
2022-07-29,ENGI.PA,CANAL,,"clôture entre 7,66 € et 8,79 € au 2022-08-31",7.6632,8.7945,,,2022-08-31,8.627256393432617,CONFIRMEE
2022-07-29,ERF.PA,CANAL,,"clôture entre 61,07 € et 73,13 € au 2022-08-31",61.0664,73.1285,,,2022-08-31,65.62867736816406,CONFIRMEE
2022-07-29,ERF.PA,REFLEXIVE,AUCUNE SEQUENCE,"AUCUNE SEQUENCE : écart contre TR39 dans ± 9,58 pt (σ̂), au 2022-08-31",-9.575954644780012,9.575954644780012,,9.576,2022-08-31,-4.797364087308975,CONFIRMEE
2022-07-29,GLE.PA,CANAL,,"encadrement ferme avant le 2022-08-31 : les bornes prolongees se croisent, la thèse est inconfirmable à l'écriture",16.7887,16.6919,,,2022-08-31,18.88546371459961,INCONFIRMABLE
2022-07-29,GLE.PA,REFLEXIVE,AUCUNE SEQUENCE,"AUCUNE SEQUENCE : écart contre TR39 dans ± 8,68 pt (σ̂), au 2022-08-31",-8.679283547624067,8.679283547624067,,8.6793,2022-08-31,5.427571223305671,CONFIRMEE
2022-07-29,HO.PA,CANAL,,"clôture entre 114,18 € et 114,42 € au 2022-08-31",114.176,114.4246,,,2022-08-31,111.08365631103516,DEMENTIE
2022-07-29,KER.PA,CANAL,,"clôture entre 456,93 € et 485,62 € au 2022-08-31",456.9347,485.6172,,,2022-08-31,449.7170104980469,DEMENTIE
2022-07-29,LR.PA,CANAL,,"clôture entre 56,88 € et 72,68 € au 2022-08-31",56.875499999999995,72.68260000000001,,,2022-08-31,66.81890869140625,CONFIRMEE
2022-07-29,MC.PA,CANAL,,"clôture entre 491,40 € et 621,84 € au 2022-08-31",491.3981,621.8437,,,2022-08-31,597.0310668945312,CONFIRMEE
2022-07-29,ML.PA,CANAL,,"clôture entre 21,33 € et 22,57 € au 2022-08-31",21.3263,22.5663,,,2022-08-31,20.59808349609375,DEMENTIE
2022-07-29,MT.AS,CANAL,,"clôture entre 17,80 € et 18,50 € au 2022-08-31",17.804299999999998,18.4996,,,2022-08-31,22.23360252380371,DEMENTIE
2022-07-29,MT.AS,REFLEXIVE,AUCUNE SEQUENCE,"AUCUNE SEQUENCE : écart contre TR39 dans ± 10,43 pt (σ̂), au 2022-08-31",-10.425269558286814,10.425269558286814,,10.4253,2022-08-31,3.6364726262354985,CONFIRMEE
2022-07-29,OR.PA,CANAL,,"clôture entre 258,74 € et 349,48 € au 2022-08-31",258.7438,349.479,,,2022-08-31,321.11859130859375,CONFIRMEE
2022-07-29,ORA.PA,CANAL,,"clôture entre 7,64 € et 9,62 € au 2022-08-31",7.6422,9.6247,,,2022-08-31,7.893487930297852,CONFIRMEE
2022-07-29,PUB.PA,CANAL,,"clôture entre 33,61 € et 43,36 € au 2022-08-31",33.6121,43.362,,,2022-08-31,41.63520050048828,CONFIRMEE
2022-07-29,RI.PA,CANAL,,"clôture entre 135,90 € et 161,29 € au 2022-08-31",135.8964,161.2864,,,2022-08-31,154.56707763671875,CONFIRMEE
2022-07-29,RMS.PA,CANAL,,"clôture entre 849,01 € et 1 321,81 € au 2022-08-31",849.0079,1321.8087,,,2022-08-31,1234.171142578125,CONFIRMEE
2022-07-29,RNO.PA,CANAL,,"clôture entre 19,88 € et 23,36 € au 2022-08-31",19.8835,23.3604,,,2022-08-31,24.2188720703125,DEMENTIE
2022-07-29,SAF.PA,CANAL,,"clôture entre 81,75 € et 101,17 € au 2022-08-31",81.7457,101.169,,,2022-08-31,97.68468475341797,CONFIRMEE
2022-07-29,SAN.PA,CANAL,,"encadrement ferme avant le 2022-08-31 : les bornes prolongees se croisent, la thèse est inconfirmable à l'écriture",84.4433,83.1373,,,2022-08-31,68.99880981445312,INCONFIRMABLE
2022-07-29,SGO.PA,CANAL,,"clôture entre 32,64 € et 34,97 € au 2022-08-31",32.6366,34.9672,,,2022-08-31,35.952754974365234,DEMENTIE
2022-07-29,STLAP.PA,CANAL,,"clôture entre 8,75 € et 10,63 € au 2022-08-31",8.747,10.632,,,2022-08-31,10.495361328125,CONFIRMEE
2022-07-29,STMPA.PA,CANAL,,"clôture entre 24,34 € et 34,70 € au 2022-08-31",24.337600000000002,34.6978,,,2022-08-31,33.37684631347656,CONFIRMEE
2022-07-29,SU.PA,CANAL,,"clôture entre 97,27 € et 122,65 € au 2022-08-31",97.27459999999999,122.6519,,,2022-08-31,110.94921875,CONFIRMEE
2022-07-29,TEP.PA,CANAL,,"clôture entre 217,17 € et 277,95 € au 2022-08-31",217.1712,277.94960000000003,,,2022-08-31,240.7961883544922,CONFIRMEE
2022-07-29,TEP.PA,REFLEXIVE,AUCUNE SEQUENCE,"AUCUNE SEQUENCE : écart contre TR39 dans ± 5,92 pt (σ̂), au 2022-08-31",-5.922820719846388,5.922820719846388,,5.9228,2022-08-31,-8.566090458410391,DEMENTIE
2022-07-29,TTE.PA,CANAL,,"encadrement ferme avant le 2022-08-31 : les bornes prolongees se croisent, la thèse est inconfirmable à l'écriture",37.553599999999996,36.3306,,,2022-08-31,40.302616119384766,INCONFIRMABLE
2022-07-29,VIE.PA,CANAL,,"clôture entre 17,94 € et 19,42 € au 2022-08-31",17.9434,19.421,,,2022-08-31,18.78426170349121,CONFIRMEE
2022-07-29,VIV.PA,CANAL,,"clôture entre 8,24 € et 8,57 € au 2022-08-31",8.2368,8.568,,,2022-08-31,8.444894790649414,CONFIRMEE
2022-07-29,VIV.PA,REFLEXIVE,AUCUNE SEQUENCE,"AUCUNE SEQUENCE : écart contre TR39 dans ± 5,66 pt (σ̂), au 2022-08-31",-5.660949751219188,5.660949751219188,,5.6609,2022-08-31,2.1019998814744034,CONFIRMEE
2022-07-29,WLN.PA,CANAL,,"clôture entre 301,24 € et 432,21 € au 2022-08-31",301.244,432.2096,,,2022-08-31,442.147705078125,DEMENTIE
2022-07-29,WLN.PA,REFLEXIVE,AUCUNE SEQUENCE,"AUCUNE SEQUENCE : écart contre TR39 dans ± 9,44 pt (σ̂), au 2022-08-31",-9.43718829121623,9.43718829121623,,9.4372,2022-08-31,3.817140696052257,CONFIRMEE
2022-08-31,ACA.PA,CANAL,,"clôture entre 7,19 € et 7,43 € au 2022-09-30",7.1942,7.4276,,,2022-09-30,6.238084316253662,DEMENTIE
2022-08-31,ACA.PA,REFLEXIVE,RETOURNEMENT,"RETOURNEMENT : écart contre TR39 au-dessous de −3,03 pt (0,5 σ̂), au 2022-09-30",,-3.0280653404580384,3.0280653404580384,6.0561,2022-09-30,-2.2015321686287836,ZONE MORTE
2022-08-31,AI.PA,CANAL,,"clôture entre 97,17 € et 98,52 € au 2022-09-30",97.174,98.5184,,,2022-09-30,90.17015075683594,DEMENTIE
2022-08-31,AIR.PA,CANAL,,"clôture entre 95,51 € et 102,18 € au 2022-09-30",95.5094,102.1756,,,2022-09-30,82.72004699707031,DEMENTIE
2022-08-31,ALO.PA,CANAL,,"clôture entre 20,41 € et 24,41 € au 2022-09-30",20.4114,24.4132,,,2022-09-30,16.599151611328125,DEMENTIE
2022-08-31,ALO.PA,REFLEXIVE,AUCUNE SEQUENCE,"AUCUNE SEQUENCE : écart contre TR39 dans ± 9,14 pt (σ̂), au 2022-09-30",-9.13663084290206,9.13663084290206,,9.1366,2022-09-30,-11.768934427818877,DEMENTIE
2022-08-31,BN.PA,CANAL,,"clôture entre 45,97 € et 49,71 € au 2022-09-30",45.9738,49.71060000000001,,,2022-09-30,42.55449676513672,DEMENTIE
2022-08-31,BNP.PA,CANAL,,"clôture entre 37,35 € et 37,50 € au 2022-09-30",37.347199999999994,37.4998,,,2022-09-30,33.70273971557617,DEMENTIE
2022-08-31,BNP.PA,REFLEXIVE,RETOURNEMENT,"RETOURNEMENT : écart contre TR39 au-dessous de −3,73 pt (0,5 σ̂), au 2022-09-30",,-3.727252502756537,3.727252502756537,7.4545,2022-09-30,0.5909404111677508,ZONE MORTE
2022-08-31,CA.PA,CANAL,,"clôture entre 12,10 € et 12,57 € au 2022-09-30",12.1044,12.5696,,,2022-09-30,11.144693374633789,DEMENTIE
2022-08-31,CAP.PA,CANAL,,"clôture entre 167,26 € et 172,24 € au 2022-09-30",167.2606,172.2406,,,2022-09-30,151.01266479492188,DEMENTIE
2022-08-31,CS.PA,CANAL,,"clôture entre 14,58 € et 19,50 € au 2022-09-30",14.5844,19.500600000000002,,,2022-09-30,17.844913482666016,CONFIRMEE
2022-08-31,CS.PA,REFLEXIVE,AUCUNE SEQUENCE,"AUCUNE SEQUENCE : écart contre TR39 dans ± 5,74 pt (σ̂), au 2022-09-30",-5.736216757108007,5.736216757108007,,5.7362,2022-09-30,2.323176313159059,CONFIRMEE
2022-08-31,DG.PA,CANAL,,"clôture entre 80,98 € et 82,03 € au 2022-09-30",80.98400000000001,82.0316,,,2022-09-30,71.00794219970703,DEMENTIE
2022-08-31,DSY.PA,CANAL,,"clôture entre 39,33 € et 41,02 € au 2022-09-30",39.3322,41.016799999999996,,,2022-09-30,34.601112365722656,DEMENTIE
2022-08-31,EL.PA,CANAL,,"clôture entre 140,83 € et 147,92 € au 2022-09-30",140.82760000000002,147.9198,,,2022-09-30,127.08560180664062,DEMENTIE
2022-08-31,EN.PA,CANAL,,"clôture entre 24,20 € et 24,31 € au 2022-09-30",24.1972,24.3064,,,2022-09-30,21.89279556274414,DEMENTIE
2022-08-31,ENGI.PA,CANAL,,"clôture entre 9,33 € et 9,67 € au 2022-09-30",9.334999999999999,9.670399999999999,,,2022-09-30,8.608356475830078,DEMENTIE
2022-08-31,ERF.PA,CANAL,,"clôture entre 64,25 € et 68,50 € au 2022-09-30",64.24680000000001,68.499,,,2022-09-30,58.049564361572266,DEMENTIE
2022-08-31,ERF.PA,REFLEXIVE,RETOURNEMENT,"RETOURNEMENT : écart contre TR39 au-dessous de −4,78 pt (0,5 σ̂), au 2022-09-30",,-4.780261711072228,4.780261711072228,9.5605,2022-09-30,-4.761975112829631,ZONE MORTE
2022-08-31,GLE.PA,CANAL,,"encadrement ferme avant le 2022-09-30 : les bornes prolongees se croisent, la thèse est inconfirmable à l'écriture",19.613000000000003,19.5912,,,2022-09-30,17.461355209350586,INCONFIRMABLE
2022-08-31,GLE.PA,REFLEXIVE,AUCUNE SEQUENCE,"AUCUNE SEQUENCE : écart contre TR39 dans ± 8,72 pt (σ̂), au 2022-09-30",-8.716360701698358,8.716360701698358,,8.7164,2022-09-30,-0.7542630195691458,CONFIRMEE
2022-08-31,HO.PA,CANAL,,"clôture entre 113,59 € et 118,65 € au 2022-09-30",113.5884,118.6466,,,2022-09-30,104.47318267822266,DEMENTIE
2022-08-31,KER.PA,CANAL,,"clôture entre 467,23 € et 503,37 € au 2022-09-30",467.22540000000004,503.3698,,,2022-09-30,409.9755554199219,DEMENTIE
2022-08-31,LR.PA,CANAL,,"clôture entre 67,87 € et 73,42 € au 2022-09-30",67.8738,73.4176,,,2022-09-30,61.62352752685547,DEMENTIE
2022-08-31,MC.PA,CANAL,,"clôture entre 640,93 € et 664,87 € au 2022-09-30",640.9266,664.8718,,,2022-09-30,562.8228759765625,DEMENTIE
2022-08-31,ML.PA,CANAL,,"clôture entre 19,50 € et 21,51 € au 2022-09-30",19.4964,21.510199999999998,,,2022-09-30,19.623476028442383,CONFIRMEE
2022-08-31,MT.AS,CANAL,,"encadrement ferme avant le 2022-09-30 : les bornes prolongees se croisent, la thèse est inconfirmable à l'écriture",22.1728,20.5462,,,2022-09-30,19.34150505065918,INCONFIRMABLE
2022-08-31,MT.AS,REFLEXIVE,AUCUNE SEQUENCE,"AUCUNE SEQUENCE : écart contre TR39 dans ± 9,84 pt (σ̂), au 2022-09-30",-9.842178754126982,9.842178754126982,,9.8422,2022-09-30,-6.221274832766499,CONFIRMEE
2022-08-31,OR.PA,CANAL,,"clôture entre 331,83 € et 349,99 € au 2022-09-30",331.8338,349.986,,,2022-09-30,308.956787109375,DEMENTIE
2022-08-31,ORA.PA,CANAL,,"clôture entre 7,46 € et 7,51 € au 2022-09-30",7.4596,7.5094,,,2022-09-30,7.229052543640137,DEMENTIE
2022-08-31,PUB.PA,CANAL,,"encadrement ferme avant le 2022-09-30 : les bornes prolongees se croisent, la thèse est inconfirmable à l'écriture",44.6642,43.192800000000005,,,2022-09-30,41.76331329345703,INCONFIRMABLE
2022-08-31,RI.PA,CANAL,,"clôture entre 161,40 € et 164,06 € au 2022-09-30",161.3966,164.0592,,,2022-09-30,159.03021240234375,DEMENTIE
2022-08-31,RMS.PA,CANAL,,"clôture entre 1 365,83 € et 1 397,47 € au 2022-09-30",1365.826,1397.4672,,,2022-09-30,1171.13916015625,DEMENTIE
2022-08-31,RNO.PA,CANAL,,"clôture entre 25,49 € et 27,76 € au 2022-09-30",25.493399999999998,27.758,,,2022-09-30,23.677101135253906,DEMENTIE
2022-08-31,SAF.PA,CANAL,,"clôture entre 102,17 € et 109,81 € au 2022-09-30",102.1684,109.8052,,,2022-09-30,90.1210708618164,DEMENTIE
2022-08-31,SAN.PA,CANAL,,"clôture entre 60,93 € et 81,71 € au 2022-09-30",60.929,81.7122,,,2022-09-30,65.82511138916016,CONFIRMEE
2022-08-31,SGO.PA,CANAL,,"clôture entre 35,60 € et 35,67 € au 2022-09-30",35.5998,35.6658,,,2022-09-30,33.01237869262695,DEMENTIE
2022-08-31,STLAP.PA,CANAL,,"clôture entre 11,43 € et 12,08 € au 2022-09-30",11.4284,12.079799999999999,,,2022-09-30,9.66114616394043,DEMENTIE
2022-08-31,STMPA.PA,CANAL,,"encadrement ferme avant le 2022-09-30 : les bornes prolongees se croisent, la thèse est inconfirmable à l'écriture",37.143,36.5508,,,2022-09-30,31.028005599975586,INCONFIRMABLE
2022-08-31,SU.PA,CANAL,,"clôture entre 115,03 € et 123,96 € au 2022-09-30",115.03219999999999,123.9634,,,2022-09-30,109.23052978515625,DEMENTIE
2022-08-31,TEP.PA,CANAL,,"clôture entre 239,74 € et 273,75 € au 2022-09-30",239.7398,273.75419999999997,,,2022-09-30,220.97691345214844,DEMENTIE
2022-08-31,TEP.PA,REFLEXIVE,RETOURNEMENT,"RETOURNEMENT : écart contre TR39 au-dessous de −2,99 pt (0,5 σ̂), au 2022-09-30",,-2.9876001905132052,2.9876001905132052,5.9752,2022-09-30,-1.444223837440295,ZONE MORTE
2022-08-31,TTE.PA,CANAL,,"clôture entre 38,28 € et 43,01 € au 2022-09-30",38.2804,43.0056,,,2022-09-30,38.93218994140625,CONFIRMEE
2022-08-31,VIE.PA,CANAL,,"clôture entre 18,54 € et 21,17 € au 2022-09-30",18.5356,21.173000000000002,,,2022-09-30,16.61749267578125,DEMENTIE
2022-08-31,VIV.PA,CANAL,,"encadrement ferme avant le 2022-09-30 : les bornes prolongees se croisent, la thèse est inconfirmable à l'écriture",7.993199999999999,7.822,,,2022-09-30,7.4356865882873535,INCONFIRMABLE
2022-08-31,VIV.PA,REFLEXIVE,AUCUNE SEQUENCE,"AUCUNE SEQUENCE : écart contre TR39 dans ± 6,71 pt (σ̂), au 2022-09-30",-6.709156287484375,6.709156287484375,,6.7092,2022-09-30,-5.164010101184724,CONFIRMEE
2022-08-31,WLN.PA,CANAL,,"clôture entre 463,22 € et 478,85 € au 2022-09-30",463.2152,478.8492,,,2022-09-30,420.34515380859375,DEMENTIE
2022-08-31,WLN.PA,REFLEXIVE,AUCUNE SEQUENCE,"AUCUNE SEQUENCE : écart contre TR39 dans ± 10,89 pt (σ̂), au 2022-09-30",-10.886494468945148,10.886494468945148,,10.8865,2022-09-30,1.8554462626612866,CONFIRMEE
2022-09-30,ACA.PA,CANAL,,"clôture entre 6,12 € et 7,33 € au 2022-10-31",6.1231,7.3318,,,2022-10-31,6.851153373718262,CONFIRMEE
2022-09-30,ACA.PA,REFLEXIVE,AUCUNE SEQUENCE,"AUCUNE SEQUENCE : écart contre TR39 dans ± 6,44 pt (σ̂), au 2022-10-31",-6.435109864545679,6.435109864545679,,6.4351,2022-10-31,0.47335093947271645,CONFIRMEE
2022-09-30,AI.PA,CANAL,,"clôture entre 85,86 € et 93,74 € au 2022-10-31",85.85820000000001,93.7362,,,2022-10-31,101.4759521484375,DEMENTIE
2022-09-30,AIR.PA,CANAL,,"clôture entre 80,03 € et 101,43 € au 2022-10-31",80.0338,101.4308,,,2022-10-31,101.97393035888672,DEMENTIE
2022-09-30,ALO.PA,CANAL,,"clôture entre 15,28 € et 23,80 € au 2022-10-31",15.282,23.8026,,,2022-10-31,20.67831039428711,CONFIRMEE
2022-09-30,ALO.PA,REFLEXIVE,RETOURNEMENT,"RETOURNEMENT : écart contre TR39 au-dessous de −4,55 pt (0,5 σ̂), au 2022-10-31",,-4.545310638411549,4.545310638411549,9.0906,2022-10-31,15.220010775280146,DEMENTIE
2022-09-30,BN.PA,CANAL,,"clôture entre 41,11 € et 49,65 € au 2022-10-31",41.110299999999995,49.6533,,,2022-10-31,44.105281829833984,CONFIRMEE
2022-09-30,BNP.PA,CANAL,,"clôture entre 32,95 € et 38,17 € au 2022-10-31",32.95,38.1683,,,2022-10-31,36.709354400634766,CONFIRMEE
2022-09-30,BNP.PA,REFLEXIVE,RETOURNEMENT,"RETOURNEMENT : écart contre TR39 au-dessous de −3,79 pt (0,5 σ̂), au 2022-10-31",,-3.79417126190746,3.79417126190746,7.5883,2022-10-31,-0.4335108064859705,ZONE MORTE
2022-09-30,CA.PA,CANAL,,"clôture entre 10,25 € et 12,28 € au 2022-10-31",10.2462,12.2781,,,2022-10-31,12.767593383789062,DEMENTIE
2022-09-30,CAP.PA,CANAL,,"clôture entre 138,35 € et 172,85 € au 2022-10-31",138.3544,172.85479999999998,,,2022-10-31,151.69700622558594,CONFIRMEE
2022-09-30,CS.PA,CANAL,,"clôture entre 18,16 € et 20,57 € au 2022-10-31",18.164,20.5673,,,2022-10-31,19.8497371673584,CONFIRMEE
2022-09-30,CS.PA,REFLEXIVE,AUCUNE SEQUENCE,"AUCUNE SEQUENCE : écart contre TR39 dans ± 6,05 pt (σ̂), au 2022-10-31",-6.050956325414499,6.050956325414499,,6.051,2022-10-31,1.8802158139216818,CONFIRMEE
2022-09-30,DG.PA,CANAL,,"clôture entre 69,10 € et 83,64 € au 2022-10-31",69.0951,83.6409,,,2022-10-31,79.55415344238281,CONFIRMEE
2022-09-30,DSY.PA,CANAL,,"clôture entre 33,32 € et 42,30 € au 2022-10-31",33.320899999999995,42.3029,,,2022-10-31,32.87275314331055,DEMENTIE
2022-09-30,EL.PA,CANAL,,"clôture entre 125,45 € et 146,47 € au 2022-10-31",125.4456,146.4689,,,2022-10-31,145.19540405273438,CONFIRMEE
2022-09-30,EN.PA,CANAL,,"clôture entre 21,20 € et 24,41 € au 2022-10-31",21.2018,24.4117,,,2022-10-31,23.548004150390625,CONFIRMEE
2022-09-30,ENGI.PA,CANAL,,"clôture entre 8,97 € et 9,88 € au 2022-10-31",8.965800000000002,9.882399999999999,,,2022-10-31,9.562093734741211,CONFIRMEE
2022-09-30,ERF.PA,CANAL,,"clôture entre 51,46 € et 67,01 € au 2022-10-31",51.4586,67.0068,,,2022-10-31,61.52570724487305,CONFIRMEE
2022-09-30,ERF.PA,REFLEXIVE,RETOURNEMENT,"RETOURNEMENT : écart contre TR39 au-dessous de −3,87 pt (0,5 σ̂), au 2022-10-31",,-3.868740956309251,3.868740956309251,7.7375,2022-10-31,-3.3662583456632866,ZONE MORTE
2022-09-30,GLE.PA,CANAL,,"clôture entre 17,54 € et 20,75 € au 2022-10-31",17.5433,20.750700000000002,,,2022-10-31,19.864803314208984,CONFIRMEE
2022-09-30,GLE.PA,REFLEXIVE,AUCUNE SEQUENCE,"AUCUNE SEQUENCE : écart contre TR39 dans ± 8,74 pt (σ̂), au 2022-10-31",-8.742108075829462,8.742108075829462,,8.7421,2022-10-31,4.409893847343027,CONFIRMEE
2022-09-30,HO.PA,CANAL,,"clôture entre 99,55 € et 118,55 € au 2022-10-31",99.551,118.55130000000001,,,2022-10-31,118.94225311279297,DEMENTIE
2022-09-30,KER.PA,CANAL,,"clôture entre 401,60 € et 522,33 € au 2022-10-31",401.59839999999997,522.3337,,,2022-10-31,414.580078125,CONFIRMEE
2022-09-30,LR.PA,CANAL,,"clôture entre 58,70 € et 72,80 € au 2022-10-31",58.6984,72.8037,,,2022-10-31,71.31171417236328,CONFIRMEE
2022-09-30,MC.PA,CANAL,,"clôture entre 566,66 € et 685,50 € au 2022-10-31",566.6623,685.5015000000001,,,2022-10-31,589.193603515625,CONFIRMEE
2022-09-30,ML.PA,CANAL,,"clôture entre 18,16 € et 20,34 € au 2022-10-31",18.1602,20.336100000000002,,,2022-10-31,21.873546600341797,DEMENTIE
2022-09-30,MT.AS,CANAL,,"clôture entre 17,77 € et 19,34 € au 2022-10-31",17.7683,19.3444,,,2022-10-31,21.204051971435547,DEMENTIE
2022-09-30,MT.AS,REFLEXIVE,AUCUNE SEQUENCE,"AUCUNE SEQUENCE : écart contre TR39 dans ± 9,74 pt (σ̂), au 2022-10-31",-9.744428230077629,9.744428230077629,,9.7444,2022-10-31,0.2753022574812247,CONFIRMEE
2022-09-30,OR.PA,CANAL,,"clôture entre 304,68 € et 327,14 € au 2022-10-31",304.6814,327.1416,,,2022-10-31,297.5901794433594,DEMENTIE
2022-09-30,ORA.PA,CANAL,,"clôture entre 7,09 € et 7,49 € au 2022-10-31",7.0945,7.492999999999999,,,2022-10-31,7.528439044952393,DEMENTIE
2022-09-30,PUB.PA,CANAL,,"clôture entre 41,39 € et 46,43 € au 2022-10-31",41.392399999999995,46.4296,,,2022-10-31,48.4591064453125,DEMENTIE
2022-09-30,RI.PA,CANAL,,"clôture entre 156,98 € et 163,78 € au 2022-10-31",156.9788,163.7839,,,2022-10-31,149.6408233642578,DEMENTIE
2022-09-30,RMS.PA,CANAL,,"clôture entre 1 177,46 € et 1 432,02 € au 2022-10-31",1177.4605999999999,1432.0229,,,2022-10-31,1261.1158447265625,CONFIRMEE
2022-09-30,RNO.PA,CANAL,,"clôture entre 24,31 € et 29,56 € au 2022-10-31",24.305899999999998,29.556399999999996,,,2022-10-31,26.38595962524414,CONFIRMEE
2022-09-30,SAF.PA,CANAL,,"clôture entre 86,16 € et 111,21 € au 2022-10-31",86.1637,111.20920000000001,,,2022-10-31,108.05709075927734,CONFIRMEE
2022-09-30,SAN.PA,CANAL,,"encadrement ferme avant le 2022-10-31 : les bornes prolongees se croisent, la thèse est inconfirmable à l'écriture",65.0287,58.035799999999995,,,2022-10-31,73.32278442382812,INCONFIRMABLE
2022-09-30,SGO.PA,CANAL,,"clôture entre 30,08 € et 32,50 € au 2022-10-31",30.080399999999997,32.5011,,,2022-10-31,36.88833236694336,DEMENTIE
2022-09-30,STLAP.PA,CANAL,,"clôture entre 9,73 € et 12,34 € au 2022-10-31",9.725200000000001,12.3406,,,2022-10-31,10.73775577545166,CONFIRMEE
2022-09-30,STMPA.PA,CANAL,,"clôture entre 31,28 € et 38,55 € au 2022-10-31",31.2848,38.545100000000005,,,2022-10-31,30.4073543548584,DEMENTIE
2022-09-30,SU.PA,CANAL,,"clôture entre 104,16 € et 123,95 € au 2022-10-31",104.1613,123.9521,,,2022-10-31,119.80422973632812,CONFIRMEE
2022-09-30,TEP.PA,CANAL,,"clôture entre 205,11 € et 269,68 € au 2022-10-31",205.1088,269.6781,,,2022-10-31,229.78549194335938,CONFIRMEE
2022-09-30,TEP.PA,REFLEXIVE,RETOURNEMENT,"RETOURNEMENT : écart contre TR39 au-dessous de −3,18 pt (0,5 σ̂), au 2022-10-31",,-3.179413383067684,3.179413383067684,6.3588,2022-10-31,-5.368292315680301,CONFIRMEE
2022-09-30,TTE.PA,CANAL,,"clôture entre 37,79 € et 42,48 € au 2022-10-31",37.7924,42.480799999999995,,,2022-10-31,44.43632125854492,DEMENTIE
2022-09-30,VIE.PA,CANAL,,"clôture entre 15,20 € et 20,71 € au 2022-10-31",15.1953,20.707,,,2022-10-31,19.045623779296875,CONFIRMEE
2022-09-30,VIV.PA,CANAL,,"clôture entre 6,80 € et 7,32 € au 2022-10-31",6.8042,7.3180000000000005,,,2022-10-31,7.726696968078613,DEMENTIE
2022-09-30,VIV.PA,REFLEXIVE,RETOURNEMENT,"RETOURNEMENT : écart contre TR39 au-dessous de −2,87 pt (0,5 σ̂), au 2022-10-31",,-2.8700837862955337,2.8700837862955337,5.7402,2022-10-31,-5.44079201218346,CONFIRMEE
2022-09-30,WLN.PA,CANAL,,"clôture entre 426,23 € et 520,36 € au 2022-10-31",426.22749999999996,520.3565,,,2022-10-31,457.9571533203125,CONFIRMEE
2022-09-30,WLN.PA,REFLEXIVE,AUCUNE SEQUENCE,"AUCUNE SEQUENCE : écart contre TR39 dans ± 11,06 pt (σ̂), au 2022-10-31",-11.063362377179,11.063362377179,,11.0634,2022-10-31,-0.4066061986548908,CONFIRMEE
2022-10-31,ACA.PA,CANAL,,"clôture entre 6,05 € et 6,60 € au 2022-11-30",6.0544,6.595199999999999,,,2022-11-30,7.167383193969727,DEMENTIE
2022-10-31,ACA.PA,REFLEXIVE,AUCUNE SEQUENCE,"AUCUNE SEQUENCE : écart contre TR39 dans ± 6,43 pt (σ̂), au 2022-11-30",-6.4312746167464345,6.4312746167464345,,6.4313,2022-11-30,-1.2586586685798151,CONFIRMEE
2022-10-31,AI.PA,CANAL,,"clôture entre 83,74 € et 99,72 € au 2022-11-30",83.74239999999999,99.7214,,,2022-11-30,106.01667022705078,DEMENTIE
2022-10-31,AIR.PA,CANAL,,"clôture entre 79,05 € et 101,76 € au 2022-11-30",79.05439999999999,101.75819999999999,,,2022-11-30,101.62030029296875,CONFIRMEE
2022-10-31,ALO.PA,CANAL,,"clôture entre 12,86 € et 19,25 € au 2022-11-30",12.8642,19.251,,,2022-11-30,24.643468856811523,DEMENTIE
2022-10-31,ALO.PA,REFLEXIVE,AUCUNE SEQUENCE,"AUCUNE SEQUENCE : écart contre TR39 dans ± 9,38 pt (σ̂), au 2022-11-30",-9.378081102252066,9.378081102252066,,9.3781,2022-11-30,13.301071839576316,DEMENTIE
2022-10-31,BN.PA,CANAL,,"clôture entre 39,91 € et 42,44 € au 2022-11-30",39.9146,42.4438,,,2022-11-30,43.87748336791992,DEMENTIE
2022-10-31,BNP.PA,CANAL,,"clôture entre 32,46 € et 35,24 € au 2022-11-30",32.46319999999999,35.2356,,,2022-11-30,41.29657745361328,DEMENTIE
2022-10-31,BNP.PA,REFLEXIVE,AUCUNE SEQUENCE,"AUCUNE SEQUENCE : écart contre TR39 dans ± 7,09 pt (σ̂), au 2022-11-30",-7.091871774056199,7.091871774056199,,7.0919,2022-11-30,6.621685056137849,CONFIRMEE
2022-10-31,CA.PA,CANAL,,"clôture entre 9,64 € et 12,19 € au 2022-11-30",9.6384,12.1876,,,2022-11-30,12.877354621887207,DEMENTIE
2022-10-31,CAP.PA,CANAL,,"clôture entre 137,83 € et 152,80 € au 2022-11-30",137.83079999999998,152.7956,,,2022-11-30,156.0312042236328,DEMENTIE
2022-10-31,CS.PA,CANAL,,"clôture entre 18,04 € et 19,58 € au 2022-11-30",18.043799999999997,19.5826,,,2022-11-30,21.45359230041504,DEMENTIE
2022-10-31,CS.PA,REFLEXIVE,AUTO-RENFORCEMENT,"AUTO-RENFORCEMENT : écart contre TR39 au-dessus de +2,99 pt (0,5 σ̂), au 2022-11-30",2.9904892761322253,,-2.9904892761322253,5.981,2022-11-30,2.205606492015688,ZONE MORTE
2022-10-31,DG.PA,CANAL,,"clôture entre 68,21 € et 77,89 € au 2022-11-30",68.20920000000001,77.8908,,,2022-11-30,83.36737823486328,DEMENTIE
2022-10-31,DSY.PA,CANAL,,"clôture entre 30,85 € et 32,27 € au 2022-11-30",30.846799999999998,32.266400000000004,,,2022-11-30,33.971736907958984,DEMENTIE
2022-10-31,EL.PA,CANAL,,"clôture entre 126,62 € et 151,60 € au 2022-11-30",126.61919999999999,151.6028,,,2022-11-30,160.54348754882812,DEMENTIE
2022-10-31,EN.PA,CANAL,,"clôture entre 20,31 € et 22,71 € au 2022-11-30",20.308799999999998,22.714199999999998,,,2022-11-30,24.102458953857422,DEMENTIE
2022-10-31,ENGI.PA,CANAL,,"clôture entre 8,69 € et 9,58 € au 2022-11-30",8.686,9.5828,,,2022-11-30,10.555086135864258,DEMENTIE
2022-10-31,ERF.PA,CANAL,,"clôture entre 48,09 € et 57,58 € au 2022-11-30",48.0852,57.5768,,,2022-11-30,63.083316802978516,DEMENTIE
2022-10-31,ERF.PA,REFLEXIVE,AUCUNE SEQUENCE,"AUCUNE SEQUENCE : écart contre TR39 dans ± 7,74 pt (σ̂), au 2022-11-30",-7.741272321998596,7.741272321998596,,7.7413,2022-11-30,-3.342734987489715,CONFIRMEE
2022-10-31,GLE.PA,CANAL,,"clôture entre 17,20 € et 20,46 € au 2022-11-30",17.1978,20.4574,,,2022-11-30,20.519123077392578,DEMENTIE
2022-10-31,GLE.PA,REFLEXIVE,AUCUNE SEQUENCE,"AUCUNE SEQUENCE : écart contre TR39 dans ± 8,60 pt (σ̂), au 2022-11-30",-8.599976201156979,8.599976201156979,,8.6,2022-11-30,-2.5805104241445553,CONFIRMEE
2022-10-31,HO.PA,CANAL,,"clôture entre 98,88 € et 120,23 € au 2022-11-30",98.8766,120.2342,,,2022-11-30,112.93275451660156,CONFIRMEE
2022-10-31,KER.PA,CANAL,,"clôture entre 378,30 € et 385,44 € au 2022-11-30",378.29920000000004,385.44219999999996,,,2022-11-30,507.295166015625,DEMENTIE
2022-10-31,LR.PA,CANAL,,"clôture entre 57,83 € et 71,62 € au 2022-11-30",57.8288,71.6192,,,2022-11-30,71.62602996826172,DEMENTIE
2022-10-31,MC.PA,CANAL,,"clôture entre 571,14 € et 591,51 € au 2022-11-30",571.1402,591.5058,,,2022-11-30,679.831787109375,DEMENTIE
2022-10-31,ML.PA,CANAL,,"clôture entre 17,37 € et 21,30 € au 2022-11-30",17.3676,21.3008,,,2022-11-30,22.64899444580078,DEMENTIE
2022-10-31,MT.AS,CANAL,,"clôture entre 17,38 € et 20,28 € au 2022-11-30",17.3806,20.2788,,,2022-11-30,24.156984329223633,DEMENTIE
2022-10-31,MT.AS,REFLEXIVE,AUCUNE SEQUENCE,"AUCUNE SEQUENCE : écart contre TR39 dans ± 9,87 pt (σ̂), au 2022-11-30",-9.865604915526701,9.865604915526701,,9.8656,2022-11-30,8.051889258655653,CONFIRMEE
2022-10-31,OR.PA,CANAL,,"clôture entre 285,39 € et 319,88 € au 2022-11-30",285.3864,319.8812,,,2022-11-30,331.9238586425781,DEMENTIE
2022-10-31,ORA.PA,CANAL,,"clôture entre 6,72 € et 7,20 € au 2022-11-30",6.7222,7.2014,,,2022-11-30,7.635531425476074,DEMENTIE
2022-10-31,PUB.PA,CANAL,,"clôture entre 43,03 € et 51,26 € au 2022-11-30",43.0268,51.2568,,,2022-11-30,53.29306411743164,DEMENTIE
2022-10-31,RI.PA,CANAL,,"clôture entre 145,59 € et 171,79 € au 2022-11-30",145.5896,171.7896,,,2022-11-30,161.280029296875,CONFIRMEE
2022-10-31,RMS.PA,CANAL,,"clôture entre 1 235,51 € et 1 299,17 € au 2022-11-30",1235.5092,1299.1716000000001,,,2022-11-30,1484.3734130859375,DEMENTIE
2022-10-31,RNO.PA,CANAL,,"clôture entre 25,79 € et 29,17 € au 2022-11-30",25.7938,29.1694,,,2022-11-30,29.46728515625,DEMENTIE
2022-10-31,SAF.PA,CANAL,,"clôture entre 86,59 € et 110,22 € au 2022-11-30",86.5934,110.2224,,,2022-11-30,112.56266784667969,DEMENTIE
2022-10-31,SAN.PA,CANAL,,"clôture entre 65,35 € et 70,40 € au 2022-11-30",65.35340000000001,70.4046,,,2022-11-30,72.60911560058594,DEMENTIE
2022-10-31,SGO.PA,CANAL,,"clôture entre 28,81 € et 34,41 € au 2022-11-30",28.8128,34.4056,,,2022-11-30,38.97777557373047,DEMENTIE
2022-10-31,STLAP.PA,CANAL,,"clôture entre 9,63 € et 10,34 € au 2022-11-30",9.626,10.336799999999998,,,2022-11-30,11.713628768920898,DEMENTIE
2022-10-31,STMPA.PA,CANAL,,"clôture entre 30,00 € et 31,96 € au 2022-11-30",30.001199999999997,31.960600000000003,,,2022-11-30,34.694210052490234,DEMENTIE
2022-10-31,SU.PA,CANAL,,"clôture entre 104,51 € et 122,92 € au 2022-11-30",104.5066,122.91940000000001,,,2022-11-30,129.76145935058594,DEMENTIE
2022-10-31,TEP.PA,CANAL,,"clôture entre 198,81 € et 216,30 € au 2022-11-30",198.81240000000003,216.29860000000002,,,2022-11-30,182.43936157226562,DEMENTIE
2022-10-31,TEP.PA,REFLEXIVE,AUCUNE SEQUENCE,"AUCUNE SEQUENCE : écart contre TR39 dans ± 6,18 pt (σ̂), au 2022-11-30",-6.17999728281827,6.17999728281827,,6.18,2022-11-30,-26.47886594361517,DEMENTIE
2022-10-31,TTE.PA,CANAL,,"clôture entre 37,87 € et 44,98 € au 2022-11-30",37.8734,44.979,,,2022-11-30,48.63801574707031,DEMENTIE
2022-10-31,VIE.PA,CANAL,,"clôture entre 14,52 € et 18,25 € au 2022-11-30",14.5246,18.253999999999998,,,2022-11-30,20.723390579223633,DEMENTIE
2022-10-31,VIV.PA,CANAL,,"clôture entre 6,28 € et 7,15 € au 2022-11-30",6.2825999999999995,7.1484,,,2022-11-30,8.002782821655273,DEMENTIE
2022-10-31,VIV.PA,REFLEXIVE,AUCUNE SEQUENCE,"AUCUNE SEQUENCE : écart contre TR39 dans ± 4,78 pt (σ̂), au 2022-11-30",-4.776953261573618,4.776953261573618,,4.777,2022-11-30,-2.301233233230704,CONFIRMEE
2022-10-31,WLN.PA,CANAL,,"clôture entre 450,81 € et 462,91 € au 2022-11-30",450.815,462.9054,,,2022-11-30,464.4669189453125,DEMENTIE
2022-10-31,WLN.PA,REFLEXIVE,AUTO-RENFORCEMENT,"AUTO-RENFORCEMENT : écart contre TR39 au-dessus de +5,49 pt (0,5 σ̂), au 2022-11-30",5.494108934464817,,-5.494108934464817,10.9882,2022-11-30,-4.4528960321265965,ZONE MORTE
2022-11-30,ACA.PA,CANAL,,"encadrement ferme avant le 2022-12-30 : les bornes prolongees se croisent, la thèse est inconfirmable à l'écriture",7.7915,7.2406999999999995,,,2022-12-30,7.332210063934326,INCONFIRMABLE
2022-11-30,ACA.PA,REFLEXIVE,AUCUNE SEQUENCE,"AUCUNE SEQUENCE : écart contre TR39 dans ± 6,13 pt (σ̂), au 2022-12-30",-6.133847907986204,6.133847907986204,,6.1338,2022-12-30,6.345965211810423,DEMENTIE
2022-11-30,AI.PA,CANAL,,"encadrement ferme avant le 2022-12-30 : les bornes prolongees se croisent, la thèse est inconfirmable à l'écriture",117.28649999999999,109.9285,,,2022-12-30,101.55265045166016,INCONFIRMABLE
2022-11-30,AIR.PA,CANAL,,"encadrement ferme avant le 2022-12-30 : les bornes prolongees se croisent, la thèse est inconfirmable à l'écriture",110.8536,110.5261,,,2022-12-30,103.31398010253906,INCONFIRMABLE
2022-11-30,ALO.PA,CANAL,,"clôture entre 11,05 € et 25,62 € au 2022-12-30",11.0534,25.615699999999997,,,2022-12-30,22.62123680114746,CONFIRMEE
2022-11-30,ALO.PA,REFLEXIVE,AUCUNE SEQUENCE,"AUCUNE SEQUENCE : écart contre TR39 dans ± 10,61 pt (σ̂), au 2022-12-30",-10.611350069123377,10.611350069123377,,10.6114,2022-12-30,-4.159670046976894,CONFIRMEE
2022-11-30,BN.PA,CANAL,,"encadrement ferme avant le 2022-12-30 : les bornes prolongees se croisent, la thèse est inconfirmable à l'écriture",45.3763,43.2789,,,2022-12-30,43.132755279541016,INCONFIRMABLE
2022-11-30,BNP.PA,CANAL,,"encadrement ferme avant le 2022-12-30 : les bornes prolongees se croisent, la thèse est inconfirmable à l'écriture",46.3018,42.3638,,,2022-12-30,41.15745544433594,INCONFIRMABLE
2022-11-30,BNP.PA,REFLEXIVE,AUCUNE SEQUENCE,"AUCUNE SEQUENCE : écart contre TR39 dans ± 7,09 pt (σ̂), au 2022-12-30",-7.087157514503618,7.087157514503618,,7.0872,2022-12-30,3.7094002385073432,CONFIRMEE
2022-11-30,CA.PA,CANAL,,"encadrement ferme avant le 2022-12-30 : les bornes prolongees se croisent, la thèse est inconfirmable à l'écriture",13.725,12.748099999999999,,,2022-12-30,12.261907577514648,INCONFIRMABLE
2022-11-30,CAP.PA,CANAL,,"clôture entre 137,34 € et 162,94 € au 2022-12-30",137.3444,162.9374,,,2022-12-30,142.2986297607422,CONFIRMEE
2022-11-30,CS.PA,CANAL,,"encadrement ferme avant le 2022-12-30 : les bornes prolongees se croisent, la thèse est inconfirmable à l'écriture",23.5345,22.5828,,,2022-12-30,20.687393188476562,INCONFIRMABLE
2022-11-30,CS.PA,REFLEXIVE,AUCUNE SEQUENCE,"AUCUNE SEQUENCE : écart contre TR39 dans ± 5,98 pt (σ̂), au 2022-12-30",-5.983506725931718,5.983506725931718,,5.9835,2022-12-30,0.4748596078777645,CONFIRMEE
2022-11-30,DG.PA,CANAL,,"clôture entre 67,76 € et 84,54 € au 2022-12-30",67.7606,84.5399,,,2022-12-30,80.49413299560547,CONFIRMEE
2022-11-30,DSY.PA,CANAL,,"clôture entre 30,63 € et 34,09 € au 2022-12-30",30.6274,34.092200000000005,,,2022-12-30,32.43218994140625,CONFIRMEE
2022-11-30,EL.PA,CANAL,,"clôture entre 127,75 € et 164,79 € au 2022-12-30",127.74560000000001,164.7922,,,2022-12-30,153.208984375,CONFIRMEE
2022-11-30,EN.PA,CANAL,,"clôture entre 19,90 € et 25,05 € au 2022-12-30",19.8984,25.0486,,,2022-12-30,22.86309242248535,CONFIRMEE
2022-11-30,ENGI.PA,CANAL,,"encadrement ferme avant le 2022-12-30 : les bornes prolongees se croisent, la thèse est inconfirmable à l'écriture",11.7966,11.110199999999999,,,2022-12-30,9.732195854187012,INCONFIRMABLE
2022-11-30,ERF.PA,CANAL,,"clôture entre 44,87 € et 64,90 € au 2022-12-30",44.8686,64.9002,,,2022-12-30,63.691165924072266,CONFIRMEE
2022-11-30,ERF.PA,REFLEXIVE,AUCUNE SEQUENCE,"AUCUNE SEQUENCE : écart contre TR39 dans ± 7,30 pt (σ̂), au 2022-12-30",-7.3024473497118345,7.3024473497118345,,7.3024,2022-12-30,5.009850891566591,CONFIRMEE
2022-11-30,GLE.PA,CANAL,,"encadrement ferme avant le 2022-12-30 : les bornes prolongees se croisent, la thèse est inconfirmable à l'écriture",22.106599999999997,22.0337,,,2022-12-30,20.082910537719727,INCONFIRMABLE
2022-11-30,GLE.PA,REFLEXIVE,AUCUNE SEQUENCE,"AUCUNE SEQUENCE : écart contre TR39 dans ± 8,67 pt (σ̂), au 2022-12-30",-8.674696293654765,8.674696293654765,,8.6747,2022-12-30,1.920402368301044,CONFIRMEE
2022-11-30,HO.PA,CANAL,,"clôture entre 98,36 € et 120,58 € au 2022-12-30",98.3613,120.57809999999999,,,2022-12-30,110.9322280883789,CONFIRMEE
2022-11-30,KER.PA,CANAL,,"clôture entre 351,96 € et 511,36 € au 2022-12-30",351.95899999999995,511.356,,,2022-12-30,425.130126953125,CONFIRMEE
2022-11-30,LR.PA,CANAL,,"clôture entre 57,00 € et 74,92 € au 2022-12-30",56.9984,74.9183,,,2022-12-30,69.16699981689453,CONFIRMEE
2022-11-30,MC.PA,CANAL,,"clôture entre 584,88 € et 687,39 € au 2022-12-30",584.8761,687.3921,,,2022-12-30,631.1862182617188,CONFIRMEE
2022-11-30,ML.PA,CANAL,,"encadrement ferme avant le 2022-12-30 : les bornes prolongees se croisent, la thèse est inconfirmable à l'écriture",24.5544,22.557100000000002,,,2022-12-30,22.021854400634766,INCONFIRMABLE
2022-11-30,MT.AS,CANAL,,"clôture entre 17,01 € et 24,79 € au 2022-12-30",17.0083,24.7863,,,2022-12-30,23.001087188720703,CONFIRMEE
2022-11-30,MT.AS,REFLEXIVE,AUTO-RENFORCEMENT,"AUTO-RENFORCEMENT : écart contre TR39 au-dessus de +4,80 pt (0,5 σ̂), au 2022-12-30",4.8007180157078135,,-4.8007180157078135,9.6014,2022-12-30,-0.738654407403061,ZONE MORTE
2022-11-30,OR.PA,CANAL,,"clôture entre 281,41 € et 329,85 € au 2022-12-30",281.4083,329.84869999999995,,,2022-12-30,312.0907897949219,CONFIRMEE
2022-11-30,ORA.PA,CANAL,,"clôture entre 6,51 € et 7,55 € au 2022-12-30",6.512099999999999,7.5511,,,2022-12-30,7.48752498626709,CONFIRMEE
2022-11-30,PUB.PA,CANAL,,"encadrement ferme avant le 2022-12-30 : les bornes prolongees se croisent, la thèse est inconfirmable à l'écriture",59.2763,58.537200000000006,,,2022-12-30,50.74797058105469,INCONFIRMABLE
2022-11-30,RI.PA,CANAL,,"clôture entre 146,78 € et 160,26 € au 2022-12-30",146.7828,160.2634,,,2022-12-30,156.84153747558594,CONFIRMEE
2022-11-30,RMS.PA,CANAL,,"clôture entre 1 290,91 € et 1 562,49 € au 2022-12-30",1290.9106,1562.4850000000001,,,2022-12-30,1390.54736328125,CONFIRMEE
2022-11-30,RNO.PA,CANAL,,"clôture entre 26,73 € et 31,18 € au 2022-12-30",26.7298,31.1821,,,2022-12-30,26.474843978881836,DEMENTIE
2022-11-30,SAF.PA,CANAL,,"encadrement ferme avant le 2022-12-30 : les bornes prolongees se croisent, la thèse est inconfirmable à l'écriture",122.7715,114.39800000000001,,,2022-12-30,112.0833511352539,INCONFIRMABLE
2022-11-30,SAN.PA,CANAL,,"clôture entre 65,66 € et 72,43 € au 2022-12-30",65.6587,72.4285,,,2022-12-30,75.43019104003906,DEMENTIE
2022-11-30,SGO.PA,CANAL,,"clôture entre 27,60 € et 40,26 € au 2022-12-30",27.6004,40.262299999999996,,,2022-12-30,40.67517852783203,DEMENTIE
2022-11-30,STLAP.PA,CANAL,,"encadrement ferme avant le 2022-12-30 : les bornes prolongees se croisent, la thèse est inconfirmable à l'écriture",12.583300000000001,11.7122,,,2022-12-30,10.44342041015625,INCONFIRMABLE
2022-11-30,STMPA.PA,CANAL,,"clôture entre 30,55 € et 36,19 € au 2022-12-30",30.5451,36.1913,,,2022-12-30,31.801416397094727,CONFIRMEE
2022-11-30,SU.PA,CANAL,,"clôture entre 104,82 € et 136,47 € au 2022-12-30",104.8213,136.4668,,,2022-12-30,122.10205078125,CONFIRMEE
2022-11-30,TEP.PA,CANAL,,"clôture entre 107,60 € et 203,96 € au 2022-12-30",107.59629999999999,203.9595,,,2022-12-30,188.62229919433594,CONFIRMEE
2022-11-30,TEP.PA,REFLEXIVE,AUCUNE SEQUENCE,"AUCUNE SEQUENCE : écart contre TR39 dans ± 6,21 pt (σ̂), au 2022-12-30",-6.212285209191393,6.212285209191393,,6.2123,2022-12-30,7.435322407030675,DEMENTIE
2022-11-30,TTE.PA,CANAL,,"encadrement ferme avant le 2022-12-30 : les bornes prolongees se croisent, la thèse est inconfirmable à l'écriture",50.34739999999999,49.8971,,,2022-12-30,48.118167877197266,INCONFIRMABLE
2022-11-30,VIE.PA,CANAL,,"encadrement ferme avant le 2022-12-30 : les bornes prolongees se croisent, la thèse est inconfirmable à l'écriture",23.1994,21.0989,,,2022-12-30,20.234394073486328,INCONFIRMABLE
2022-11-30,VIV.PA,CANAL,,"clôture entre 5,82 € et 7,74 € au 2022-12-30",5.8243,7.737799999999999,,,2022-12-30,8.314312934875488,DEMENTIE
2022-11-30,VIV.PA,REFLEXIVE,AUCUNE SEQUENCE,"AUCUNE SEQUENCE : écart contre TR39 dans ± 4,93 pt (σ̂), au 2022-12-30",-4.928435720410471,4.928435720410471,,4.9284,2022-12-30,7.939057625489532,DEMENTIE
2022-11-30,WLN.PA,CANAL,,"clôture entre 473,10 € et 501,24 € au 2022-12-30",473.09959999999995,501.2407,,,2022-12-30,377.46331787109375,DEMENTIE
2022-11-30,WLN.PA,REFLEXIVE,AUCUNE SEQUENCE,"AUCUNE SEQUENCE : écart contre TR39 dans ± 7,69 pt (σ̂), au 2022-12-30",-7.687774185563256,7.687774185563256,,7.6878,2022-12-30,-14.68564100626174,DEMENTIE
