DATE,TICKER,EXECUTION,CLOSE_AJUSTE,CLOSE_REEL,VAL_120,S_120,ECART_S,TAUX_120,TAUX_20,SOUS_BAS,AU_DESSUS,SEUIL_FRANCHI,SIGNAL
2022-01-07,AI.PA,2022-01-10,107.1354,142.5972,103.7361,3.0495,1.1147,0.0347,0.1582,non,oui,non,au-dessus du bord haut
2022-01-07,KER.PA,2022-01-10,627.506,627.506,588.6202,39.3398,0.9885,-0.0332,0.2838,non,non,non,dans la bande
2022-01-07,ORA.PA,2022-01-10,7.1139,7.1139,7.0164,0.1272,0.7666,0.0103,0.1908,non,non,non,dans la bande
2022-01-07,SAF.PA,2022-01-10,106.9822,106.9822,103.5255,5.1851,0.6667,-0.0132,0.6862,non,non,non,dans la bande
2022-01-07,ENGI.PA,2022-01-10,8.954,8.954,8.935,0.238,0.0798,0.1222,0.1678,non,non,non,dans la bande
2022-01-14,AI.PA,2022-01-17,105.9712,141.0477,104.6009,3.0762,0.4454,0.0449,0.2772,non,non,non,dans la bande
2022-01-14,KER.PA,2022-01-17,584.9725,584.9725,594.736,38.2395,-0.2553,-0.0105,0.1209,non,non,non,dans la bande
2022-01-14,ORA.PA,2022-01-17,7.5198,7.5198,7.0803,0.1438,3.055,0.0213,0.287,non,oui,non,au-dessus du bord haut
2022-01-14,SAF.PA,2022-01-17,107.5926,107.5926,104.2972,5.1192,0.6437,0.0009,0.526,non,non,non,dans la bande
2022-01-14,ENGI.PA,2022-01-17,9.3838,9.3838,9.0311,0.2446,1.4422,0.128,0.3953,non,oui,non,au-dessus du bord haut
2022-01-21,AI.PA,2022-01-24,106.2862,141.467,105.1773,3.0906,0.3588,0.0499,0.0842,non,non,non,dans la bande
2022-01-21,KER.PA,2022-01-24,587.8732,587.8732,601.263,33.9657,-0.3942,0.018,-0.2714,non,non,non,dans la bande
2022-01-21,ORA.PA,2022-01-24,7.4669,7.4669,7.1554,0.1634,1.9069,0.0335,0.3848,non,oui,non,au-dessus du bord haut
2022-01-21,SAF.PA,2022-01-24,106.0093,106.0093,104.8642,5.1238,0.2235,0.0092,0.2856,non,non,non,dans la bande
2022-01-21,ENGI.PA,2022-01-24,9.1541,9.1541,9.1143,0.2474,0.1606,0.1315,0.3318,non,non,non,dans la bande
2022-01-28,AI.PA,2022-01-31,103.5469,137.8209,105.4297,3.0634,-0.6146,0.0522,-0.191,non,non,non,dans la bande
2022-01-28,KER.PA,2022-01-31,569.4142,569.4142,605.819,26.4113,-1.3784,0.0452,-0.6096,oui,non,non,"sous le bord bas, pente courte négative"
2022-01-28,ORA.PA,2022-01-31,7.9008,7.9008,7.2635,0.1925,3.3109,0.0519,0.4986,non,oui,non,au-dessus du bord haut
2022-01-28,SAF.PA,2022-01-31,99.1416,99.1416,104.4218,5.1829,-1.0188,0.0044,-0.2435,oui,non,non,"sous le bord bas, pente courte négative"
2022-01-28,ENGI.PA,2022-01-31,9.1622,9.1622,9.1656,0.2476,-0.0137,0.132,0.0772,non,non,non,dans la bande
2022-02-04,AI.PA,2022-02-07,100.8486,134.2295,105.6953,2.9895,-1.6212,0.0562,-0.2439,oui,non,non,"sous le bord bas, pente courte négative"
2022-02-04,KER.PA,2022-02-07,573.2819,573.2819,607.0804,24.0887,-1.4031,0.0527,-0.333,oui,non,non,"sous le bord bas, pente courte négative"
2022-02-04,ORA.PA,2022-02-07,7.9113,7.9113,7.3947,0.2127,2.4297,0.0751,0.4325,non,oui,non,au-dessus du bord haut
2022-02-04,SAF.PA,2022-02-07,101.2592,101.2592,104.0037,5.1546,-0.5325,-0.0038,-0.2857,non,non,non,dans la bande
2022-02-04,ENGI.PA,2022-02-07,9.5311,9.5311,9.2774,0.2384,1.0644,0.1436,0.0727,non,oui,non,au-dessus du bord haut
2022-02-11,AI.PA,2022-02-14,98.3969,130.9663,105.3964,3.0885,-2.2663,0.0535,-0.3719,oui,non,non,"sous le bord bas, pente courte négative"
2022-02-11,KER.PA,2022-02-14,544.8023,544.8023,602.3747,25.6547,-2.2441,0.0426,-0.3171,oui,non,non,"sous le bord bas, pente courte négative"
2022-02-11,ORA.PA,2022-02-14,8.2388,8.2388,7.5669,0.2383,2.8197,0.1052,0.5261,non,oui,non,au-dessus du bord haut
2022-02-11,SAF.PA,2022-02-14,109.7101,109.7101,104.1316,5.1656,1.0799,-0.0054,0.0404,non,oui,non,au-dessus du bord haut
2022-02-11,ENGI.PA,2022-02-14,9.8244,9.8244,9.437,0.2303,1.6821,0.1618,0.3795,non,oui,non,au-dessus du bord haut
2022-02-18,AI.PA,2022-02-21,103.2319,137.4016,105.3575,3.0732,-0.6917,0.0552,-0.2326,non,non,non,dans la bande
2022-02-18,KER.PA,2022-02-21,585.9395,585.9395,599.543,26.4483,-0.5143,0.0384,-0.1361,non,non,non,dans la bande
2022-02-18,ORA.PA,2022-02-21,8.3082,8.3082,7.7373,0.2546,2.2423,0.1325,0.478,non,oui,non,au-dessus du bord haut
2022-02-18,SAF.PA,2022-02-21,108.2031,108.2031,104.5942,5.206,0.6932,-0.0029,0.4985,non,non,non,dans la bande
2022-02-18,ENGI.PA,2022-02-21,9.7852,9.7852,9.5704,0.2163,0.9931,0.1745,0.4894,non,non,non,dans la bande
2022-02-25,AI.PA,2022-02-28,101.3554,134.9041,105.2123,3.098,-1.245,0.0546,-0.1387,oui,non,non,"sous le bord bas, pente courte négative"
2022-02-25,KER.PA,2022-02-28,561.3275,561.3275,597.8341,26.3833,-1.3837,0.0393,-0.1951,oui,non,non,"sous le bord bas, pente courte négative"
2022-02-25,ORA.PA,2022-02-28,8.2176,8.2176,7.8852,0.2594,1.2815,0.1533,0.3028,non,oui,non,au-dessus du bord haut
2022-02-25,SAF.PA,2022-02-28,109.2523,109.2523,104.3811,5.0624,0.9622,-0.0115,0.2515,non,non,non,dans la bande
2022-02-25,ENGI.PA,2022-02-28,9.742,9.742,9.6716,0.2102,0.3347,0.1802,0.1745,non,non,non,dans la bande
2022-03-04,AI.PA,2022-03-07,98.0956,130.5652,104.9686,3.1833,-2.1591,0.0507,0.0528,oui,non,non,candidate à l'achat
2022-03-04,KER.PA,2022-03-07,491.0076,491.0076,587.8612,29.2372,-3.3127,0.0145,-0.3205,oui,non,non,"sous le bord bas, pente courte négative"
2022-03-04,ORA.PA,2022-03-07,7.8691,7.8691,7.9884,0.2558,-0.4664,0.164,-0.0381,non,non,non,dans la bande
2022-03-04,SAF.PA,2022-03-07,92.522,92.522,103.1865,5.0378,-2.1169,-0.0311,-0.3759,oui,non,non,"sous le bord bas, pente courte négative"
2022-03-04,ENGI.PA,2022-03-07,7.2524,7.2524,9.5235,0.3927,-5.7836,0.15,-0.9867,oui,non,non,"sous le bord bas, pente courte négative"
2022-03-11,AI.PA,2022-03-14,98.4517,131.0392,103.9485,3.523,-1.5602,0.0348,-0.1696,oui,non,non,"sous le bord bas, pente courte négative"
2022-03-11,KER.PA,2022-03-14,489.6892,489.6892,570.1541,34.5414,-2.3295,-0.0282,-0.9325,oui,non,non,"sous le bord bas, pente courte négative"
2022-03-11,ORA.PA,2022-03-14,7.9159,7.9159,8.0389,0.2546,-0.4835,0.1646,-0.3045,non,non,non,dans la bande
2022-03-11,SAF.PA,2022-03-14,99.3324,99.3324,101.632,5.26,-0.4372,-0.0498,-0.8574,non,non,non,dans la bande
2022-03-11,ENGI.PA,2022-03-14,7.4808,7.4808,9.2196,0.5831,-2.9821,0.0969,-1.9081,oui,non,non,"sous le bord bas, pente courte négative"
2022-03-18,AI.PA,2022-03-21,104.4646,139.0423,103.6332,3.4297,0.2424,0.0247,0.0852,non,non,non,dans la bande
2022-03-18,KER.PA,2022-03-21,531.3536,531.3536,555.801,34.5155,-0.7083,-0.0663,-0.7337,non,non,non,dans la bande
2022-03-18,ORA.PA,2022-03-21,7.9536,7.9536,8.1074,0.2505,-0.614,0.168,-0.2163,non,non,non,dans la bande
2022-03-18,SAF.PA,2022-03-21,101.6216,101.6216,101.2024,5.2485,0.0799,-0.0533,-0.4118,non,non,non,dans la bande
2022-03-18,ENGI.PA,2022-03-21,8.158,8.158,9.0233,0.6238,-1.3873,0.0581,-1.396,oui,non,non,"sous le bord bas, pente courte négative"
2022-03-25,AI.PA,2022-03-28,108.0668,143.8369,103.6152,3.276,1.3588,0.0173,0.4046,non,oui,non,au-dessus du bord haut
2022-03-25,KER.PA,2022-03-28,511.8399,511.8399,542.7875,32.874,-0.9414,-0.1007,-0.1122,non,non,non,dans la bande
2022-03-25,ORA.PA,2022-03-28,8.1482,8.1482,8.1759,0.2472,-0.1117,0.1708,0.0358,non,non,non,dans la bande
2022-03-25,SAF.PA,2022-03-28,99.6376,99.6376,100.5867,5.2314,-0.1814,-0.0586,0.0391,non,non,non,dans la bande
2022-03-25,ENGI.PA,2022-03-28,7.9728,7.9728,8.8528,0.6355,-1.3849,0.0237,0.0172,oui,non,non,candidate à l'achat
2022-04-01,AI.PA,2022-04-04,109.1625,145.2953,104.085,3.234,1.5701,0.0163,0.7243,non,oui,non,au-dessus du bord haut
2022-04-01,KER.PA,2022-04-04,505.687,505.687,531.6493,31.6337,-0.8207,-0.127,0.3383,non,non,non,dans la bande
2022-04-01,ORA.PA,2022-04-04,8.1316,8.1316,8.2434,0.2438,-0.4585,0.1733,0.2193,non,non,non,dans la bande
2022-04-01,SAF.PA,2022-04-04,102.0413,102.0413,100.6854,5.2437,0.2586,-0.0526,0.4031,non,non,non,dans la bande
2022-04-01,ENGI.PA,2022-04-04,8.0593,8.0593,8.6714,0.625,-0.9792,-0.0133,0.6472,non,non,non,dans la bande
2022-04-08,AI.PA,2022-04-11,111.0938,147.8658,104.8153,3.3505,1.8739,0.0198,0.4787,non,oui,non,au-dessus du bord haut
2022-04-08,KER.PA,2022-04-11,484.5911,484.5911,518.3468,30.1204,-1.1207,-0.1582,-0.1844,oui,non,non,"sous le bord bas, pente courte négative"
2022-04-08,ORA.PA,2022-04-11,8.3263,8.3263,8.3123,0.239,0.0586,0.1764,0.1364,non,non,non,dans la bande
2022-04-08,SAF.PA,2022-04-11,97.0051,97.0051,99.8802,5.2653,-0.5461,-0.0605,-0.1291,non,non,non,dans la bande
2022-04-08,ENGI.PA,2022-04-11,7.8485,7.8485,8.4821,0.6151,-1.0302,-0.0487,-0.0251,oui,non,non,"sous le bord bas, pente courte négative"
2022-04-14,AI.PA,2022-04-19,111.5594,148.4856,105.4727,3.4666,1.7558,0.0233,0.372,non,oui,non,au-dessus du bord haut
2022-04-14,KER.PA,2022-04-19,469.2086,469.2086,504.3633,28.808,-1.2203,-0.1908,-0.6519,oui,non,non,"sous le bord bas, pente courte négative"
2022-04-14,ORA.PA,2022-04-19,8.4938,8.4938,8.3868,0.2363,0.4527,0.1809,0.2591,non,non,non,dans la bande
2022-04-14,SAF.PA,2022-04-19,99.0844,99.0844,99.2998,5.26,-0.0409,-0.0654,-0.2016,non,non,non,dans la bande
2022-04-14,ENGI.PA,2022-04-19,7.8755,7.8755,8.3311,0.6082,-0.7491,-0.0748,-0.2618,non,non,non,dans la bande
2022-04-22,AI.PA,2022-04-25,109.7104,146.0245,106.0153,3.5345,1.0454,0.0262,0.1451,non,oui,non,au-dessus du bord haut
2022-04-22,KER.PA,2022-04-25,465.1653,465.1653,491.8346,26.1015,-1.0218,-0.2198,-0.6239,oui,non,non,"sous le bord bas, pente courte négative"
2022-04-22,ORA.PA,2022-04-25,8.3791,8.3791,8.4494,0.2342,-0.3003,0.1829,0.2513,non,non,non,dans la bande
2022-04-22,SAF.PA,2022-04-25,102.0222,102.0222,99.4736,5.2637,0.4842,-0.0581,-0.0724,non,non,non,dans la bande
2022-04-22,ENGI.PA,2022-04-25,8.162,8.162,8.228,0.5929,-0.1113,-0.093,-0.0327,non,non,non,dans la bande
2022-04-29,AI.PA,2022-05-02,113.2304,150.7097,106.9957,3.6699,1.6989,0.0364,0.0849,non,oui,non,au-dessus du bord haut
2022-04-29,KER.PA,2022-05-02,451.0133,451.0133,473.9733,23.7162,-0.9681,-0.2588,-0.729,non,non,non,dans la bande
2022-04-29,ORA.PA,2022-05-02,8.539,8.539,8.5396,0.2288,-0.0022,0.1878,0.2938,non,non,non,dans la bande
2022-04-29,SAF.PA,2022-05-02,98.4167,98.4167,99.9,4.942,-0.3001,-0.0415,0.0394,non,non,non,dans la bande
2022-04-29,ENGI.PA,2022-05-02,8.2303,8.2303,8.147,0.5797,0.1437,-0.106,0.2253,non,non,non,dans la bande
2022-05-06,AI.PA,2022-05-09,110.135,146.5897,108.0508,3.7499,0.5558,0.0481,0.0482,non,non,non,dans la bande
2022-05-06,KER.PA,2022-05-09,409.3945,409.3945,456.5093,22.6874,-2.0767,-0.2931,-0.7047,oui,non,non,"sous le bord bas, pente courte négative"
2022-05-06,ORA.PA,2022-05-09,8.7322,8.7322,8.6529,0.2176,0.3646,0.1975,0.2553,non,non,non,dans la bande
2022-05-06,SAF.PA,2022-05-09,91.015,91.015,99.5397,4.6584,-1.83,-0.0336,-0.2023,oui,non,non,"sous le bord bas, pente courte négative"
2022-05-06,ENGI.PA,2022-05-09,8.0966,8.0966,8.0941,0.5776,0.0043,-0.1101,0.329,non,non,non,dans la bande
2022-05-13,AI.PA,2022-05-16,111.217,148.0299,108.5668,3.7234,0.7118,0.0535,-0.0843,non,non,non,dans la bande
2022-05-13,KER.PA,2022-05-16,411.3614,411.3614,438.5597,23.7883,-1.1433,-0.3253,-0.9816,oui,non,non,"sous le bord bas, pente courte négative"
2022-05-13,ORA.PA,2022-05-16,8.8016,8.8016,8.7742,0.2062,0.1331,0.2072,0.3054,non,non,non,dans la bande
2022-05-13,SAF.PA,2022-05-16,92.0737,92.0737,98.2134,4.9388,-1.2431,-0.0435,-0.7425,oui,non,non,"sous le bord bas, pente courte négative"
2022-05-13,ENGI.PA,2022-05-16,8.258,8.258,8.023,0.5731,0.41,-0.1182,0.0345,non,non,non,dans la bande
2022-05-20,AI.PA,2022-05-23,111.6493,148.6053,109.3552,3.7745,0.6078,0.0587,0.0147,non,non,non,dans la bande
2022-05-20,KER.PA,2022-05-23,402.6442,402.6442,422.5413,21.9515,-0.9064,-0.3552,-0.6109,non,non,non,dans la bande
2022-05-20,ORA.PA,2022-05-23,8.7382,8.7382,8.8651,0.202,-0.6281,0.2092,0.2309,non,non,non,dans la bande
2022-05-20,SAF.PA,2022-05-23,91.5777,91.5777,96.6972,4.8379,-1.0582,-0.0647,-0.517,oui,non,non,"sous le bord bas, pente courte négative"
2022-05-20,ENGI.PA,2022-05-23,9.1899,9.1899,8.081,0.5949,1.8641,-0.1082,0.4506,non,oui,non,au-dessus du bord haut
2022-05-27,AI.PA,2022-05-30,115.5123,153.7469,110.3316,3.7964,1.3647,0.0671,0.1527,non,oui,non,au-dessus du bord haut
2022-05-27,KER.PA,2022-05-30,437.2001,437.2001,409.9537,20.9172,1.3026,-0.374,-0.1712,non,oui,non,au-dessus du bord haut
2022-05-27,ORA.PA,2022-05-30,8.8303,8.8303,8.9242,0.1982,-0.4741,0.2009,0.1315,non,non,non,dans la bande
2022-05-27,SAF.PA,2022-05-30,94.9448,94.9448,95.1333,4.7368,-0.0398,-0.0861,-0.0541,non,non,non,dans la bande
2022-05-27,ENGI.PA,2022-05-30,9.2321,9.2321,8.1964,0.6343,1.6326,-0.0891,0.9049,non,oui,non,au-dessus du bord haut
2022-06-03,AI.PA,2022-06-06,112.8208,150.1645,111.4268,3.7403,0.3727,0.0792,0.2578,non,non,non,dans la bande
2022-06-03,KER.PA,2022-06-06,465.8103,465.8103,406.2576,22.6438,2.63,-0.3701,0.7995,non,oui,non,au-dessus du bord haut
2022-06-03,ORA.PA,2022-06-06,8.7186,8.7186,8.9473,0.1943,-1.1772,0.1869,-0.0313,oui,non,non,"sous le bord bas, pente courte négative"
2022-06-03,SAF.PA,2022-06-06,92.2109,92.2109,93.749,4.3621,-0.3526,-0.1068,0.2175,non,non,non,dans la bande
2022-06-03,ENGI.PA,2022-06-06,9.0678,9.0678,8.2753,0.6545,1.2107,-0.0761,0.7262,non,oui,non,au-dessus du bord haut
2022-06-10,AI.PA,2022-06-13,106.707,129.1154,111.852,3.7465,-1.3733,0.0812,-0.1093,oui,non,non,"sous le bord bas, pente courte négative"
2022-06-10,KER.PA,2022-06-13,456.3331,456.3331,404.2929,25.0758,2.0753,-0.362,0.9065,non,oui,non,au-dessus du bord haut
2022-06-10,ORA.PA,2022-06-13,8.4438,8.4438,8.9362,0.2082,-2.3649,0.1699,-0.2013,oui,non,non,"sous le bord bas, pente courte négative"
2022-06-10,SAF.PA,2022-06-13,87.8779,87.8779,92.1739,3.8081,-1.1281,-0.1303,-0.0036,oui,non,non,"sous le bord bas, pente courte négative"
2022-06-10,ENGI.PA,2022-06-13,8.9108,8.9108,8.3446,0.67,0.8449,-0.0653,0.0673,non,non,non,dans la bande
2022-06-17,AI.PA,2022-06-20,99.2516,120.0944,111.0245,4.1419,-2.8424,0.069,-0.621,oui,non,non,"sous le bord bas, pente courte négative"
2022-06-17,KER.PA,2022-06-20,430.8074,430.8074,400.3841,26.1384,1.1639,-0.3567,0.3864,non,oui,non,au-dessus du bord haut
2022-06-17,ORA.PA,2022-06-20,8.5501,8.5501,8.9107,0.2174,-1.659,0.1511,-0.2801,oui,non,non,"sous le bord bas, pente courte négative"
2022-06-17,SAF.PA,2022-06-20,87.3698,87.3698,90.1336,3.7233,-0.7423,-0.1548,-0.369,non,non,non,dans la bande
2022-06-17,ENGI.PA,2022-06-20,8.1809,8.1809,8.3317,0.672,-0.2244,-0.0661,-0.4858,non,non,non,dans la bande
2022-06-24,AI.PA,2022-06-27,103.4702,125.1989,109.9984,4.5756,-1.4267,0.0573,-0.8588,oui,non,non,"sous le bord bas, pente courte négative"
2022-06-24,KER.PA,2022-06-27,449.27,449.27,399.7384,27.1087,1.8272,-0.3383,-0.3414,non,oui,non,au-dessus du bord haut
2022-06-24,ORA.PA,2022-06-27,8.6814,8.6814,8.8923,0.2102,-1.0028,0.1333,-0.089,oui,non,non,"sous le bord bas, pente courte négative"
2022-06-24,SAF.PA,2022-06-27,91.0701,91.0701,89.1965,3.6251,0.5168,-0.1619,-0.3188,non,non,non,dans la bande
2022-06-24,ENGI.PA,2022-06-27,8.2478,8.2478,8.2974,0.6715,-0.0739,-0.0683,-0.6357,non,non,non,dans la bande
2022-07-01,AI.PA,2022-07-04,97.3647,117.8113,109.1304,4.8809,-2.4106,0.0483,-0.6571,oui,non,non,"sous le bord bas, pente courte négative"
2022-07-01,KER.PA,2022-07-04,435.6354,435.6354,401.1545,27.9272,1.2347,-0.3131,-0.2972,non,oui,non,au-dessus du bord haut
2022-07-01,ORA.PA,2022-07-04,8.8174,8.8174,8.8914,0.1931,-0.3829,0.119,0.1753,non,non,non,dans la bande
2022-07-01,SAF.PA,2022-07-04,91.166,91.166,88.5503,3.6327,0.72,-0.1628,-0.035,non,non,non,dans la bande
2022-07-01,ENGI.PA,2022-07-04,8.1373,8.1373,8.2613,0.6713,-0.1847,-0.0686,-0.6795,non,non,non,dans la bande
2022-07-08,AI.PA,2022-07-11,98.5306,119.222,107.713,5.3835,-1.7057,0.032,-0.3488,oui,non,non,"sous le bord bas, pente courte négative"
2022-07-08,KER.PA,2022-07-11,447.9289,447.9289,401.6812,28.9868,1.5955,-0.2934,0.0283,non,oui,non,au-dessus du bord haut
2022-07-08,ORA.PA,2022-07-11,8.2828,8.2828,8.8629,0.201,-2.8861,0.1037,0.0467,oui,non,non,candidate à l'achat
2022-07-08,SAF.PA,2022-07-11,95.3073,95.3073,88.3976,3.7556,1.8398,-0.1556,0.3949,non,oui,non,au-dessus du bord haut
2022-07-08,ENGI.PA,2022-07-11,7.8756,7.8756,8.1859,0.6742,-0.4602,-0.0713,-0.6257,non,non,non,dans la bande
2022-07-15,AI.PA,2022-07-18,97.4261,117.8856,106.3009,5.7416,-1.5457,0.0149,-0.2436,oui,non,non,"sous le bord bas, pente courte négative"
2022-07-15,KER.PA,2022-07-18,444.2632,444.2632,403.3957,30.1648,1.3548,-0.2712,0.0837,non,oui,non,au-dessus du bord haut
2022-07-15,ORA.PA,2022-07-18,8.2484,8.2484,8.7882,0.2164,-2.4943,0.0821,-0.281,oui,non,non,"sous le bord bas, pente courte négative"
2022-07-15,SAF.PA,2022-07-18,99.6403,99.6403,88.8628,4.0717,2.647,-0.1432,0.4462,non,oui,non,au-dessus du bord haut
2022-07-15,ENGI.PA,2022-07-18,8.0195,8.0195,8.1276,0.6748,-0.1601,-0.0738,-0.4125,non,non,non,dans la bande
2022-07-22,AI.PA,2022-07-25,99.2056,120.0388,105.1308,5.9245,-1.0001,0.0001,-0.121,oui,non,non,"sous le bord bas, pente courte négative"
2022-07-22,KER.PA,2022-07-25,475.0192,475.0192,410.374,32.2269,2.0059,-0.2328,0.3711,non,oui,non,au-dessus du bord haut
2022-07-22,ORA.PA,2022-07-25,7.9091,7.9091,8.6971,0.2504,-3.1473,0.0613,-0.5438,oui,non,oui,"sous le bord bas, pente courte négative"
2022-07-22,SAF.PA,2022-07-25,99.2185,99.2185,89.7335,4.5364,2.0909,-0.1258,0.6676,non,oui,non,au-dessus du bord haut
2022-07-22,ENGI.PA,2022-07-25,8.2987,8.2987,8.1581,0.67,0.2099,-0.0602,0.0931,non,non,non,dans la bande
2022-07-29,AI.PA,2022-08-01,102.8719,124.475,104.0094,5.9091,-0.1925,-0.0175,0.2384,non,non,non,dans la bande
2022-07-29,KER.PA,2022-08-01,497.9074,497.9074,419.7159,34.4213,2.2716,-0.1883,0.6557,non,oui,non,au-dessus du bord haut
2022-07-29,ORA.PA,2022-08-01,7.8145,7.8145,8.586,0.2913,-2.6482,0.0399,-0.5528,oui,non,oui,"sous le bord bas, pente courte négative"
2022-07-29,SAF.PA,2022-08-01,102.5545,102.5545,90.8085,4.966,2.3653,-0.1049,0.5704,non,oui,non,au-dessus du bord haut
2022-07-29,ENGI.PA,2022-08-01,8.7668,8.7668,8.2743,0.6483,0.7598,-0.029,0.6793,non,non,non,dans la bande
2022-08-05,AI.PA,2022-08-08,102.2736,123.7511,103.0047,5.7162,-0.1279,-0.0351,0.3198,non,non,non,dans la bande
2022-08-05,KER.PA,2022-08-08,486.0162,486.0162,429.5279,36.5421,1.5458,-0.1455,0.6264,non,oui,non,au-dessus du bord haut
2022-08-05,ORA.PA,2022-08-08,7.9107,7.9107,8.48,0.3263,-1.7446,0.0219,-0.4226,oui,non,oui,"sous le bord bas, pente courte négative"
2022-08-05,SAF.PA,2022-08-08,101.6726,101.6726,92.826,5.2015,1.7008,-0.0652,0.3607,non,oui,non,au-dessus du bord haut
2022-08-05,ENGI.PA,2022-08-08,9.0518,9.0518,8.4858,0.6083,0.9305,0.0188,0.846,non,non,non,dans la bande
2022-08-12,AI.PA,2022-08-15,104.1605,126.0342,102.4212,5.5751,0.312,-0.0456,0.3277,non,non,non,dans la bande
2022-08-12,KER.PA,2022-08-15,501.5731,501.5731,442.8043,35.4069,1.6598,-0.0868,0.3764,non,oui,non,au-dessus du bord haut
2022-08-12,ORA.PA,2022-08-15,7.9107,7.9107,8.3978,0.3442,-1.4152,0.0086,-0.1917,oui,non,oui,"sous le bord bas, pente courte négative"
2022-08-12,SAF.PA,2022-08-15,105.2004,105.2004,95.0636,5.352,1.894,-0.024,0.3413,non,oui,non,au-dessus du bord haut
2022-08-12,ENGI.PA,2022-08-15,9.3775,9.3775,8.7404,0.5308,1.2002,0.0739,0.7476,non,oui,non,au-dessus du bord haut
2022-08-19,AI.PA,2022-08-22,104.6974,126.6838,101.9472,5.3797,0.5112,-0.0554,0.283,non,non,non,dans la bande
2022-08-19,KER.PA,2022-08-22,498.9801,498.9801,455.7494,34.3556,1.2583,-0.0333,0.2685,non,oui,non,au-dessus du bord haut
2022-08-19,ORA.PA,2022-08-22,8.1124,8.1124,8.3312,0.3481,-0.6287,-0.004,0.1174,non,non,non,dans la bande
2022-08-19,SAF.PA,2022-08-22,105.3729,105.3729,97.4746,5.4775,1.4419,0.0165,0.4159,non,oui,non,au-dessus du bord haut
2022-08-19,ENGI.PA,2022-08-22,9.4051,9.4051,8.9645,0.4702,0.937,0.1157,0.5832,non,non,non,dans la bande
2022-08-26,AI.PA,2022-08-29,99.4357,120.3172,100.5567,4.7847,-0.2343,-0.0793,-0.0363,non,non,non,dans la bande
2022-08-26,KER.PA,2022-08-29,472.8734,472.8734,461.2011,34.0152,0.3431,-0.0115,-0.085,non,non,non,dans la bande
2022-08-26,ORA.PA,2022-08-29,7.8372,7.8372,8.2285,0.3343,-1.1703,-0.0255,0.1384,oui,non,oui,candidate à l'achat
2022-08-26,SAF.PA,2022-08-29,100.4647,100.4647,98.2501,5.5001,0.4026,0.0243,0.0254,non,non,non,dans la bande
2022-08-26,ENGI.PA,2022-08-29,9.2699,9.2699,9.0258,0.4569,0.5342,0.1094,0.2401,non,non,non,dans la bande
2022-09-02,AI.PA,2022-09-05,95.8154,115.9366,98.6536,4.2372,-0.6698,-0.1073,-0.4681,non,non,non,dans la bande
2022-09-02,KER.PA,2022-09-05,443.5479,443.5479,461.7788,33.4816,-0.5445,-0.0027,-0.6126,non,non,non,dans la bande
2022-09-02,ORA.PA,2022-09-05,7.9592,7.9592,8.1288,0.3181,-0.5332,-0.0452,-0.002,non,non,oui,dans la bande
2022-09-02,SAF.PA,2022-09-05,98.1257,98.1257,98.639,5.4162,-0.0948,0.0323,-0.4584,non,non,non,dans la bande
2022-09-02,ENGI.PA,2022-09-05,8.8482,8.8482,9.0005,0.4557,-0.334,0.0951,-0.3088,non,non,non,dans la bande
2022-09-09,AI.PA,2022-09-12,94.22,114.0062,96.6849,3.9464,-0.6246,-0.1322,-0.7146,non,non,non,dans la bande
2022-09-09,KER.PA,2022-09-12,466.8832,466.8832,465.7967,30.8721,0.0352,0.0222,-0.6964,non,non,non,dans la bande
2022-09-09,ORA.PA,2022-09-12,7.8966,7.8966,8.0294,0.296,-0.4485,-0.0642,-0.1174,non,non,oui,dans la bande
2022-09-09,SAF.PA,2022-09-12,99.5061,99.5061,99.15,5.2827,0.0674,0.043,-0.5955,non,non,non,dans la bande
2022-09-09,ENGI.PA,2022-09-12,9.2873,9.2873,9.0652,0.4565,0.4865,0.0999,-0.2944,non,non,non,dans la bande
2022-09-16,AI.PA,2022-09-19,93.4223,113.041,95.3884,3.8272,-0.5137,-0.1447,-0.4215,non,non,non,dans la bande
2022-09-16,KER.PA,2022-09-19,441.8044,441.8044,470.5878,27.8282,-1.0343,0.0484,-0.2878,oui,non,non,"sous le bord bas, pente courte négative"
2022-09-16,ORA.PA,2022-09-19,7.87,7.87,7.9447,0.2716,-0.275,-0.0797,-0.0512,non,non,oui,dans la bande
2022-09-16,SAF.PA,2022-09-19,94.4541,94.4541,99.8121,5.0577,-1.0594,0.0566,-0.2579,oui,non,non,"sous le bord bas, pente courte négative"
2022-09-16,ENGI.PA,2022-09-19,9.3367,9.3367,9.1646,0.4619,0.3726,0.1072,0.1303,non,non,non,dans la bande
2022-09-23,AI.PA,2022-09-26,90.5997,109.6256,93.832,3.7962,-0.8515,-0.1588,-0.2915,non,non,non,dans la bande
2022-09-23,KER.PA,2022-09-26,426.6501,426.6501,472.1056,25.1568,-1.8069,0.0645,-0.1506,oui,non,non,"sous le bord bas, pente courte négative"
2022-09-23,ORA.PA,2022-09-26,7.5894,7.5894,7.8188,0.2373,-0.9669,-0.1017,-0.1947,non,non,oui,dans la bande
2022-09-23,SAF.PA,2022-09-26,88.7215,88.7215,99.4409,5.0732,-2.1129,0.0561,-0.3607,oui,non,non,"sous le bord bas, pente courte négative"
2022-09-23,ENGI.PA,2022-09-26,9.0838,9.0838,9.2118,0.4622,-0.277,0.106,0.3718,non,non,non,dans la bande
2022-09-30,AI.PA,2022-10-03,90.1702,109.1059,92.2567,3.8201,-0.5462,-0.1715,-0.32,non,non,non,dans la bande
2022-09-30,KER.PA,2022-10-03,409.9756,409.9756,467.0176,26.7006,-2.1364,0.0553,-0.6443,oui,non,non,"sous le bord bas, pente courte négative"
2022-09-30,ORA.PA,2022-10-03,7.2291,7.2291,7.6662,0.2239,-1.9521,-0.125,-0.4886,oui,non,oui,"sous le bord bas, pente courte négative"
2022-09-30,SAF.PA,2022-10-03,90.1211,90.1211,98.3384,5.4174,-1.5168,0.0428,-0.6886,oui,non,non,"sous le bord bas, pente courte négative"
2022-09-30,ENGI.PA,2022-10-03,8.6084,8.6084,9.142,0.4662,-1.1446,0.0849,-0.2947,oui,non,non,"sous le bord bas, pente courte négative"
2022-10-07,AI.PA,2022-10-10,90.2008,109.143,91.2425,3.803,-0.2739,-0.1767,-0.2427,non,non,non,dans la bande
2022-10-07,KER.PA,2022-10-10,401.8843,401.8843,462.3809,27.8912,-2.169,0.0477,-0.8003,oui,non,non,"sous le bord bas, pente courte négative"
2022-10-07,ORA.PA,2022-10-10,7.1962,7.1962,7.5166,0.2076,-1.5435,-0.1466,-0.6115,oui,non,oui,"sous le bord bas, pente courte négative"
2022-10-07,SAF.PA,2022-10-10,95.4702,95.4702,98.5186,5.2452,-0.5812,0.0507,-0.3332,non,non,non,dans la bande
2022-10-07,ENGI.PA,2022-10-10,8.6898,8.6898,9.101,0.4676,-0.8794,0.0707,-0.5421,non,non,non,dans la bande
2022-10-14,AI.PA,2022-10-17,90.9985,110.1082,90.1954,3.7808,0.2124,-0.1812,-0.0448,non,non,non,dans la bande
2022-10-14,KER.PA,2022-10-17,400.5432,400.5432,453.8119,30.4827,-1.7475,0.0233,-0.6072,oui,non,non,"sous le bord bas, pente courte négative"
2022-10-14,ORA.PA,2022-10-17,7.2853,7.2853,7.3829,0.1867,-0.5227,-0.1643,-0.3821,non,non,oui,dans la bande
2022-10-14,SAF.PA,2022-10-17,98.0106,98.0106,98.8973,5.0742,-0.1747,0.0603,0.3379,non,non,non,dans la bande
2022-10-14,ENGI.PA,2022-10-17,8.6825,8.6825,9.024,0.4805,-0.7107,0.0538,-0.4555,non,non,non,dans la bande
2022-10-21,AI.PA,2022-10-24,93.5757,113.2266,89.7778,3.8313,0.9913,-0.1764,0.1581,non,non,non,dans la bande
2022-10-21,KER.PA,2022-10-24,405.997,405.997,446.6492,31.1623,-1.3045,-0.0012,-0.0818,oui,non,non,"sous le bord bas, pente courte négative"
2022-10-21,ORA.PA,2022-10-24,7.387,7.387,7.2975,0.174,0.514,-0.1721,-0.0105,non,non,oui,dans la bande
2022-10-21,SAF.PA,2022-10-24,103.6665,103.6665,99.8628,5.0867,0.7478,0.0707,0.8658,non,non,non,dans la bande
2022-10-21,ENGI.PA,2022-10-24,8.8831,8.8831,8.9965,0.4771,-0.2376,0.043,0.0405,non,non,non,dans la bande
2022-10-28,AI.PA,2022-10-31,102.335,123.8253,90.5247,4.3983,2.6852,-0.1587,0.5785,non,oui,non,au-dessus du bord haut
2022-10-28,KER.PA,2022-10-31,414.6248,414.6248,438.2414,29.8767,-0.7905,-0.0352,0.1479,non,non,non,dans la bande
2022-10-28,ORA.PA,2022-10-31,7.462,7.462,7.2387,0.1743,1.2811,-0.1734,0.1147,non,oui,oui,au-dessus du bord haut
2022-10-28,SAF.PA,2022-10-31,108.9966,108.9966,101.0869,5.2257,1.5136,0.0793,0.8732,non,oui,non,au-dessus du bord haut
2022-10-28,ENGI.PA,2022-10-31,9.5199,9.5199,9.043,0.4743,1.0055,0.0411,0.4828,non,oui,non,au-dessus du bord haut
2022-11-04,AI.PA,2022-11-07,101.9515,123.3613,91.734,4.7764,2.1392,-0.1311,0.7959,non,oui,non,au-dessus du bord haut
2022-11-04,KER.PA,2022-11-07,450.0746,450.0746,431.7419,28.1913,0.6503,-0.062,0.4428,non,non,non,dans la bande
2022-11-04,ORA.PA,2022-11-07,7.6293,7.6293,7.2248,0.1893,2.1364,-0.1669,0.263,non,oui,non,au-dessus du bord haut
2022-11-04,SAF.PA,2022-11-07,108.9007,108.9007,102.5716,5.3706,1.1785,0.0933,0.7796,non,oui,non,au-dessus du bord haut
2022-11-04,ENGI.PA,2022-11-07,9.8412,9.8412,9.1904,0.4813,1.3523,0.0628,0.878,non,oui,non,au-dessus du bord haut
2022-11-11,AI.PA,2022-11-14,103.6082,125.366,93.6021,5.0659,1.9752,-0.0931,0.6641,non,oui,non,au-dessus du bord haut
2022-11-11,KER.PA,2022-11-14,486.0162,486.0162,431.5866,26.862,2.0263,-0.0705,0.7828,non,oui,non,au-dessus du bord haut
2022-11-11,ORA.PA,2022-11-14,7.5652,7.5652,7.2335,0.2048,1.6195,-0.1551,0.2237,non,oui,non,au-dessus du bord haut
2022-11-11,SAF.PA,2022-11-14,106.2165,106.2165,103.8438,5.4446,0.4358,0.1028,0.3372,non,non,non,dans la bande
2022-11-11,ENGI.PA,2022-11-14,10.1698,10.1698,9.3942,0.4701,1.6496,0.096,0.7099,non,oui,non,au-dessus du bord haut
2022-11-18,AI.PA,2022-11-21,104.8048,126.8138,95.7347,5.0689,1.7894,-0.0511,0.3082,non,oui,non,au-dessus du bord haut
2022-11-18,KER.PA,2022-11-21,492.7218,492.7218,438.025,28.8073,1.8987,-0.0506,1.0704,non,oui,non,au-dessus du bord haut
2022-11-18,ORA.PA,2022-11-21,7.6652,7.6652,7.2473,0.2196,1.9032,-0.1432,0.1871,non,oui,non,au-dessus du bord haut
2022-11-18,SAF.PA,2022-11-21,109.9935,109.9935,104.9877,5.4732,0.9146,0.1116,0.0601,non,non,non,dans la bande
2022-11-18,ENGI.PA,2022-11-21,10.4533,10.4533,9.6548,0.4773,1.6728,0.134,0.6361,non,oui,non,au-dessus du bord haut
2022-11-25,AI.PA,2022-11-28,108.5325,131.3243,98.0533,5.0275,2.0844,-0.0089,0.3533,non,oui,non,au-dessus du bord haut
2022-11-25,KER.PA,2022-11-28,487.5361,487.5361,445.1026,30.3672,1.3973,-0.0279,0.8743,non,oui,non,au-dessus du bord haut
2022-11-25,ORA.PA,2022-11-28,7.7622,7.7622,7.273,0.2406,2.0327,-0.1312,0.118,non,oui,non,au-dessus du bord haut
2022-11-25,SAF.PA,2022-11-28,112.3709,112.3709,106.5093,5.5627,1.0538,0.1231,0.1744,non,oui,non,au-dessus du bord haut
2022-11-25,ENGI.PA,2022-11-28,10.4882,10.4882,9.9173,0.4617,1.2365,0.1709,0.5666,non,oui,non,au-dessus du bord haut
2022-12-02,AI.PA,2022-12-05,107.7655,130.3962,99.8053,5.1917,1.5332,0.018,0.237,non,oui,non,au-dessus du bord haut
2022-12-02,KER.PA,2022-12-05,500.4107,500.4107,451.5304,31.8977,1.5324,-0.0131,0.431,non,oui,non,au-dessus du bord haut
2022-12-02,ORA.PA,2022-12-05,7.5464,7.5464,7.2891,0.2523,1.02,-0.1206,0.0419,non,oui,non,au-dessus du bord haut
2022-12-02,SAF.PA,2022-12-05,112.3134,112.3134,107.3767,5.4916,0.899,0.1185,0.273,non,non,non,dans la bande
2022-12-02,ENGI.PA,2022-12-05,10.5071,10.5071,10.1188,0.456,0.8515,0.1917,0.3581,non,non,non,dans la bande
2022-12-09,AI.PA,2022-12-12,104.9582,126.9994,101.1326,5.2812,0.7244,0.0362,0.0927,non,non,non,dans la bande
2022-12-09,KER.PA,2022-12-12,468.0455,468.0455,453.4559,32.0479,0.4552,-0.0114,-0.0837,non,non,non,dans la bande
2022-12-09,ORA.PA,2022-12-12,7.502,7.502,7.3064,0.2511,0.779,-0.1077,-0.1041,non,non,non,dans la bande
2022-12-09,SAF.PA,2022-12-12,112.3326,112.3326,108.366,5.5075,0.7202,0.1193,0.2556,non,non,non,dans la bande
2022-12-09,ENGI.PA,2022-12-12,10.4562,10.4562,10.278,0.4557,0.3912,0.2026,0.0396,non,non,non,dans la bande
2022-12-16,AI.PA,2022-12-19,101.8288,123.2128,102.0975,5.2378,-0.0513,0.0498,-0.1507,non,non,non,dans la bande
2022-12-16,KER.PA,2022-12-19,439.0329,439.0329,452.2585,31.9383,-0.4141,-0.0179,-0.4982,non,non,non,dans la bande
2022-12-16,ORA.PA,2022-12-19,7.406,7.406,7.3356,0.2266,0.3107,-0.0901,-0.2519,non,non,non,dans la bande
2022-12-16,SAF.PA,2022-12-19,111.0289,111.0289,109.1945,5.4906,0.3341,0.117,0.0537,non,non,non,dans la bande
2022-12-16,ENGI.PA,2022-12-19,10.0986,10.0986,10.3768,0.4556,-0.6106,0.2026,-0.1206,non,non,non,dans la bande
2022-12-23,AI.PA,2022-12-27,102.5498,124.0852,102.4872,5.2257,0.012,0.0523,-0.2903,non,non,non,dans la bande
2022-12-23,KER.PA,2022-12-27,421.9561,421.9561,445.7985,31.8953,-0.7475,-0.0394,-1.0054,non,non,non,dans la bande
2022-12-23,ORA.PA,2022-12-27,7.5505,7.5505,7.3617,0.2045,0.9233,-0.075,-0.1655,non,non,non,dans la bande
2022-12-23,SAF.PA,2022-12-27,112.6969,112.6969,110.0357,5.4656,0.4869,0.1157,0.0663,non,non,non,dans la bande
2022-12-23,ENGI.PA,2022-12-27,9.8732,9.8732,10.3544,0.4536,-1.061,0.1803,-0.356,oui,non,non,"sous le bord bas, pente courte négative"
2022-12-30,AI.PA,2023-01-02,101.5526,122.8787,102.7281,5.2204,-0.2252,0.0533,-0.2852,non,non,non,dans la bande
2022-12-30,KER.PA,2023-01-02,425.1301,425.1301,441.3723,31.7625,-0.5114,-0.0534,-0.8873,non,non,non,dans la bande
2022-12-30,ORA.PA,2023-01-02,7.4875,7.4875,7.3832,0.198,0.5266,-0.0647,-0.0165,non,non,non,dans la bande
2022-12-30,SAF.PA,2023-01-02,112.0833,112.0833,110.8894,5.4869,0.2176,0.1197,0.0727,non,non,non,dans la bande
2022-12-30,ENGI.PA,2023-01-02,9.7322,9.7322,10.3113,0.4535,-1.2771,0.16,-0.4743,oui,non,non,"sous le bord bas, pente courte négative"
2023-01-06,AI.PA,2023-01-09,108.3637,131.1201,103.5441,5.2355,0.9206,0.0619,0.0423,non,non,non,dans la bande
2023-01-06,KER.PA,2023-01-09,471.7111,471.7111,441.4908,31.8815,0.9479,-0.0513,-0.1274,non,non,non,dans la bande
2023-01-06,ORA.PA,2023-01-09,7.9796,7.9796,7.452,0.2117,2.4927,-0.0465,0.3124,non,oui,non,au-dessus du bord haut
2023-01-06,SAF.PA,2023-01-09,117.3367,117.3367,112.2939,5.4736,0.9213,0.1317,0.1229,non,non,non,dans la bande
2023-01-06,ENGI.PA,2023-01-09,9.4109,9.4109,10.2503,0.4648,-1.8058,0.1374,-0.4689,oui,non,non,"sous le bord bas, pente courte négative"
2023-01-13,AI.PA,2023-01-16,109.0694,131.974,105.0851,5.2821,0.7543,0.0805,0.4496,non,non,non,dans la bande
2023-01-13,KER.PA,2023-01-16,503.8976,503.8976,448.2289,32.9055,1.6918,-0.0275,0.8669,non,oui,non,au-dessus du bord haut
2023-01-13,ORA.PA,2023-01-16,8.0022,8.0022,7.5245,0.2326,2.0537,-0.031,0.4873,non,oui,non,au-dessus du bord haut
2023-01-13,SAF.PA,2023-01-16,121.3054,121.3054,114.2193,5.5358,1.28,0.1487,0.3564,non,oui,non,au-dessus du bord haut
2023-01-13,ENGI.PA,2023-01-16,9.6857,9.6857,10.191,0.4752,-1.0632,0.1176,-0.2418,oui,non,non,"sous le bord bas, pente courte négative"
2023-01-20,AI.PA,2023-01-23,111.0943,134.4241,106.9379,5.1696,0.804,0.105,0.5342,non,non,non,dans la bande
2023-01-20,KER.PA,2023-01-23,479.1128,479.1128,457.14,33.0777,0.6643,0.006,0.9542,non,non,non,dans la bande
2023-01-20,ORA.PA,2023-01-23,7.7586,7.7586,7.5541,0.2377,0.8604,-0.0243,0.2215,non,non,non,dans la bande
2023-01-20,SAF.PA,2023-01-23,124.0663,124.0663,116.9035,5.5071,1.3006,0.1769,0.5643,non,oui,non,au-dessus du bord haut
2023-01-20,ENGI.PA,2023-01-23,9.1027,9.1027,10.0887,0.5158,-1.9119,0.098,-0.4081,oui,non,non,"sous le bord bas, pente courte négative"
2023-01-27,AI.PA,2023-01-30,113.7175,137.5982,108.9726,4.8666,0.975,0.1323,0.3955,non,non,non,dans la bande
2023-01-27,KER.PA,2023-01-30,502.6359,502.6359,465.8348,32.4069,1.1356,0.0385,0.5129,non,oui,non,au-dessus du bord haut
2023-01-27,ORA.PA,2023-01-30,7.7013,7.7013,7.5863,0.2379,0.4835,-0.0157,-0.1,non,non,non,dans la bande
2023-01-27,SAF.PA,2023-01-30,126.7313,126.7313,119.9688,5.3441,1.2654,0.2091,0.6406,non,oui,non,au-dessus du bord haut
2023-01-27,ENGI.PA,2023-01-30,9.4472,9.4472,10.039,0.5322,-1.1119,0.0875,-0.267,oui,non,non,"sous le bord bas, pente courte négative"
2023-02-03,AI.PA,2023-02-06,111.4625,134.8696,111.0745,4.1881,0.0926,0.1614,0.1627,non,non,non,dans la bande
2023-02-03,KER.PA,2023-02-06,539.4975,539.4975,480.5599,31.2424,1.8865,0.0899,0.4501,non,oui,non,au-dessus du bord haut
2023-02-03,ORA.PA,2023-02-06,7.7376,7.7376,7.6385,0.2316,0.428,-0.0022,-0.1459,non,non,non,dans la bande
2023-02-03,SAF.PA,2023-02-06,126.923,126.923,123.1684,4.5633,0.8228,0.2447,0.4336,non,non,non,dans la bande
2023-02-03,ENGI.PA,2023-02-06,9.5199,9.5199,10.0145,0.5402,-0.9155,0.0825,-0.0576,non,non,non,dans la bande
2023-02-10,AI.PA,2023-02-13,109.1614,132.0853,112.6352,3.5595,-0.9759,0.1804,0.006,non,non,non,dans la bande
2023-02-10,KER.PA,2023-02-13,504.2581,504.2581,492.6808,29.2203,0.3962,0.13,0.397,non,non,non,dans la bande
2023-02-10,ORA.PA,2023-02-13,7.8159,7.8159,7.6869,0.2163,0.5963,0.0111,-0.0154,non,non,non,dans la bande
2023-02-10,SAF.PA,2023-02-13,124.6031,124.6031,125.5926,3.8317,-0.2583,0.2664,0.1103,non,non,non,dans la bande
2023-02-10,ENGI.PA,2023-02-13,9.5999,9.5999,9.9922,0.5473,-0.7169,0.0779,0.1949,non,non,non,dans la bande
2023-02-17,AI.PA,2023-02-20,114.6072,138.6747,113.9724,3.2803,0.1935,0.1909,0.0161,non,non,non,dans la bande
2023-02-17,KER.PA,2023-02-20,531.7467,531.7467,503.0298,28.5409,1.0062,0.1572,0.3797,non,oui,non,au-dessus du bord haut
2023-02-17,ORA.PA,2023-02-20,8.6436,8.6436,7.8053,0.2334,3.5914,0.0343,0.3761,non,oui,non,au-dessus du bord haut
2023-02-17,SAF.PA,2023-02-20,131.1985,131.1985,127.7999,3.5402,0.96,0.2785,0.0668,non,non,non,dans la bande
2023-02-17,ENGI.PA,2023-02-20,9.8136,9.8136,9.9503,0.5445,-0.251,0.0642,0.1855,non,non,non,dans la bande
2023-02-24,AI.PA,2023-02-27,113.3186,137.1156,115.2549,3.2192,-0.6015,0.196,0.1565,non,non,non,dans la bande
2023-02-24,KER.PA,2023-02-27,499.1209,499.1209,511.7647,27.8217,-0.4545,0.1774,0.03,non,non,non,dans la bande
2023-02-24,ORA.PA,2023-02-27,8.7791,8.7791,8.0038,0.2708,2.8631,0.0701,0.8102,non,oui,non,au-dessus du bord haut
2023-02-24,SAF.PA,2023-02-27,127.7858,127.7858,129.8178,3.3126,-0.6134,0.2862,0.1519,non,non,non,dans la bande
2023-02-24,ENGI.PA,2023-02-27,10.1916,10.1916,9.9975,0.5438,0.3569,0.0635,0.4798,non,non,non,dans la bande
2023-03-03,AI.PA,2023-03-06,115.3282,139.5471,116.4795,3.121,-0.3689,0.2007,0.2612,non,non,non,dans la bande
2023-03-03,KER.PA,2023-03-06,520.3908,520.3908,519.4484,25.5953,0.0368,0.1977,-0.0557,non,non,non,dans la bande
2023-03-03,ORA.PA,2023-03-06,8.6694,8.6694,8.1891,0.2658,1.8068,0.1034,0.8023,non,oui,non,au-dessus du bord haut
2023-03-03,SAF.PA,2023-03-06,129.6263,129.6263,131.6812,2.9744,-0.6909,0.2927,0.2034,non,non,non,dans la bande
2023-03-03,ENGI.PA,2023-03-06,10.0768,10.0768,10.0452,0.5424,0.0582,0.0674,0.4348,non,non,non,dans la bande
2023-03-10,AI.PA,2023-03-13,114.1777,138.155,117.1428,3.1464,-0.9424,0.1947,0.1125,non,non,non,dans la bande
2023-03-10,KER.PA,2023-03-13,516.9659,516.9659,526.5029,24.6268,-0.3873,0.2101,-0.0387,non,non,non,dans la bande
2023-03-10,ORA.PA,2023-03-13,8.7743,8.7743,8.357,0.2585,1.614,0.1301,0.3743,non,oui,non,au-dessus du bord haut
2023-03-10,SAF.PA,2023-03-13,127.92,127.92,132.8248,3.0284,-1.6196,0.2835,0.0903,oui,non,non,candidate à l'achat
2023-03-10,ENGI.PA,2023-03-13,10.2512,10.2512,10.1051,0.5431,0.2691,0.0706,0.3048,non,non,non,dans la bande
2023-03-17,AI.PA,2023-03-20,112.9198,136.6329,117.1914,3.143,-1.3591,0.178,-0.0909,oui,non,non,"sous le bord bas, pente courte négative"
2023-03-17,KER.PA,2023-03-20,493.0824,493.0824,526.5486,25.3915,-1.318,0.1968,-0.236,oui,non,non,"sous le bord bas, pente courte négative"
2023-03-17,ORA.PA,2023-03-20,8.5274,8.5274,8.469,0.2541,0.2302,0.1428,-0.0675,non,non,non,dans la bande
2023-03-17,SAF.PA,2023-03-20,123.0693,123.0693,132.3455,3.179,-2.9179,0.2512,-0.197,oui,non,oui,"sous le bord bas, pente courte négative"
2023-03-17,ENGI.PA,2023-03-20,9.7642,9.7642,10.0739,0.5314,-0.5829,0.0562,-0.0774,non,non,non,dans la bande
2023-03-24,AI.PA,2023-03-27,114.7453,138.8418,117.4937,3.0777,-0.893,0.1658,-0.0095,non,non,non,dans la bande
2023-03-24,KER.PA,2023-03-27,523.1848,523.1848,528.4719,25.4966,-0.2074,0.187,-0.0117,non,non,non,dans la bande
2023-03-24,ORA.PA,2023-03-27,8.6146,8.6146,8.565,0.254,0.1952,0.1497,-0.0393,non,non,non,dans la bande
2023-03-24,SAF.PA,2023-03-27,127.7858,127.7858,132.488,3.0705,-1.5314,0.2293,-0.1149,oui,non,non,"sous le bord bas, pente courte négative"
2023-03-24,ENGI.PA,2023-03-27,9.8674,9.8674,10.0303,0.5113,-0.3186,0.0398,-0.0788,non,non,non,dans la bande
2023-03-31,AI.PA,2023-04-03,118.2736,143.111,117.5376,2.7291,0.2697,0.148,0.1288,non,non,non,dans la bande
2023-03-31,KER.PA,2023-04-03,540.7594,540.7594,530.1058,24.8631,0.4285,0.1718,0.1729,non,non,non,dans la bande
2023-03-31,ORA.PA,2023-04-03,8.8356,8.8356,8.655,0.2557,0.7065,0.1541,0.023,non,non,non,dans la bande
2023-03-31,SAF.PA,2023-04-03,130.8917,130.8917,132.8732,2.7849,-0.7115,0.211,0.1072,non,non,non,dans la bande
2023-03-31,ENGI.PA,2023-04-03,10.5943,10.5943,10.0052,0.4602,1.2802,0.0222,0.07,non,oui,non,au-dessus du bord haut
2023-04-06,AI.PA,2023-04-11,121.2189,146.6749,117.8568,2.3783,1.4137,0.1375,0.2913,non,oui,non,au-dessus du bord haut
2023-04-06,KER.PA,2023-04-11,500.5629,500.5629,529.9681,24.6713,-1.1919,0.1576,0.2758,oui,non,non,candidate à l'achat
2023-04-06,ORA.PA,2023-04-11,9.2455,9.2455,8.757,0.2614,1.8682,0.1629,0.2342,non,oui,non,au-dessus du bord haut
2023-04-06,SAF.PA,2023-04-11,130.7767,130.7767,133.2184,2.7782,-0.8789,0.2004,0.281,non,non,non,dans la bande
2023-04-06,ENGI.PA,2023-04-11,10.952,10.952,10.051,0.447,2.0157,0.0186,0.4451,non,oui,non,au-dessus du bord haut
2023-04-14,AI.PA,2023-04-17,121.541,147.0646,118.6226,2.2614,1.2905,0.1351,0.3833,non,oui,non,au-dessus du bord haut
2023-04-14,KER.PA,2023-04-17,519.129,519.129,528.1677,24.4146,-0.3702,0.1396,0.072,non,non,non,dans la bande
2023-04-14,ORA.PA,2023-04-17,9.0825,9.0825,8.8693,0.2672,0.7979,0.1728,0.3858,non,non,non,dans la bande
2023-04-14,SAF.PA,2023-04-17,131.2368,131.2368,133.8358,2.7941,-0.9302,0.1948,0.2566,non,non,non,dans la bande
2023-04-14,ENGI.PA,2023-04-17,10.9636,10.9636,10.1357,0.4583,1.8066,0.022,0.7055,non,oui,non,au-dessus du bord haut
2023-04-21,AI.PA,2023-04-24,124.9466,151.1854,120.1697,2.4364,1.9607,0.1433,0.4692,non,oui,non,au-dessus du bord haut
2023-04-21,KER.PA,2023-04-24,520.9315,520.9315,526.9485,23.6664,-0.2542,0.1206,-0.1308,non,non,non,dans la bande
2023-04-21,ORA.PA,2023-04-24,9.3068,9.3068,9.0117,0.2691,1.0966,0.1853,0.405,non,oui,non,au-dessus du bord haut
2023-04-21,SAF.PA,2023-04-24,136.5668,136.5668,135.3598,2.7863,0.4332,0.1979,0.3039,non,non,non,dans la bande
2023-04-21,ENGI.PA,2023-04-24,11.2486,11.2486,10.2829,0.4946,1.9527,0.0351,0.6491,non,oui,non,au-dessus du bord haut
2023-04-28,AI.PA,2023-05-02,125.1613,151.4452,121.6011,2.5483,1.3971,0.1491,0.3462,non,oui,non,au-dessus du bord haut
2023-04-28,KER.PA,2023-05-02,522.4637,522.4637,527.5038,23.1888,-0.2173,0.1101,-0.0393,non,non,non,dans la bande
2023-04-28,ORA.PA,2023-05-02,9.5327,9.5327,9.1711,0.2628,1.3758,0.2013,0.3464,non,oui,non,au-dessus du bord haut
2023-04-28,SAF.PA,2023-05-02,135.1097,135.1097,136.4847,2.7957,-0.4918,0.196,0.2713,non,non,non,dans la bande
2023-04-28,ENGI.PA,2023-05-02,11.6068,11.6068,10.4474,0.5292,2.191,0.0516,0.3559,non,oui,non,au-dessus du bord haut
2023-05-05,AI.PA,2023-05-08,125.3301,151.6494,122.7874,2.5429,0.9999,0.1557,0.2054,non,non,non,dans la bande
2023-05-05,KER.PA,2023-05-08,514.4005,514.4005,528.7699,23.1172,-0.6216,0.1096,0.1479,non,non,non,dans la bande
2023-05-05,ORA.PA,2023-05-08,9.3891,9.3891,9.2886,0.2539,0.3956,0.2116,0.1923,non,non,non,dans la bande
2023-05-05,SAF.PA,2023-05-08,132.0038,132.0038,136.7756,2.8665,-1.6647,0.1869,0.1027,oui,non,non,candidate à l'achat
2023-05-05,ENGI.PA,2023-05-08,11.6372,11.6372,10.6311,0.5588,1.8006,0.0734,0.3306,non,oui,non,au-dessus du bord haut
2023-05-12,AI.PA,2023-05-15,125.5602,151.9278,124.1457,2.5049,0.5647,0.162,0.0931,non,non,non,dans la bande
2023-05-12,KER.PA,2023-05-15,499.7398,499.7398,529.0522,23.2844,-1.2589,0.1083,-0.1835,oui,non,non,"sous le bord bas, pente courte négative"
2023-05-12,ORA.PA,2023-05-15,9.3277,9.3277,9.4169,0.2374,-0.3756,0.2211,0.1355,non,non,non,dans la bande
2023-05-12,SAF.PA,2023-05-15,134.2086,134.2086,137.0786,2.9645,-0.9681,0.1757,-0.1096,non,non,non,dans la bande
2023-05-12,ENGI.PA,2023-05-15,11.8882,11.8882,10.9115,0.5739,1.7019,0.1098,0.415,non,oui,non,au-dessus du bord haut
2023-05-19,AI.PA,2023-05-22,127.2551,153.9787,125.6128,2.2721,0.7228,0.1714,0.0485,non,non,non,dans la bande
2023-05-19,KER.PA,2023-05-22,490.3021,490.3021,528.4396,23.7126,-1.6083,0.1046,-0.347,oui,non,non,"sous le bord bas, pente courte négative"
2023-05-19,ORA.PA,2023-05-22,9.1325,9.1325,9.5101,0.2205,-1.7126,0.2258,-0.0844,oui,non,non,"sous le bord bas, pente courte négative"
2023-05-19,SAF.PA,2023-05-22,137.2187,137.2187,137.9655,2.9791,-0.2507,0.172,0.0405,non,non,non,dans la bande
2023-05-19,ENGI.PA,2023-05-22,11.5908,11.5908,11.1705,0.5543,0.7583,0.1431,0.286,non,non,non,dans la bande
2023-05-26,AI.PA,2023-05-29,124.4588,150.5952,126.6905,2.1261,-1.0497,0.1753,-0.0073,oui,non,non,"sous le bord bas, pente courte négative"
2023-05-26,KER.PA,2023-05-29,474.3589,474.3589,525.4992,24.935,-2.0509,0.0978,-0.4975,oui,non,oui,"sous le bord bas, pente courte négative"
2023-05-26,ORA.PA,2023-05-29,9.189,9.189,9.5865,0.2172,-1.8302,0.2253,-0.1466,oui,non,non,"sous le bord bas, pente courte négative"
2023-05-26,SAF.PA,2023-05-29,133.3075,133.3075,138.1414,3.1668,-1.5265,0.1612,0.0591,oui,non,non,candidate à l'achat
2023-05-26,ENGI.PA,2023-05-29,11.1111,11.1111,11.3569,0.5026,-0.489,0.1673,-0.148,non,non,non,dans la bande
2023-06-02,AI.PA,2023-06-05,124.4901,150.633,127.3757,2.1595,-1.3363,0.173,-0.0706,oui,non,non,"sous le bord bas, pente courte négative"
2023-06-02,KER.PA,2023-06-05,464.2798,464.2798,517.9208,27.6609,-1.9392,0.0732,-0.5876,oui,non,oui,"sous le bord bas, pente courte négative"
2023-06-02,ORA.PA,2023-06-05,8.8985,8.8985,9.5974,0.2453,-2.8488,0.2133,-0.2266,oui,non,non,"sous le bord bas, pente courte négative"
2023-06-02,SAF.PA,2023-06-05,134.5938,134.5938,138.0285,3.2832,-1.0461,0.1468,-0.0301,oui,non,non,"sous le bord bas, pente courte négative"
2023-06-02,ENGI.PA,2023-06-05,11.2774,11.2774,11.5143,0.4361,-0.5433,0.1872,-0.3548,non,non,non,dans la bande
2023-06-09,AI.PA,2023-06-12,122.3187,148.0056,127.5298,2.3319,-2.2347,0.1626,-0.1431,oui,non,non,"sous le bord bas, pente courte négative"
2023-06-09,KER.PA,2023-06-12,462.4473,462.4473,508.3247,28.9006,-1.5874,0.0392,-0.538,oui,non,oui,"sous le bord bas, pente courte négative"
2023-06-09,ORA.PA,2023-06-12,8.8132,8.8132,9.5694,0.2818,-2.6842,0.1943,-0.2688,oui,non,non,"sous le bord bas, pente courte négative"
2023-06-09,SAF.PA,2023-06-12,132.2706,132.2706,137.5367,3.3579,-1.5683,0.1285,-0.2025,oui,non,non,"sous le bord bas, pente courte négative"
2023-06-09,ENGI.PA,2023-06-12,11.3765,11.3765,11.6583,0.3772,-0.7471,0.2026,-0.2403,non,non,non,dans la bande
2023-06-16,AI.PA,2023-06-19,131.1762,158.7232,127.8727,2.353,1.404,0.1525,0.0408,non,oui,non,au-dessus du bord haut
2023-06-16,KER.PA,2023-06-19,483.5218,483.5218,498.5245,26.019,-0.5766,-0.001,-0.0648,non,non,non,dans la bande
2023-06-16,ORA.PA,2023-06-19,8.696,8.696,9.4873,0.3323,-2.3816,0.1677,-0.4346,oui,non,non,"sous le bord bas, pente courte négative"
2023-06-16,SAF.PA,2023-06-19,135.9684,135.9684,137.369,3.2145,-0.4357,0.1139,0.022,non,non,non,dans la bande
2023-06-16,ENGI.PA,2023-06-19,11.4789,11.4789,11.7696,0.352,-0.826,0.2093,0.0286,non,non,non,dans la bande
2023-06-23,AI.PA,2023-06-26,123.8652,149.8769,127.9114,2.2246,-1.8188,0.1385,0.1155,oui,non,non,candidate à l'achat
2023-06-23,KER.PA,2023-06-26,460.1566,460.1566,487.7732,21.4002,-1.2905,-0.0426,0.1181,oui,non,oui,candidate à l'achat
2023-06-23,ORA.PA,2023-06-26,8.6792,8.6792,9.3953,0.3681,-1.9453,0.1405,-0.3321,oui,non,non,"sous le bord bas, pente courte négative"
2023-06-23,SAF.PA,2023-06-26,135.0197,135.0197,137.3233,2.7961,-0.8238,0.0995,0.1882,non,non,non,dans la bande
2023-06-23,ENGI.PA,2023-06-26,11.2838,11.2838,11.8549,0.3414,-1.673,0.2112,0.0893,oui,non,non,candidate à l'achat
2023-06-30,AI.PA,2023-07-03,128.2549,155.1885,128.336,2.2267,-0.0364,0.1324,0.1843,non,non,non,dans la bande
2023-06-30,KER.PA,2023-07-03,463.2719,463.2719,478.4205,19.1053,-0.7929,-0.0733,-0.0217,non,non,oui,dans la bande
2023-06-30,ORA.PA,2023-07-03,8.9588,8.9588,9.3618,0.3852,-1.0462,0.1264,-0.0532,oui,non,non,"sous le bord bas, pente courte négative"
2023-06-30,SAF.PA,2023-07-03,138.8725,138.8725,137.2435,2.4028,0.678,0.0867,0.2309,non,non,non,dans la bande
2023-06-30,ENGI.PA,2023-07-03,12.1761,12.1761,11.9649,0.3398,0.6215,0.2126,0.2368,non,non,non,dans la bande
2023-07-07,AI.PA,2023-07-10,120.8971,146.2855,128.4859,2.456,-3.0899,0.1254,-0.0296,oui,non,oui,"sous le bord bas, pente courte négative"
2023-07-07,KER.PA,2023-07-10,437.616,437.616,470.0969,19.0668,-1.7035,-0.0949,-0.3633,oui,non,oui,"sous le bord bas, pente courte négative"
2023-07-07,ORA.PA,2023-07-10,8.6491,8.6491,9.3112,0.3974,-1.6658,0.1087,0.1563,oui,non,non,candidate à l'achat
2023-07-07,SAF.PA,2023-07-10,130.5281,130.5281,136.8931,2.4379,-2.6109,0.0748,-0.0535,oui,non,non,"sous le bord bas, pente courte négative"
2023-07-07,ENGI.PA,2023-07-10,12.069,12.069,12.1236,0.3337,-0.1639,0.2181,0.4706,non,non,non,dans la bande
2023-07-14,AI.PA,2023-07-17,125.6461,152.0318,128.3804,2.6644,-1.0263,0.1159,-0.1147,oui,non,non,"sous le bord bas, pente courte négative"
2023-07-14,KER.PA,2023-07-17,458.1407,458.1407,461.4824,16.7875,-0.1991,-0.1199,-0.2713,non,non,oui,dans la bande
2023-07-14,ORA.PA,2023-07-17,8.7813,8.7813,9.2235,0.3985,-1.1095,0.0835,0.074,oui,non,non,candidate à l'achat
2023-07-14,SAF.PA,2023-07-17,132.6771,132.6771,136.6249,2.5336,-1.5582,0.0666,-0.2178,oui,non,non,"sous le bord bas, pente courte négative"
2023-07-14,ENGI.PA,2023-07-17,12.0034,12.0034,12.1866,0.3318,-0.5523,0.2075,0.3807,non,non,non,dans la bande
2023-07-21,AI.PA,2023-07-24,125.6617,152.0507,128.4894,2.7716,-1.0202,0.1101,-0.0979,oui,non,non,"sous le bord bas, pente courte négative"
2023-07-21,KER.PA,2023-07-24,495.9832,495.9832,458.4503,16.1476,2.3244,-0.127,0.2321,non,oui,non,au-dessus du bord haut
2023-07-21,ORA.PA,2023-07-24,9.0107,9.0107,9.1491,0.379,-0.3652,0.0599,0.0252,non,non,non,dans la bande
2023-07-21,SAF.PA,2023-07-24,137.1881,137.1881,136.7552,2.5751,0.1681,0.0633,-0.069,non,non,non,dans la bande
2023-07-21,ENGI.PA,2023-07-24,12.3632,12.3632,12.2724,0.3329,0.2727,0.2016,0.1831,non,non,non,dans la bande
2023-07-28,AI.PA,2023-07-31,127.8644,154.7159,128.5127,2.8099,-0.2307,0.1015,0.0631,non,non,non,dans la bande
2023-07-28,KER.PA,2023-07-31,486.7287,486.7287,459.3486,16.9134,1.6188,-0.1191,0.5746,non,oui,non,au-dessus du bord haut
2023-07-28,ORA.PA,2023-07-31,8.6943,8.6943,9.0603,0.3408,-1.0739,0.034,0.0426,oui,non,non,candidate à l'achat
2023-07-28,SAF.PA,2023-07-31,145.6486,145.6486,137.8203,2.7439,2.853,0.0682,0.3677,non,oui,non,au-dessus du bord haut
2023-07-28,ENGI.PA,2023-07-31,11.989,11.989,12.3443,0.3299,-1.0771,0.1928,0.0395,oui,non,non,candidate à l'achat
2023-08-04,AI.PA,2023-08-07,124.2089,150.2928,128.2779,2.7992,-1.4536,0.0895,0.1027,oui,non,non,candidate à l'achat
2023-08-04,KER.PA,2023-08-07,471.4268,471.4268,457.2621,16.7332,0.8465,-0.1211,0.3309,non,non,non,dans la bande
2023-08-04,ORA.PA,2023-08-07,8.4482,8.4482,8.9101,0.2903,-1.5908,0.0001,-0.153,oui,non,non,"sous le bord bas, pente courte négative"
2023-08-04,SAF.PA,2023-08-07,141.5829,141.5829,138.7653,2.8602,0.9851,0.0708,0.488,non,non,non,dans la bande
2023-08-04,ENGI.PA,2023-08-07,11.5444,11.5444,12.3148,0.3492,-2.2059,0.1733,-0.1098,oui,non,non,"sous le bord bas, pente courte négative"
2023-08-11,AI.PA,2023-08-14,126.2397,152.7501,128.2598,2.8315,-0.7134,0.0825,0.0411,non,non,non,dans la bande
2023-08-11,KER.PA,2023-08-14,473.8091,473.8091,457.7764,17.1185,0.9366,-0.1121,-0.0211,non,non,non,dans la bande
2023-08-11,ORA.PA,2023-08-14,8.5905,8.5905,8.8135,0.2818,-0.7911,-0.0179,-0.3221,non,non,non,dans la bande
2023-08-11,SAF.PA,2023-08-14,142.4541,142.4541,139.977,2.9285,0.8459,0.0784,0.3472,non,non,non,dans la bande
2023-08-11,ENGI.PA,2023-08-14,11.5892,11.5892,12.2729,0.3727,-1.8342,0.1552,-0.3352,oui,non,non,"sous le bord bas, pente courte négative"
2023-08-18,AI.PA,2023-08-21,125.4743,151.8238,128.2186,2.8357,-0.9678,0.0752,0.0176,non,non,non,dans la bande
2023-08-18,KER.PA,2023-08-21,451.3603,451.3603,454.84,16.8787,-0.2062,-0.1158,-0.2991,non,non,non,dans la bande
2023-08-18,ORA.PA,2023-08-21,8.5922,8.5922,8.7469,0.2784,-0.5558,-0.0293,-0.2088,non,non,non,dans la bande
2023-08-18,SAF.PA,2023-08-21,138.8337,138.8337,140.6941,2.9377,-0.6333,0.0806,-0.0182,non,non,non,dans la bande
2023-08-18,ENGI.PA,2023-08-21,11.6644,11.6644,12.2396,0.3964,-1.4513,0.1407,-0.3372,oui,non,non,"sous le bord bas, pente courte négative"
2023-08-25,AI.PA,2023-08-28,127.1927,153.9031,128.0894,2.7979,-0.3205,0.0666,0.0467,non,non,non,dans la bande
2023-08-25,KER.PA,2023-08-28,446.7789,446.7789,451.7034,16.8239,-0.2927,-0.1183,-0.3087,non,non,non,dans la bande
2023-08-25,ORA.PA,2023-08-28,8.5905,8.5905,8.6754,0.268,-0.3168,-0.0418,0.045,non,non,non,dans la bande
2023-08-25,SAF.PA,2023-08-28,140.46,140.46,141.3113,2.9236,-0.2912,0.0821,-0.1078,non,non,non,dans la bande
2023-08-25,ENGI.PA,2023-08-28,11.8291,11.8291,12.2081,0.4009,-0.9454,0.1248,0.0127,non,non,non,dans la bande
2023-09-01,AI.PA,2023-09-04,130.6138,158.0427,128.3633,2.6418,0.8519,0.0611,0.2025,non,non,non,dans la bande
2023-09-01,KER.PA,2023-09-04,447.8784,447.8784,448.9208,16.6952,-0.0624,-0.1199,-0.3293,non,non,non,dans la bande
2023-09-01,ORA.PA,2023-09-04,8.7311,8.7311,8.6243,0.2526,0.4228,-0.0512,0.1165,non,non,non,dans la bande
2023-09-01,SAF.PA,2023-09-04,141.3893,141.3893,142.0362,2.8973,-0.2233,0.0826,-0.012,non,non,non,dans la bande
2023-09-01,ENGI.PA,2023-09-04,11.8499,11.8499,12.1956,0.3986,-0.8675,0.1118,0.1784,non,non,non,dans la bande
2023-09-08,AI.PA,2023-09-11,129.2547,156.3982,128.3483,2.3624,0.3837,0.0522,0.1885,non,non,non,dans la bande
2023-09-08,KER.PA,2023-09-11,430.3774,430.3774,442.3304,16.2627,-0.735,-0.1343,-0.3919,non,non,non,dans la bande
2023-09-08,ORA.PA,2023-09-11,9.0358,9.0358,8.5958,0.233,1.8883,-0.0582,0.2213,non,oui,non,au-dessus du bord haut
2023-09-08,SAF.PA,2023-09-11,143.79,143.79,142.2142,2.7177,0.5799,0.0754,0.076,non,non,non,dans la bande
2023-09-08,ENGI.PA,2023-09-11,11.8563,11.8563,12.1092,0.3665,-0.6901,0.0875,0.0868,non,non,non,dans la bande
2023-09-15,AI.PA,2023-09-18,131.2699,158.8366,128.3928,2.0649,1.3934,0.0445,0.1533,non,oui,non,au-dessus du bord haut
2023-09-15,KER.PA,2023-09-18,429.8277,429.8277,436.8628,16.4957,-0.4265,-0.141,-0.4715,non,non,non,dans la bande
2023-09-15,ORA.PA,2023-09-18,9.2585,9.2585,8.6248,0.2406,2.6342,-0.0562,0.4565,non,oui,non,au-dessus du bord haut
2023-09-15,SAF.PA,2023-09-18,147.546,147.546,143.08,2.7697,1.6124,0.0773,0.1792,non,oui,non,au-dessus du bord haut
2023-09-15,ENGI.PA,2023-09-18,12.1521,12.1521,12.0597,0.3091,0.299,0.0679,0.0916,non,non,non,dans la bande
2023-09-22,AI.PA,2023-09-25,125.3962,151.7293,128.0254,1.8553,-1.4172,0.0343,-0.1209,oui,non,non,"sous le bord bas, pente courte négative"
2023-09-22,KER.PA,2023-09-25,421.9018,421.9018,432.5244,16.3228,-0.6508,-0.141,-0.5078,non,non,non,dans la bande
2023-09-22,ORA.PA,2023-09-25,9.287,9.287,8.684,0.2678,2.2512,-0.0493,0.5187,non,oui,non,au-dessus du bord haut
2023-09-22,SAF.PA,2023-09-25,142.4929,142.4929,143.9248,2.8229,-0.5072,0.0799,0.1251,non,non,non,dans la bande
2023-09-22,ENGI.PA,2023-09-25,11.9602,11.9602,12.0469,0.2823,-0.3069,0.0568,0.1205,non,non,non,dans la bande
2023-09-29,AI.PA,2023-10-02,124.8494,151.0678,127.508,1.9095,-1.3923,0.0254,-0.2448,oui,non,non,"sous le bord bas, pente courte négative"
2023-09-29,KER.PA,2023-10-02,395.742,395.742,423.0715,17.5094,-1.5609,-0.16,-0.5815,oui,non,non,"sous le bord bas, pente courte négative"
2023-09-29,ORA.PA,2023-10-02,9.0911,9.0911,8.7326,0.2811,1.2756,-0.0396,0.216,non,oui,non,au-dessus du bord haut
2023-09-29,SAF.PA,2023-10-02,143.8868,143.8868,144.3865,2.8252,-0.1769,0.0788,0.0639,non,non,non,dans la bande
2023-09-29,ENGI.PA,2023-10-02,11.618,11.618,11.9928,0.285,-1.3153,0.0448,-0.0172,oui,non,non,"sous le bord bas, pente courte négative"
2023-10-06,AI.PA,2023-10-09,123.2872,149.1775,126.8065,2.1188,-1.661,0.0164,-0.3611,oui,non,non,"sous le bord bas, pente courte négative"
2023-10-06,KER.PA,2023-10-09,389.7404,389.7404,414.6035,18.5433,-1.3408,-0.1733,-0.6378,oui,non,non,"sous le bord bas, pente courte négative"
2023-10-06,ORA.PA,2023-10-09,9.1949,9.1949,8.7881,0.2919,1.3938,-0.0288,-0.0647,non,oui,non,au-dessus du bord haut
2023-10-06,SAF.PA,2023-10-09,140.1503,140.1503,144.4405,2.8769,-1.4913,0.0768,-0.2387,oui,non,non,"sous le bord bas, pente courte négative"
2023-10-06,ENGI.PA,2023-10-09,11.2998,11.2998,11.8797,0.308,-1.8828,0.0275,-0.4113,oui,non,non,"sous le bord bas, pente courte négative"
2023-10-13,AI.PA,2023-10-16,126.0367,152.5044,126.8394,2.1371,-0.3756,0.0159,-0.0624,non,non,non,dans la bande
2023-10-13,KER.PA,2023-10-16,372.7433,372.7433,407.6053,19.0532,-1.8297,-0.1802,-0.5325,oui,non,non,"sous le bord bas, pente courte négative"
2023-10-13,ORA.PA,2023-10-16,9.2418,9.2418,8.8647,0.2956,1.2756,-0.0134,-0.0863,non,oui,non,au-dessus du bord haut
2023-10-13,SAF.PA,2023-10-16,144.3128,144.3128,145.3391,2.7927,-0.3675,0.0826,-0.0618,non,non,non,dans la bande
2023-10-13,ENGI.PA,2023-10-16,11.8147,11.8147,11.8361,0.3037,-0.0704,0.0183,-0.2561,non,non,non,dans la bande
2023-10-20,AI.PA,2023-10-23,119.2099,144.244,126.3297,2.307,-3.0862,0.0102,-0.0279,oui,non,non,"sous le bord bas, pente courte négative"
2023-10-20,KER.PA,2023-10-23,369.0782,369.0782,399.6649,19.7851,-1.546,-0.1901,-0.3508,oui,non,non,"sous le bord bas, pente courte négative"
2023-10-20,ORA.PA,2023-10-23,9.071,9.071,8.9419,0.2831,0.4561,0.0034,0.0241,non,non,non,dans la bande
2023-10-20,SAF.PA,2023-10-23,140.3051,140.3051,145.7928,2.824,-1.9432,0.0822,0.0858,oui,non,non,candidate à l'achat
2023-10-20,ENGI.PA,2023-10-23,11.7443,11.7443,11.8452,0.3037,-0.3321,0.0182,0.1357,non,non,non,dans la bande
2023-10-27,AI.PA,2023-10-30,125.1618,151.4458,125.7531,2.4762,-0.2388,0.0041,-0.0563,non,non,non,dans la bande
2023-10-27,KER.PA,2023-10-30,351.3939,351.3939,389.9327,20.9287,-1.8414,-0.2071,-0.5065,oui,non,non,"sous le bord bas, pente courte négative"
2023-10-27,ORA.PA,2023-10-30,9.2167,9.2167,9.0119,0.2639,0.776,0.0187,-0.0254,non,non,non,dans la bande
2023-10-27,SAF.PA,2023-10-30,141.9702,141.9702,145.8884,2.8889,-1.3563,0.0781,0.0944,oui,non,non,candidate à l'achat
2023-10-27,ENGI.PA,2023-10-30,11.9314,11.9314,11.868,0.3014,0.2105,0.0213,0.2994,non,non,non,dans la bande
2023-11-03,AI.PA,2023-11-06,127.4582,154.2244,126.0035,2.4906,0.5841,0.0067,0.0371,non,non,non,dans la bande
2023-11-03,KER.PA,2023-11-06,373.1556,373.1556,380.6819,21.7564,-0.3459,-0.2228,-0.5177,non,non,non,dans la bande
2023-11-03,ORA.PA,2023-11-06,9.3288,9.3288,9.1055,0.2525,0.8846,0.0355,0.0744,non,non,non,dans la bande
2023-11-03,SAF.PA,2023-11-06,145.2614,145.2614,146.4696,2.8152,-0.4291,0.0809,-0.0375,non,non,non,dans la bande
2023-11-03,ENGI.PA,2023-11-06,12.1169,12.1169,11.9296,0.302,0.6202,0.0278,0.2209,non,non,non,dans la bande
2023-11-10,AI.PA,2023-11-13,130.1295,157.4568,126.3981,2.5288,1.4756,0.0098,0.3389,non,oui,non,au-dessus du bord haut
2023-11-10,KER.PA,2023-11-13,360.1903,360.1903,372.5896,21.4303,-0.5786,-0.2385,-0.1423,non,non,non,dans la bande
2023-11-10,ORA.PA,2023-11-13,9.2518,9.2518,9.1873,0.2211,0.2919,0.0513,0.1028,non,non,non,dans la bande
2023-11-10,SAF.PA,2023-11-13,148.1849,148.1849,147.087,2.7831,0.3945,0.0812,0.1283,non,non,non,dans la bande
2023-11-10,ENGI.PA,2023-11-13,12.2321,12.2321,11.9678,0.3005,0.8795,0.0282,0.2249,non,non,non,dans la bande
2023-11-17,AI.PA,2023-11-20,132.9883,160.9159,127.2365,2.7208,2.114,0.0166,0.489,non,oui,non,au-dessus du bord haut
2023-11-17,KER.PA,2023-11-20,370.4526,370.4526,364.7576,20.3363,0.28,-0.256,0.1728,non,non,non,dans la bande
2023-11-17,ORA.PA,2023-11-20,9.2719,9.2719,9.2453,0.2034,0.1307,0.0608,0.0525,non,non,non,dans la bande
2023-11-17,SAF.PA,2023-11-20,155.4257,155.4257,148.4751,2.9765,2.3352,0.0874,0.4423,non,oui,non,au-dessus du bord haut
2023-11-17,ENGI.PA,2023-11-20,12.4735,12.4735,12.0106,0.2995,1.5458,0.0277,0.2769,non,oui,non,au-dessus du bord haut
2023-11-24,AI.PA,2023-11-27,135.6441,164.1293,128.3402,3.0366,2.4052,0.0246,0.4091,non,oui,non,au-dessus du bord haut
2023-11-24,KER.PA,2023-11-27,372.4226,372.4226,357.7696,19.1163,0.7665,-0.2708,0.2345,non,non,non,dans la bande
2023-11-24,ORA.PA,2023-11-27,9.3489,9.3489,9.3036,0.1903,0.2383,0.0688,-0.0216,non,non,non,dans la bande
2023-11-24,SAF.PA,2023-11-27,155.8709,155.8709,150.0203,3.228,1.8125,0.0934,0.5238,non,oui,non,au-dessus du bord haut
2023-11-24,ENGI.PA,2023-11-27,12.5967,12.5967,12.0773,0.3072,1.6911,0.0299,0.2297,non,oui,non,au-dessus du bord haut
2023-12-01,AI.PA,2023-12-04,135.2847,163.6945,129.7488,3.2727,1.6916,0.0377,0.3679,non,oui,non,au-dessus du bord haut
2023-12-01,KER.PA,2023-12-04,360.007,360.007,351.6577,18.7293,0.4458,-0.2795,-0.07,non,non,non,dans la bande
2023-12-01,ORA.PA,2023-12-04,9.5281,9.5281,9.3628,0.191,0.8649,0.0735,0.1612,non,non,non,dans la bande
2023-12-01,SAF.PA,2023-12-04,157.9232,157.9232,151.573,3.3932,1.8714,0.1006,0.393,non,oui,non,au-dessus du bord haut
2023-12-01,ENGI.PA,2023-12-04,12.8302,12.8302,12.1728,0.3258,2.0177,0.0353,0.2922,non,oui,non,au-dessus du bord haut
2023-12-08,AI.PA,2023-12-11,136.9407,165.6982,131.0483,3.4388,1.7135,0.049,0.1982,non,oui,non,au-dessus du bord haut
2023-12-08,KER.PA,2023-12-11,379.1573,379.1573,347.557,18.7601,1.6844,-0.2821,-0.014,non,oui,non,au-dessus du bord haut
2023-12-08,ORA.PA,2023-12-11,9.5384,9.5384,9.4294,0.1939,0.562,0.0782,0.2591,non,non,non,dans la bande
2023-12-08,SAF.PA,2023-12-11,159.3365,159.3365,153.4012,3.5097,1.6911,0.1112,0.2051,non,oui,non,au-dessus du bord haut
2023-12-08,ENGI.PA,2023-12-11,12.9805,12.9805,12.2773,0.3461,2.0314,0.0409,0.2979,non,oui,non,au-dessus du bord haut
2023-12-15,AI.PA,2023-12-18,137.4562,166.322,132.7294,3.6128,1.3083,0.0645,0.1597,non,oui,non,au-dessus du bord haut
2023-12-15,KER.PA,2023-12-18,382.8682,382.8682,345.3124,19.4066,1.9352,-0.2799,0.2147,non,oui,non,au-dessus du bord haut
2023-12-15,ORA.PA,2023-12-18,9.0793,9.0793,9.4663,0.192,-2.0163,0.0811,0.0408,oui,non,non,candidate à l'achat
2023-12-15,SAF.PA,2023-12-18,155.0385,155.0385,155.1349,3.6319,-0.0266,0.12,0.1266,non,non,non,dans la bande
2023-12-15,ENGI.PA,2023-12-18,12.9645,12.9645,12.4038,0.3609,1.5537,0.0516,0.2208,non,oui,non,au-dessus du bord haut
2023-12-22,AI.PA,2023-12-27,138.5341,167.6262,134.1133,3.6545,1.2097,0.075,0.133,non,oui,non,au-dessus du bord haut
2023-12-22,KER.PA,2023-12-27,364.4968,364.4968,341.3369,18.9351,1.2231,-0.2848,0.1769,non,oui,non,au-dessus du bord haut
2023-12-22,ORA.PA,2023-12-27,9.0036,9.0036,9.4407,0.2097,-2.0847,0.0751,-0.3541,oui,non,non,"sous le bord bas, pente courte négative"
2023-12-22,SAF.PA,2023-12-27,154.7287,154.7287,155.7407,3.5804,-0.2826,0.1163,-0.0398,non,non,non,dans la bande
2023-12-22,ENGI.PA,2023-12-27,12.9213,12.9213,12.5591,0.3511,1.0318,0.0689,0.104,non,oui,non,au-dessus du bord haut
2023-12-29,AI.PA,2024-01-02,137.5655,166.4543,134.7287,3.6891,0.769,0.0778,0.1128,non,non,non,dans la bande
2023-12-29,KER.PA,2024-01-02,365.5963,365.5963,338.9054,18.6923,1.4279,-0.2878,0.0363,non,oui,non,au-dessus du bord haut
2023-12-29,ORA.PA,2024-01-02,8.8591,8.8591,9.4097,0.2267,-2.4284,0.0686,-0.4928,oui,non,oui,"sous le bord bas, pente courte négative"
2023-12-29,SAF.PA,2024-01-02,154.3608,154.3608,155.948,3.5491,-0.4472,0.112,-0.1411,non,non,non,dans la bande
2023-12-29,ENGI.PA,2024-01-02,12.7278,12.7278,12.6246,0.3478,0.2968,0.0748,0.019,non,non,non,dans la bande
2024-01-05,AI.PA,2024-01-08,133.3164,161.3129,135.2225,3.6763,-0.5185,0.0798,-0.0789,non,non,non,dans la bande
2024-01-05,KER.PA,2024-01-08,346.7209,346.7209,334.5899,18.4016,0.6592,-0.2938,-0.3947,non,non,non,dans la bande
2024-01-05,ORA.PA,2024-01-08,9.2048,9.2048,9.4023,0.2322,-0.8504,0.0649,-0.3367,non,non,non,dans la bande
2024-01-05,SAF.PA,2024-01-08,154.4383,154.4383,156.1412,3.4981,-0.4868,0.1056,-0.2165,non,non,non,dans la bande
2024-01-05,ENGI.PA,2024-01-08,13.0684,13.0684,12.7188,0.339,1.0315,0.0838,-0.0282,non,oui,non,au-dessus du bord haut
2024-01-12,AI.PA,2024-01-15,137.1906,166.0006,135.7695,3.6625,0.388,0.0815,-0.1815,non,non,non,dans la bande
2024-01-12,KER.PA,2024-01-15,336.0004,336.0004,332.5089,18.208,0.1918,-0.2816,-0.6372,non,non,non,dans la bande
2024-01-12,ORA.PA,2024-01-15,9.2581,9.2581,9.4088,0.2319,-0.65,0.065,0.0431,non,non,non,dans la bande
2024-01-12,SAF.PA,2024-01-15,163.1117,163.1117,157.1887,3.532,1.677,0.1069,0.0921,non,oui,non,au-dessus du bord haut
2024-01-12,ENGI.PA,2024-01-15,12.9485,12.9485,12.8893,0.3026,0.1956,0.1022,0.0631,non,non,non,dans la bande
2024-01-19,AI.PA,2024-01-22,135.1441,163.5244,136.6018,3.5934,-0.4056,0.0866,-0.0922,non,non,non,dans la bande
2024-01-19,KER.PA,2024-01-22,325.1467,325.1467,328.4035,17.7283,-0.1837,-0.2764,-0.7328,non,non,non,dans la bande
2024-01-19,ORA.PA,2024-01-22,9.633,9.633,9.4593,0.2329,0.7456,0.0673,0.4075,non,non,non,dans la bande
2024-01-19,SAF.PA,2024-01-22,164.4089,164.4089,159.3275,3.4927,1.4549,0.1211,0.4001,non,oui,non,au-dessus du bord haut
2024-01-19,ENGI.PA,2024-01-22,12.4352,12.4352,12.9466,0.2794,-1.8306,0.1072,-0.134,oui,non,non,"sous le bord bas, pente courte négative"
2024-01-26,AI.PA,2024-01-29,133.9413,162.0689,136.7834,3.6332,-0.7823,0.0835,-0.0325,non,non,non,dans la bande
2024-01-26,KER.PA,2024-01-29,356.9656,356.9656,326.4523,17.6752,1.7263,-0.2649,-0.3789,non,oui,non,au-dessus du bord haut
2024-01-26,ORA.PA,2024-01-29,9.6054,9.6054,9.4952,0.228,0.4835,0.0644,0.4619,non,non,non,dans la bande
2024-01-26,SAF.PA,2024-01-29,168.2423,168.2423,161.5259,3.5914,1.8701,0.1336,0.4901,non,oui,non,au-dessus du bord haut
2024-01-26,ENGI.PA,2024-01-29,11.7203,11.7203,12.8911,0.3243,-3.6103,0.096,-0.4107,oui,non,non,"sous le bord bas, pente courte négative"
2024-02-02,AI.PA,2024-02-05,133.8007,161.8988,137.1847,3.6219,-0.9343,0.0839,-0.0199,non,non,non,dans la bande
2024-02-02,KER.PA,2024-02-05,349.3588,349.3588,328.6461,17.3938,1.1908,-0.2368,0.1698,non,oui,non,au-dessus du bord haut
2024-02-02,ORA.PA,2024-02-05,9.4214,9.4214,9.4939,0.2223,-0.3259,0.0573,0.2125,non,non,non,dans la bande
2024-02-02,SAF.PA,2024-02-05,169.8492,169.8492,163.983,3.6229,1.6192,0.148,0.4037,non,oui,non,au-dessus du bord haut
2024-02-02,ENGI.PA,2024-02-05,11.7171,11.7171,12.7739,0.3904,-2.7067,0.0789,-0.703,oui,non,non,"sous le bord bas, pente courte négative"
2024-02-09,AI.PA,2024-02-12,130.8169,158.2885,136.9594,3.7745,-1.6274,0.0774,-0.1819,oui,non,non,"sous le bord bas, pente courte négative"
2024-02-09,KER.PA,2024-02-12,383.2185,383.2185,333.0686,18.446,2.7187,-0.2031,0.7731,non,oui,non,au-dessus du bord haut
2024-02-09,ORA.PA,2024-02-12,9.0431,9.0431,9.4407,0.2184,-1.8199,0.0426,-0.2807,oui,non,non,"sous le bord bas, pente courte négative"
2024-02-09,SAF.PA,2024-02-12,170.7785,170.7785,166.2195,3.7238,1.2243,0.1577,0.2734,non,oui,non,au-dessus du bord haut
2024-02-09,ENGI.PA,2024-02-12,11.2742,11.2742,12.6248,0.4569,-2.9562,0.059,-0.5717,oui,non,non,"sous le bord bas, pente courte négative"
2024-02-16,AI.PA,2024-02-19,133.6445,161.7098,136.9028,3.852,-0.8459,0.0742,-0.1172,non,non,non,dans la bande
2024-02-16,KER.PA,2024-02-19,397.1336,397.1336,340.9805,20.0599,2.7993,-0.1571,0.9059,non,oui,non,au-dessus du bord haut
2024-02-16,ORA.PA,2024-02-19,9.2564,9.2564,9.3839,0.2076,-0.6146,0.0279,-0.3538,non,non,non,dans la bande
2024-02-16,SAF.PA,2024-02-19,181.872,181.872,168.7882,3.9364,3.3238,0.1701,0.2974,non,oui,non,au-dessus du bord haut
2024-02-16,ENGI.PA,2024-02-19,11.4517,11.4517,12.4774,0.5075,-2.021,0.0408,-0.3965,oui,non,non,"sous le bord bas, pente courte négative"
2024-02-23,AI.PA,2024-02-26,148.0165,179.1,138.7649,4.0009,2.3124,0.0904,0.3863,non,oui,non,au-dessus du bord haut
2024-02-23,KER.PA,2024-02-26,394.8607,394.8607,350.9252,20.8124,2.111,-0.1038,0.7878,non,oui,non,au-dessus du bord haut
2024-02-23,ORA.PA,2024-02-26,9.2581,9.2581,9.3493,0.1886,-0.4835,0.0168,-0.1,non,non,non,dans la bande
2024-02-23,SAF.PA,2024-02-26,186.8477,186.8477,172.8543,4.7136,2.9687,0.1932,0.5845,non,oui,non,au-dessus du bord haut
2024-02-23,ENGI.PA,2024-02-26,11.8659,11.8659,12.3624,0.5314,-0.9343,0.0259,-0.0741,non,non,non,dans la bande
2024-03-01,AI.PA,2024-03-04,146.0169,176.6805,141.0512,4.1429,1.1986,0.1094,0.7941,non,oui,non,au-dessus du bord haut
2024-03-01,KER.PA,2024-03-04,393.2838,393.2838,359.1959,21.2643,1.6031,-0.061,0.4872,non,oui,non,au-dessus du bord haut
2024-03-01,ORA.PA,2024-03-04,9.093,9.093,9.3161,0.1881,-1.1864,0.0098,-0.0012,oui,non,non,"sous le bord bas, pente courte négative"
2024-03-01,SAF.PA,2024-03-04,187.2542,187.2542,177.0036,5.1254,2.0,0.216,0.6829,non,oui,non,au-dessus du bord haut
2024-03-01,ENGI.PA,2024-03-04,11.7507,11.7507,12.2666,0.5399,-0.9556,0.0127,0.1415,non,non,non,dans la bande
2024-03-08,AI.PA,2024-03-11,151.2659,183.0317,143.528,4.2263,1.8309,0.1292,0.7693,non,oui,non,au-dessus du bord haut
2024-03-08,KER.PA,2024-03-11,387.2075,387.2075,365.3207,19.9623,1.0964,-0.0261,-0.0595,non,oui,non,au-dessus du bord haut
2024-03-08,ORA.PA,2024-03-11,9.1171,9.1171,9.2849,0.1931,-0.869,0.0055,-0.0918,non,non,non,dans la bande
2024-03-08,SAF.PA,2024-03-11,189.1903,189.1903,181.5006,5.2367,1.4684,0.2415,0.5906,non,oui,non,au-dessus du bord haut
2024-03-08,ENGI.PA,2024-03-11,12.1921,12.1921,12.2397,0.5423,-0.0878,0.0093,0.329,non,non,non,dans la bande
2024-03-15,AI.PA,2024-03-18,152.4218,184.4304,145.821,4.4371,1.4876,0.1431,0.3873,non,oui,non,au-dessus du bord haut
2024-03-15,KER.PA,2024-03-18,395.3246,395.3246,372.4561,18.9349,1.2077,0.0095,-0.1251,non,oui,non,au-dessus du bord haut
2024-03-15,ORA.PA,2024-03-18,9.0483,9.0483,9.2516,0.1985,-1.024,0.0017,-0.2119,oui,non,non,"sous le bord bas, pente courte négative"
2024-03-15,SAF.PA,2024-03-18,195.8793,195.8793,185.611,5.2859,1.9426,0.2601,0.292,non,oui,non,au-dessus du bord haut
2024-03-15,ENGI.PA,2024-03-18,12.2976,12.2976,12.2212,0.5407,0.1413,0.0053,0.3252,non,non,non,dans la bande
2024-03-22,AI.PA,2024-03-25,148.782,180.0262,147.5983,4.5332,0.2611,0.1496,0.1813,non,non,non,dans la bande
2024-03-22,KER.PA,2024-03-25,332.1506,332.1506,373.0298,19.095,-2.1408,0.0177,-0.5149,oui,non,non,"sous le bord bas, pente courte négative"
2024-03-22,ORA.PA,2024-03-25,9.1308,9.1308,9.215,0.1964,-0.4287,-0.0053,-0.058,non,non,non,dans la bande
2024-03-22,SAF.PA,2024-03-25,200.6226,200.6226,190.2182,5.5135,1.8871,0.2798,0.3854,non,oui,non,au-dessus du bord haut
2024-03-22,ENGI.PA,2024-03-25,12.3376,12.3376,12.1778,0.5187,0.308,-0.0054,0.283,non,non,non,dans la bande
2024-03-28,AI.PA,2024-04-02,150.6254,182.2567,148.6362,4.5473,0.4374,0.1501,0.08,non,non,non,dans la bande
2024-03-28,KER.PA,2024-04-02,339.8502,339.8502,370.0512,19.7688,-1.5277,0.0118,-0.8788,oui,non,non,"sous le bord bas, pente courte négative"
2024-03-28,ORA.PA,2024-04-02,9.3613,9.3613,9.211,0.1968,0.7636,-0.0063,0.1027,non,non,non,dans la bande
2024-03-28,SAF.PA,2024-04-02,203.3331,203.3331,193.7555,5.8144,1.6472,0.2909,0.4461,non,oui,non,au-dessus du bord haut
2024-03-28,ENGI.PA,2024-04-02,12.4016,12.4016,12.1422,0.4871,0.5324,-0.0154,0.2467,non,non,non,dans la bande
2024-04-05,AI.PA,2024-04-08,146.4543,177.2097,149.5285,4.5325,-0.6782,0.1515,-0.1235,non,non,non,dans la bande
2024-04-05,KER.PA,2024-04-08,336.557,336.557,367.789,20.0144,-1.5605,0.0086,-1.0515,oui,non,non,"sous le bord bas, pente courte négative"
2024-04-05,ORA.PA,2024-04-08,9.2082,9.2082,9.216,0.1972,-0.0392,-0.0059,0.1893,non,non,non,dans la bande
2024-04-05,SAF.PA,2024-04-08,198.9286,198.9286,196.8491,5.581,0.3726,0.301,0.34,non,non,non,dans la bande
2024-04-05,ENGI.PA,2024-04-08,12.3136,12.3136,12.128,0.475,0.3908,-0.0204,0.1372,non,non,non,dans la bande
2024-04-12,AI.PA,2024-04-15,146.3606,177.0963,149.8171,4.5197,-0.7648,0.1419,-0.2361,non,non,non,dans la bande
2024-04-12,KER.PA,2024-04-15,325.1467,325.1467,363.1406,21.0626,-1.8039,-0.0048,-0.8974,oui,non,non,"sous le bord bas, pente courte négative"
2024-04-12,ORA.PA,2024-04-15,8.9718,8.9718,9.1681,0.1987,-0.9883,-0.0136,-0.0073,non,non,non,dans la bande
2024-04-12,SAF.PA,2024-04-15,199.219,199.219,200.0288,5.3785,-0.1506,0.3059,0.0547,non,non,non,dans la bande
2024-04-12,ENGI.PA,2024-04-15,12.6974,12.6974,12.1331,0.4656,1.2121,-0.0238,0.1385,non,oui,non,au-dessus du bord haut
2024-04-19,AI.PA,2024-04-22,146.6574,177.4555,149.6854,4.4427,-0.6816,0.1273,-0.1933,non,non,non,dans la bande
2024-04-19,KER.PA,2024-04-22,314.5714,314.5714,355.4163,22.6583,-1.8026,-0.0322,-0.3969,oui,non,non,"sous le bord bas, pente courte négative"
2024-04-19,ORA.PA,2024-04-22,9.3329,9.3329,9.1344,0.1953,1.0162,-0.0197,-0.0804,non,oui,non,au-dessus du bord haut
2024-04-19,SAF.PA,2024-04-22,199.3158,199.3158,202.686,5.336,-0.6316,0.3043,-0.0583,non,non,non,dans la bande
2024-04-19,ENGI.PA,2024-04-22,12.7374,12.7374,12.1408,0.4539,1.3146,-0.0272,0.1419,non,oui,non,au-dessus du bord haut
2024-04-26,AI.PA,2024-04-29,144.6422,175.017,149.6783,4.5033,-1.1183,0.117,-0.1467,oui,non,non,"sous le bord bas, pente courte négative"
2024-04-26,KER.PA,2024-04-29,313.5045,313.5045,347.0665,23.7865,-1.411,-0.0626,-0.5935,oui,non,non,"sous le bord bas, pente courte négative"
2024-04-26,ORA.PA,2024-04-29,8.9374,8.9374,9.1373,0.2017,-0.9912,-0.0184,-0.0625,non,non,non,dans la bande
2024-04-26,SAF.PA,2024-04-29,201.9294,201.9294,205.1117,5.3279,-0.5973,0.3007,0.0434,non,non,non,dans la bande
2024-04-26,ENGI.PA,2024-04-29,12.8733,12.8733,12.1987,0.4647,1.4517,-0.0234,0.2088,non,oui,non,au-dessus du bord haut
2024-05-03,AI.PA,2024-05-06,141.0804,170.7073,149.1872,4.6583,-1.7403,0.1049,-0.1619,oui,non,non,"sous le bord bas, pente courte négative"
2024-05-03,KER.PA,2024-05-06,313.8186,313.8186,341.0793,24.5675,-1.1096,-0.0819,-0.5054,oui,non,non,"sous le bord bas, pente courte négative"
2024-05-03,ORA.PA,2024-05-06,8.9847,8.9847,9.1023,0.202,-0.5822,-0.0233,-0.0174,non,non,non,dans la bande
2024-05-03,SAF.PA,2024-05-06,199.7998,199.7998,206.3293,5.5001,-1.1872,0.2931,0.0041,oui,non,non,candidate à l'achat
2024-05-03,ENGI.PA,2024-05-06,13.3161,13.3161,12.2875,0.491,2.0949,-0.0158,0.3305,non,oui,non,au-dessus du bord haut
2024-05-10,AI.PA,2024-05-13,145.7826,176.397,149.0684,4.754,-0.6912,0.0964,-0.1051,non,non,non,dans la bande
2024-05-10,KER.PA,2024-05-13,317.5438,317.5438,334.9881,24.8665,-0.7015,-0.101,-0.1097,non,non,non,dans la bande
2024-05-10,ORA.PA,2024-05-13,9.0921,9.0921,9.0686,0.1996,0.1177,-0.0281,-0.0683,non,non,non,dans la bande
2024-05-10,SAF.PA,2024-05-13,205.7047,205.7047,208.6675,5.4513,-0.5435,0.2911,0.0903,non,non,non,dans la bande
2024-05-10,ENGI.PA,2024-05-13,13.8859,13.8859,12.4787,0.5564,2.5292,0.0023,0.5254,non,oui,non,au-dessus du bord haut
2024-05-17,AI.PA,2024-05-20,145.0015,175.4518,149.1538,4.8169,-0.862,0.0916,-0.0232,non,non,non,dans la bande
2024-05-17,KER.PA,2024-05-20,317.1617,317.1617,330.4877,24.9185,-0.5348,-0.1134,0.1579,non,non,non,dans la bande
2024-05-17,ORA.PA,2024-05-20,9.2942,9.2942,9.0717,0.201,1.1067,-0.0271,-0.0411,non,oui,non,au-dessus du bord haut
2024-05-17,SAF.PA,2024-05-20,201.8326,201.8326,210.6764,5.4324,-1.628,0.2885,0.0977,oui,non,non,candidate à l'achat
2024-05-17,ENGI.PA,2024-05-20,13.8245,13.8245,12.7006,0.6122,1.836,0.0245,0.544,non,oui,non,au-dessus du bord haut
2024-05-24,AI.PA,2024-05-27,144.8425,175.2595,149.3477,4.8654,-0.926,0.0887,0.1075,non,non,non,dans la bande
2024-05-24,KER.PA,2024-05-27,317.5438,317.5438,325.549,24.8027,-0.3228,-0.1283,0.1651,non,non,non,dans la bande
2024-05-24,ORA.PA,2024-05-27,9.1781,9.1781,9.0888,0.2029,0.4401,-0.0225,0.2002,non,non,non,dans la bande
2024-05-24,SAF.PA,2024-05-27,209.5768,209.5768,213.0726,5.3723,-0.6507,0.2869,0.2589,non,non,non,dans la bande
2024-05-24,ENGI.PA,2024-05-27,13.5528,13.5528,12.8964,0.6313,1.0397,0.0452,0.2743,non,oui,non,au-dessus du bord haut
2024-05-31,AI.PA,2024-06-03,143.4278,173.5477,149.1136,4.9948,-1.1383,0.0816,-0.0297,oui,non,non,"sous le bord bas, pente courte négative"
2024-05-31,KER.PA,2024-06-03,302.9775,302.9775,320.0178,24.7733,-0.6878,-0.1445,-0.1292,non,non,non,dans la bande
2024-05-31,ORA.PA,2024-06-03,9.2211,9.2211,9.1122,0.1961,0.5556,-0.0152,0.088,non,non,non,dans la bande
2024-05-31,SAF.PA,2024-06-03,209.3596,209.3596,215.3474,5.3442,-1.1204,0.2844,0.2319,oui,non,non,candidate à l'achat
2024-05-31,ENGI.PA,2024-06-03,13.6185,13.6185,13.08,0.6256,0.8609,0.0657,-0.0625,non,non,non,dans la bande
2024-06-07,AI.PA,2024-06-10,148.8483,180.1064,149.4706,4.9958,-0.1246,0.0814,0.0217,non,non,non,dans la bande
2024-06-07,KER.PA,2024-06-10,313.3888,313.3888,316.0973,24.7977,-0.1092,-0.1507,-0.2632,non,non,non,dans la bande
2024-06-07,ORA.PA,2024-06-10,8.9955,8.9955,9.1538,0.197,-0.8038,-0.0068,0.0423,non,non,non,dans la bande
2024-06-07,SAF.PA,2024-06-10,203.9814,203.9814,216.8452,5.5721,-2.3086,0.2771,0.13,oui,non,non,candidate à l'achat
2024-06-07,ENGI.PA,2024-06-10,13.1495,13.1495,13.2542,0.6028,-0.1737,0.0856,-0.1686,non,non,non,dans la bande
2024-06-14,AI.PA,2024-06-17,139.2536,153.1789,149.347,5.1313,-1.967,0.0766,-0.0394,oui,non,non,"sous le bord bas, pente courte négative"
2024-06-14,KER.PA,2024-06-17,288.9366,288.9366,311.1548,24.918,-0.8917,-0.1615,-0.3357,non,non,non,dans la bande
2024-06-14,ORA.PA,2024-06-17,8.3088,8.3088,9.0391,0.2198,-3.3228,-0.0247,-0.4036,oui,non,non,"sous le bord bas, pente courte négative"
2024-06-14,SAF.PA,2024-06-17,192.296,192.296,216.315,6.5994,-3.6396,0.2526,-0.2642,oui,non,oui,"sous le bord bas, pente courte négative"
2024-06-14,ENGI.PA,2024-06-17,11.633,11.633,13.2165,0.6122,-2.5865,0.0847,-0.6665,oui,non,non,"sous le bord bas, pente courte négative"
2024-06-21,AI.PA,2024-06-24,142.401,156.6411,148.7418,5.3426,-1.1868,0.0674,-0.1176,oui,non,non,"sous le bord bas, pente courte négative"
2024-06-21,KER.PA,2024-06-24,305.7475,305.7475,305.564,24.89,0.0074,-0.1767,-0.3007,non,non,non,dans la bande
2024-06-21,ORA.PA,2024-06-24,8.5502,8.5502,8.9015,0.2288,-1.5354,-0.0463,-0.6409,oui,non,non,"sous le bord bas, pente courte négative"
2024-06-21,SAF.PA,2024-06-24,198.0164,198.0164,214.8985,7.4624,-2.2623,0.222,-0.4321,oui,non,non,"sous le bord bas, pente courte négative"
2024-06-21,ENGI.PA,2024-06-24,12.0318,12.0318,13.103,0.6555,-1.634,0.0758,-1.0176,oui,non,non,"sous le bord bas, pente courte négative"
2024-06-28,AI.PA,2024-07-01,141.0021,155.1023,148.0232,5.3793,-1.3052,0.054,-0.1654,oui,non,non,"sous le bord bas, pente courte négative"
2024-06-28,KER.PA,2024-07-01,323.3225,323.3225,302.2756,24.3917,0.8629,-0.1868,0.1156,non,non,non,dans la bande
2024-06-28,ORA.PA,2024-07-01,8.3642,8.3642,8.784,0.2371,-1.7706,-0.0625,-0.6551,oui,non,non,"sous le bord bas, pente courte négative"
2024-06-28,SAF.PA,2024-07-01,193.0294,193.0294,212.6944,8.0758,-2.4351,0.1861,-0.4016,oui,non,oui,"sous le bord bas, pente courte négative"
2024-06-28,ENGI.PA,2024-07-01,11.6899,11.6899,13.0388,0.6649,-2.0287,0.0738,-0.8502,oui,non,non,"sous le bord bas, pente courte négative"
2024-07-05,AI.PA,2024-07-08,142.908,157.1988,147.3322,5.414,-0.8172,0.0424,-0.0452,non,non,non,dans la bande
2024-07-05,KER.PA,2024-07-08,320.0272,320.0272,298.723,23.24,0.9167,-0.2006,0.4248,non,non,non,dans la bande
2024-07-05,ORA.PA,2024-07-08,8.7416,8.7416,8.7076,0.234,0.1449,-0.0714,-0.0308,non,non,non,dans la bande
2024-07-05,SAF.PA,2024-07-08,198.0164,198.0164,211.1098,8.2437,-1.5883,0.1574,-0.1043,oui,non,non,"sous le bord bas, pente courte négative"
2024-07-05,ENGI.PA,2024-07-08,12.5271,12.5271,13.0416,0.6507,-0.7907,0.078,0.0305,non,non,non,dans la bande
2024-07-12,AI.PA,2024-07-15,145.2161,159.7377,146.4216,5.352,-0.2252,0.028,0.0371,non,non,non,dans la bande
2024-07-12,KER.PA,2024-07-15,323.9911,323.9911,293.6199,20.6799,1.4686,-0.2235,0.3554,non,oui,non,au-dessus du bord haut
2024-07-12,ORA.PA,2024-07-15,8.8882,8.8882,8.7161,0.2324,0.7404,-0.0639,0.3133,non,non,non,dans la bande
2024-07-12,SAF.PA,2024-07-15,200.2655,200.2655,209.6759,8.1207,-1.1588,0.1311,0.0923,oui,non,non,candidate à l'achat
2024-07-12,ENGI.PA,2024-07-15,12.3123,12.3123,13.023,0.6559,-1.0834,0.0756,0.371,oui,non,non,candidate à l'achat
2024-07-19,AI.PA,2024-07-22,142.5408,156.7949,145.4525,5.1312,-0.5674,0.0124,-0.0165,non,non,non,dans la bande
2024-07-19,KER.PA,2024-07-22,300.9239,300.9239,288.5754,19.3465,0.6383,-0.2401,-0.2546,non,non,non,dans la bande
2024-07-19,ORA.PA,2024-07-22,9.1162,9.1162,8.7508,0.2346,1.5575,-0.0531,0.4459,non,oui,non,au-dessus du bord haut
2024-07-19,SAF.PA,2024-07-22,193.3227,193.3227,207.6019,8.0446,-1.775,0.1022,0.0321,oui,non,oui,candidate à l'achat
2024-07-19,ENGI.PA,2024-07-22,12.4526,12.4526,12.951,0.6701,-0.7438,0.0637,0.2172,non,non,non,dans la bande
2024-07-26,AI.PA,2024-07-29,146.2827,160.911,144.6473,4.6773,0.3496,-0.0023,0.0942,non,non,non,dans la bande
2024-07-26,KER.PA,2024-07-29,271.4572,271.4572,281.9932,18.5002,-0.5695,-0.2608,-0.7093,non,non,non,dans la bande
2024-07-26,ORA.PA,2024-07-29,9.1833,9.1833,8.7936,0.2444,1.5946,-0.0431,0.4131,non,oui,non,au-dessus du bord haut
2024-07-26,SAF.PA,2024-07-29,198.8965,198.8965,205.582,7.5372,-0.887,0.0744,-0.0566,non,non,non,dans la bande
2024-07-26,ENGI.PA,2024-07-29,12.6542,12.6542,12.8921,0.6727,-0.3537,0.0515,0.1232,non,non,non,dans la bande
2024-08-02,AI.PA,2024-08-05,142.9255,157.2181,143.5647,3.601,-0.1775,-0.0214,0.1329,non,non,non,dans la bande
2024-08-02,KER.PA,2024-08-05,260.1863,260.1863,275.2879,18.4839,-0.817,-0.2754,-1.0335,non,non,non,dans la bande
2024-08-02,ORA.PA,2024-08-05,9.2503,9.2503,8.8284,0.2554,1.6518,-0.0372,0.2667,non,oui,non,au-dessus du bord haut
2024-08-02,SAF.PA,2024-08-05,186.9177,186.9177,202.7344,6.6102,-2.3928,0.0411,-0.1811,oui,non,oui,"sous le bord bas, pente courte négative"
2024-08-02,ENGI.PA,2024-08-05,13.0794,13.0794,12.8425,0.655,0.3617,0.0372,0.2333,non,non,non,dans la bande
2024-08-09,AI.PA,2024-08-12,143.0304,157.3335,142.2026,2.2675,0.3651,-0.0404,-0.0247,non,non,non,dans la bande
2024-08-09,KER.PA,2024-08-12,243.1366,243.1366,267.8783,18.8837,-1.3102,-0.2875,-1.3064,oui,non,non,"sous le bord bas, pente courte négative"
2024-08-09,ORA.PA,2024-08-12,9.067,9.067,8.8552,0.2587,0.8187,-0.0307,0.0816,non,non,non,dans la bande
2024-08-09,SAF.PA,2024-08-12,188.2867,188.2867,199.3174,6.4013,-1.7232,0.0095,-0.3334,oui,non,oui,"sous le bord bas, pente courte négative"
2024-08-09,ENGI.PA,2024-08-12,13.3775,13.3775,12.8461,0.6352,0.8366,0.0283,0.4613,non,non,non,dans la bande
2024-08-16,AI.PA,2024-08-19,145.0238,159.5261,141.9096,2.2146,1.4062,-0.0421,-0.0965,non,oui,non,au-dessus du bord haut
2024-08-16,KER.PA,2024-08-19,243.0889,243.0889,261.4004,18.8426,-0.9718,-0.2929,-1.1916,non,non,non,dans la bande
2024-08-16,ORA.PA,2024-08-19,9.1699,9.1699,8.8931,0.2633,1.0511,-0.0226,-0.0024,non,oui,non,au-dessus du bord haut
2024-08-16,SAF.PA,2024-08-19,192.6382,192.6382,196.9062,6.0849,-0.7014,-0.0124,-0.301,non,non,oui,dans la bande
2024-08-16,ENGI.PA,2024-08-19,13.6448,13.6448,12.9115,0.6319,1.1606,0.0269,0.5314,non,oui,non,au-dessus du bord haut
2024-08-23,AI.PA,2024-08-26,145.0587,159.5646,141.914,2.2486,1.3985,-0.0408,-0.0096,non,oui,non,au-dessus du bord haut
2024-08-23,KER.PA,2024-08-26,248.3422,248.3422,256.819,18.4357,-0.4598,-0.2913,-0.5284,non,non,non,dans la bande
2024-08-23,ORA.PA,2024-08-26,9.1878,9.1878,8.924,0.268,0.9841,-0.0171,-0.0071,non,non,non,dans la bande
2024-08-23,SAF.PA,2024-08-26,192.736,192.736,195.0338,5.5865,-0.4113,-0.0294,-0.0346,non,non,oui,dans la bande
2024-08-23,ENGI.PA,2024-08-26,13.5966,13.5966,12.9762,0.6287,0.9867,0.0257,0.4211,non,non,non,dans la bande
2024-08-30,AI.PA,2024-09-02,147.5067,162.2574,142.5179,2.3725,2.1028,-0.0318,0.1927,non,oui,non,au-dessus du bord haut
2024-08-30,KER.PA,2024-09-02,247.3871,247.3871,253.282,17.6497,-0.334,-0.2842,0.025,non,non,non,dans la bande
2024-08-30,ORA.PA,2024-09-02,9.2101,9.2101,8.9684,0.276,0.8757,-0.0104,0.1342,non,non,non,dans la bande
2024-08-30,SAF.PA,2024-09-02,193.5672,193.5672,193.4508,4.9507,0.0235,-0.0438,0.229,non,non,oui,dans la bande
2024-08-30,ENGI.PA,2024-09-02,13.9648,13.9648,13.0852,0.6421,1.3698,0.031,0.2945,non,oui,non,au-dessus du bord haut
2024-09-06,AI.PA,2024-09-09,141.9463,156.141,143.1589,2.2881,-0.5299,-0.0212,0.1076,non,non,non,dans la bande
2024-09-06,KER.PA,2024-09-09,225.6571,225.6571,250.2081,15.6436,-1.5694,-0.2708,-0.1311,oui,non,non,"sous le bord bas, pente courte négative"
2024-09-06,ORA.PA,2024-09-09,9.6527,9.6527,9.0486,0.2955,2.0447,0.0009,0.2754,non,oui,non,au-dessus du bord haut
2024-09-06,SAF.PA,2024-09-09,188.0912,188.0912,191.758,4.635,-0.7911,-0.056,0.0096,non,non,oui,dans la bande
2024-09-06,ENGI.PA,2024-09-09,14.127,14.127,13.2076,0.6583,1.3967,0.0375,0.2212,non,oui,non,au-dessus du bord haut
2024-09-13,AI.PA,2024-09-16,148.8181,163.6999,144.0625,2.2768,2.0887,-0.0093,0.104,non,oui,non,au-dessus du bord haut
2024-09-13,KER.PA,2024-09-16,218.7322,218.7322,241.0006,16.4046,-1.3574,-0.2997,-0.8008,oui,non,non,"sous le bord bas, pente courte négative"
2024-09-13,ORA.PA,2024-09-16,9.7198,9.7198,9.1523,0.3153,1.8,0.016,0.3615,non,oui,non,au-dessus du bord haut
2024-09-13,SAF.PA,2024-09-16,198.7987,198.7987,191.2881,4.6342,1.6207,-0.0577,0.0419,non,oui,non,au-dessus du bord haut
2024-09-13,ENGI.PA,2024-09-16,13.9034,13.9034,13.3264,0.6714,0.8594,0.0439,0.1894,non,non,non,dans la bande
2024-09-20,AI.PA,2024-09-23,146.6324,161.2957,144.994,2.1844,0.7501,0.0024,0.0855,non,non,non,dans la bande
2024-09-20,KER.PA,2024-09-23,215.1504,215.1504,233.0275,16.8334,-1.062,-0.3217,-0.8963,oui,non,non,"sous le bord bas, pente courte négative"
2024-09-20,ORA.PA,2024-09-23,9.684,9.684,9.2779,0.3204,1.2673,0.0364,0.2963,non,oui,non,au-dessus du bord haut
2024-09-20,SAF.PA,2024-09-23,205.546,205.546,191.9526,4.9847,2.727,-0.052,0.2903,non,oui,non,au-dessus du bord haut
2024-09-20,ENGI.PA,2024-09-23,13.8465,13.8465,13.426,0.6793,0.6189,0.0488,0.0512,non,non,non,dans la bande
2024-09-27,AI.PA,2024-09-30,154.0287,169.4316,146.2237,2.4528,3.1822,0.0144,0.2279,non,oui,non,au-dessus du bord haut
2024-09-27,KER.PA,2024-09-30,254.8851,254.8851,227.6201,17.1311,1.5915,-0.3326,-0.1768,non,oui,non,au-dessus du bord haut
2024-09-27,ORA.PA,2024-09-30,9.3264,9.3264,9.345,0.3215,-0.058,0.0452,0.0086,non,non,non,dans la bande
2024-09-27,SAF.PA,2024-09-30,208.6751,208.6751,193.7882,5.9159,2.5164,-0.0398,0.6394,non,oui,non,au-dessus du bord haut
2024-09-27,ENGI.PA,2024-09-30,13.7018,13.7018,13.4925,0.681,0.3073,0.0501,-0.0865,non,non,non,dans la bande
2024-10-04,AI.PA,2024-10-07,146.5275,161.1802,146.8965,2.4666,-0.1496,0.0209,0.0855,non,non,non,dans la bande
2024-10-04,KER.PA,2024-10-07,225.9437,225.9437,222.7397,16.7813,0.1909,-0.3447,0.5022,non,non,non,dans la bande
2024-10-04,ORA.PA,2024-10-07,8.7433,8.7433,9.3233,0.3294,-1.7609,0.0414,-0.4566,oui,non,non,"sous le bord bas, pente courte négative"
2024-10-04,SAF.PA,2024-10-07,203.3947,203.3947,194.912,6.2624,1.3545,-0.0319,0.404,non,oui,non,au-dessus du bord haut
2024-10-04,ENGI.PA,2024-10-07,13.5177,13.5177,13.5242,0.6808,-0.0096,0.049,-0.2029,non,non,non,dans la bande
2024-10-11,AI.PA,2024-10-14,149.3077,164.2384,147.4729,2.3638,0.7762,0.0266,-0.0296,non,non,non,dans la bande
2024-10-11,KER.PA,2024-10-14,228.4271,228.4271,217.5746,16.1053,0.6739,-0.3592,0.3712,non,non,non,dans la bande
2024-10-11,ORA.PA,2024-10-14,8.9821,8.9821,9.3252,0.3216,-1.0669,0.0441,-0.5668,oui,non,non,"sous le bord bas, pente courte négative"
2024-10-11,SAF.PA,2024-10-14,200.2655,200.2655,195.1691,6.3055,0.8083,-0.0291,-0.072,non,non,non,dans la bande
2024-10-11,ENGI.PA,2024-10-14,13.8552,13.8552,13.5645,0.6815,0.4266,0.0499,-0.1698,non,non,non,dans la bande
2024-10-18,AI.PA,2024-10-21,151.8431,167.0274,148.1788,2.4208,1.5136,0.031,-0.024,non,oui,non,au-dessus du bord haut
2024-10-18,KER.PA,2024-10-21,227.3764,227.3764,211.6081,15.3396,1.0279,-0.3779,-0.1852,non,oui,non,au-dessus du bord haut
2024-10-18,ORA.PA,2024-10-21,9.0983,9.0983,9.3141,0.325,-0.6638,0.0411,-0.2963,non,non,non,dans la bande
2024-10-18,SAF.PA,2024-10-21,210.3375,210.3375,196.4434,6.6621,2.0856,-0.0209,-0.1131,non,oui,non,au-dessus du bord haut
2024-10-18,ENGI.PA,2024-10-21,13.9648,13.9648,13.6978,0.6819,0.3915,0.0617,0.1118,non,non,non,dans la bande
2024-10-25,AI.PA,2024-10-28,146.3876,161.0264,148.5278,2.3915,-0.8949,0.0333,0.0026,non,non,non,dans la bande
2024-10-25,KER.PA,2024-10-28,224.4154,224.4154,207.3656,15.1988,1.1218,-0.3857,-0.3659,non,oui,non,au-dessus du bord haut
2024-10-25,ORA.PA,2024-10-28,9.0357,9.0357,9.3044,0.3273,-0.821,0.0391,0.0442,non,non,non,dans la bande
2024-10-25,SAF.PA,2024-10-28,206.8172,206.8172,198.0596,6.8968,1.2698,-0.0083,0.1227,non,oui,non,au-dessus du bord haut
2024-10-25,ENGI.PA,2024-10-28,13.7193,13.7193,13.8288,0.6496,-0.1685,0.0777,0.1597,non,non,non,dans la bande
2024-11-01,AI.PA,2024-11-04,145.391,159.9301,148.5752,2.4123,-1.32,0.0334,-0.1157,oui,non,non,"sous le bord bas, pente courte négative"
2024-11-01,KER.PA,2024-11-04,220.356,220.356,204.495,15.5391,1.0207,-0.3839,-0.1679,non,oui,non,au-dessus du bord haut
2024-11-01,ORA.PA,2024-11-04,8.9955,8.9955,9.2995,0.3257,-0.9334,0.0399,0.0091,non,non,non,dans la bande
2024-11-01,SAF.PA,2024-11-04,205.8393,205.8393,199.3409,6.9955,0.9289,0.0016,0.1768,non,non,non,dans la bande
2024-11-01,ENGI.PA,2024-11-04,13.5177,13.5177,13.9465,0.595,-0.7207,0.0939,-0.0158,non,non,non,dans la bande
2024-11-08,AI.PA,2024-11-11,141.1945,155.3139,148.183,2.5787,-2.7101,0.0302,-0.3422,oui,non,non,"sous le bord bas, pente courte négative"
2024-11-08,KER.PA,2024-11-11,211.0909,211.0909,202.033,15.9799,0.5668,-0.3797,-0.0208,non,non,non,dans la bande
2024-11-08,ORA.PA,2024-11-11,8.8363,8.8363,9.2829,0.3274,-1.3638,0.0393,-0.1248,oui,non,non,"sous le bord bas, pente courte négative"
2024-11-08,SAF.PA,2024-11-11,214.9334,214.9334,202.3843,7.1734,1.7494,0.0253,0.1996,non,oui,non,au-dessus du bord haut
2024-11-08,ENGI.PA,2024-11-11,13.3117,13.3117,14.0094,0.5536,-1.2604,0.1035,-0.3193,oui,non,non,"sous le bord bas, pente courte négative"
2024-11-15,AI.PA,2024-11-18,140.5825,154.6407,147.3358,2.9104,-2.3204,0.0217,-0.3442,oui,non,non,"sous le bord bas, pente courte négative"
2024-11-15,KER.PA,2024-11-18,212.7147,212.7147,197.9657,16.0239,0.9204,-0.3847,-0.4166,non,non,non,dans la bande
2024-11-15,ORA.PA,2024-11-18,8.7576,8.7576,9.2403,0.3384,-1.4263,0.0346,-0.2276,oui,non,non,"sous le bord bas, pente courte négative"
2024-11-15,SAF.PA,2024-11-18,212.2932,212.2932,205.7092,6.8728,0.958,0.0516,0.2881,non,non,non,dans la bande
2024-11-15,ENGI.PA,2024-11-18,13.5002,13.5002,14.0741,0.5119,-1.1211,0.1125,-0.206,oui,non,non,"sous le bord bas, pente courte négative"
2024-11-22,AI.PA,2024-11-25,140.0929,154.1022,146.4561,3.2334,-1.968,0.0151,-0.3179,oui,non,non,"sous le bord bas, pente courte négative"
2024-11-22,KER.PA,2024-11-25,200.6796,200.6796,194.1565,16.0967,0.4052,-0.3875,-0.6452,non,non,non,dans la bande
2024-11-22,ORA.PA,2024-11-25,8.9597,8.9597,9.2335,0.3313,-0.8263,0.037,-0.1294,non,non,non,dans la bande
2024-11-22,SAF.PA,2024-11-25,215.2268,215.2268,208.6648,6.3014,1.0413,0.0739,0.2517,non,oui,non,au-dessus du bord haut
2024-11-22,ENGI.PA,2024-11-25,13.4914,13.4914,14.1568,0.4587,-1.4507,0.1228,-0.037,oui,non,non,"sous le bord bas, pente courte négative"
2024-11-29,AI.PA,2024-12-02,137.505,151.2555,145.1503,3.6148,-2.115,0.0033,-0.274,oui,non,non,"sous le bord bas, pente courte négative"
2024-11-29,KER.PA,2024-12-02,210.8521,210.8521,191.98,16.459,1.1466,-0.3826,-0.3146,non,oui,non,au-dessus du bord haut
2024-11-29,ORA.PA,2024-12-02,9.0179,9.0179,9.1934,0.3254,-0.5396,0.0261,0.0855,non,non,non,dans la bande
2024-11-29,SAF.PA,2024-12-02,215.6179,215.6179,210.945,5.964,0.7835,0.088,0.0232,non,non,non,dans la bande
2024-11-29,ENGI.PA,2024-12-02,13.224,13.224,14.0709,0.4905,-1.7265,0.1064,-0.0594,oui,non,non,"sous le bord bas, pente courte négative"
2024-12-06,AI.PA,2024-12-09,141.6841,155.8525,144.211,3.6471,-0.6929,-0.007,-0.0484,non,non,non,dans la bande
2024-12-06,KER.PA,2024-12-09,227.5197,227.5197,191.1145,17.2337,2.1124,-0.3705,0.2797,non,oui,non,au-dessus du bord haut
2024-12-06,ORA.PA,2024-12-09,8.9675,8.9675,9.1136,0.3123,-0.4677,0.0079,0.117,non,non,non,dans la bande
2024-12-06,SAF.PA,2024-12-09,208.1862,208.1862,213.0961,5.9598,-0.8238,0.0993,0.0018,non,non,non,dans la bande
2024-12-06,ENGI.PA,2024-12-09,13.3687,13.3687,13.9389,0.4907,-1.162,0.0814,-0.1194,oui,non,non,"sous le bord bas, pente courte négative"
2024-12-13,AI.PA,2024-12-16,139.6208,153.5829,143.3447,3.6862,-1.0102,-0.0154,0.0725,oui,non,non,candidate à l'achat
2024-12-13,KER.PA,2024-12-16,233.1074,233.1074,195.1763,18.3837,2.0633,-0.3231,0.7603,non,oui,non,au-dessus du bord haut
2024-12-13,ORA.PA,2024-12-16,8.8587,8.8587,9.027,0.2832,-0.5941,-0.0117,-0.0172,non,non,non,dans la bande
2024-12-13,SAF.PA,2024-12-16,204.4703,204.4703,213.0346,6.1092,-1.4019,0.0954,-0.2613,oui,non,non,"sous le bord bas, pente courte négative"
2024-12-13,ENGI.PA,2024-12-16,13.3468,13.3468,13.8195,0.4701,-1.0056,0.0585,-0.0832,oui,non,non,"sous le bord bas, pente courte négative"
2024-12-20,AI.PA,2024-12-23,135.8439,149.4283,142.0803,3.7753,-1.6519,-0.0275,-0.0084,oui,non,oui,"sous le bord bas, pente courte négative"
2024-12-20,KER.PA,2024-12-23,223.699,223.699,199.4343,17.8742,1.3575,-0.2711,0.5157,non,oui,non,au-dessus du bord haut
2024-12-20,ORA.PA,2024-12-23,8.7057,8.7057,8.9314,0.2525,-0.8937,-0.031,-0.169,non,non,non,dans la bande
2024-12-20,SAF.PA,2024-12-23,205.3504,205.3504,213.5681,6.0397,-1.3606,0.0967,-0.3133,oui,non,non,"sous le bord bas, pente courte négative"
2024-12-20,ENGI.PA,2024-12-23,13.0706,13.0706,13.6737,0.4679,-1.2886,0.036,-0.0424,oui,non,non,"sous le bord bas, pente courte négative"
2024-12-27,AI.PA,2024-12-30,136.2985,149.9284,141.0613,3.8055,-1.2515,-0.0375,-0.1541,oui,non,non,"sous le bord bas, pente courte négative"
2024-12-27,KER.PA,2024-12-30,227.2809,227.2809,201.9028,17.3617,1.4617,-0.2409,0.3665,non,oui,non,au-dessus du bord haut
2024-12-27,ORA.PA,2024-12-30,8.8366,8.8366,8.8859,0.242,-0.2036,-0.0392,-0.1427,non,non,non,dans la bande
2024-12-27,SAF.PA,2024-12-30,206.3282,206.3282,213.7909,5.9969,-1.2444,0.0973,-0.323,oui,non,non,"sous le bord bas, pente courte négative"
2024-12-27,ENGI.PA,2024-12-30,13.2723,13.2723,13.6016,0.4581,-0.7189,0.0245,-0.0571,non,non,non,dans la bande
2025-01-03,AI.PA,2025-01-06,135.197,148.7167,139.9148,3.7981,-1.2422,-0.0481,-0.2667,oui,non,oui,"sous le bord bas, pente courte négative"
2025-01-03,KER.PA,2025-01-06,214.2907,214.2907,205.5441,15.4987,0.5643,-0.1965,-0.0448,non,non,non,dans la bande
2025-01-03,ORA.PA,2025-01-06,8.8827,8.8827,8.8456,0.2284,0.1627,-0.0466,-0.0141,non,non,non,dans la bande
2025-01-03,SAF.PA,2025-01-06,206.915,206.915,214.2695,5.9181,-1.2427,0.0987,-0.0758,oui,non,non,"sous le bord bas, pente courte négative"
2025-01-03,ENGI.PA,2025-01-06,13.693,13.693,13.5388,0.4197,0.3676,0.0114,0.0558,non,non,non,dans la bande
2025-01-10,AI.PA,2025-01-13,136.4559,150.1015,138.9594,3.7036,-0.6759,-0.0564,-0.0762,non,non,non,dans la bande
2025-01-10,KER.PA,2025-01-13,217.586,217.586,209.3393,12.3108,0.6699,-0.1462,-0.3179,non,non,non,dans la bande
2025-01-10,ORA.PA,2025-01-13,8.9528,8.9528,8.8064,0.2185,0.67,-0.0527,0.0689,non,non,non,dans la bande
2025-01-10,SAF.PA,2025-01-13,215.5201,215.5201,215.4103,5.7937,0.0189,0.1024,0.22,non,non,non,dans la bande
2025-01-10,ENGI.PA,2025-01-13,13.7106,13.7106,13.4972,0.3644,0.5856,-0.0009,0.3008,non,non,non,dans la bande
2025-01-17,AI.PA,2025-01-20,141.1945,155.3139,138.1451,3.6509,0.8352,-0.0625,0.1028,non,non,non,dans la bande
2025-01-17,KER.PA,2025-01-20,233.8749,233.8749,212.0004,11.1597,1.9601,-0.1118,-0.1205,non,oui,non,au-dessus du bord haut
2025-01-17,ORA.PA,2025-01-20,9.4211,9.4211,8.8388,0.2339,2.4896,-0.0474,0.3444,non,oui,non,au-dessus du bord haut
2025-01-17,SAF.PA,2025-01-20,222.3651,222.3651,217.3139,5.6449,0.8948,0.1104,0.3851,non,non,non,dans la bande
2025-01-17,ENGI.PA,2025-01-20,14.0963,14.0963,13.48,0.3153,1.9542,-0.0097,0.4092,non,oui,non,au-dessus du bord haut
2025-01-24,AI.PA,2025-01-27,143.1703,157.4873,137.9072,3.5612,1.4779,-0.0643,0.2414,non,oui,non,au-dessus du bord haut
2025-01-24,KER.PA,2025-01-27,248.9076,248.9076,216.9762,11.551,2.7644,-0.0693,0.4476,non,oui,non,au-dessus du bord haut
2025-01-24,ORA.PA,2025-01-27,9.3611,9.3611,8.8988,0.2588,1.7865,-0.0385,0.4362,non,oui,non,au-dessus du bord haut
2025-01-24,SAF.PA,2025-01-27,231.2636,231.2636,219.7623,5.8577,1.9635,0.1165,0.6163,non,oui,non,au-dessus du bord haut
2025-01-24,ENGI.PA,2025-01-27,13.5878,13.5878,13.4427,0.2753,0.527,-0.0182,0.115,non,non,non,dans la bande
2025-01-31,AI.PA,2025-02-03,147.4018,162.1419,138.3286,3.7422,2.4245,-0.0612,0.4072,non,oui,non,au-dessus du bord haut
2025-01-31,KER.PA,2025-02-03,244.234,244.234,221.7201,12.6816,1.7753,-0.0349,0.8527,non,oui,non,au-dessus du bord haut
2025-01-31,ORA.PA,2025-02-03,9.5639,9.5639,8.9697,0.2862,2.0763,-0.0291,0.4672,non,oui,non,au-dessus du bord haut
2025-01-31,SAF.PA,2025-02-03,234.5884,234.5884,222.5878,6.265,1.9155,0.1234,0.6349,non,oui,non,au-dessus du bord haut
2025-01-31,ENGI.PA,2025-02-03,13.9517,13.9517,13.4369,0.2673,1.9257,-0.0207,-0.0496,non,oui,non,au-dessus du bord haut
2025-02-07,AI.PA,2025-02-10,147.8564,162.642,139.0137,4.0624,2.1767,-0.0547,0.4641,non,oui,non,au-dessus du bord haut
2025-02-07,KER.PA,2025-02-10,232.8149,232.8149,225.0067,12.5946,0.62,-0.0082,0.4496,non,non,non,dans la bande
2025-02-07,ORA.PA,2025-02-10,9.7253,9.7253,9.0557,0.3136,2.1349,-0.0169,0.2734,non,oui,non,au-dessus du bord haut
2025-02-07,SAF.PA,2025-02-10,238.2065,238.2065,225.74,6.6935,1.8625,0.1327,0.5243,non,oui,non,au-dessus du bord haut
2025-02-07,ENGI.PA,2025-02-10,13.8947,13.8947,13.4954,0.2867,1.3926,-0.0156,0.0459,non,oui,non,au-dessus du bord haut
2025-02-14,AI.PA,2025-02-17,152.2103,167.4313,140.1436,4.5682,2.6415,-0.044,0.358,non,oui,non,au-dessus du bord haut
2025-02-14,KER.PA,2025-02-17,269.8186,269.8186,231.2351,12.9875,2.9708,0.0366,0.2724,non,oui,non,au-dessus du bord haut
2025-02-14,ORA.PA,2025-02-17,10.1078,10.1078,9.1897,0.3596,2.5533,0.0017,0.3365,non,oui,non,au-dessus du bord haut
2025-02-14,SAF.PA,2025-02-17,240.5533,240.5533,229.2499,7.1862,1.5729,0.1434,0.3738,non,oui,non,au-dessus du bord haut
2025-02-14,ENGI.PA,2025-02-17,13.6317,13.6317,13.5271,0.2941,0.3554,-0.0127,0.0866,non,non,non,dans la bande
2025-02-21,AI.PA,2025-02-24,155.9696,171.5666,141.831,5.1569,2.7417,-0.0267,0.2867,non,oui,non,au-dessus du bord haut
2025-02-21,KER.PA,2025-02-24,266.9276,266.9276,239.0206,13.1877,2.1161,0.0882,0.5626,non,oui,non,au-dessus du bord haut
2025-02-21,ORA.PA,2025-02-24,10.2092,10.2092,9.3501,0.3961,2.1692,0.025,0.3952,non,oui,non,au-dessus du bord haut
2025-02-21,SAF.PA,2025-02-24,238.7932,238.7932,232.8868,7.6727,0.7698,0.1538,0.3065,non,non,non,dans la bande
2025-02-21,ENGI.PA,2025-02-24,14.0744,14.0744,13.5816,0.3002,1.6417,-0.0059,0.0483,non,oui,non,au-dessus du bord haut
2025-02-28,AI.PA,2025-03-03,154.4134,169.8547,143.3953,5.5937,1.9698,-0.0125,0.2755,non,oui,non,au-dessus du bord haut
2025-02-28,KER.PA,2025-03-03,261.2422,261.2422,244.851,13.5217,1.2122,0.1195,0.7165,non,oui,non,au-dessus du bord haut
2025-02-28,ORA.PA,2025-03-03,10.6425,10.6425,9.5892,0.43,2.4496,0.0617,0.5362,non,oui,non,au-dessus du bord haut
2025-02-28,SAF.PA,2025-03-03,244.5625,244.5625,235.3271,7.7556,1.1908,0.1544,0.1694,non,oui,non,au-dessus du bord haut
2025-02-28,ENGI.PA,2025-03-03,15.1132,15.1132,13.7913,0.3667,3.6045,0.0162,0.3185,non,oui,non,au-dessus du bord haut
2025-03-07,AI.PA,2025-03-10,157.6307,173.3938,145.7891,6.1256,1.9331,0.011,0.2957,non,oui,non,au-dessus du bord haut
2025-03-07,KER.PA,2025-03-10,239.9458,239.9458,247.1764,13.5404,-0.534,0.1265,-0.0658,non,non,non,dans la bande
2025-03-07,ORA.PA,2025-03-10,10.8222,10.8222,9.8604,0.4389,2.1914,0.1029,0.5103,non,oui,non,au-dessus du bord haut
2025-03-07,SAF.PA,2025-03-10,245.247,245.247,239.3852,8.2473,0.7108,0.1668,0.2194,non,non,non,dans la bande
2025-03-07,ENGI.PA,2025-03-10,14.8108,14.8108,14.0166,0.4057,1.9577,0.0392,0.5543,non,oui,non,au-dessus du bord haut
2025-03-14,AI.PA,2025-03-17,157.6132,173.3746,148.1287,6.3875,1.4849,0.0339,0.2335,non,oui,non,au-dessus du bord haut
2025-03-14,KER.PA,2025-03-17,215.4212,215.4212,247.2014,13.8561,-2.2936,0.1201,-0.7777,oui,non,non,"sous le bord bas, pente courte négative"
2025-03-14,ORA.PA,2025-03-17,10.896,10.896,10.1496,0.4202,1.7764,0.1454,0.4748,non,oui,non,au-dessus du bord haut
2025-03-14,SAF.PA,2025-03-17,245.1492,245.1492,241.6756,8.0959,0.4291,0.1722,-0.0256,non,non,non,dans la bande
2025-03-14,ENGI.PA,2025-03-17,15.1088,15.1088,14.2459,0.4346,1.9857,0.0608,0.5203,non,oui,non,au-dessus du bord haut
2025-03-21,AI.PA,2025-03-24,155.2003,170.7203,150.5174,6.2085,0.7543,0.059,0.1139,non,non,non,dans la bande
2025-03-21,KER.PA,2025-03-24,199.2803,199.2803,243.882,15.1275,-2.9484,0.1068,-1.5362,oui,non,non,"sous le bord bas, pente courte négative"
2025-03-21,ORA.PA,2025-03-24,10.9052,10.9052,10.3979,0.4001,1.2678,0.1771,0.2627,non,oui,non,au-dessus du bord haut
2025-03-21,SAF.PA,2025-03-24,244.8559,244.8559,245.2765,7.7765,-0.0541,0.1857,0.0713,non,non,non,dans la bande
2025-03-21,ENGI.PA,2025-03-24,15.3849,15.3849,14.4782,0.4573,1.9827,0.0811,0.2362,non,oui,non,au-dessus du bord haut
2025-03-28,AI.PA,2025-03-31,154.1511,169.5662,152.1957,6.0485,0.3233,0.0746,-0.1059,non,non,non,dans la bande
2025-03-28,KER.PA,2025-03-31,191.9952,191.9952,238.2546,17.7267,-2.6096,0.0769,-1.7511,oui,non,non,"sous le bord bas, pente courte négative"
2025-03-28,ORA.PA,2025-03-31,10.9236,10.9236,10.5832,0.3917,0.8693,0.1941,0.0857,non,non,non,dans la bande
2025-03-28,SAF.PA,2025-03-31,240.2599,240.2599,247.4045,7.7261,-0.9247,0.187,-0.0852,non,non,non,dans la bande
2025-03-28,ENGI.PA,2025-03-31,15.832,15.832,14.7388,0.4956,2.2058,0.1013,0.305,non,oui,non,au-dessus du bord haut
2025-04-04,AI.PA,2025-04-07,151.4234,166.5657,153.7526,5.6399,-0.413,0.0904,-0.1825,non,non,non,dans la bande
2025-04-04,KER.PA,2025-04-07,164.6471,164.6471,230.013,21.2,-3.0833,0.031,-1.856,oui,non,non,"sous le bord bas, pente courte négative"
2025-04-04,ORA.PA,2025-04-07,11.2325,11.2325,10.8154,0.3809,1.0949,0.2172,0.1658,non,oui,non,au-dessus du bord haut
2025-04-04,SAF.PA,2025-04-07,213.4666,213.4666,246.872,8.6424,-3.8653,0.1724,-0.2404,oui,non,non,"sous le bord bas, pente courte négative"
2025-04-04,ENGI.PA,2025-04-07,16.1739,16.1739,15.0888,0.5285,2.0533,0.131,0.4775,non,oui,non,au-dessus du bord haut
2025-04-11,AI.PA,2025-04-14,147.1745,161.8919,153.8356,5.4135,-1.2305,0.0948,-0.4934,oui,non,non,"sous le bord bas, pente courte négative"
2025-04-11,KER.PA,2025-04-14,161.9104,161.9104,218.7274,25.2739,-2.248,-0.0333,-1.7046,oui,non,non,"sous le bord bas, pente courte négative"
2025-04-11,ORA.PA,2025-04-14,11.2509,11.2509,11.0114,0.3455,0.6931,0.2353,0.1659,non,non,non,dans la bande
2025-04-11,SAF.PA,2025-04-14,200.1677,200.1677,241.846,12.378,-3.3671,0.1368,-1.2812,oui,non,non,"sous le bord bas, pente courte négative"
2025-04-11,ENGI.PA,2025-04-14,15.832,15.832,15.3376,0.4814,1.0271,0.1521,0.2312,non,oui,non,au-dessus du bord haut
2025-04-17,AI.PA,2025-04-22,151.4059,166.5465,154.7124,5.0914,-0.6494,0.1033,-0.2861,non,non,non,dans la bande
2025-04-17,KER.PA,2025-04-22,158.4991,158.4991,210.6339,27.2161,-1.9156,-0.0786,-1.4961,oui,non,non,"sous le bord bas, pente courte négative"
2025-04-17,ORA.PA,2025-04-22,11.5966,11.5966,11.2045,0.3207,1.2225,0.2528,0.3091,non,oui,non,au-dessus du bord haut
2025-04-17,SAF.PA,2025-04-22,207.5017,207.5017,238.6886,13.7021,-2.2761,0.1124,-1.2612,oui,non,non,"sous le bord bas, pente courte négative"
2025-04-17,ENGI.PA,2025-04-22,16.3668,16.3668,15.5929,0.4612,1.6779,0.1721,0.1944,non,oui,non,au-dessus du bord haut
2025-04-25,AI.PA,2025-04-28,156.0046,171.605,155.82,4.8162,0.0383,0.1124,0.0263,non,non,non,dans la bande
2025-04-25,KER.PA,2025-04-28,168.1548,168.1548,203.6626,28.1156,-1.2629,-0.1188,-0.8265,oui,non,non,"sous le bord bas, pente courte négative"
2025-04-25,ORA.PA,2025-04-28,11.3661,11.3661,11.3966,0.2972,-0.1026,0.2684,0.338,non,non,non,dans la bande
2025-04-25,SAF.PA,2025-04-28,225.0054,225.0054,236.4288,14.2535,-0.8014,0.0924,-0.6802,non,non,non,dans la bande
2025-04-25,ENGI.PA,2025-04-28,16.5879,16.5879,15.8578,0.4511,1.6182,0.1906,0.2268,non,oui,non,au-dessus du bord haut
2025-05-02,AI.PA,2025-05-05,161.9496,178.1446,157.2044,4.6205,1.027,0.1224,0.4103,non,oui,non,au-dessus du bord haut
2025-05-02,KER.PA,2025-05-05,178.0032,178.0032,198.0426,28.4613,-0.7041,-0.1503,0.2177,non,non,non,dans la bande
2025-05-02,ORA.PA,2025-05-05,11.6841,11.6841,11.5651,0.2705,0.44,0.2793,0.3056,non,non,non,dans la bande
2025-05-02,SAF.PA,2025-05-05,237.9131,237.9131,236.3245,14.3219,0.1109,0.0873,0.3553,non,non,non,dans la bande
2025-05-02,ENGI.PA,2025-05-05,17.2447,17.2447,16.1626,0.4694,2.3055,0.2103,0.4348,non,oui,non,au-dessus du bord haut
2025-05-09,AI.PA,2025-05-12,160.7781,176.8559,158.9517,4.4873,0.407,0.1327,0.5832,non,non,non,dans la bande
2025-05-09,KER.PA,2025-05-12,175.2452,175.2452,190.047,28.0406,-0.5279,-0.2021,0.6577,non,non,non,dans la bande
2025-05-09,ORA.PA,2025-05-12,11.6565,11.6565,11.7553,0.2511,-0.3934,0.2872,0.2661,non,non,non,dans la bande
2025-05-09,SAF.PA,2025-05-12,242.7046,242.7046,237.9943,14.3265,0.3288,0.0915,1.1279,non,non,non,dans la bande
2025-05-09,ENGI.PA,2025-05-12,17.1305,17.1305,16.5469,0.4774,1.2225,0.2334,0.6041,non,oui,non,au-dessus du bord haut
2025-05-16,AI.PA,2025-05-19,163.1736,179.4909,160.3946,4.4297,0.6273,0.1383,0.3272,non,non,non,dans la bande
2025-05-16,KER.PA,2025-05-19,175.8362,175.8362,183.5918,26.9717,-0.2875,-0.2452,0.5929,non,non,non,dans la bande
2025-05-16,ORA.PA,2025-05-19,11.7395,11.7395,11.8831,0.2434,-0.5901,0.2867,-0.0216,non,non,non,dans la bande
2025-05-16,SAF.PA,2025-05-19,250.4297,250.4297,240.387,14.4256,0.6962,0.0982,1.0167,non,non,non,dans la bande
2025-05-16,ENGI.PA,2025-05-19,17.4875,17.4875,16.8683,0.4341,1.4264,0.251,0.2774,non,oui,non,au-dessus du bord haut
2025-05-23,AI.PA,2025-05-26,163.6898,180.0588,162.1614,4.4601,0.3427,0.1446,0.2776,non,non,non,dans la bande
2025-05-23,KER.PA,2025-05-26,170.6947,170.6947,176.5875,25.7518,-0.2288,-0.2905,0.1313,non,non,non,dans la bande
2025-05-23,ORA.PA,2025-05-26,12.2972,12.2972,12.1128,0.2175,0.8479,0.2988,0.3052,non,non,non,dans la bande
2025-05-23,SAF.PA,2025-05-26,249.1585,249.1585,243.4248,14.6188,0.3922,0.1077,0.664,non,non,non,dans la bande
2025-05-23,ENGI.PA,2025-05-26,18.0586,18.0586,17.2597,0.4359,1.8327,0.27,0.3147,non,oui,non,au-dessus du bord haut
2025-05-30,AI.PA,2025-06-02,162.337,178.5707,163.5812,4.4203,-0.2815,0.1485,0.1582,non,non,non,dans la bande
2025-05-30,KER.PA,2025-06-02,169.7688,169.7688,169.7715,24.4293,-0.0001,-0.3332,-0.157,non,non,non,dans la bande
2025-05-30,ORA.PA,2025-06-02,12.1082,12.1082,12.2935,0.1996,-0.9281,0.3021,0.3361,non,non,non,dans la bande
2025-05-30,SAF.PA,2025-06-02,258.4955,258.4955,246.86,14.7364,0.7896,0.12,0.4309,non,non,non,dans la bande
2025-05-30,ENGI.PA,2025-06-02,18.0729,18.0729,17.624,0.4281,1.0487,0.2845,0.35,non,oui,non,au-dessus du bord haut
2025-06-06,AI.PA,2025-06-09,163.2804,179.6084,164.8049,4.3702,-0.3488,0.1507,0.0804,non,non,non,dans la bande
2025-06-06,KER.PA,2025-06-09,170.7932,170.7932,164.8687,23.9614,0.2472,-0.3566,-0.3964,non,non,non,dans la bande
2025-06-06,ORA.PA,2025-06-09,12.0964,12.0964,12.4384,0.194,-1.7625,0.2997,0.3192,oui,non,non,candidate à l'achat
2025-06-06,SAF.PA,2025-06-09,262.7478,262.7478,249.634,14.837,0.8839,0.1218,0.3512,non,non,non,dans la bande
2025-06-06,ENGI.PA,2025-06-09,18.2252,18.2252,17.9724,0.4033,0.6269,0.2967,0.402,non,non,non,dans la bande
2025-06-13,AI.PA,2025-06-16,162.693,178.9623,165.6316,4.3782,-0.6712,0.1473,-0.0582,non,non,non,dans la bande
2025-06-13,KER.PA,2025-06-16,169.9855,169.9855,160.9944,23.5171,0.3823,-0.3738,-0.0164,non,non,non,dans la bande
2025-06-13,ORA.PA,2025-06-16,12.1679,12.1679,12.5273,0.2131,-1.6861,0.2887,-0.0561,oui,non,non,"sous le bord bas, pente courte négative"
2025-06-13,SAF.PA,2025-06-16,250.3867,250.3867,251.1506,14.7568,-0.0518,0.1167,0.0966,non,non,non,dans la bande
2025-06-13,ENGI.PA,2025-06-16,18.9202,18.9202,18.2978,0.3975,1.5657,0.3033,0.2237,non,oui,non,au-dessus du bord haut
2025-06-20,AI.PA,2025-06-23,159.0974,175.0071,165.5358,4.4082,-1.4605,0.1336,-0.1002,oui,non,non,"sous le bord bas, pente courte négative"
2025-06-20,KER.PA,2025-06-23,176.3287,176.3287,158.1888,23.2205,0.7812,-0.3847,0.2655,non,non,non,dans la bande
2025-06-20,ORA.PA,2025-06-23,12.2013,12.2013,12.6001,0.2257,-1.7668,0.2742,-0.0057,oui,non,non,"sous le bord bas, pente courte négative"
2025-06-20,SAF.PA,2025-06-23,257.3089,257.3089,252.1227,14.4896,0.3579,0.1073,-0.0331,non,non,non,dans la bande
2025-06-20,ENGI.PA,2025-06-23,18.6108,18.6108,18.6024,0.3904,0.0215,0.3071,0.2287,non,non,non,dans la bande
2025-06-27,AI.PA,2025-06-30,157.1572,172.8729,164.5375,4.6782,-1.5776,0.1135,-0.2918,oui,non,non,"sous le bord bas, pente courte négative"
2025-06-27,KER.PA,2025-06-30,181.4308,181.4308,154.9047,22.7071,1.1682,-0.3996,0.175,non,oui,non,au-dessus du bord haut
2025-06-27,ORA.PA,2025-06-30,12.2491,12.2491,12.6427,0.2393,-1.6449,0.2564,0.0314,oui,non,non,candidate à l'achat
2025-06-27,SAF.PA,2025-06-30,269.1756,269.1756,253.7083,14.3333,1.0791,0.1019,0.0209,non,oui,non,au-dessus du bord haut
2025-06-27,ENGI.PA,2025-06-30,18.8678,18.8678,18.9151,0.3581,-0.1322,0.3132,0.2216,non,non,non,dans la bande
2025-07-04,AI.PA,2025-07-07,155.7687,171.3456,163.3939,4.6721,-1.6321,0.0919,-0.3212,oui,non,non,"sous le bord bas, pente courte négative"
2025-07-04,KER.PA,2025-07-07,195.1613,195.1613,154.4246,23.0142,1.7701,-0.3974,0.5117,non,oui,non,au-dessus du bord haut
2025-07-04,ORA.PA,2025-07-07,12.6928,12.6928,12.7262,0.2258,-0.1477,0.2429,0.2508,non,non,non,dans la bande
2025-07-04,SAF.PA,2025-07-07,266.8022,266.8022,255.9326,14.3729,0.7563,0.1015,0.2484,non,non,non,dans la bande
2025-07-04,ENGI.PA,2025-07-07,18.8821,18.8821,19.1981,0.3263,-0.9687,0.3164,0.1441,non,non,non,dans la bande
2025-07-11,AI.PA,2025-07-14,155.84,171.4239,162.3049,4.5655,-1.4161,0.0722,-0.1654,oui,non,non,"sous le bord bas, pente courte négative"
2025-07-11,KER.PA,2025-07-14,195.6931,195.6931,156.0383,24.2483,1.6354,-0.3747,0.7013,non,oui,non,au-dessus du bord haut
2025-07-11,ORA.PA,2025-07-14,12.397,12.397,12.7882,0.2334,-1.6766,0.2307,0.1877,oui,non,non,candidate à l'achat
2025-07-11,SAF.PA,2025-07-14,276.3944,276.3944,259.3365,14.6899,1.1612,0.1088,0.411,non,oui,non,au-dessus du bord haut
2025-07-11,ENGI.PA,2025-07-14,18.725,18.725,19.411,0.3181,-2.1567,0.3137,0.015,oui,non,non,candidate à l'achat
2025-07-18,AI.PA,2025-07-21,153.0809,168.389,161.0507,4.607,-1.73,0.0536,-0.0527,oui,non,non,"sous le bord bas, pente courte négative"
2025-07-18,KER.PA,2025-07-21,194.3733,194.3733,158.5361,25.2565,1.4189,-0.339,0.5719,non,oui,non,au-dessus du bord haut
2025-07-18,ORA.PA,2025-07-21,12.5879,12.5879,12.8436,0.2296,-1.1137,0.2171,0.1729,oui,non,non,candidate à l'achat
2025-07-18,SAF.PA,2025-07-21,282.13,282.13,263.9007,15.0914,1.2079,0.1254,0.4278,non,oui,non,au-dessus du bord haut
2025-07-18,ENGI.PA,2025-07-21,18.5394,18.5394,19.5201,0.372,-2.6364,0.2998,-0.1051,oui,non,non,"sous le bord bas, pente courte négative"
2025-07-25,AI.PA,2025-07-28,152.7961,168.0757,159.8002,4.7394,-1.4778,0.0373,-0.1387,oui,non,non,"sous le bord bas, pente courte négative"
2025-07-25,KER.PA,2025-07-28,218.4656,218.4656,163.4454,26.9698,2.0401,-0.2874,0.4129,non,oui,non,au-dessus du bord haut
2025-07-25,ORA.PA,2025-07-28,12.7119,12.7119,12.8847,0.2216,-0.78,0.2024,0.0452,non,non,non,dans la bande
2025-07-25,SAF.PA,2025-07-28,274.4167,274.4167,267.6977,15.166,0.443,0.1385,0.2299,non,non,non,dans la bande
2025-07-25,ENGI.PA,2025-07-28,18.7202,18.7202,19.6384,0.4099,-2.24,0.2877,-0.0672,oui,non,non,"sous le bord bas, pente courte négative"
2025-08-01,AI.PA,2025-08-04,151.4967,166.6464,158.7065,4.7404,-1.5209,0.0229,-0.1153,oui,non,non,"sous le bord bas, pente courte négative"
2025-08-01,KER.PA,2025-08-04,212.9005,212.9005,169.3318,28.507,1.5283,-0.2296,0.6182,non,oui,non,au-dessus du bord haut
2025-08-01,ORA.PA,2025-08-04,13.1939,13.1939,12.9316,0.2043,1.2838,0.1886,0.1743,non,oui,non,au-dessus du bord haut
2025-08-01,SAF.PA,2025-08-04,277.1855,277.1855,271.8831,15.1001,0.3511,0.1544,0.089,non,non,non,dans la bande
2025-08-01,ENGI.PA,2025-08-04,18.2205,18.2205,19.6835,0.47,-3.1129,0.2698,-0.0374,oui,non,oui,"sous le bord bas, pente courte négative"
2025-08-08,AI.PA,2025-08-11,154.6651,170.1316,157.8244,4.7702,-0.6623,0.0124,-0.0199,non,non,non,dans la bande
2025-08-08,KER.PA,2025-08-11,212.408,212.408,177.5135,27.7397,1.2579,-0.1415,0.5811,non,oui,non,au-dessus du bord haut
2025-08-08,ORA.PA,2025-08-11,13.2941,13.2941,13.048,0.1977,1.2447,0.1846,0.3327,non,oui,non,au-dessus du bord haut
2025-08-08,SAF.PA,2025-08-11,287.9644,287.9644,277.3285,14.833,0.717,0.1776,0.1855,non,non,non,dans la bande
2025-08-08,ENGI.PA,2025-08-11,17.754,17.754,19.5703,0.554,-3.2785,0.2381,-0.1973,oui,non,oui,"sous le bord bas, pente courte négative"
2025-08-15,AI.PA,2025-08-18,160.3968,176.4365,157.507,4.7464,0.6088,0.0072,0.1448,non,non,non,dans la bande
2025-08-15,KER.PA,2025-08-18,208.4682,208.4682,186.1578,25.6291,0.8705,-0.0481,0.13,non,non,non,dans la bande
2025-08-15,ORA.PA,2025-08-18,13.7808,13.7808,13.2144,0.2132,2.6573,0.1859,0.545,non,oui,non,au-dessus du bord haut
2025-08-15,SAF.PA,2025-08-18,288.5578,288.5578,282.3305,14.452,0.4309,0.1967,0.3017,non,non,non,dans la bande
2025-08-15,ENGI.PA,2025-08-18,18.0015,18.0015,19.4196,0.6312,-2.2465,0.2063,-0.355,oui,non,oui,"sous le bord bas, pente courte négative"
2025-08-22,AI.PA,2025-08-25,162.9778,179.2756,158.2768,4.8431,0.9707,0.0118,0.3725,non,non,non,dans la bande
2025-08-22,KER.PA,2025-08-25,220.4355,220.4355,195.8179,21.8969,1.1242,0.0533,0.0987,non,oui,non,au-dessus du bord haut
2025-08-22,ORA.PA,2025-08-25,13.819,13.819,13.4061,0.2345,1.7602,0.192,0.531,non,oui,non,au-dessus du bord haut
2025-08-22,SAF.PA,2025-08-25,287.2722,287.2722,287.4619,13.5578,-0.014,0.2178,0.2172,non,non,non,dans la bande
2025-08-22,ENGI.PA,2025-08-25,17.8682,17.8682,19.3083,0.6995,-2.0586,0.1826,-0.2536,oui,non,oui,"sous le bord bas, pente courte négative"
2025-08-29,AI.PA,2025-09-01,156.8367,172.5204,158.5031,4.826,-0.3453,0.014,0.2474,non,non,non,dans la bande
2025-08-29,KER.PA,2025-09-01,225.7051,225.7051,206.3971,17.5417,1.1007,0.1552,0.4801,non,oui,non,au-dessus du bord haut
2025-08-29,ORA.PA,2025-09-01,13.2654,13.2654,13.4963,0.2393,-0.9648,0.1884,0.0659,non,non,non,dans la bande
2025-08-29,SAF.PA,2025-09-01,281.7344,281.7344,291.3532,12.5944,-0.7637,0.2308,-0.0282,non,non,non,dans la bande
2025-08-29,ENGI.PA,2025-09-01,16.8401,16.8401,19.0275,0.8044,-2.7192,0.1458,-0.3213,oui,non,oui,"sous le bord bas, pente courte négative"
2025-09-05,AI.PA,2025-09-08,156.0891,171.6981,158.3826,4.8363,-0.4742,0.0131,-0.0532,non,non,non,dans la bande
2025-09-05,KER.PA,2025-09-08,233.7818,233.7818,216.256,13.4152,1.3064,0.2394,0.6668,non,oui,non,au-dessus du bord haut
2025-09-05,ORA.PA,2025-09-08,13.003,13.003,13.5384,0.2577,-2.0775,0.1802,-0.3056,oui,non,non,"sous le bord bas, pente courte négative"
2025-09-05,SAF.PA,2025-09-08,275.1089,275.1089,293.8592,11.9899,-1.5638,0.2369,-0.2173,oui,non,non,"sous le bord bas, pente courte négative"
2025-09-05,ENGI.PA,2025-09-08,16.7925,16.7925,18.6914,0.8898,-2.1341,0.1067,-0.4526,oui,non,oui,"sous le bord bas, pente courte négative"
2025-09-12,AI.PA,2025-09-15,157.7446,173.519,158.2716,4.8425,-0.1088,0.0114,-0.2249,non,non,non,dans la bande
2025-09-12,KER.PA,2025-09-15,237.6724,237.6724,224.286,10.8852,1.2298,0.2958,0.5652,non,oui,non,au-dessus du bord haut
2025-09-12,ORA.PA,2025-09-15,13.2654,13.2654,13.5616,0.2728,-1.0855,0.1692,-0.3219,oui,non,non,"sous le bord bas, pente courte négative"
2025-09-12,SAF.PA,2025-09-15,282.4267,282.4267,296.4497,11.1748,-1.2549,0.244,-0.2301,oui,non,non,"sous le bord bas, pente courte négative"
2025-09-12,ENGI.PA,2025-09-15,17.3256,17.3256,18.4205,0.9015,-1.2145,0.0736,-0.2851,oui,non,oui,"sous le bord bas, pente courte négative"
2025-09-19,AI.PA,2025-09-22,156.3562,171.9918,157.8037,4.8421,-0.299,0.0056,-0.0825,non,non,non,dans la bande
2025-09-19,KER.PA,2025-09-22,263.9218,263.9218,235.4465,10.1149,2.8152,0.3627,0.8973,non,oui,non,au-dessus du bord haut
2025-09-19,ORA.PA,2025-09-22,13.0793,13.0793,13.5627,0.2883,-1.6766,0.1562,-0.0919,oui,non,non,"sous le bord bas, pente courte négative"
2025-09-19,SAF.PA,2025-09-22,288.36,288.36,298.6876,10.911,-0.9465,0.2456,-0.0293,non,non,non,dans la bande
2025-09-19,ENGI.PA,2025-09-22,17.021,17.021,18.1753,0.8961,-1.2882,0.0447,0.0553,oui,non,oui,candidate à l'achat
2025-09-26,AI.PA,2025-09-29,156.1604,171.7764,156.7842,4.3905,-0.1421,-0.0081,-0.0535,non,non,non,dans la bande
2025-09-26,KER.PA,2025-09-29,270.8658,270.8658,244.9534,10.7108,2.4193,0.4009,1.0494,non,oui,non,au-dessus du bord haut
2025-09-26,ORA.PA,2025-09-29,13.1318,13.1318,13.5497,0.3053,-1.3686,0.143,-0.0319,oui,non,non,"sous le bord bas, pente courte négative"
2025-09-26,SAF.PA,2025-09-29,292.7111,292.7111,299.6315,10.467,-0.6612,0.2293,0.2718,non,non,non,dans la bande
2025-09-26,ENGI.PA,2025-09-29,17.4113,17.4113,17.9559,0.8565,-0.6358,0.0186,0.1955,non,non,oui,dans la bande
2025-10-03,AI.PA,2025-10-06,152.7961,168.0757,155.6331,3.5207,-0.8058,-0.0244,-0.0515,non,non,non,dans la bande
2025-10-03,KER.PA,2025-10-06,293.3723,293.3723,255.2234,12.5758,3.0335,0.4324,1.1688,non,oui,non,au-dessus du bord haut
2025-10-03,ORA.PA,2025-10-06,12.7119,12.7119,13.5183,0.3209,-2.513,0.128,-0.0635,oui,non,non,"sous le bord bas, pente courte négative"
2025-10-03,SAF.PA,2025-10-06,299.7322,299.7322,299.7449,8.8355,-0.0014,0.2024,0.423,non,non,non,dans la bande
2025-10-03,ENGI.PA,2025-10-06,17.8159,17.8159,17.7575,0.7575,0.077,-0.0073,0.194,non,non,oui,dans la bande
2025-10-10,AI.PA,2025-10-13,150.9449,166.0394,154.1625,3.2081,-1.003,-0.0393,-0.1662,oui,non,non,"sous le bord bas, pente courte négative"
2025-10-10,KER.PA,2025-10-13,304.3546,304.3546,267.7842,14.934,2.4488,0.4746,1.0303,non,oui,non,au-dessus du bord haut
2025-10-10,ORA.PA,2025-10-13,12.9696,12.9696,13.4736,0.3549,-1.4199,0.1153,-0.1336,oui,non,non,"sous le bord bas, pente courte négative"
2025-10-10,SAF.PA,2025-10-13,293.9966,293.9966,299.5421,6.8616,-0.8082,0.1765,0.3367,non,non,non,dans la bande
2025-10-10,ENGI.PA,2025-10-13,18.011,18.011,17.6191,0.6835,0.5733,-0.0253,0.2416,non,non,oui,dans la bande
2025-10-17,AI.PA,2025-10-20,153.8107,169.1918,153.3918,3.0608,0.1369,-0.0456,-0.1392,non,non,non,dans la bande
2025-10-17,KER.PA,2025-10-20,304.8964,304.8964,279.5775,15.2705,1.658,0.5128,0.8699,non,oui,non,au-dessus du bord haut
2025-10-17,ORA.PA,2025-10-20,13.6806,13.6806,13.486,0.3591,0.542,0.107,0.0996,non,non,non,dans la bande
2025-10-17,SAF.PA,2025-10-20,293.6011,293.6011,299.7176,5.9642,-1.0255,0.1586,0.1156,oui,non,non,candidate à l'achat
2025-10-17,ENGI.PA,2025-10-20,18.7107,18.7107,17.6256,0.6547,1.6575,-0.0304,0.4214,non,oui,non,au-dessus du bord haut
2025-10-24,AI.PA,2025-10-27,153.5259,168.8785,152.9982,3.0434,0.1734,-0.047,-0.069,non,non,non,dans la bande
2025-10-24,KER.PA,2025-10-27,326.6642,326.6642,293.5028,16.2937,2.0352,0.5564,0.7998,non,oui,non,au-dessus du bord haut
2025-10-24,ORA.PA,2025-10-27,13.2845,13.2845,13.525,0.3572,-0.6732,0.1021,0.2833,non,non,non,dans la bande
2025-10-24,SAF.PA,2025-10-27,301.1167,301.1167,301.3023,5.6421,-0.0329,0.1511,0.1031,non,non,non,dans la bande
2025-10-24,ENGI.PA,2025-10-27,18.7488,18.7488,17.6881,0.6567,1.6153,-0.0298,0.4535,non,oui,non,au-dessus du bord haut
2025-10-31,AI.PA,2025-11-03,149.4497,164.3947,152.4086,3.0324,-0.9758,-0.0496,0.0269,non,non,non,dans la bande
2025-10-31,KER.PA,2025-11-03,302.1877,302.1877,305.276,15.0954,-0.2046,0.5884,0.3749,non,non,non,dans la bande
2025-10-31,ORA.PA,2025-11-03,13.2034,13.2034,13.487,0.3433,-0.8258,0.0873,0.2395,non,non,non,dans la bande
2025-10-31,SAF.PA,2025-11-03,304.4789,304.4789,302.8144,5.521,0.3015,0.1453,0.142,non,non,non,dans la bande
2025-10-31,ENGI.PA,2025-11-03,19.3247,19.3247,17.7779,0.6597,2.3446,-0.0291,0.4833,non,oui,non,au-dessus du bord haut
2025-11-07,AI.PA,2025-11-10,150.6957,165.7653,151.9691,2.9782,-0.4276,-0.0479,-0.1429,non,non,non,dans la bande
2025-11-07,KER.PA,2025-11-10,295.3914,295.3914,311.9231,14.3844,-1.1493,0.5871,-0.1755,oui,non,non,"sous le bord bas, pente courte négative"
2025-11-07,ORA.PA,2025-11-10,13.5183,13.5183,13.5004,0.3463,0.0518,0.083,-0.0096,non,non,non,dans la bande
2025-11-07,SAF.PA,2025-11-10,297.7545,297.7545,304.4436,5.5458,-1.2062,0.1416,0.1278,oui,non,non,candidate à l'achat
2025-11-07,ENGI.PA,2025-11-10,20.1529,20.1529,18.0624,0.7786,2.6851,-0.0107,0.5393,non,oui,non,au-dessus du bord haut
2025-11-14,AI.PA,2025-11-17,152.2621,167.4883,151.9855,2.9183,0.0948,-0.0431,-0.0715,non,non,non,dans la bande
2025-11-14,KER.PA,2025-11-17,315.7803,315.7803,319.6588,13.8304,-0.2804,0.5859,-0.3382,non,non,non,dans la bande
2025-11-14,ORA.PA,2025-11-17,13.38,13.38,13.5457,0.3459,-0.4792,0.0812,0.0451,non,non,non,dans la bande
2025-11-14,SAF.PA,2025-11-17,301.0178,301.0178,306.1093,5.5603,-0.9157,0.1387,0.0372,non,non,non,dans la bande
2025-11-14,ENGI.PA,2025-11-17,20.7527,20.7527,18.4305,0.911,2.549,0.0137,0.6606,non,oui,non,au-dessus du bord haut
2025-11-21,AI.PA,2025-11-24,147.6875,162.4562,151.3691,2.9202,-1.2607,-0.0432,-0.1226,oui,non,non,"sous le bord bas, pente courte négative"
2025-11-21,KER.PA,2025-11-24,291.7471,291.7471,323.5736,14.5832,-2.1824,0.5637,-0.2809,oui,non,non,"sous le bord bas, pente courte négative"
2025-11-21,ORA.PA,2025-11-24,13.3084,13.3084,13.5294,0.3501,-0.6312,0.0729,0.061,non,non,non,dans la bande
2025-11-21,SAF.PA,2025-11-24,286.1844,286.1844,306.2625,6.109,-3.2866,0.1305,-0.1381,oui,non,oui,"sous le bord bas, pente courte négative"
2025-11-21,ENGI.PA,2025-11-24,20.5813,20.5813,18.8187,1.0103,1.7448,0.0394,0.5525,non,oui,non,au-dessus du bord haut
2025-11-28,AI.PA,2025-12-01,146.9577,161.6535,150.6612,2.9232,-1.2669,-0.0435,-0.1875,oui,non,non,"sous le bord bas, pente courte négative"
2025-11-28,KER.PA,2025-12-01,288.3982,288.3982,325.6315,15.9558,-2.3335,0.5334,-0.1887,oui,non,non,"sous le bord bas, pente courte négative"
2025-11-28,ORA.PA,2025-12-01,13.5422,13.5422,13.5217,0.341,0.0602,0.0643,0.0416,non,non,non,dans la bande
2025-11-28,SAF.PA,2025-12-01,287.0744,287.0744,303.8732,7.2697,-2.3108,0.1091,-0.4343,oui,non,oui,"sous le bord bas, pente courte négative"
2025-11-28,ENGI.PA,2025-12-01,20.8479,20.8479,19.1977,1.0591,1.5581,0.0653,0.243,non,oui,non,au-dessus du bord haut
2025-12-05,AI.PA,2025-12-08,145.1243,159.6367,149.8205,2.9928,-1.5691,-0.046,-0.2835,oui,non,non,"sous le bord bas, pente courte négative"
2025-12-05,KER.PA,2025-12-08,291.0576,291.0576,326.8251,17.4272,-2.0524,0.5005,-0.4448,oui,non,non,"sous le bord bas, pente courte négative"
2025-12-05,ORA.PA,2025-12-08,13.3969,13.3969,13.5417,0.3331,-0.4347,0.059,0.0553,non,non,non,dans la bande
2025-12-05,SAF.PA,2025-12-08,289.6455,289.6455,301.9378,7.4668,-1.6462,0.0895,-0.3777,oui,non,non,"sous le bord bas, pente courte négative"
2025-12-05,ENGI.PA,2025-12-08,20.3814,20.3814,19.5533,1.0684,0.7751,0.0899,0.0198,non,non,non,dans la bande
2025-12-12,AI.PA,2025-12-15,141.1549,155.2703,147.9962,3.2937,-2.0771,-0.0597,-0.2786,oui,non,non,"sous le bord bas, pente courte négative"
2025-12-12,KER.PA,2025-12-15,291.7471,291.7471,325.7504,19.2534,-1.7661,0.4541,-0.2411,oui,non,non,"sous le bord bas, pente courte négative"
2025-12-12,ORA.PA,2025-12-15,13.3384,13.3384,13.5051,0.3165,-0.5267,0.0477,0.0748,non,non,non,dans la bande
2025-12-12,SAF.PA,2025-12-15,288.0633,288.0633,300.3109,7.4352,-1.6472,0.0729,-0.0793,oui,non,non,"sous le bord bas, pente courte négative"
2025-12-12,ENGI.PA,2025-12-15,20.6575,20.6575,19.8949,1.0451,0.7296,0.1139,-0.0704,non,non,non,dans la bande
2025-12-19,AI.PA,2025-12-22,141.9559,156.1514,146.3969,3.4094,-1.3026,-0.071,-0.2479,oui,non,non,"sous le bord bas, pente courte négative"
2025-12-19,KER.PA,2025-12-22,298.0016,298.0016,327.7002,19.8613,-1.4953,0.429,0.188,oui,non,non,candidate à l'achat
2025-12-19,ORA.PA,2025-12-22,13.5626,13.5626,13.5132,0.3127,0.1582,0.0437,0.0034,non,non,non,dans la bande
2025-12-19,SAF.PA,2025-12-22,302.8966,302.8966,299.492,7.2435,0.47,0.061,0.2349,non,non,non,dans la bande
2025-12-19,ENGI.PA,2025-12-22,21.2096,21.2096,20.2747,1.0017,0.9333,0.1401,0.0486,non,non,non,dans la bande
2025-12-24,AI.PA,2025-12-29,142.4187,156.6605,145.557,3.4209,-0.9174,-0.0765,-0.2059,non,non,non,dans la bande
2025-12-24,KER.PA,2025-12-29,299.0359,299.0359,327.9204,20.4385,-1.4132,0.4097,0.2458,oui,non,non,candidate à l'achat
2025-12-24,ORA.PA,2025-12-29,13.704,13.704,13.525,0.3077,0.5818,0.0413,0.0161,non,non,non,dans la bande
2025-12-24,SAF.PA,2025-12-29,295.9744,295.9744,299.4968,7.1919,-0.4898,0.0575,0.2167,non,non,non,dans la bande
2025-12-24,ENGI.PA,2025-12-29,21.0954,21.0954,20.5104,0.9708,0.6026,0.1556,0.1183,non,non,non,dans la bande
2026-01-02,AI.PA,2026-01-05,141.5109,155.662,144.4915,3.3789,-0.8821,-0.0836,-0.0699,non,non,non,dans la bande
2026-01-02,KER.PA,2026-01-05,300.0208,300.0208,327.5759,21.2022,-1.2996,0.3814,0.2251,oui,non,non,candidate à l'achat
2026-01-02,ORA.PA,2026-01-05,13.9819,13.9819,13.561,0.3028,1.39,0.0398,0.1652,non,oui,non,au-dessus du bord haut
2026-01-02,SAF.PA,2026-01-05,303.7867,303.7867,299.3609,7.2252,0.6125,0.0527,0.1518,non,non,non,dans la bande
2026-01-02,ENGI.PA,2026-01-05,21.8665,21.8665,20.8468,0.9296,1.0968,0.1765,0.2711,non,oui,non,au-dessus du bord haut
2026-01-09,AI.PA,2026-01-12,141.3329,155.4661,142.6492,3.209,-0.4102,-0.0979,-0.0622,non,non,non,dans la bande
2026-01-09,KER.PA,2026-01-12,312.6284,312.6284,327.3591,21.4121,-0.688,0.3446,0.2226,non,non,non,dans la bande
2026-01-09,ORA.PA,2026-01-12,13.8405,13.8405,13.6219,0.3049,0.717,0.0397,0.3074,non,non,non,dans la bande
2026-01-09,SAF.PA,2026-01-12,313.7744,313.7744,302.0629,7.6644,1.528,0.0596,0.4684,non,oui,non,au-dessus du bord haut
2026-01-09,ENGI.PA,2026-01-12,22.6661,22.6661,21.3864,0.8818,1.4511,0.2091,0.5377,non,oui,non,au-dessus du bord haut
2026-01-16,AI.PA,2026-01-19,141.7066,155.8773,141.3544,2.9025,0.1214,-0.1072,-0.0328,non,non,non,dans la bande
2026-01-16,KER.PA,2026-01-19,285.4955,285.4955,326.8603,22.1081,-1.871,0.3141,0.0181,oui,non,non,candidate à l'achat
2026-01-16,ORA.PA,2026-01-19,14.4012,14.4012,13.6877,0.3095,2.3051,0.0401,0.2657,non,oui,non,au-dessus du bord haut
2026-01-16,SAF.PA,2026-01-19,317.1367,317.1367,304.749,8.0837,1.5324,0.0647,0.4969,non,oui,non,au-dessus du bord haut
2026-01-16,ENGI.PA,2026-01-19,22.6947,22.6947,21.9302,0.7866,0.9719,0.2406,0.5283,non,non,non,dans la bande
2026-01-23,AI.PA,2026-01-26,140.2827,154.3109,139.7171,2.4771,0.2283,-0.1193,-0.0858,non,non,non,dans la bande
2026-01-23,KER.PA,2026-01-26,271.8981,271.8981,320.7872,24.3084,-2.0112,0.2593,-0.5214,oui,non,oui,"sous le bord bas, pente courte négative"
2026-01-23,ORA.PA,2026-01-26,14.6108,14.6108,13.8171,0.3358,2.3637,0.0488,0.2657,non,oui,non,au-dessus du bord haut
2026-01-23,SAF.PA,2026-01-26,306.9511,306.9511,306.3315,8.1425,0.0761,0.0669,0.2797,non,non,non,dans la bande
2026-01-23,ENGI.PA,2026-01-26,22.9422,22.9422,22.4359,0.6731,0.7522,0.2663,0.4069,non,non,non,dans la bande
2026-01-30,AI.PA,2026-02-02,140.5674,154.6242,138.3892,1.9921,1.0934,-0.1282,-0.0089,non,oui,non,au-dessus du bord haut
2026-01-30,KER.PA,2026-02-02,261.218,261.218,312.7389,25.7899,-1.9977,0.1951,-1.0249,oui,non,oui,"sous le bord bas, pente courte négative"
2026-01-30,ORA.PA,2026-02-02,15.2299,15.2299,14.0798,0.4056,2.8357,0.072,0.5103,non,oui,non,au-dessus du bord haut
2026-01-30,SAF.PA,2026-02-02,297.6555,297.6555,306.5568,8.2508,-1.0788,0.0648,-0.3033,oui,non,non,"sous le bord bas, pente courte négative"
2026-01-30,ENGI.PA,2026-02-02,23.8941,23.8941,22.986,0.6003,1.5127,0.29,0.347,non,oui,non,au-dessus du bord haut
2026-02-06,AI.PA,2026-02-09,149.2895,164.2185,138.735,2.6636,3.9625,-0.1185,0.2172,non,oui,non,au-dessus du bord haut
2026-02-06,KER.PA,2026-02-09,255.1857,255.1857,302.8848,26.3341,-1.8113,0.1234,-1.0063,oui,non,oui,"sous le bord bas, pente courte négative"
2026-02-06,ORA.PA,2026-02-09,16.0977,16.0977,14.4818,0.4857,3.3268,0.1103,0.8145,non,oui,non,au-dessus du bord haut
2026-02-06,SAF.PA,2026-02-09,304.5778,304.5778,306.7757,8.3197,-0.2642,0.0633,-0.3955,non,non,non,dans la bande
2026-02-06,ENGI.PA,2026-02-09,24.4653,24.4653,23.5895,0.5413,1.6178,0.314,0.5089,non,oui,non,au-dessus du bord haut
2026-02-13,AI.PA,2026-02-16,150.7669,165.8436,139.9565,3.3777,3.2005,-0.0996,0.5315,non,oui,non,au-dessus du bord haut
2026-02-13,KER.PA,2026-02-16,281.1938,281.1938,296.334,25.0238,-0.605,0.0699,0.0242,non,non,non,dans la bande
2026-02-13,ORA.PA,2026-02-16,16.7266,16.7266,14.9579,0.5685,3.1113,0.1531,0.9173,non,oui,non,au-dessus du bord haut
2026-02-13,SAF.PA,2026-02-16,329.1022,329.1022,308.3223,8.5615,2.4271,0.0664,0.0036,non,oui,non,au-dessus du bord haut
2026-02-13,ENGI.PA,2026-02-16,24.8366,24.8366,24.2238,0.4824,1.2701,0.3367,0.6086,non,oui,non,au-dessus du bord haut
2026-02-20,AI.PA,2026-02-23,156.2494,171.8743,141.1101,4.0882,3.7031,-0.084,0.5124,non,oui,non,au-dessus du bord haut
2026-02-20,KER.PA,2026-02-23,274.9142,274.9142,289.4153,23.3151,-0.622,0.0184,0.2878,non,non,oui,dans la bande
2026-02-20,ORA.PA,2026-02-23,17.3067,17.3067,15.4436,0.6611,2.8182,0.191,0.7973,non,oui,non,au-dessus du bord haut
2026-02-20,SAF.PA,2026-02-23,342.5511,342.5511,313.8707,10.2998,2.7845,0.0836,0.7803,non,oui,non,au-dessus du bord haut
2026-02-20,ENGI.PA,2026-02-23,25.0365,25.0365,24.7356,0.4854,0.6199,0.3442,0.4406,non,non,non,dans la bande
2026-02-27,AI.PA,2026-03-02,158.6346,174.498,143.3734,5.2288,2.9187,-0.0589,0.4901,non,oui,non,au-dessus du bord haut
2026-02-27,KER.PA,2026-03-02,282.7265,282.7265,284.2581,20.3081,-0.0754,-0.0243,0.5612,non,non,non,dans la bande
2026-02-27,ORA.PA,2026-03-02,17.7358,17.7358,15.9536,0.742,2.4018,0.2268,0.6688,non,oui,non,au-dessus du bord haut
2026-02-27,SAF.PA,2026-03-02,336.2222,336.2222,318.4638,11.2761,1.5749,0.0939,0.8906,non,oui,non,au-dessus du bord haut
2026-02-27,ENGI.PA,2026-03-02,27.5401,27.5401,25.3822,0.6,3.5968,0.3569,0.5567,non,oui,non,au-dessus du bord haut
2026-03-06,AI.PA,2026-03-09,148.8979,163.7877,144.783,5.505,0.7475,-0.0412,0.1939,non,non,non,dans la bande
2026-03-06,KER.PA,2026-03-09,254.5429,254.5429,275.14,17.4002,-1.1837,-0.0806,-0.2864,oui,non,oui,"sous le bord bas, pente courte négative"
2026-03-06,ORA.PA,2026-03-09,17.0386,17.0386,16.385,0.7408,0.8823,0.2551,0.3233,non,non,non,dans la bande
2026-03-06,SAF.PA,2026-03-09,314.17,314.17,319.6662,11.3426,-0.4846,0.0912,0.18,non,non,non,dans la bande
2026-03-06,ENGI.PA,2026-03-09,25.0841,25.0841,25.8462,0.6097,-1.2499,0.3593,0.2949,oui,non,non,candidate à l'achat
2026-03-13,AI.PA,2026-03-16,152.0841,167.2925,145.6399,5.5327,1.1647,-0.0288,-0.1084,non,oui,non,au-dessus du bord haut
2026-03-13,KER.PA,2026-03-16,245.9395,245.9395,267.2155,15.4518,-1.3769,-0.1244,-0.5888,oui,non,oui,"sous le bord bas, pente courte négative"
2026-03-13,ORA.PA,2026-03-16,17.0825,17.0825,16.6913,0.7137,0.5481,0.27,-0.0875,non,non,non,dans la bande
2026-03-13,SAF.PA,2026-03-16,301.0178,301.0178,319.1227,11.5347,-1.5696,0.0822,-0.6472,oui,non,non,"sous le bord bas, pente courte négative"
2026-03-13,ENGI.PA,2026-03-16,26.3121,26.3121,26.1962,0.615,0.1884,0.3525,0.0982,non,non,non,dans la bande
2026-03-20,AI.PA,2026-03-23,148.8445,163.7289,146.8266,5.5043,0.3666,-0.0132,-0.2941,non,non,non,dans la bande
2026-03-20,KER.PA,2026-03-23,231.551,231.551,257.9115,13.9845,-1.885,-0.171,-1.0515,oui,non,oui,"sous le bord bas, pente courte négative"
2026-03-20,ORA.PA,2026-03-23,16.6876,16.6876,16.9881,0.6868,-0.4376,0.2824,-0.2424,non,non,non,dans la bande
2026-03-20,SAF.PA,2026-03-23,278.4711,278.4711,316.5871,12.6009,-3.0249,0.0674,-0.9203,oui,non,non,"sous le bord bas, pente courte négative"
2026-03-20,ENGI.PA,2026-03-23,25.2364,25.2364,26.5402,0.6304,-2.0682,0.3448,-0.0807,oui,non,non,"sous le bord bas, pente courte négative"
2026-03-27,AI.PA,2026-03-30,153.9175,169.3093,147.8805,5.4547,1.1068,-0.0001,-0.0428,non,oui,non,au-dessus du bord haut
2026-03-27,KER.PA,2026-03-30,245.5439,245.5439,251.5634,12.6701,-0.4751,-0.1989,-0.3919,non,non,oui,dans la bande
2026-03-27,ORA.PA,2026-03-30,16.868,16.868,17.1895,0.6764,-0.4753,0.2833,-0.1456,non,non,non,dans la bande
2026-03-27,SAF.PA,2026-03-30,275.3066,275.3066,312.0887,14.4144,-2.5518,0.0465,-0.9111,oui,non,non,"sous le bord bas, pente courte négative"
2026-03-27,ENGI.PA,2026-03-30,25.541,25.541,26.7192,0.6736,-1.749,0.3286,-0.0656,oui,non,non,"sous le bord bas, pente courte négative"
2026-04-02,AI.PA,2026-04-07,160.6638,176.7301,149.5924,5.7206,1.9354,0.0165,0.337,non,oui,non,au-dessus du bord haut
2026-04-02,KER.PA,2026-04-07,262.3058,262.3058,249.3601,12.5033,1.0354,-0.2036,0.0401,non,oui,oui,au-dessus du bord haut
2026-04-02,ORA.PA,2026-04-07,17.4432,17.4432,17.3903,0.6668,0.0794,0.2868,0.101,non,non,non,dans la bande
2026-04-02,SAF.PA,2026-04-07,284.1078,284.1078,308.5687,15.5084,-1.5773,0.0303,-0.7677,oui,non,non,"sous le bord bas, pente courte négative"
2026-04-02,ENGI.PA,2026-04-07,27.5782,27.5782,26.9992,0.6766,0.8557,0.3229,0.2184,non,non,non,dans la bande
2026-04-10,AI.PA,2026-04-13,167.8016,184.5818,152.1133,6.1233,2.562,0.0407,0.5407,non,oui,non,au-dessus du bord haut
2026-04-10,KER.PA,2026-04-13,273.3814,273.3814,248.7178,12.7883,1.9286,-0.2014,0.622,non,oui,non,au-dessus du bord haut
2026-04-10,ORA.PA,2026-04-13,17.4969,17.4969,17.6344,0.6372,-0.2158,0.2959,0.2169,non,non,non,dans la bande
2026-04-10,SAF.PA,2026-04-13,309.8189,309.8189,308.0539,15.7194,0.1123,0.0261,-0.0577,non,non,non,dans la bande
2026-04-10,ENGI.PA,2026-04-13,27.7305,27.7305,27.3619,0.6808,0.5414,0.3228,0.3486,non,non,non,dans la bande
2026-04-17,AI.PA,2026-04-20,165.5766,182.1343,155.432,6.3113,1.6074,0.0721,0.7159,non,oui,non,au-dessus du bord haut
2026-04-17,KER.PA,2026-04-20,250.7851,250.7851,248.3552,12.8898,0.1885,-0.1892,0.5503,non,non,non,dans la bande
2026-04-17,ORA.PA,2026-04-20,16.712,16.712,17.8613,0.6109,-1.8815,0.3003,0.2426,oui,non,non,candidate à l'achat
2026-04-17,SAF.PA,2026-04-20,311.7966,311.7966,308.4524,15.7605,0.2122,0.0273,0.6307,non,non,non,dans la bande
2026-04-17,ENGI.PA,2026-04-20,26.6262,26.6262,27.6668,0.6911,-1.5056,0.3144,0.4633,oui,non,non,candidate à l'achat
2026-04-24,AI.PA,2026-04-27,167.6414,184.4056,158.5023,6.2334,1.4661,0.0996,0.4129,non,oui,non,au-dessus du bord haut
2026-04-24,KER.PA,2026-04-27,237.3855,237.3855,244.9057,12.8496,-0.5852,-0.193,-0.3826,non,non,non,dans la bande
2026-04-24,ORA.PA,2026-04-27,17.2092,17.2092,18.0225,0.6144,-1.3237,0.2963,0.0358,oui,non,non,candidate à l'achat
2026-04-24,SAF.PA,2026-04-27,267.0,267.0,304.212,16.9503,-2.1954,0.0093,0.0698,oui,non,non,candidate à l'achat
2026-04-24,ENGI.PA,2026-04-27,26.9214,26.9214,27.8813,0.7137,-1.3452,0.302,0.1311,oui,non,non,candidate à l'achat
2026-04-30,AI.PA,2026-05-04,162.9422,179.2364,160.2549,6.0284,0.4458,0.114,0.0435,non,non,non,dans la bande
2026-04-30,KER.PA,2026-05-04,230.0676,230.0676,240.6739,12.7259,-0.8334,-0.2076,-0.9045,non,non,non,dans la bande
2026-04-30,ORA.PA,2026-05-04,17.3262,17.3262,18.1052,0.6339,-1.2289,0.2885,-0.1194,oui,non,non,"sous le bord bas, pente courte négative"
2026-04-30,SAF.PA,2026-05-04,269.9666,269.9666,299.9518,18.0178,-1.6642,-0.0079,-0.665,oui,non,non,"sous le bord bas, pente courte négative"
2026-04-30,ENGI.PA,2026-05-04,28.07,28.07,28.0885,0.7284,-0.0254,0.2964,-0.0887,non,non,non,dans la bande
2026-05-08,AI.PA,2026-05-11,155.8577,171.4435,161.7672,5.431,-1.0881,0.128,-0.3377,oui,non,non,"sous le bord bas, pente courte négative"
2026-05-08,KER.PA,2026-05-11,243.1705,243.1705,237.3203,12.7866,0.4575,-0.2121,-0.7398,non,non,non,dans la bande
2026-05-08,ORA.PA,2026-05-11,17.3847,17.3847,18.2514,0.6404,-1.3533,0.2841,0.0132,oui,non,non,candidate à l'achat
2026-05-08,SAF.PA,2026-05-11,283.1189,283.1189,296.7435,18.5735,-0.7336,-0.0203,-0.6776,non,non,non,dans la bande
2026-05-08,ENGI.PA,2026-05-11,26.99,26.99,28.347,0.7443,-1.8231,0.2906,0.0126,oui,non,non,candidate à l'achat
2026-05-15,AI.PA,2026-05-18,156.8546,172.54,162.7999,5.0668,-1.1734,0.1354,-0.3857,oui,non,non,"sous le bord bas, pente courte négative"
2026-05-15,KER.PA,2026-05-18,234.221,234.221,234.5306,12.659,-0.0245,-0.2147,-0.0989,non,non,non,dans la bande
2026-05-15,ORA.PA,2026-05-18,17.765,17.765,18.4125,0.6452,-1.0036,0.2772,0.2951,oui,non,non,candidate à l'achat
2026-05-15,SAF.PA,2026-05-18,268.3844,268.3844,292.8343,18.8871,-1.2945,-0.0373,-0.1594,oui,non,non,"sous le bord bas, pente courte négative"
2026-05-15,ENGI.PA,2026-05-18,26.6,26.6,28.5356,0.781,-2.4782,0.282,0.0769,oui,non,non,candidate à l'achat
2026-05-22,AI.PA,2026-05-25,163.9818,180.38,164.1285,4.8092,-0.0305,0.143,-0.1179,non,non,non,dans la bande
2026-05-22,KER.PA,2026-05-25,239.3138,239.3138,232.0382,12.5977,0.5775,-0.2184,0.1816,non,non,non,dans la bande
2026-05-22,ORA.PA,2026-05-25,17.7504,17.7504,18.5497,0.6553,-1.2199,0.268,0.3288,oui,non,non,candidate à l'achat
2026-05-22,SAF.PA,2026-05-25,281.8333,281.8333,287.7189,18.4589,-0.3188,-0.0642,0.1733,non,non,non,dans la bande
2026-05-22,ENGI.PA,2026-05-25,27.17,27.17,28.6372,0.8386,-1.7496,0.2674,-0.0264,oui,non,non,"sous le bord bas, pente courte négative"
2026-05-29,AI.PA,2026-06-01,161.8909,178.08,165.9512,4.5174,-0.8988,0.1537,0.2909,non,non,non,dans la bande
2026-05-29,KER.PA,2026-06-01,252.5157,252.5157,230.8322,12.8564,1.6866,-0.2158,0.328,non,oui,non,au-dessus du bord haut
2026-05-29,ORA.PA,2026-06-01,17.4871,17.4871,18.6016,0.686,-1.6246,0.2534,0.0709,oui,non,non,candidate à l'achat
2026-05-29,SAF.PA,2026-06-01,305.7,305.7,286.932,18.0225,1.0414,-0.0713,0.4442,non,oui,non,au-dessus du bord haut
2026-05-29,ENGI.PA,2026-06-01,26.47,26.47,28.6416,0.9142,-2.3754,0.2474,-0.1319,oui,non,non,"sous le bord bas, pente courte négative"
2026-06-05,AI.PA,2026-06-08,166.7273,183.4,166.9519,4.4867,-0.0501,0.1542,0.2834,non,non,non,dans la bande
2026-06-05,KER.PA,2026-06-08,249.45,249.45,230.0981,13.1983,1.4662,-0.2116,0.3277,non,oui,non,au-dessus du bord haut
2026-06-05,ORA.PA,2026-06-08,16.9996,16.9996,18.5228,0.7357,-2.0703,0.2264,-0.2807,oui,non,non,"sous le bord bas, pente courte négative"
2026-06-05,SAF.PA,2026-06-08,298.5,298.5,285.7798,17.5472,0.7249,-0.0794,0.575,non,non,non,dans la bande
2026-06-05,ENGI.PA,2026-06-08,26.94,26.94,28.534,0.968,-1.6466,0.2204,-0.1266,oui,non,non,"sous le bord bas, pente courte négative"
2026-06-12,AI.PA,2026-06-15,168.3,168.3,168.2332,4.4662,0.015,0.1557,0.2032,non,non,non,dans la bande
2026-06-12,KER.PA,2026-06-15,268.35,268.35,232.5841,14.1799,2.5223,-0.1852,0.4574,non,oui,non,au-dessus du bord haut
2026-06-12,ORA.PA,2026-06-15,17.835,17.835,18.4675,0.7421,-0.8524,0.201,-0.1927,non,non,non,dans la bande
2026-06-12,SAF.PA,2026-06-15,306.1,306.1,284.491,17.0359,1.2684,-0.0878,0.4211,non,oui,non,au-dessus du bord haut
2026-06-12,ENGI.PA,2026-06-15,27.51,27.51,28.4386,0.9688,-0.9585,0.1945,-0.0223,non,non,non,dans la bande
2026-06-19,AI.PA,2026-06-22,164.16,164.16,169.1921,4.4813,-1.1229,0.1543,0.0766,oui,non,non,candidate à l'achat
2026-06-19,KER.PA,2026-06-22,271.95,271.95,236.8586,15.6869,2.237,-0.1506,0.6213,non,oui,non,au-dessus du bord haut
2026-06-19,ORA.PA,2026-06-22,17.085,17.085,18.334,0.7536,-1.6573,0.1708,-0.1033,oui,non,non,"sous le bord bas, pente courte négative"
2026-06-19,SAF.PA,2026-06-22,329.4,329.4,288.3125,18.5056,2.2203,-0.0727,0.5044,non,oui,non,au-dessus du bord haut
2026-06-19,ENGI.PA,2026-06-22,26.83,26.83,28.294,0.9525,-1.5371,0.1674,0.0259,oui,non,non,candidate à l'achat
2026-06-26,AI.PA,2026-06-29,172.86,172.86,170.3057,4.4991,0.5677,0.1526,0.2187,non,non,non,dans la bande
2026-06-26,KER.PA,2026-06-29,267.05,267.05,241.3051,16.041,1.6049,-0.1131,0.5041,non,oui,non,au-dessus du bord haut
2026-06-26,ORA.PA,2026-06-29,16.98,16.98,18.1406,0.7582,-1.5307,0.1375,-0.1303,oui,non,non,"sous le bord bas, pente courte négative"
2026-06-26,SAF.PA,2026-06-29,332.7,332.7,293.8342,20.4931,1.8965,-0.0494,0.8921,non,oui,non,au-dessus du bord haut
2026-06-26,ENGI.PA,2026-06-29,27.31,27.31,28.1444,0.9181,-0.9088,0.142,0.061,non,non,non,dans la bande
2026-07-03,AI.PA,2026-07-06,180.3,180.3,172.1859,4.6325,1.7515,0.155,0.3855,non,oui,non,au-dessus du bord haut
2026-07-03,KER.PA,2026-07-06,248.45,248.45,244.3835,14.5869,0.2788,-0.079,-0.1099,non,non,non,dans la bande
2026-07-03,ORA.PA,2026-07-06,15.86,15.86,17.7964,0.7754,-2.4971,0.0933,-0.5118,oui,non,oui,"sous le bord bas, pente courte négative"
2026-07-03,SAF.PA,2026-07-06,356.7,356.7,302.4341,22.9205,2.3676,-0.0088,1.0066,non,oui,non,au-dessus du bord haut
2026-07-03,ENGI.PA,2026-07-06,27.73,27.73,28.0613,0.8894,-0.3725,0.1229,0.0588,non,non,non,dans la bande
2026-07-10,AI.PA,2026-07-13,174.3,174.3,173.6,4.6331,0.1511,0.1536,0.3996,non,non,non,dans la bande
2026-07-10,KER.PA,2026-07-13,248.5,248.5,245.5522,13.6919,0.2153,-0.0611,-0.5629,non,non,non,dans la bande
2026-07-10,ORA.PA,2026-07-13,15.87,15.87,17.413,0.7642,-2.0192,0.0485,-0.578,oui,non,oui,"sous le bord bas, pente courte négative"
2026-07-10,SAF.PA,2026-07-13,336.1,336.1,309.5764,24.064,1.1022,0.0243,0.3797,non,oui,non,au-dessus du bord haut
2026-07-10,ENGI.PA,2026-07-13,26.88,26.88,27.9073,0.8345,-1.231,0.1006,0.0355,oui,non,non,candidate à l'achat
2026-07-17,AI.PA,2026-07-20,176.46,176.46,174.7499,4.5191,0.3784,0.148,0.2551,non,non,non,dans la bande
2026-07-17,KER.PA,2026-07-20,252.3,252.3,246.4931,13.6075,0.4267,-0.0492,-0.3722,non,non,non,dans la bande
2026-07-17,ORA.PA,2026-07-20,16.465,16.465,17.1143,0.6657,-0.9754,0.0118,-0.2607,non,non,non,dans la bande
2026-07-17,SAF.PA,2026-07-20,329.5,329.5,313.5828,24.2948,0.6552,0.0409,-0.124,non,non,non,dans la bande
2026-07-17,ENGI.PA,2026-07-20,26.86,26.86,27.7282,0.748,-1.1607,0.078,-0.02,oui,non,non,"sous le bord bas, pente courte négative"
2026-07-24,AI.PA,2026-07-27,176.52,176.52,175.5968,4.3314,0.2131,0.14,0.0223,non,non,non,dans la bande
2026-07-24,KER.PA,2026-07-27,242.3,242.3,245.8697,13.637,-0.2618,-0.0502,-0.1111,non,non,non,dans la bande
2026-07-24,ORA.PA,2026-07-27,16.16,16.16,16.8564,0.5816,-1.1972,-0.0177,0.0788,oui,non,non,candidate à l'achat
2026-07-24,SAF.PA,2026-07-27,329.8,329.8,315.9433,24.394,0.568,0.0475,-0.4562,non,non,non,dans la bande
2026-07-24,ENGI.PA,2026-07-27,27.79,27.79,27.6433,0.6783,0.2163,0.063,0.022,non,non,non,dans la bande
2026-07-31,AI.PA,2026-08-03,170.72,170.72,176.2408,4.4072,-1.2527,0.1358,-0.1067,oui,non,non,"sous le bord bas, pente courte négative"
2026-07-31,KER.PA,2026-08-03,284.2,284.2,249.7483,14.9894,2.2984,-0.0269,0.5825,non,oui,non,au-dessus du bord haut
2026-07-31,ORA.PA,2026-08-03,16.57,16.57,16.758,0.5336,-0.3524,-0.0307,0.3655,non,non,non,dans la bande
2026-07-31,SAF.PA,2026-08-03,338.4,338.4,320.6735,24.7207,0.7171,0.0649,-0.1,non,non,non,dans la bande
2026-07-31,ENGI.PA,2026-08-03,27.11,27.11,27.438,0.6773,-0.4843,0.0451,-0.0992,non,non,non,dans la bande
2026-08-07,AI.PA,2026-08-10,172.38,172.38,176.6302,4.4961,-0.9453,0.1298,-0.1968,non,non,non,dans la bande
2026-08-07,KER.PA,2026-08-10,286.65,286.65,256.7018,15.8792,1.886,0.016,0.9792,non,oui,non,au-dessus du bord haut
2026-08-07,ORA.PA,2026-08-10,16.455,16.455,16.6164,0.5233,-0.3084,-0.0429,0.0732,non,non,non,dans la bande
2026-08-07,SAF.PA,2026-08-10,357.4,357.4,329.2704,24.6951,1.1391,0.1034,0.5283,non,oui,non,au-dessus du bord haut
2026-08-07,ENGI.PA,2026-08-10,26.72,26.72,27.2933,0.6598,-0.869,0.0319,-0.1324,non,non,non,dans la bande
2026-08-14,AI.PA,2026-08-17,168.26,168.26,176.704,4.642,-1.8191,0.1229,-0.2355,oui,non,non,"sous le bord bas, pente courte négative"
2026-08-14,KER.PA,2026-08-17,268.55,268.55,262.1237,15.1929,0.423,0.0523,0.718,non,non,non,dans la bande
2026-08-14,ORA.PA,2026-08-17,16.405,16.405,16.5011,0.5182,-0.1855,-0.0501,-0.093,non,non,non,dans la bande
2026-08-14,SAF.PA,2026-08-17,360.5,360.5,340.1454,22.6806,0.8974,0.1572,0.6898,non,non,non,dans la bande
2026-08-14,ENGI.PA,2026-08-17,25.72,25.72,27.0558,0.6584,-2.0287,0.0149,-0.2551,oui,non,non,"sous le bord bas, pente courte négative"
2026-08-21,AI.PA,2026-08-24,167.12,167.12,176.4722,4.9421,-1.8924,0.1163,-0.2341,oui,non,non,"sous le bord bas, pente courte négative"
2026-08-21,KER.PA,2026-08-24,254.3,254.3,264.1472,13.7027,-0.7186,0.0711,-0.3712,non,non,non,dans la bande
2026-08-21,ORA.PA,2026-08-24,15.965,15.965,16.4018,0.5221,-0.8366,-0.0543,-0.2929,non,non,oui,dans la bande
2026-08-21,SAF.PA,2026-08-24,343.6,343.6,348.4173,19.5619,-0.2463,0.1978,0.1941,non,non,non,dans la bande
2026-08-21,ENGI.PA,2026-08-24,25.29,25.29,26.857,0.6979,-2.2452,0.0063,-0.2651,oui,non,non,"sous le bord bas, pente courte négative"
2026-08-28,AI.PA,2026-08-31,169.8,169.8,175.6605,5.0978,-1.1496,0.0999,-0.1728,oui,non,non,"sous le bord bas, pente courte négative"
2026-08-28,KER.PA,2026-08-31,254.2,254.2,264.0738,13.6906,-0.7212,0.0715,-0.8768,non,non,non,dans la bande
2026-08-28,ORA.PA,2026-08-31,15.195,15.195,16.1803,0.5313,-1.8546,-0.0708,-0.306,oui,non,oui,"sous le bord bas, pente courte négative"
2026-08-28,SAF.PA,2026-08-31,344.2,344.2,354.0095,17.5245,-0.5598,0.2207,-0.2578,non,non,non,dans la bande
2026-08-28,ENGI.PA,2026-08-31,24.5,24.5,26.425,0.7381,-2.608,-0.0193,-0.4872,oui,non,non,"sous le bord bas, pente courte négative"
2026-09-04,AI.PA,2026-09-08,170.44,170.44,175.3807,5.0585,-0.9767,0.0882,0.0598,non,non,non,dans la bande
2026-09-04,KER.PA,2026-09-08,245.2,245.2,262.9167,13.9752,-1.2677,0.0642,-0.6719,oui,non,non,"sous le bord bas, pente courte négative"
2026-09-04,ORA.PA,2026-09-08,15.34,15.34,15.9532,0.5253,-1.1673,-0.0874,-0.3643,oui,non,oui,"sous le bord bas, pente courte négative"
2026-09-04,SAF.PA,2026-09-08,333.5,333.5,356.4658,16.7569,-1.3705,0.227,-0.5237,oui,non,non,"sous le bord bas, pente courte négative"
2026-09-04,ENGI.PA,2026-09-08,24.01,24.01,25.9657,0.8263,-2.3669,-0.0428,-0.5315,oui,non,oui,"sous le bord bas, pente courte négative"
2026-09-10,AI.PA,,166.78,166.78,174.8067,4.9774,-1.6126,0.0773,0.117,oui,non,non,candidate à l'achat
2026-09-10,KER.PA,,234.15,234.15,260.3494,14.4271,-1.816,0.0467,-0.5546,oui,non,non,"sous le bord bas, pente courte négative"
2026-09-10,ORA.PA,,15.515,15.515,15.8097,0.5099,-0.5779,-0.0983,-0.3811,non,non,oui,dans la bande
2026-09-10,SAF.PA,,322.0,322.0,356.4442,17.15,-2.0084,0.2215,-0.5337,oui,non,non,"sous le bord bas, pente courte négative"
2026-09-10,ENGI.PA,,24.3,24.3,25.6833,0.8277,-1.6712,-0.058,-0.4586,oui,non,oui,"sous le bord bas, pente courte négative"
