Date,INDICE,Open,High,Low,Close,Volume,Dividends,Stock Splits,E_20,VAR_20,CORR_20,VAL_20,E_120,VAR_120,CORR_120,VAL_120,CURR,BUY_120
2020-01-02 00:00:00+01:00,1,121.63354233365435,124.5142878715458,121.1197809382008,122.49593353271484,1254852,0.0,0.0,,,,,,,,,100.0,100.0
2020-01-03 00:00:00+01:00,2,121.26655461135763,122.97298431396484,120.93629144209253,122.97298431396484,830258,0.0,0.0,,,,,,,,,100.38944213696905,100.0
2020-01-06 00:00:00+01:00,3,121.7252828207573,122.77117227780572,120.88124420535655,122.4408950805664,719626,0.0,0.0,,,,,,,,,99.9550691597989,100.0
2020-01-07 00:00:00+01:00,4,122.93631073922822,123.2849405777048,120.9363088213246,121.1014404296875,976037,0.0,0.0,,,,,,,,,98.86160049332992,100.0
2020-01-08 00:00:00+01:00,5,120.64270992586576,123.78033613912099,119.7252748693953,123.28492736816406,1281161,0.0,0.0,,,,,,,,,100.64409798161871,100.0
2020-01-09 00:00:00+01:00,6,124.42255154170523,124.6610936419086,122.77117945787958,123.78034973144531,815627,0.0,0.0,,,,,,,,,101.04853782626788,100.0
2020-01-10 00:00:00+01:00,7,123.78034230695197,123.87209141674997,123.0097001808641,123.32162475585938,649571,0.0,0.0,,,,,,,,,100.6740560272754,100.0
2020-01-13 00:00:00+01:00,8,123.3032746336477,125.02805714038331,123.3032746336477,123.96382904052734,1024311,0.0,0.0,,,,,,,,,101.19832182626737,100.0
2020-01-14 00:00:00+01:00,9,123.96383422940876,124.7711816491554,122.1473165339284,123.94549560546875,1236698,0.0,0.0,,,,,,,,,101.18335526000688,100.0
2020-01-15 00:00:00+01:00,10,124.00051985829951,124.77116191035137,122.18398845124494,123.17481994628906,881425,0.0,0.0,,,,,,,,,100.55421138808082,100.0
2020-01-16 00:00:00+01:00,11,123.11979227718012,124.42254848858265,122.29410625552826,122.3858413696289,912337,0.0,0.0,,,,,,,,,99.91012586302995,100.0
2020-01-17 00:00:00+01:00,12,123.3766596196421,125.87208403541621,123.3766596196421,125.48676300048828,1061143,0.0,0.0,,,,,,,,,102.44157449273585,100.0
2020-01-20 00:00:00+01:00,13,125.50512725242636,126.84457468860593,124.93630795857501,126.51429748535156,706794,0.0,0.0,,,,,,,,,103.28040599940694,100.0
2020-01-21 00:00:00+01:00,14,125.68861212134094,125.68861212134094,124.69778050649589,125.13814544677734,817707,0.0,0.0,,,,,,,,,102.15697928728127,100.0
2020-01-22 00:00:00+01:00,15,126.05557821831826,127.81706594445552,125.81705012990014,126.58769226074219,1191568,0.0,0.0,,,,,,,,,103.3403220907203,100.0
2020-01-23 00:00:00+01:00,16,126.60604672762467,126.73448708463677,124.42254665947007,124.58769226074219,985427,0.0,0.0,,,,,,,,,101.70761483071493,100.0
2020-01-24 00:00:00+01:00,17,125.85375214706798,127.89045938073068,125.78036965123417,127.52349090576172,1462261,0.0,0.0,,,,,,,,,104.1042647115336,100.0
2020-01-27 00:00:00+01:00,18,123.87208052962242,125.94547863870828,121.87206490318692,121.92710876464844,1804728,0.0,0.0,,,,,,,,,99.53563783575355,100.0
2020-01-28 00:00:00+01:00,19,124.77118262316806,125.59686867330034,122.67943156381328,123.15650177001953,1433803,0.0,0.0,,,,,,,,,100.53925727838816,100.0
2020-01-29 00:00:00+01:00,20,123.56016757887438,125.67027136534587,122.78952536087796,125.28495025634766,1045204,0.0,0.0,123.95373916625977,2.8610855875028265,0.5280312778503119,125.50072273488043,,,,,102.27682392647586,100.0
2020-01-30 00:00:00+01:00,21,123.59685637084525,124.29410199920706,122.51427568583905,123.39501953125,1090153,0.0,0.0,123.99869346618652,2.763535723487672,0.4269487539544446,125.22802470934462,,,,,100.73397211858877,100.0
2020-01-31 00:00:00+01:00,22,123.92712896100478,124.93629912255726,122.18399395640836,122.23905181884766,1207948,0.0,0.0,123.96199684143066,2.8697108085786533,0.27462719830369614,124.76778937779372,,,,,99.79029368040321,100.0
2020-02-03 00:00:00+01:00,23,122.60602421023565,123.00969788750294,121.98217507187597,122.64271545410156,753424,0.0,0.0,123.97208786010742,2.839432715888652,0.1255954519950772,124.33865229951469,,,,,100.11982595434282,100.0
2020-02-04 00:00:00+01:00,24,123.468429543617,126.60605621337892,122.93631545357083,126.6060562133789,1125014,0.0,0.0,124.247318649292,2.691123919570552,0.10124859501413996,124.5350031609259,,,,,103.3553135701165,100.0
2020-02-05 00:00:00+01:00,25,125.98219541479318,127.02807087517196,124.91796733259758,125.57852172851562,1471991,0.0,0.0,124.36199836730957,2.7218015988153743,0.11438026971812995,124.68884196033622,,,,,102.51648206344541,100.0
2020-02-06 00:00:00+01:00,26,126.29411677621054,126.45924837151237,125.1014483695532,125.68860626220703,840490,0.0,0.0,124.45741119384766,2.7870385052281015,0.1476476238937387,124.8843430622725,,,,,102.60634997213154,100.0
2020-02-07 00:00:00+01:00,27,125.70695244856753,126.53263838070629,125.11979458597055,125.48676300048828,905844,0.0,0.0,124.5656681060791,2.7625734067122343,0.1368086269893386,124.95951826507658,,,,,102.44157449273585,100.0
2020-02-10 00:00:00+01:00,28,124.86291729762718,126.27576113085267,124.84456467671701,125.33997344970703,668866,0.0,0.0,124.63447532653808,2.77008129263859,0.1421639131647126,125.0442982563603,,,,,102.32174231010912,100.0
2020-02-11 00:00:00+01:00,29,126.60605621337892,127.32165454162549,125.59687190485167,126.6060562133789,976754,0.0,0.0,124.76750335693359,2.9310554505277016,0.1979410672781778,125.35446341938844,,,,,103.3553135701165,100.0
2020-02-12 00:00:00+01:00,30,127.04640074559656,127.50511826677399,124.95464996894329,125.3216323852539,1323454,0.0,0.0,124.87484397888184,2.8015806269003454,0.14155794611293543,125.28523367003221,,,,,102.3067695155647,100.0
2020-02-13 00:00:00+01:00,31,122.93629984255182,126.88127345818455,119.96380516494635,121.83538055419922,2023142,0.0,0.0,124.84732093811036,2.9609518671976773,-0.14670716161506714,124.41007315531644,,,,,99.46075517817968,100.0
2020-02-14 00:00:00+01:00,32,122.3858288133024,122.77116384941849,119.04636582556249,119.13811492919922,1759988,0.0,0.0,124.5298885345459,4.5488929453237095,-0.3165910711797395,123.36035643078478,,,,,97.25883259412946,100.0
2020-02-17 00:00:00+01:00,33,118.34913177627199,120.1656494140625,116.5693053841458,120.1656494140625,1239666,0.0,0.0,124.21245613098145,5.2380212400640165,-0.375199188010057,122.72513021715731,,,,,98.09766410080054,100.0
2020-02-18 00:00:00+01:00,34,119.72528590902431,121.15648248925432,119.32161220712368,119.50509643554688,1225040,0.0,0.0,123.93080368041993,6.27569347873122,-0.46707381734011044,121.9041618057051,,,,,97.55841927898022,100.0
2020-02-19 00:00:00+01:00,35,119.96379797381603,121.02802595497353,119.43168398323728,120.91793823242188,1221803,0.0,0.0,123.6473159790039,6.297324833594949,-0.4688407743293634,121.60950428597741,,,,,98.71179780847865,100.0
2020-02-20 00:00:00+01:00,36,120.45922463511924,122.64271053067158,120.4225193937784,120.89958953857422,1095571,0.0,0.0,123.46291084289551,6.612355778632705,-0.5136845371885949,121.17502038682743,,,,,98.69681878565031,100.0
2020-02-21 00:00:00+01:00,37,120.40419100699324,121.28492088876948,118.89959795992218,120.0372085571289,1237311,0.0,0.0,123.08859672546387,6.214719175137309,-0.4938489729175289,120.95621212889463,,,,,97.99281094100215,100.0
2020-02-24 00:00:00+01:00,38,116.29408056200155,116.84454024731718,113.79865585579779,114.11058044433594,2631098,0.0,0.0,122.69777030944825,10.225288454714503,-0.6562247949817795,119.06321696527755,,,,,93.15458656744761,100.0
2020-02-25 00:00:00+01:00,39,115.19314340693921,115.89039600944521,113.32157505251195,113.33992767333984,2168881,0.0,0.0,122.20694160461426,14.569526765212936,-0.745726431596177,117.27676034309673,,,,,92.52546138037332,100.0
2020-02-26 00:00:00+01:00,40,112.29404875074313,112.40413647436506,107.98209992239066,110.60596466064453,2641213,0.0,0.0,121.47299232482911,20.587152969867077,-0.7800620177456576,115.34260513345119,,,,,90.29358075066641,100.0
2020-02-27 00:00:00+01:00,41,107.8536669920806,108.11054769748742,103.7252090851088,105.50503540039062,3604297,0.0,0.0,120.57849311828613,32.97025208293976,-0.8201674766674589,112.42160876972001,,,,,86.1294186326712,100.0
2020-02-28 00:00:00+01:00,42,99.13803015128906,102.86282124729962,96.9178389902734,99.17472839355469,5697178,0.0,0.0,119.42527694702149,55.53685936927253,-0.8538581492982505,108.40387063210338,,,,,80.96164952860921,100.0
2020-03-02 00:00:00+01:00,43,100.91785257716077,102.67932614227024,94.82608458155188,98.73435974121094,4352851,0.0,0.0,118.22985916137695,76.02010519170203,-0.895906739891293,104.70017482026812,,,,,80.602152980729,100.0
2020-03-03 00:00:00+01:00,44,100.53253754779192,105.0096182095421,99.6701463344628,102.86282348632812,4116304,0.0,0.0,117.04269752502441,83.2726343163185,-0.9125843766521616,102.61872758475488,,,,,83.97243934538992,100.0
2020-03-04 00:00:00+01:00,45,102.86281962425872,103.21144242107039,100.86281094892034,101.79859161376953,2046426,0.0,0.0,115.85370101928712,90.18043517882057,-0.9286420146279641,100.57926726355213,,,,,83.10364979306215,100.0
2020-03-05 00:00:00+01:00,46,101.72519428485283,102.29400652705601,97.06462962097812,98.82610321044922,2689493,0.0,0.0,114.51057586669921,98.45064688892809,-0.9412296540921891,98.33478527958759,,,,,80.67704809487071,100.0
2020-03-06 00:00:00+01:00,47,95.321505772343,96.31233733404784,91.2847900390625,91.2847900390625,4273436,0.0,0.0,112.80047721862793,117.42284139380124,-0.9483717540526486,95.0006604951718,,,,,74.52066971242206,100.0
2020-03-09 00:00:00+01:00,48,81.92694927253606,87.57834529991077,79.82602225765422,82.55997467041016,6098900,0.0,0.0,110.66147727966309,152.4619263338901,-0.9444127499144821,90.46371900467774,,,,,67.39813501511946,100.0
2020-03-10 00:00:00+01:00,49,83.87191424048933,88.44992037880488,81.59667913719666,82.22053527832031,4342684,0.0,0.0,108.44220123291015,176.47002428738614,-0.9466483452571999,86.6608519094979,,,,,67.12103243522103,100.0
2020-03-11 00:00:00+01:00,50,83.92696430339181,85.26641868193425,78.57831610041217,78.62418365478516,4037128,0.0,0.0,106.10732879638672,202.53141325401367,-0.9499316303801423,82.69205864313624,,,,,64.18513773258202,100.0
2020-03-12 00:00:00+01:00,51,70.64249540643311,74.08287667622693,64.99109241417113,65.4681625366211,6948250,0.0,0.0,103.28896789550781,268.0738900350868,-0.9457215739119447,76.4694367131645,,,,,53.44517213637675,100.0
2020-03-13 00:00:00+01:00,52,68.8076348754365,73.89022634483904,63.45898637791201,68.19295501708984,5478797,0.0,0.0,100.74170989990235,312.85095278998125,-0.9594251007577518,71.34894474100601,,,,,55.669566368811445,100.0
2020-03-16 00:00:00+01:00,53,61.07366031512704,64.69752651564752,51.743346113189,63.30302810668945,5587845,0.0,0.0,97.8985788345337,358.2560887408453,-0.9678770567113893,66.16802791402988,,,,,51.67765678505825,100.0
2020-03-17 00:00:00+01:00,54,65.45899317384358,66.35808265420464,55.064455280736254,57.83510971069336,4556332,0.0,0.0,94.81507949829101,408.1550672809422,-0.9744824024675496,60.71564124457268,,,,,47.21390175392835,100.0
2020-03-18 00:00:00+01:00,55,52.064444517009086,53.192889326219834,44.14697822991455,45.013954162597656,7222873,0.0,0.0,91.0198802947998,487.66675731903956,-0.9716884203969094,53.85358863176383,,,,,36.747304881411296,100.0
2020-03-19 00:00:00+01:00,56,47.10111951828968,50.26627140357285,45.495608047467215,49.29378890991211,5948316,0.0,0.0,87.4395902633667,518.8193964550355,-0.9743494792031334,48.99958072251459,,,,,40.241163513193094,100.0
2020-03-20 00:00:00+01:00,57,58.394743529225615,62.458981164003255,54.64243395783059,58.514007568359375,6513253,0.0,0.0,84.36343021392823,496.9683123931759,-0.968609573321033,46.96324666655118,,,,,47.768122484435054,100.0
2020-03-23 00:00:00+01:00,58,55.45895301068297,59.57823818787425,50.05526078138977,50.45893096923828,5709289,0.0,0.0,81.18084774017333,500.2338649277919,-0.9693201035819122,43.630462918374015,,,,,41.19233146279282,100.0
2020-03-24 00:00:00+01:00,59,55.04610652491093,55.38555653522147,49.926816938220355,51.35801696777344,5917619,0.0,0.0,78.08175220489503,482.5026517907274,-0.9649563838106473,41.36889684920672,,,,,41.92630358138159,100.0
2020-03-25 00:00:00+01:00,60,55.38555597383591,56.3305165060901,48.48644360600771,55.05527877807617,6861866,0.0,0.0,75.3042179107666,446.61318587009987,-0.9513041497021192,40.48285310214736,,,,,44.944576681292546,100.0
2020-03-26 00:00:00+01:00,61,55.04610300896182,68.98194366056232,54.12866795881246,66.32138061523438,6003754,0.0,0.0,73.34503517150878,398.8149779080109,-0.9034492698146466,42.09502746774156,,,,,54.14169981203662,100.0
2020-03-27 00:00:00+01:00,62,66.31220045010332,68.56908970233926,59.66997303299218,62.541542053222656,4577544,0.0,0.0,71.51337585449218,366.3119723574624,-0.8643201783658772,42.86098703048685,,,,,51.05601488111421,100.0
2020-03-30 00:00:00+02:00,63,61.75255187997246,61.83512467540811,55.385553799639474,55.89931869506836,3942743,0.0,0.0,69.37162380218506,335.31590815459504,-0.8365901745043985,42.837761813541675,,,,,45.633611731396286,100.0
2020-03-31 00:00:00+02:00,64,57.79840572140303,59.30299858022452,54.44059371948242,54.44059371948242,4388129,0.0,0.0,66.95051231384278,281.844307431846,-0.8013215516293186,43.64964512721075,,,,,44.44277630240112,100.0
2020-04-01 00:00:00+02:00,65,53.21123681179884,53.945184205807244,47.79836821897958,47.890113830566406,5473512,0.0,0.0,64.25508842468261,229.40241062143545,-0.779638857093417,43.80227332711114,,,,,39.09526826682492,100.0
2020-04-02 00:00:00+02:00,66,50.192871481380365,50.43140655772995,45.871753172470534,46.11946105957031,4727133,0.0,0.0,61.61975631713867,176.49959010919758,-0.761128995333321,44.105538574106504,,,,,37.649789449747935,100.0
2020-04-03 00:00:00+02:00,67,46.38551583793565,47.61487890384603,45.41762161254883,45.41762161254883,3611057,0.0,0.0,59.32639789581299,138.46301570338136,-0.7402126282522248,44.240053750220454,,,,,37.07684026949286,100.0
2020-04-06 00:00:00+02:00,68,49.128651094221645,50.358014322991465,46.70662288225419,49.11030197143555,4536814,0.0,0.0,57.653914260864255,112.60119970398958,-0.6976697425204514,44.83113918043284,,,,,40.09137328490967,100.0
2020-04-07 00:00:00+02:00,69,52.60572756542867,54.80757315473847,51.688292486505766,52.33049774169922,4725986,0.0,0.0,56.1594123840332,79.97747223157785,-0.6215278712897535,46.53209980322285,,,,,42.72019179128373,100.0
2020-04-08 00:00:00+02:00,70,52.202059601548044,54.871795654296875,50.11948146422012,54.871795654296875,3689182,0.0,0.0,54.971792984008786,52.01869390574678,-0.49479802275523355,48.790656906441455,,,,,44.794789567151085,100.0
2020-04-09 00:00:00+02:00,71,57.339691724933566,57.981896972200225,52.431415513174066,55.963539123535156,5865210,0.0,0.0,54.49656181335449,46.03410934306418,-0.3691135817866721,50.158851695172615,,,,,45.68603831129548,100.0
2020-04-14 00:00:00+02:00,72,56.569046513758074,56.90849651115714,54.32132988287194,55.046104431152344,3251938,0.0,0.0,53.83921928405762,35.721942305222136,-0.19718443929193943,51.79794765478323,,,,,44.937087169878374,100.0
2020-04-15 00:00:00+02:00,73,55.96354249221276,56.14703021672484,50.027736127630995,50.27544403076172,3149765,0.0,0.0,53.18784008026123,31.229885425322824,-0.10659483224900869,52.1560722725472,,,,,41.0425412345094,100.0
2020-04-16 00:00:00+02:00,74,51.825910872992836,52.29380123893048,48.27543447959151,48.80754852294922,3224520,0.0,0.0,52.73646202087402,30.888569428438604,-0.09568332586678972,51.81538533981003,,,,,39.844219408242026,100.0
2020-04-17 00:00:00+02:00,75,53.669949869638764,53.85343757768748,50.55984564227914,52.11030960083008,4630925,0.0,0.0,53.09127979278564,27.63788659721226,-0.24843698680036028,50.82908865949105,,,,,42.540440403201664,100.0
2020-04-20 00:00:00+02:00,76,52.798390543010846,53.19288792523956,50.28462026992355,51.027740478515625,2355583,0.0,0.0,53.17797737121582,27.09509333899737,-0.35256562022649635,49.999303926859,,,,,41.65668117047143,100.0
2020-04-21 00:00:00+02:00,77,50.82590458968953,50.82590458968953,47.587356392901256,47.669925689697266,3277862,0.0,0.0,52.635773277282716,26.883814890149793,-0.34759670891775507,49.51414108066364,,,,,38.91551687874285,100.0
2020-04-22 00:00:00+02:00,78,48.16534489624422,49.348837067917465,47.43139748348701,49.11030197143555,2009235,0.0,0.0,52.56834182739258,27.28378149465368,-0.44101159134476237,48.57843353894636,,,,,40.09137328490967,100.0
2020-04-23 00:00:00+02:00,79,49.413055815338055,50.38553479664813,48.21121455571954,49.77085494995117,1805786,0.0,0.0,52.488983726501466,27.611944252553894,-0.5048928688757709,47.89374203961629,,,,,40.63061810672999,100.0
2020-04-24 00:00:00+02:00,80,49.11947753985503,49.23874158655502,47.72497572683696,48.0185546875,2081357,0.0,0.0,52.13714752197266,28.186843789641603,-0.5257288675700166,47.30271306883994,,,,,39.20012142662331,100.0
2020-04-27 00:00:00+02:00,81,48.61488992842991,48.83507240362608,46.00937397369293,46.85341262817383,3880637,0.0,0.0,51.16374912261963,18.069754163678834,-0.44996720261989587,47.850778313340186,,,,,38.24895347702358,100.0
2020-04-28 00:00:00+02:00,82,46.85341061838293,49.63323787172015,46.85341061838293,48.51396942138672,3707630,0.0,0.0,50.46237049102783,11.108097363484902,-0.3222052665459141,48.60236981937571,,,,,39.60455504298855,100.0
2020-04-29 00:00:00+02:00,83,48.807547698664585,53.633254753014306,47.33964944848494,53.569034576416016,4838851,0.0,0.0,50.345856285095216,10.045962877292235,-0.09573506731450494,49.820290046901015,,,,,43.73127583219683,100.0
2020-04-30 00:00:00+02:00,84,55.04610425367078,59.871814686428664,52.33967009458455,53.10114288330078,5434805,0.0,0.0,50.27888374328613,9.558332517005498,0.10089260171439701,50.819153946388326,,,,,43.3493107500741,100.0
2020-05-04 00:00:00+02:00,85,50.45893096923828,51.0919599342197,48.35800373076398,50.45893096923828,3824066,0.0,0.0,50.407324600219724,9.242345897692926,0.03421001785421979,50.58746247603928,,,,,41.19233146279282,100.0
2020-05-05 00:00:00+02:00,86,51.62407083249578,53.11949094823909,51.08278401144373,51.780033111572266,2531046,0.0,0.0,50.69035320281982,8.289527535383108,-0.06269872993333184,50.377684609217575,,,,,42.270817992291505,100.0
2020-05-06 00:00:00+02:00,87,51.284627772324654,51.743345360629036,48.954341583801416,49.26626968383789,2373641,0.0,0.0,50.882785606384275,6.894038632602167,-0.30217719632903295,49.50855641010003,,,,,40.21869809309254,100.0
2020-05-07 00:00:00+02:00,88,49.35800783785823,51.504806118711386,48.52314203417852,51.14700698852539,1949715,0.0,0.0,50.98462085723877,6.721444229248871,-0.3612824079380234,49.36229256548964,,,,,41.754044818855654,100.0
2020-05-08 00:00:00+02:00,89,52.09196417511525,52.97270453627568,50.83507906039227,51.44058609008789,1293610,0.0,0.0,50.9401252746582,6.6349664696730075,-0.29986099965721713,49.60229820859487,,,,,41.99370918410913,100.0
2020-05-11 00:00:00+02:00,90,51.86260578120042,52.00022244794773,49.000209210596445,50.000213623046875,2054691,0.0,0.0,50.696546173095705,5.805428909901804,-0.20111160165589906,49.857250647649636,,,,,40.81785589208427,100.0
2020-05-12 00:00:00+02:00,91,49.81672212960759,49.880942302631745,46.991024017333984,46.991024017333984,3642869,0.0,0.0,50.24792041778564,4.8561856646550865,-0.13874187099547877,49.718359634934316,,,,,38.36129303409419,100.0
2020-05-13 00:00:00+02:00,92,46.789190362782335,47.26625703743015,45.064411385169045,45.50477981567383,3583071,0.0,0.0,49.77085418701172,4.588973515938133,-0.1206259922111115,49.32328590497179,,,,,37.147992184998465,100.0
2020-05-14 00:00:00+02:00,93,45.00018875391385,46.08276239893982,44.22954316761971,45.761661529541016,3419641,0.0,0.0,49.545165061950684,5.367936843879472,-0.23743458984324425,48.59235065760225,,,,,37.35769850459526,100.0
2020-05-15 00:00:00+02:00,94,45.98184778585928,46.69744956786165,44.59193412235026,45.23872756958008,2592698,0.0,0.0,49.36672401428223,6.281857978996667,-0.39218977187060794,47.66416981008079,,,,,36.930799468129464,100.0
2020-05-18 00:00:00+02:00,95,45.890104294298794,50.77085876464844,45.69744376251222,50.77085876464844,3792875,0.0,0.0,49.29975147247315,5.984733036856962,-0.24853783523045284,48.246637124240266,,,,,41.44697485087464,100.0
2020-05-19 00:00:00+02:00,96,51.68829492387103,52.46811337783305,48.60571235337274,49.752506256103516,4179278,0.0,0.0,49.23598976135254,5.834087235435702,-0.1690564697335275,48.528730110270935,,,,,40.61563908390165,100.0
2020-05-20 00:00:00+02:00,97,49.39470704754361,50.5323281373048,47.257081536046385,50.50480270385742,2979573,0.0,0.0,49.377733612060545,5.768587405028728,-0.18627416580638081,48.602829450526066,,,,,41.22977901986368,100.0
2020-05-21 00:00:00+02:00,98,49.816720656842335,51.28461878193055,48.890112830789946,50.13782501220703,2440212,0.0,0.0,49.429109764099124,5.792452093144694,-0.16957835890741113,48.72220276646989,,,,,40.93019544915487,100.0
2020-05-22 00:00:00+02:00,99,49.5414954205986,50.715811229170974,48.550663832312786,49.57819366455078,3006906,0.0,0.0,49.419476699829104,5.787377373080285,-0.15114540582574865,48.78968565734484,,,,,40.4733383670324,100.0
2020-05-25 00:00:00+02:00,100,50.4314045648789,54.018575381225716,50.00938179256872,53.79838943481445,3477619,0.0,0.0,49.708468437194824,6.605375782063179,-0.04839786087332055,49.49302386406392,,,,,43.918510503409145,100.0
2020-05-26 00:00:00+02:00,101,54.37637864649564,58.05529184743083,54.22041286006391,57.62409973144531,5591691,0.0,0.0,50.2470027923584,9.168822628382298,0.09177989320244793,50.7283572090236,,,,,47.04164299140241,100.0
2020-05-27 00:00:00+02:00,102,58.24795687529036,58.963551643912815,55.706661191830406,56.08280944824219,4407751,0.0,0.0,50.62544479370117,10.65244724376908,0.1866653648185702,51.680679500574705,,,,,45.78340507382167,100.0
2020-05-28 00:00:00+02:00,103,56.94519178006992,57.56904787768755,54.871790161331454,55.156192779541016,4058210,0.0,0.0,50.704802703857425,11.270184240832297,0.3774449752761779,52.899526050193636,,,,,45.026958192706466,100.0
2020-05-29 00:00:00+02:00,104,54.47730024561407,54.47730024561407,52.01857376098633,52.01857376098633,3864580,0.0,0.0,50.6506742477417,11.055707942922067,0.48180404254627046,53.42542735050259,,,,,42.46555151734387,100.0
2020-06-01 00:00:00+02:00,105,54.29380941765521,54.76169977807865,52.89930764774982,54.53234100341797,2304131,0.0,0.0,50.85434474945068,11.803125724603277,0.5565758641683004,54.166292778486245,,,,,44.51767453068479,100.0
2020-06-02 00:00:00+02:00,106,55.06445515750801,58.60575520575157,54.669957784274416,58.440616607666016,3938126,0.0,0.0,51.18737392425537,14.67030746868539,0.6892048694244792,55.759609227603086,,,,,47.70820950726364,100.0
2020-06-03 00:00:00+02:00,107,60.00943255537909,62.8718255545471,59.26630537334765,62.76173782348633,5333349,0.0,0.0,51.86214733123779,21.047616687309414,0.7495016475801942,57.817872959026815,,,,,51.23577249748019,100.0
2020-06-04 00:00:00+02:00,108,62.761729491630575,67.62413062010009,60.44978945363365,66.03697204589844,6944413,0.0,0.0,52.606645584106445,31.012283898419344,0.8205849210439601,60.52164769523714,,,,,53.909521844055355,100.0
2020-06-05 00:00:00+02:00,109,69.08286064951571,74.29389190673828,68.67918699595396,74.29389190673828,9357529,0.0,0.0,53.74931087493896,54.32087752881134,0.8539323370255185,64.65033939380997,,,,,60.650088345093266,100.0
2020-06-08 00:00:00+02:00,110,73.85353067424434,77.9361143527201,72.11040246340447,75.1471176147461,6926062,0.0,0.0,55.006656074523924,76.01519668942193,0.8891203731754307,68.43342147834883,,,,,61.34662224903706,100.0
2020-06-09 00:00:00+02:00,111,75.6883847481473,78.05536864196296,68.48652165988491,69.42230224609375,7255504,0.0,0.0,56.12821998596191,82.24690116936092,0.906553046349493,70.36833906422476,,,,,56.67314844174253,100.0
2020-06-10 00:00:00+02:00,112,70.96360441322342,73.39480885648952,67.58744292584593,68.77093505859375,4459277,0.0,0.0,57.29152774810791,83.2950624518176,0.9091748084279728,71.66354236235377,,,,,56.14140247376226,100.0
2020-06-11 00:00:00+02:00,113,65.45899063713767,67.65165988753024,61.523193359375,61.523193359375,6610324,0.0,0.0,58.07960433959961,76.58705637531158,0.8659528118178395,71.20560866307939,,,,,50.22468222828317,100.0
2020-06-12 00:00:00+02:00,114,60.54154247011907,65.90853659856687,59.81676787507259,61.422279357910156,5584757,0.0,0.0,58.88878192901611,67.80758230325527,0.8089491063349196,70.42652747603623,,,,,50.14230071686925,100.0
2020-06-15 00:00:00+02:00,115,59.40392539080452,62.78008699029177,58.211260407230036,62.385589599609375,3675595,0.0,0.0,59.46951847076416,64.62768171189272,0.771046319710771,70.20571331553174,,,,,50.928702529499176,100.0
2020-06-16 00:00:00+02:00,116,65.26632894859021,66.16541837806886,62.734206248737614,64.06449127197266,5092018,0.0,0.0,60.18511772155762,60.23040818080099,0.7317788294388847,70.0217938297538,,,,,52.29928000415053,100.0
2020-06-17 00:00:00+02:00,117,64.22045526538699,64.97275174708827,62.66081843730296,63.99109649658203,3408687,0.0,0.0,60.85943241119385,55.58214342189777,0.68361922554215,69.68703026846002,,,,,52.239363912837156,100.0
2020-06-18 00:00:00+02:00,118,62.71586332895119,63.43146157942464,60.5507159560204,62.2204475402832,3997334,0.0,0.0,61.46356353759766,49.245301769571526,0.5999456312030677,68.75570229654329,,,,,50.793888209902136,100.0
2020-06-19 00:00:00+02:00,119,63.119535755870885,64.07366207125116,61.422275273024866,63.17457962036133,5582655,0.0,0.0,62.14338283538818,41.47806353080184,0.5037759817401674,67.76300765089513,,,,,51.57279739697593,100.0
2020-06-22 00:00:00+02:00,120,62.275485520382325,63.027781943304944,60.330527792543826,61.70668029785156,2118878,0.0,0.0,62.53879737854004,37.65831305879927,0.39566672768730243,66.74432596434357,80.85256045659384,1039.2982993837145,-0.8371779789327614,34.10612160732939,50.37447245656659,97.67643990457728
2020-06-23 00:00:00+02:00,121,62.47732639104241,63.569076355855245,60.55071415861757,61.24796676635742,3046980,0.0,0.0,62.719990730285645,36.4401746426231,0.30810167811557004,65.9413926709156,80.34216073354085,1027.6924895293207,-0.8316963130755777,34.161834675010844,50.0,96.95033530008175
2020-06-24 00:00:00+02:00,122,61.19291828050441,61.844303360086926,57.77088928222656,57.77088928222656,3412357,0.0,0.0,62.80439472198486,35.40327722663242,0.13808435066172658,64.22746655369392,79.7988099416097,1016.4038136117797,-0.8269350347699667,34.135734059394885,47.16147517402915,91.44641662737214
2020-06-25 00:00:00+02:00,123,57.3580414177004,59.28465717869487,56.21124757177646,58.64244842529297,3561513,0.0,0.0,62.978707504272464,33.20428275835706,-0.04244299882679462,62.55509990676177,79.26715621948242,1004.5998264351482,-0.8217101975401778,34.156841875640374,47.87297564423345,92.8260208104216
2020-06-26 00:00:00+02:00,124,59.055304394714895,60.08282730513786,56.75254015886366,56.77088928222656,3309535,0.0,0.0,63.21632328033447,28.850769614492545,-0.3338176885235989,60.11070070989709,78.73106829325359,993.8560269307302,-0.817001979949912,34.11970715313136,46.34512154402646,89.86350146432817
2020-06-29 00:00:00+02:00,125,55.862621204158046,59.10116590173815,55.21124314029264,58.119510650634766,3287317,0.0,0.0,63.39568176269531,26.21511495620678,-0.5927609811028817,58.13894634320403,78.18802315394083,980.4476419491191,-0.8112349925690213,34.19138363240988,47.4460734936257,91.99825467758666
2020-06-30 00:00:00+02:00,126,59.3213573238349,60.47732051797069,57.596574844596844,58.27547836303711,2988582,0.0,0.0,63.387424850463866,26.30261225259067,-0.7664020811582909,56.57946878946008,77.64214922587077,966.0114385529706,-0.8050435420905172,34.30392299174802,47.57339830180856,92.24513833449362
2020-07-01 00:00:00+02:00,127,58.34886927384998,60.22043766369944,55.82592282176196,58.890159606933594,2876580,0.0,0.0,63.19384593963623,27.30705722735875,-0.836094829937075,55.62632527526885,77.10522034962972,951.1410815428607,-0.7984042371976521,34.456507309136256,48.07519556655803,93.2181265958961
2020-07-02 00:00:00+02:00,128,59.76172568207888,62.19293025270454,58.93603263929426,60.92687225341797,2989535,0.0,0.0,62.938340950012204,27.08338078753988,-0.8253233879006295,55.498969947765595,76.57991237640381,934.6107951787209,-0.7906384491799316,34.7146367915751,49.737873328787934,96.44206992677967
2020-07-03 00:00:00+02:00,129,61.44980081303722,62.07365690756712,59.2663009824457,60.21125793457031,1574888,0.0,0.0,62.23420925140381,20.166139485571865,-0.7715684314753595,56.23289372326779,76.04879372914633,917.7249458636866,-0.7827937972933202,34.97505165572918,49.153678981914744,95.3093131705843
2020-07-06 00:00:00+02:00,130,61.85347075020775,62.80760406310941,61.4131058362372,62.12870407104492,2437574,0.0,0.0,61.58328857421875,10.944769716270166,-0.6854179848371172,57.655759241383485,75.54007609685262,900.429578750594,-0.7739902913143796,35.31276381498997,50.718993095760425,98.34446773433008
2020-07-07 00:00:00+02:00,131,61.9727402621329,62.47732533860382,61.11952538792775,61.74338150024414,1608022,0.0,0.0,61.19934253692627,7.556727779747486,-0.5535834987796521,58.563553469072666,75.03472226460775,883.3302271397392,-0.7650813767780252,35.64981709690986,50.40443361636524,97.73453479434644
2020-07-08 00:00:00+02:00,132,60.83512126004703,61.37641162673699,59.44979925269515,60.39475631713867,1977311,0.0,0.0,60.78053359985351,4.388850261613901,-0.42124823944480355,59.25200310292963,74.49228887557983,863.4446146249849,-0.7559083660960568,36.02008886582496,49.30347855262405,95.59977554274582
2020-07-09 00:00:00+02:00,133,61.00943395372546,61.211270794992025,58.000247955322266,58.000247955322266,2470846,0.0,0.0,60.60438632965088,4.734002236917985,-0.48171375589145604,58.78902155125592,73.9213384628296,842.6595718439927,-0.7471480122685713,36.35547705618804,47.34871295938343,91.80947194879099
2020-07-10 00:00:00+02:00,134,57.08280847378987,60.37639685946849,56.89932076852628,60.046119689941406,2412795,0.0,0.0,60.53557834625244,4.710213913957475,-0.4694656769377023,58.77082185115399,73.37890491485595,821.9373220951563,-0.7373542288083607,36.76414816611081,49.018867776459665,95.04791333916273
2020-07-13 00:00:00+02:00,135,61.03695652035786,62.367241624572735,60.9176924763142,62.24797058105469,2148001,0.0,0.0,60.528697395324706,4.684361207565387,-0.32404645527820186,59.31393010198609,72.84274056752523,798.8972043089532,-0.7260578853167364,37.297838298856576,50.81635674414465,98.53325650146787
2020-07-14 00:00:00+02:00,136,61.0094343408531,61.330535226962716,59.36722466677893,60.697509765625,2402161,0.0,0.0,60.360348320007326,3.998036526250716,-0.1784408775693199,59.74236271848823,72.31032238006591,777.3505682613697,-0.7151876609629169,37.77296531480659,49.550632429291696,96.07900856701868
2020-07-15 00:00:00+02:00,137,61.743375052733356,64.89934652712022,61.36722336276769,63.50484848022461,5094971,0.0,0.0,60.336035919189456,3.82402216199995,0.12688209035797235,60.765791131331234,71.77683369318645,752.0975360804496,-0.7022852863560656,38.41796761232905,51.84241357960217,100.52278758615884
2020-07-16 00:00:00+02:00,138,62.871829563550264,63.63330241615551,61.24797243159091,61.46815490722656,2035858,0.0,0.0,60.29842128753662,3.7030952691090815,0.2701322532237271,61.19878816756434,71.27300907770793,731.5997046467467,-0.6904349088740108,38.92704278842461,50.17975138808207,97.29887444698599
2020-07-17 00:00:00+02:00,139,61.376404134667936,61.54154271796914,59.807591093043314,60.45896911621094,2228828,0.0,0.0,60.162640762329104,3.249661681177645,0.44492761523682234,61.55185448272257,70.75052963892618,709.6861624170134,-0.6783832672743999,39.4487576716985,49.355898904239325,95.70141895605882
2020-07-20 00:00:00+02:00,140,60.55071353010615,61.550714378658874,59.48648550831435,60.2846565246582,1512486,0.0,0.0,60.091539573669436,3.1196470589894414,0.5416024878822617,61.74843084278548,70.20886052449545,685.3191272609018,-0.6656379966592131,40.0270590050894,49.213598187370074,95.4254969117805
2020-07-21 00:00:00+02:00,141,61.458975368906245,63.76173942900066,61.339711325756284,62.431461334228516,2197989,0.0,0.0,60.15071430206299,3.333745849723154,0.6913967168483675,62.33723797803789,69.7008308728536,661.7960107318204,-0.6514930756876062,40.67180221944804,50.96615008657003,98.8237067969451
2020-07-22 00:00:00+02:00,142,62.1103522472861,62.42228381487097,59.90851365021876,61.569068908691406,1890217,0.0,0.0,60.34062328338623,3.1035802834789195,0.6584324260464095,62.34973150118499,69.19524768193563,638.8984239160142,-0.6373099737146188,41.29376701638208,50.26213289949599,97.45861275006814
2020-07-23 00:00:00+02:00,143,61.85347401545523,61.880995949097006,59.65162833094464,59.89016342163086,1945594,0.0,0.0,60.403009033203126,2.9583843152046105,0.5600356805171305,62.07142224505916,68.6723097483317,615.3449541004379,-0.6232936169278859,41.89218297554676,48.89155231070268,94.80104779728225
2020-07-24 00:00:00+02:00,144,59.303004672018965,59.43144502685799,57.780062536558546,58.65162658691406,2093318,0.0,0.0,60.4970458984375,2.41618368085056,0.3061984018493498,61.32142793597687,68.10602283477783,587.6610331536284,-0.6088188199717371,42.5430037940239,47.88046826978958,92.84054906162052
2020-07-27 00:00:00+02:00,145,58.33051681434044,58.358038743402915,56.6516091467966,56.80757141113281,2302830,0.0,0.0,60.4314489364624,2.8305778339832286,-0.03444425960802655,60.331076369302764,67.53293158213297,560.6455276529463,-0.5946977595390224,43.14353190168152,46.37506713311531,89.92156616238663
2020-07-28 00:00:00+02:00,146,56.77087958627906,58.770884694928554,56.66078486490483,58.578224182128906,1918092,0.0,0.0,60.446586227416994,2.7664541563542677,-0.2500918322289337,59.72610631875653,66.97367839813232,532.5831124619151,-0.578910680031176,43.83354358618822,47.82054595019229,92.72435928208222
2020-07-29 00:00:00+02:00,147,58.22042781227991,59.61493301706838,57.046112060546875,57.046112060546875,1945867,0.0,0.0,60.354383850097655,3.2385981125087504,-0.4716300330745312,58.884305067770086,66.40333964029948,504.3120296708424,-0.5631883243638619,44.49729673323449,46.56980065816767,90.29915577334651
2020-07-30 00:00:00+02:00,148,58.25712959629916,60.65163579793177,57.02776640656099,58.1103401184082,3218359,0.0,0.0,60.21355724334717,3.4655110932677897,-0.5290802019893005,58.50760926032063,65.84309269587199,475.3841459703134,-0.5460305377188545,45.22255876279708,47.43858709635348,91.98373850307206
2020-07-31 00:00:00+02:00,149,57.87180304444158,58.69749246692207,56.70666014297345,56.89014434814453,2660929,0.0,0.0,60.04750156402588,4.017804683398406,-0.6316078458736388,57.85468373369836,65.2621267636617,444.69099453300686,-0.5285486955426885,45.95690477066566,46.44247584998481,90.05227211643955
2020-08-03 00:00:00+02:00,150,57.18372885222057,58.60575249235238,55.761701712351744,58.468135833740234,2563330,0.0,0.0,59.86447315216064,3.88585753833423,-0.6113334609046378,57.77718584617744,64.70501429239908,414.4537607562794,-0.5091687802792743,46.75104670740896,47.7306749273642,92.55009876614332
2020-08-04 00:00:00+02:00,151,59.14703792953721,60.87181327853519,58.92685548060582,60.25713348388672,2316976,0.0,0.0,59.790160751342775,3.7023543224030333,-0.5178378506667568,58.06434905341984,64.19186223347982,386.9269194975444,-0.48777049213160784,47.573408046181186,49.19112965312756,95.38193027321027
2020-08-05 00:00:00+02:00,152,60.48649806412089,62.79843149908041,60.46815244139184,62.35806655883789,1931247,0.0,0.0,59.888326263427736,4.020031958336126,-0.3605452464833709,58.63623739569721,63.71869516372681,361.3588999359196,-0.46387248132565895,48.445545257828066,50.90623399525666,98.70752909409113
2020-08-06 00:00:00+02:00,153,62.458984269491054,63.85348256363854,62.018612334801375,62.6883430480957,2431328,0.0,0.0,60.1227310180664,4.187207880280286,-0.3238179874111193,58.97504297275472,63.23971761067708,334.3611910433451,-0.4379285771328644,49.369865024555764,51.17585640616682,99.23032875693426
2020-08-07 00:00:00+02:00,154,62.614945052948876,63.66999680904726,61.697509960597976,63.57825469970703,1518079,0.0,0.0,60.299337768554686,4.782522392512974,-0.17272381577427215,59.645091345074135,62.77366059621175,307.53981840609026,-0.4094556047527141,50.33658928720613,51.90233901334142,100.63898340403937
2020-08-10 00:00:00+02:00,155,63.9268813207106,66.1103744506836,63.624126042337224,66.1103744506836,2375364,0.0,0.0,60.492457962036134,6.320683934643995,0.1175046767864776,61.004137225127415,62.3169308980306,279.0133007207614,-0.37613080781344,51.43484906445381,53.969444163652646,104.64711415250333
2020-08-11 00:00:00+02:00,156,66.97276151932913,69.89020538330078,66.97276151932913,69.89020538330078,3123354,0.0,0.0,60.95209274291992,10.74438539336865,0.33827742668949906,62.87263750830383,61.891852696736656,250.4733311053744,-0.33600268317813314,52.68133335996797,57.055122866291136,110.63026584948581
2020-08-12 00:00:00+02:00,157,69.51405612482303,69.67919472678732,68.05533764036727,68.73423767089844,1907292,0.0,0.0,61.213562202453616,13.516906038649827,0.5453493749756896,64.68631679655282,61.4643279393514,222.2716717257249,-0.2930834362825825,53.89610424367809,56.11144442810558,108.80046702953486
2020-08-13 00:00:00+02:00,158,67.33973557639591,68.61496976446709,66.238809292082,67.24799346923828,1755844,0.0,0.0,61.5025541305542,15.342127963811839,0.6481601356863533,65.89985057342737,61.07380638122559,199.10799133631053,-0.24924070543919885,54.982310643113216,54.89814357900986,106.44786854674078
2020-08-14 00:00:00+02:00,159,66.76174586712955,66.76174586712955,64.9177064463514,66.15624237060547,1475525,0.0,0.0,61.787417793273924,16.339222617846943,0.7012565709446413,66.6970986885834,60.6806090037028,176.21329570052274,-0.20188824669432692,56.03876008927294,54.00688860658154,104.71971917844496
2020-08-17 00:00:00+02:00,160,66.05532635097093,66.55074213854013,64.73421758411976,65.54156494140625,1244566,0.0,0.0,62.050263214111325,16.88941077965084,0.7327866328120974,67.26635728500271,60.30507233937581,155.32392108544468,-0.15088090569396417,57.04809990799174,53.50509445597404,103.7467369553846
2020-08-18 00:00:00+02:00,161,64.9452385711097,65.61496234661139,63.47734365274117,63.514041900634766,1746225,0.0,0.0,62.10439224243164,16.99144956924038,0.7692335807407412,67.5964371255597,59.955147393544515,138.11860284008483,-0.09986609739123103,57.92229992021543,51.84991866172614,100.53733999072637
2020-08-19 00:00:00+02:00,162,63.431460352346065,64.53237963955041,62.90852264100288,64.44981384277344,1257818,0.0,0.0,62.248429489135745,17.244054666237265,0.7992716553600767,67.99719685713593,59.66577310562134,125.27808179178349,-0.04787396638971133,58.73766709466207,52.61383948354572,102.01858758708879
2020-08-20 00:00:00+02:00,163,63.303018282090164,63.862654221063664,62.468149029057145,63.458980560302734,1494100,0.0,0.0,62.426870346069336,16.99495952214749,0.7764893102746167,67.97129104134065,59.371811612447104,112.48534530401353,0.008456689281031252,59.527160795646665,51.80496913667328,100.45018256021724
2020-08-21 00:00:00+02:00,164,64.2204499575568,64.75256393707879,61.440623029309755,63.37641143798828,1911917,0.0,0.0,62.663109588623044,16.23353758792403,0.7268822417611568,67.73571723129527,59.04275817871094,96.61623241727605,0.07964905146540127,60.39877877055349,51.73756353394574,100.31948264450648
2020-08-24 00:00:00+02:00,165,63.78008751003418,66.1470718383789,63.68834539642248,66.1470718383789,1837871,0.0,0.0,63.13008460998535,14.838240335195119,0.6947334710448517,67.76530139819026,58.745662180582684,81.58949339203247,0.16716138527721042,61.36091516956322,53.99940220930933,104.70520300393034
2020-08-25 00:00:00+02:00,166,66.71588523840741,67.96359760256159,65.65165710449219,65.65165710449219,1890052,0.0,0.0,63.48375625610352,13.950725694406094,0.659709183955603,67.75162993996503,58.46920846303304,68.41369350788804,0.2653746762417656,62.27102909781328,53.59496859294409,103.92100350966564
2020-08-26 00:00:00+02:00,167,65.3122109072545,65.86267060021605,64.26633539078514,64.44064331054688,1454869,0.0,0.0,63.85348281860352,11.673800190512143,0.5688474598512185,67.21985848039033,58.24550724029541,59.613614276951424,0.35752352733000237,63.026719015152025,52.6063530862735,102.00407141257418
2020-08-27 00:00:00+02:00,168,64.57825295621849,66.48651955033641,63.312195100232515,66.15624237060547,2056024,0.0,0.0,64.25577793121337,10.046546839298083,0.5053334232503011,67.03003727799502,58.10880947113037,55.15263990956023,0.4348643621525142,63.702489213026716,54.00688860658154,104.71971917844493
2020-08-28 00:00:00+02:00,169,66.51404389507489,66.73422635639201,65.06449477583256,65.54156494140625,1768097,0.0,0.0,64.68834896087647,7.081196115165049,0.3841906683148128,66.45911323185938,57.969818051656084,50.71190292399141,0.5179944963144602,64.35893336404351,53.50509445597404,103.74673695538459
2020-08-31 00:00:00+02:00,170,66.05532131456116,66.43147303179423,63.03695926455616,63.15622329711914,2212248,0.0,0.0,64.92275333404541,5.110535562498252,0.13793459651616377,65.46284446243402,57.84091838200887,47.33629087291768,0.5908576877312676,64.8820202957935,51.55781214586367,99.97094349760222
2020-09-01 00:00:00+02:00,171,63.62412521701965,63.82596206665039,61.27549351107934,63.82596206665039,2386066,0.0,0.0,65.1011947631836,3.9946469112025262,-0.10842152578841452,64.72586298098886,57.82723337809245,47.148252393868425,0.6207985601533378,65.2104247965749,52.10455582152404,99.97094349760222
2020-09-02 00:00:00+02:00,172,64.22044906310234,66.49569090967772,63.715857020674285,66.12871551513672,2273300,0.0,0.0,65.28972721099854,3.616760430814901,-0.20301896986338525,64.62098749182782,57.81003138224284,46.824142406768765,0.6625215887013812,65.66230777466775,53.984416958197066,99.97094349760222
2020-09-03 00:00:00+02:00,173,66.51403840605195,69.06450662087857,65.18376043772038,65.59660339355469,2596847,0.0,0.0,65.43514022827148,3.243290668529099,-0.33491953492033966,64.39043433864325,57.82914450963338,47.07972100572613,0.6887334276812985,66.01433384290627,53.55002529617514,99.97094349760222
2020-09-04 00:00:00+02:00,174,65.13789534980852,66.6608410515378,63.468163664482546,64.01862335205078,2020741,0.0,0.0,65.45715866088867,3.1669117194200234,-0.5036765936647593,63.90466307089973,57.880673789978026,47.39897294479477,0.6993452301101096,66.22011036727636,52.26183556122163,99.97094349760222
2020-09-07 00:00:00+02:00,175,64.67917427546345,67.67918395996094,64.4681611235904,67.67918395996094,1687917,0.0,0.0,65.53559913635254,3.397840529833689,-0.3512787497794893,64.41406111309612,58.06955070495606,46.778614868326265,0.6970644949909978,66.32721586844723,55.25014750133394,99.97094349760222
2020-09-08 00:00:00+02:00,176,67.89019233662984,67.91771426766131,64.20210658946249,64.93605041503906,1965586,0.0,0.0,65.28789138793945,2.3541395051384777,-0.18993413770391088,64.78313740514744,58.199902884165446,46.51051251799232,0.6947357161363362,66.40636211605563,53.010780474354824,99.97094349760222
2020-09-09 00:00:00+02:00,177,64.20210650023091,64.51403105078582,62.385582060466504,63.66081619262695,2973903,0.0,0.0,65.03422031402587,1.8006179637872801,-0.07974196712728486,64.8488849217638,58.24279295603434,46.75842987444701,0.7050420872640683,66.59316123749157,51.96973838778504,99.97094349760222
2020-09-10 00:00:00+02:00,178,63.48650609311308,64.77091663245974,63.04614116500667,63.706695556640625,1540101,0.0,0.0,64.85715541839599,1.6024332718632621,-0.009801345429412424,64.83566542413146,58.3531909942627,46.48786850451476,0.7019241137295745,66.64254346590378,52.00719217313981,99.97094349760222
2020-09-11 00:00:00+02:00,179,63.25715009573832,63.58742730605728,62.15623072765821,63.13788604736328,1609414,0.0,0.0,64.70623760223388,1.6452088779720964,-0.028348970187737375,64.64325676396129,58.45135656992594,46.25933463443795,0.6987357829476843,66.68274891795622,51.542842465461206,99.97094349760222
2020-09-14 00:00:00+02:00,180,64.25715693925386,65.6057876917511,63.80761568824628,65.43147277832031,1691025,0.0,0.0,64.70073299407959,1.6361345770692381,0.08049393002551569,64.87906663264634,58.53782485326131,46.564304938905494,0.7038732198560868,66.85702612681096,53.415220319003986,99.97094349760222
2020-09-15 00:00:00+02:00,181,65.33054390627329,65.7342175361951,63.5140265705719,63.743385314941406,1716297,0.0,0.0,64.71220016479492,1.6101160985116416,-0.069982159046583,64.55839300220823,58.516341559092204,46.282445574107676,0.7337337361120694,67.16218296293567,52.03714399051258,99.97094349760222
2020-09-16 00:00:00+02:00,182,63.7709128226813,64.94522857666016,63.01861635532147,64.94522857666016,1642471,0.0,0.0,64.73697090148926,1.6087047232918956,-0.07380950839700072,64.57482308357466,58.53637228012085,46.493203571523765,0.7542492409078495,67.44416792096389,53.01827309991096,99.97094349760222
2020-09-17 00:00:00+02:00,183,63.77090733465996,65.55072643384592,63.13787495947216,65.24797821044922,1531358,0.0,0.0,64.82642078399658,1.5280649089778338,-0.13736808059649797,64.53230565914025,58.61427777608235,46.807180803435195,0.7601826960871659,67.62241200976351,53.26542386243664,99.97094349760222
2020-09-18 00:00:00+02:00,184,65.17458653878109,65.17458653878109,62.93604278564453,62.93604278564453,3993509,0.0,0.0,64.8044023513794,1.6049757324327691,-0.367061476396534,63.99896146920091,58.68507318496704,46.81269824379874,0.7603016263380032,67.69514772586868,51.37806698606552,99.97094349760222
2020-09-21 00:00:00+02:00,185,62.68833812773981,62.76173461100634,58.66997166205826,58.79840850830078,3175014,0.0,0.0,64.4369691848755,3.266505103740004,-0.4687529459736858,62.96957664080961,58.775975640614824,45.82522014849805,0.7453835104998441,67.51559842789864,48.000294224132396,99.97094349760222
2020-09-22 00:00:00+02:00,186,59.17456234192202,59.358046557146075,56.422257116716345,57.22042465209961,3342559,0.0,0.0,64.01540756225586,5.742755852064285,-0.5606910223001601,61.688150235820544,58.86848367055257,44.490812159131,0.7253939964104708,67.2489802101998,46.71210137503692,99.97094349760222
2020-09-23 00:00:00+02:00,187,58.12868918941918,59.80759712232198,56.688316345214844,56.688316345214844,2237429,0.0,0.0,63.627791213989255,8.400677514819266,-0.6635309139329301,60.29675813499287,58.962406126658124,43.0014749165404,0.7030905652407378,66.94811683720768,46.27771282715696,99.97094349760222
2020-09-24 00:00:00+02:00,188,55.50482455270837,56.000240355595096,53.302978873036615,54.725006103515625,3239813,0.0,0.0,63.05622940063476,11.891880638091703,-0.7073905280236427,58.83105014976168,59.00919532775879,42.334490842170794,0.6771155693900365,66.64000458238273,44.67495738452435,99.97094349760222
2020-09-25 00:00:00+02:00,189,55.036935005704635,55.2020701093977,53.09197000968877,55.064456939697266,2495747,0.0,0.0,62.53237400054932,14.639409307207696,-0.7534148491324378,57.5394313282678,59.03197832107544,42.089899848305855,0.655294315855259,66.39550686001078,44.95206930684868,99.97094349760222
2020-09-28 00:00:00+02:00,190,56.468133517029145,57.468137983525615,55.97271768964834,57.16538619995117,2246798,0.0,0.0,62.23283214569092,16.04050739408658,-0.8184633921583454,56.55517795329182,59.05109157562256,41.973372187345795,0.6426768293561064,66.26283389938602,46.66717053483582,99.97094349760222
2020-09-29 00:00:00+02:00,191,57.16537579107504,57.92684501696495,56.26628991605796,57.42225646972656,1820433,0.0,0.0,61.91264686584473,17.0169917688508,-0.8571161019081575,55.78855529833127,59.06324755350749,41.91540909089208,0.6325345478786365,66.1562765101782,46.87686751200673,99.97094349760222
2020-09-30 00:00:00+02:00,192,56.6516190983892,57.972724421506946,55.917671696657116,56.94519805908203,2016150,0.0,0.0,61.45347099304199,17.158226671428835,-0.8598569214187817,55.28435381772989,59.07907333374023,41.817246403135385,0.6194891715845308,66.01767670472691,46.48741914675375,99.97094349760222
2020-10-01 00:00:00+02:00,193,58.1745621531925,59.72502628164028,57.293825257733545,59.541542053222656,2489597,0.0,0.0,61.15071792602539,16.350686555164717,-0.8250848308227977,55.372056807593374,59.15629081726074,41.161737862302516,0.6053831885594594,65.8835449644929,48.60695399110614,99.97094349760222
2020-10-02 00:00:00+02:00,194,58.53235278398327,59.477313221616974,56.90849240058919,59.28465270996094,2299021,0.0,0.0,60.914019393920896,16.04209676337375,-0.8054727474256715,55.32620407265697,59.24360001881917,40.25421905642195,0.588620525839205,65.71207246499321,48.397241443225425,99.97094349760222
2020-10-05 00:00:00+02:00,195,60.40392452137471,61.20209559003995,59.449798162741395,60.36723327636719,1605420,0.0,0.0,60.54842185974121,13.508322674572735,-0.7184023874263291,55.975128008231366,59.31240771611532,39.83245922117177,0.5777685295665629,65.62827608356123,49.28101001838154,99.97094349760222
2020-10-06 00:00:00+02:00,196,60.55071870205947,63.0644890034739,60.376403787176216,62.17457580566406,2265095,0.0,0.0,60.410348129272464,12.6142071596077,-0.5893322822124215,56.78499063754271,59.40529801050822,39.31582781041535,0.5688024162329498,65.58269869830315,50.75644065283128,99.97094349760222
2020-10-07 00:00:00+02:00,197,61.84430578999032,62.367243536791314,60.66081362628815,61.19292068481445,1914374,0.0,0.0,60.286953353881835,12.074330936551178,-0.49594877416168076,57.302058852335044,59.51798963546753,38.17257321409033,0.5536550669102659,65.44281596316299,49.95506293151497,99.97094349760222
2020-10-08 00:00:00+02:00,198,61.80759863855543,62.56906437103444,61.02777328684752,61.39474868774414,1669083,0.0,0.0,60.17135601043701,11.509347718244214,-0.3862175481440891,57.90191977228533,59.6203600247701,37.281352192540275,0.5397388753627712,65.32844138950603,50.119825954342815,99.97094349760222
2020-10-09 00:00:00+02:00,199,61.39475199281493,62.22962124978519,60.936034466868364,61.26631164550781,2064860,0.0,0.0,60.07777729034424,11.100057604860192,-0.2823234986028757,58.448592785352396,59.716155497233075,36.47963113215033,0.5257203259014233,65.21587594739266,50.01497590868638,99.97094349760222
2020-10-12 00:00:00+02:00,200,61.54154610338046,62.00026363784309,60.348877713987974,60.54153823852539,1691699,0.0,0.0,59.83328056335449,9.539923175855387,-0.12993166730452235,59.1381793005928,59.82051369349162,35.32450941778559,0.5074772751082534,65.04465957874584,49.423304506966865,99.97094349760222
2020-10-13 00:00:00+02:00,201,59.17456442183794,59.30300477690414,58.11033983734166,58.42226791381836,2160265,0.0,0.0,59.56722469329834,8.765519123694432,-0.052461027381724444,59.2982036580664,59.91692082087199,33.91857715826492,0.4818953645823014,64.777994336145,47.6932304844353,99.97094349760222
2020-10-14 00:00:00+02:00,202,58.30299987394506,58.422267416807834,56.48647879688273,57.018592834472656,2589403,0.0,0.0,59.17089290618897,7.419783380162882,0.04833126219408973,59.398918910709234,59.98779268264771,32.89143653643917,0.45303802813588034,64.48804336652788,46.54733523806712,99.97094349760222
2020-10-15 00:00:00+02:00,203,56.10115843416814,56.77088564518937,54.926839112337525,56.688316345214844,2544700,0.0,0.0,58.742909812927245,5.607616539293676,0.20671361877820513,59.59075951377225,60.013786697387694,32.636016417268486,0.43008385411777195,64.26940176329302,46.27771282715696,99.97094349760222
2020-10-16 00:00:00+02:00,204,57.14703693323615,59.33053009334258,56.46813337522613,59.027774810791016,2602485,0.0,0.0,58.54749641418457,4.646303697817671,0.41997576129943165,60.115469667067714,60.06317529678345,32.24017496256296,0.4124264751777268,64.11924919456627,48.187538237770596,99.97094349760222
2020-10-19 00:00:00+02:00,205,59.04611867951418,61.220442205281046,58.807583613522866,60.29383087158203,1199317,0.0,0.0,58.62226753234863,4.797614895496079,0.4913836467683704,60.48647403507121,60.145132795969644,31.458709828867665,0.3930817224846186,63.9638186429176,49.221087698784245,99.97094349760222
2020-10-20 00:00:00+02:00,206,60.07365066649109,62.37640762202364,59.55071296350683,61.41310501098633,2501202,0.0,0.0,58.83190155029297,5.057861313478924,0.5252274820295294,60.87783511772377,60.22540839513143,30.877697729621072,0.3780405275861353,63.86390055690221,50.13481120545508,99.97094349760222
2020-10-21 00:00:00+02:00,207,61.85347172657595,61.87182434797432,58.715845416979896,58.77088928222656,2110298,0.0,0.0,58.93603019714355,4.804803916822397,0.4451796518265832,60.62621334527108,60.30461355845134,29.879883356586195,0.3511737154101249,63.62946372483235,47.977828804031844,99.97094349760222
2020-10-22 00:00:00+02:00,208,58.394741171829715,59.312176203596174,57.3947368472148,59.128684997558594,1983309,0.0,0.0,59.1562141418457,3.8224235255021783,0.3062503849808615,60.19328080353983,60.37112754185994,29.182321648116503,0.32744075771941766,63.434877257560004,48.269916635042556,99.97094349760222
2020-10-23 00:00:00+02:00,209,59.86263670500317,63.02778481145515,59.83511477356038,62.41310501098633,3398269,0.0,0.0,59.52364654541016,3.357409299627154,0.26839687068042306,60.375451613726035,60.4625651995341,28.538723328231537,0.3121736682686074,63.35107712990979,50.95116483545777,99.97094349760222
2020-10-26 00:00:00+01:00,210,61.11034998797346,63.93605165641182,60.266311411522736,60.4130973815918,3086066,0.0,0.0,59.686032104492185,3.078585591050944,0.19758058427819128,60.28648716446043,60.5493392308553,27.611312224480105,0.28813713800563473,63.17176611781886,49.31845134716847,99.97094349760222
2020-10-27 00:00:00+01:00,211,60.36723301247821,60.394754945850764,57.86263208345963,58.71584701538086,2483118,0.0,0.0,59.750711631774905,2.8540019151343676,0.03149912181196333,59.84288091357348,60.64704608917236,26.085162532509848,0.2524867800453586,62.880597970179,47.93289484968878,99.97094349760222
2020-10-28 00:00:00+01:00,212,56.89014629028666,57.550700650610864,55.12867266240476,56.66996383666992,3855312,0.0,0.0,59.7369499206543,2.939071013903891,-0.27370069728676055,58.92422875350466,60.74008928934733,24.282558422373572,0.20517797556236927,62.49130074260524,46.26273069018666,99.97094349760222
2020-10-29 00:00:00+01:00,213,56.88097400200076,58.58740378201871,54.385549506513264,56.42225646972656,3558316,0.0,0.0,59.580985641479494,3.4897295039775167,-0.41091397693444215,58.25142722466326,60.82892758051555,22.54594760779488,0.15375739487553108,62.0934626733047,46.06051388200404,99.97094349760222
2020-10-30 00:00:00+01:00,214,55.50481719043128,58.18372569561647,55.50481719043128,57.42225646972656,2533525,0.0,0.0,59.48786582946777,3.7212491062350366,-0.5068535368756522,57.794356940914106,60.930456988016765,20.590603785993256,0.0998862575602922,61.71551348116683,46.87686751200673,99.97094349760222
2020-11-02 00:00:00+01:00,215,57.77089021162918,58.69749813629348,56.5873980753875,57.8809814453125,1840502,0.0,0.0,59.36355323791504,3.8001816277616,-0.5290900585461924,57.5770969022598,60.989708010355635,19.797835575804168,0.05864311816663764,61.441654001431516,47.2513493109992,99.97094349760222
2020-11-03 00:00:00+01:00,216,58.71584717820599,61.22961742567009,58.62410506688493,60.80759811401367,2549566,0.0,0.0,59.29520435333252,3.489128276567863,-0.34625896640543946,58.174941014040506,61.08183377583821,18.728423827473822,0.021738293147251838,61.24477714160811,49.64050345211979,99.97094349760222
2020-11-04 00:00:00+01:00,217,59.78007169055219,63.52320140455666,58.89932787604925,62.91769790649414,2874383,0.0,0.0,59.38144321441651,3.9824119315522264,-0.08185950942311132,59.09849767274988,61.185274569193524,17.805842407986308,-0.008087130522377264,61.12616791959735,51.36309107737914,99.97094349760222
2020-11-05 00:00:00+01:00,218,63.073667373561854,64.76174471152092,62.66082435054301,64.56908416748047,2203607,0.0,0.0,59.54015998840332,5.158959270609044,0.20390810292853825,60.342347988552824,61.305535062154135,16.861880352047177,-0.03578656481758673,61.051008189666476,52.711206246071896,99.97094349760222
2020-11-06 00:00:00+01:00,219,63.78008704299906,65.13789411272322,63.12870894180877,64.220458984375,2672747,0.0,0.0,59.68786735534668,6.132077682365989,0.41188163715742826,61.45446188646981,61.42755393981933,15.762549364110992,-0.06963208470822883,60.94872184216008,52.426604812333395,99.43117452098677
2020-11-09 00:00:00+01:00,220,65.87184671230519,82.96366107397283,65.82597215491604,76.1471176147461,10568937,0.0,0.0,60.468146324157715,19.711101879280484,0.5610146662650034,64.78224717687254,61.61379334131877,17.05918121264288,-0.04270406191297782,61.30829496615547,62.16297587903975,117.89696711236626
2020-11-10 00:00:00+01:00,221,75.6150030017212,81.5875077579486,75.0461976912541,80.66089630126953,7232758,0.0,0.0,61.580077743530275,39.649717855096156,0.6362335778387136,68.51908375401187,61.805766646067305,19.936929331113237,0.008754972765324621,61.873475359483564,65.84781549481194,124.8855549148611
2020-11-11 00:00:00+01:00,222,80.7342915151311,82.14714245658286,78.74345896105234,79.81685638427734,3265918,0.0,0.0,62.71999092102051,54.69102888518716,0.692521345109642,71.59056726791496,62.00355037053426,22.34829829136564,0.0453396455003449,62.3747956817159,65.15878044470819,123.57874581358159
2020-11-12 00:00:00+01:00,223,78.31225997343687,79.33978979576747,76.44986785753548,77.62418365478516,2822386,0.0,0.0,63.766784286499025,63.314099193428454,0.7311326935300639,73.843222538002,62.19078362782796,23.969400166203442,0.06919962732066916,62.777587493106275,63.36878410257934,120.18387713339058
2020-11-13 00:00:00+01:00,224,77.06454632030618,80.09208486839357,76.37647001387487,78.49574279785156,2420350,0.0,0.0,64.74018268585205,72.55272651664066,0.7771710859311448,76.20597658320344,62.41142670313517,25.284827359139115,0.08441768143284022,63.146658098285485,64.08028457278363,121.53329366871435
2020-11-16 00:00:00+01:00,225,80.18383055910171,83.85357102405396,80.0920884473728,82.56916046142578,3884774,0.0,0.0,65.85394916534423,86.9365627613159,0.8270355532249739,79.21024530426833,62.64506686528524,28.122673676469383,0.11296748328835092,63.68269654295042,67.40563386895953,127.84007983949309
2020-11-17 00:00:00+01:00,226,82.69760032437097,82.75264419118504,80.41318885841973,82.65172576904297,2891922,0.0,0.0,66.91588020324707,99.56236546864456,0.8735240396492259,82.0126172950197,62.84682610829671,31.29665841147483,0.14750633691173282,64.27611589499061,67.4730363575451,127.96791395405558
2020-11-18 00:00:00+01:00,227,82.83521748507177,83.02787801954481,80.48658582733414,82.56916046142578,2642183,0.0,0.0,68.10579376220703,107.47638758346795,0.8949683995119355,84.17612612495765,63.01188796361287,34.53778263324588,0.18844094587160326,64.93004044873425,67.40563386895953,127.8400798394931
2020-11-19 00:00:00+01:00,228,81.19300262489429,82.49575872725048,80.7526307173297,81.95447540283203,2360085,0.0,0.0,69.2470832824707,111.95779105871962,0.9082374349973528,85.89221308716253,63.14453382492066,37.4584472907662,0.23265732035609016,65.61086978282084,66.9038334900681,126.88837600082468
2020-11-20 00:00:00+01:00,229,82.16548791864506,82.56916161526264,81.0645685635647,81.32144927978516,2253690,0.0,0.0,70.19250049591065,116.23204269412022,0.92682281398197,87.49944009581505,63.203096803029375,39.18685498091834,0.2952374280756465,66.40421894639017,66.38706031663226,125.90827508107989
2020-11-23 00:00:00+01:00,230,82.11044340037056,83.46825046039127,82.00952497701549,82.69760131835938,1928740,0.0,0.0,71.30672569274903,118.12208824790272,0.9325687260788449,88.86197626233637,63.26601750055949,41.17761961491985,0.3588840151532665,67.25484597291714,67.51048702875792,128.03894209403563
2020-11-24 00:00:00+01:00,231,84.26640507449922,87.06458468154948,84.12878842178837,85.7801742553711,3279891,0.0,0.0,72.65994205474854,118.87611966784998,0.9339256537797421,90.29676043622445,63.4023331006368,45.09995221469463,0.40450993249352957,68.10753060649797,70.02695663563549,132.81162439062675
2020-11-25 00:00:00+01:00,232,86.57835378347198,86.7434923831231,83.22053792372427,83.9453125,2783332,0.0,0.0,74.02370948791504,110.16469600661915,0.9187133260617277,90.72545505788405,63.528786245981856,48.387962869010295,0.44425417808806555,68.8813372905686,68.52906058108519,129.97074685244883
2020-11-26 00:00:00+01:00,233,84.4957700210739,84.89026738803459,81.78016300643895,82.38567352294922,1877723,0.0,0.0,75.32188034057617,95.76502984439435,0.8895691710787607,90.39988333120682,63.70264024734497,51.31176765299897,0.465158277992255,69.47389000709595,67.2558436406761,127.55599090443232
2020-11-27 00:00:00+01:00,234,81.67007096774373,83.67925611213691,81.65172534518773,82.56916046142578,2070142,0.0,0.0,76.57922554016113,80.00230328722512,0.8548096734379946,89.82207069162952,63.878864256540936,54.22789329192507,0.4847787655828515,70.06209683093549,67.40563386895953,127.8400798394931
2020-11-30 00:00:00+01:00,235,82.55997806527482,82.8902552427352,80.48657989501953,80.48657989501953,3524562,0.0,0.0,77.70950546264649,61.05979969566817,0.7971965895534077,88.49906577700372,64.02970584233601,56.50399385870585,0.5037685857493942,70.58860996434818,65.70551166380072,124.61566452033854
2020-12-01 00:00:00+01:00,236,80.74345790142274,82.31227094240948,80.59666493878193,82.01869201660156,2001688,0.0,0.0,78.77006015777587,45.81764661713122,0.7408486854877946,87.4557942805833,64.17932418187459,59.20076810953483,0.5258331085702677,71.18697132630977,66.95625695582534,126.98780122188107
2020-12-02 00:00:00+01:00,237,82.53245442571972,84.19300958952125,82.29391935816284,83.78016662597656,1943603,0.0,0.0,79.81318359375,32.767207028882474,0.6913280411536804,86.66750575125657,64.34423309961954,62.401559712213675,0.5474874286703857,71.83510725716602,68.39424314734619,129.7150549984644
2020-12-03 00:00:00+01:00,238,83.81687807846129,87.33065647567182,83.81687807846129,87.15634155273438,2495805,0.0,0.0,80.94254646301269,22.031953959578164,0.6719422031304937,86.4053936740805,64.55203221638997,66.69315778131418,0.5659302199252579,72.55708413690908,71.150395804329,134.94231502844195
2020-12-04 00:00:00+01:00,239,87.22972431760533,89.02789613616609,87.06458573225414,88.2939453125,2485380,0.0,0.0,82.14622077941894,8.633965443868135,0.7532235969820085,85.97966984786304,64.76136026382446,71.3698205883378,0.5850868807009343,73.32263216030218,72.07908276311836,136.70364280095922
2020-12-07 00:00:00+01:00,240,87.72514312912851,87.95450189457851,85.9086186269959,87.34899139404297,1631950,0.0,0.0,82.7063144683838,7.834254100691398,0.7476205434491359,86.33075251594214,64.97504618962606,75.53276688576653,0.6009556791221217,74.02134164754855,71.30766620160071,135.24059069161115
2020-12-08 00:00:00+01:00,241,86.98201985971984,87.9361532066026,86.33981808752682,86.90863037109375,1346764,0.0,0.0,83.018701171875,8.440781175293798,0.7767400562789138,86.92735897482159,65.18888505299886,79.41263030492243,0.6153573317555477,74.68689887518029,70.94817588200442,134.55878905989502
2020-12-09 00:00:00+01:00,242,87.78936649171088,88.53248667892501,85.77100508276584,85.86274719238281,1365525,0.0,0.0,83.32099571228028,8.230736330016065,0.766119573108711,87.12794007728827,65.42298386891683,82.48662731189182,0.6245644428070678,75.24791820265821,70.094365352505,132.9394703176189
2020-12-10 00:00:00+01:00,243,86.027892705243,86.67927783467913,85.11045753637224,85.98202514648438,1687673,0.0,0.0,83.73888778686523,6.711511820082381,0.729810181260881,87.01365719562074,65.65081367492675,85.59981846222549,0.6343311456199847,75.81594713456332,70.1917383433151,133.12414584405303
2020-12-11 00:00:00+01:00,244,85.79852964676604,86.0187191159682,83.8627479762207,84.5783462524414,1774037,0.0,0.0,84.04301795959472,5.20436539378336,0.6451845887709686,86.59236231721194,65.88254248301187,87.8935549613282,0.6411756107928194,76.29411040665373,69.04583998280495,130.95085958462332
2020-12-14 00:00:00+01:00,245,85.44073772206521,86.43156941870318,84.12880510507469,84.44991302490234,1698577,0.0,0.0,84.13705558776856,5.0894415074155495,0.6066447713335633,86.50750204365934,66.10196250279745,90.23561519829829,0.6489514673621694,76.77927215611336,68.94099305129048,130.7520091425105
2020-12-15 00:00:00+01:00,246,83.94531385100379,84.71595599546195,82.43154449641865,83.8260498046875,2055691,0.0,0.0,84.19577178955078,4.97478719581975,0.5396042585825018,86.28037426800456,66.31488393147787,92.31501984132471,0.6562113473225609,77.235334240913,68.43170004684292,129.7860949508742
2020-12-16 00:00:00+01:00,247,83.39485018337605,84.88109053351718,82.37649668447791,83.22053527832031,1735232,0.0,0.0,84.22834053039551,4.884471794895969,0.43852566402644155,85.90700711419646,66.51763706207275,94.21200686930449,0.6634267071744758,77.67102236614234,67.9373860652237,128.84858965274393
2020-12-17 00:00:00+01:00,248,83.79851483080449,84.12879201161417,82.22970172169558,82.91777801513672,1487973,0.0,0.0,84.27650566101075,4.700298841838522,0.29797274423055553,85.39542789440297,66.70089461008708,96.17568731187733,0.6723245418399711,78.12105599608049,67.6902290744141,128.3798370036788
2020-12-18 00:00:00+01:00,249,82.22053806387409,83.39485389883878,81.59668190161477,81.65172576904297,3297694,0.0,0.0,84.29301948547364,4.6030176385273895,0.06904731977845663,84.54960301330539,66.87956517537435,97.66796619973772,0.6793163299968964,78.5076650724318,66.65668272754242,126.41963516418926
2020-12-21 00:00:00+01:00,250,77.9819780020596,79.7801498313467,75.91774917259332,79.39482879638672,3398767,0.0,0.0,84.127880859375,5.703096458638159,-0.17372063119635328,83.40931366733265,67.02344954808554,98.7736537354146,0.6866175753755285,78.84286784181202,64.8142566913724,122.92532945051211
2020-12-22 00:00:00+01:00,251,80.15630726769893,80.73428886132722,78.44987742044475,80.67924499511719,1691985,0.0,0.0,83.87283439636231,6.116888137158537,-0.22318314174685686,82.91676969632552,67.1812484105428,100.08133081929861,0.6940239689806594,79.20698350345347,65.86279451764028,124.91396380836721
2020-12-23 00:00:00+01:00,252,80.73429576827881,84.48660229139743,80.3856729199995,84.35816192626953,1561928,0.0,0.0,83.89347686767579,6.128560111018556,-0.20366686463822722,83.02018336277715,67.38094345728557,102.13346955534644,0.7016323161753244,79.66252380825279,68.86609170886484,130.60995286255044
2020-12-24 00:00:00+01:00,253,84.80770267286871,85.37650795379021,83.97283337419782,84.44072723388672,352865,0.0,0.0,83.99622955322266,6.013552203082107,-0.24418009734936413,82.95909182593539,67.60128078460693,103.79072123489682,0.7066202379853646,80.07011825450435,68.93349419745043,130.7377869771129
2020-12-28 00:00:00+01:00,254,85.3214618476787,85.55082061608644,84.19301362734402,84.38568115234375,935395,0.0,0.0,84.08705558776856,5.905665833833125,-0.2877106236375853,82.87603657829128,67.80411046346029,105.63693006769756,0.7131479628958034,80.49956221057845,68.8885571289654,130.6525602965947
2020-12-29 00:00:00+01:00,255,85.2939390458108,85.72513464593715,84.38568029202864,85.38568115234375,967733,0.0,0.0,84.33201065063477,5.248978648907645,-0.4040719667153276,82.72855574036,67.99692471822102,107.93759945487972,0.7220151584236854,80.98944251574498,69.7049107589681,132.20083908646097
2020-12-30 00:00:00+01:00,256,85.24806489694022,85.30311576070021,83.5416351093362,83.71595001220703,1001345,0.0,0.0,84.41687355041503,4.979718300090402,-0.5350203296822467,82.34895561554536,68.18874505360921,109.52911956088457,0.7281457299737364,81.38782722934715,68.34181968158894,129.615629777408
2020-12-31 00:00:00+01:00,257,82.89025489524806,83.77099169829224,82.36731719970703,82.36731719970703,470045,0.0,0.0,84.34623107910156,5.174217160723778,-0.6271657592108322,81.8752734810839,68.34593229293823,111.00918747354837,0.7361211468375948,81.77943859353346,67.24085838956384,127.52757019849652
2021-01-04 00:00:00+01:00,258,85.17466951839546,86.76183528751338,81.92695549279027,82.4682388305664,1854889,0.0,0.0,84.11182594299316,4.886386563611009,-0.5984255056336107,81.82061732917943,68.5209329922994,112.25675630381814,0.7416908100425709,82.131924710972,67.32324612926168,127.52757019849652
2021-01-05 00:00:00+01:00,259,81.23887699742073,83.064570798757,81.07373840738447,82.41319274902344,1567333,0.0,0.0,83.81778831481934,4.026706025253628,-0.5360790979889022,81.95456691405728,68.70388485590617,113.29863070282046,0.745963008481865,82.45665706540167,67.27830906077665,127.52757019849652
2021-01-06 00:00:00+01:00,260,83.36732161972978,83.47740934092492,81.63337001617003,82.72511291503906,1498665,0.0,0.0,83.58659439086914,3.376997169102931,-0.4561360414697021,82.13474901760884,68.89088865915934,114.31976498770106,0.7499648623969344,82.77960809936762,67.53294622057454,127.52757019849652
2021-01-07 00:00:00+01:00,261,83.41319669553,83.48659318259732,81.97282388433669,82.22053527832031,1320055,0.0,0.0,83.35218963623046,2.8365383620043234,-0.38199624797213566,82.23785903954916,69.05579760869344,115.43482282156053,0.755379994797674,83.11285851861277,67.12103243522103,127.52757019849652
2021-01-08 00:00:00+01:00,262,83.14714343033965,83.21136360955201,81.5875065069114,82.66090393066406,1856095,0.0,0.0,83.19209747314453,2.502979765706222,-0.2953500858568487,82.38276605835675,69.23156290054321,116.4881051649757,0.7599380098909229,83.43781721720273,67.48052898310124,127.52757019849652
2021-01-11 00:00:00+01:00,263,83.14713558786838,84.20218728925086,81.70676284755542,82.36731719970703,2214256,0.0,0.0,83.01136207580566,2.0947303130724997,-0.1909477933133634,82.53268863655013,69.41887251536052,117.16941701175737,0.7625554599955113,83.7156842052037,67.24085838956384,127.52757019849652
2021-01-12 00:00:00+01:00,264,82.46824289490603,83.02787888157961,81.66090250404514,82.53246307373047,1572946,0.0,0.0,82.90906791687011,1.9665525733522435,-0.12155541005833792,82.61381941630925,69.61787948608398,117.60034322622244,0.7640272213453586,83.96860157812088,67.37567582330284,127.52757019849652
2021-01-13 00:00:00+01:00,265,82.53245818128484,83.02787395976618,80.84438100969572,81.75263977050781,1751184,0.0,0.0,82.77420425415039,1.8928345870526875,-0.09032158078337385,82.55897143767686,69.82575505574545,117.41515788075877,0.7634477594644256,84.15429819122602,66.73906423895633,127.52757019849652
2021-01-14 00:00:00+01:00,266,82.01870312812257,85.55082702636719,81.74346978562053,85.55082702636719,2536958,0.0,0.0,82.86044311523438,2.232545751988843,0.1396477104845715,83.22184851001882,70.0505267461141,118.37909284036664,0.765998712632938,84.48583860898418,69.83972819270708,127.52757019849652
2021-01-15 00:00:00+01:00,267,84.86274818613315,85.2664218767963,83.4865955128445,84.90862274169922,2298870,0.0,0.0,82.94484748840333,2.4390137231545794,0.26598452261600175,83.66433641705645,70.2827143351237,118.75874734558526,0.7669300605906199,84.7587349231817,69.31546239371511,127.52757019849652
2021-01-18 00:00:00+01:00,268,83.66090393066406,84.22970917847435,82.82603468059246,83.66090393066406,1199645,0.0,0.0,82.98200378417968,2.464508052933726,0.3015439331592107,83.80193296570808,70.49563570022583,118.9719322351351,0.7675620723404503,84.99658358157012,68.29688261310392,127.52757019849652
2021-01-19 00:00:00+01:00,269,84.40402731740971,84.6792606410605,83.51411417034289,83.76182556152344,1302168,0.0,0.0,83.0875087738037,2.391658387152266,0.2683672763050589,83.80636122748712,70.71956637700399,118.8447474010524,0.7672238013640685,85.20637392389665,68.37927035280177,127.52757019849652
2021-01-20 00:00:00+01:00,270,84.04623099689,85.76183717260149,83.36733097526341,84.78018188476562,1384857,0.0,0.0,83.35677642822266,1.7484560424486704,0.16119497005049443,83.72595753920011,70.9388334274292,119.19629356384596,0.7682024157632307,85.46555696696292,69.21060923391671,127.52757019849652
2021-01-21 00:00:00+01:00,271,85.33981113218123,85.7343085107534,81.68842330211739,81.98200225830078,1786910,0.0,0.0,83.42191429138184,1.4661387065896028,-0.12648701051530967,83.15664065830552,71.11987400054932,119.22923290375671,0.768335803880029,85.65112731812908,66.92630513845258,127.52757019849652
2021-01-22 00:00:00+01:00,272,81.65172033696105,82.23887821538128,80.70676334511207,81.49575805664062,1500933,0.0,0.0,83.27879409790039,1.5937097808609826,-0.18099266281692572,82.88303927521083,71.27935476303101,119.46316237155177,0.7695121892215104,85.84712671896698,66.52935791935954,127.52757019849652
2021-01-25 00:00:00+01:00,273,81.55998686745852,81.67925091807261,77.55079271105308,77.86272430419922,3028873,0.0,0.0,82.94989395141602,2.952668584576255,-0.3361934613192333,81.94930145541284,71.4058079401652,119.19103147666561,0.7675567716694692,85.92000195124766,63.563517627631704,127.52757019849652
2021-01-26 00:00:00+01:00,274,77.61499922940287,79.97280688816264,76.79848264326057,78.24803161621094,2013721,0.0,0.0,82.64301147460938,3.908588976231647,-0.42536486785334554,81.1864385054016,71.52805608113607,119.05449435182808,0.7665254405507331,86.01444358526226,63.87806465045905,127.52757019849652
2021-01-27 00:00:00+01:00,275,77.9819867247089,78.33978586854667,76.43151910176223,77.39482879638672,2738586,0.0,0.0,82.24346885681152,4.794299418026239,-0.4696349753126741,80.46238799548459,71.6220932006836,119.08816317755189,0.7668886738397449,86.117394581016,63.18154943136702,127.52757019849652
2021-01-28 00:00:00+01:00,276,76.38564664905508,79.57831680475698,75.68839402905586,78.11959838867188,3080959,0.0,0.0,81.96365127563476,5.4928335922518725,-0.5287801032632136,79.8171361470705,71.69067147572835,119.41298486392972,0.7720752509549266,86.30389528231541,63.77321771894458,127.52757019849652
2021-01-29 00:00:00+01:00,277,75.87188696095696,78.44070827743488,75.08289214230196,76.33060455322266,3536944,0.0,0.0,81.66181564331055,7.05842170908394,-0.6314674893708156,78.75601761680247,71.75397453308105,119.51641011496216,0.773889269591308,86.40787449007516,62.31276610732317,127.52757019849652
2021-02-01 00:00:00+01:00,278,77.1838123371567,77.40400180047573,75.60582984688291,76.24803161621094,1738516,0.0,0.0,81.35080528259277,8.464958037802822,-0.7079946232612262,77.78298482250709,71.8289748509725,119.50983598048033,0.773795302129725,86.48069251312421,62.24535739045367,127.52757019849652
2021-02-02 00:00:00+01:00,279,78.53244468795398,81.48658688734271,78.11042537368051,81.27557373046875,3010345,0.0,0.0,81.29392433166504,8.402446659173197,-0.6785809426015041,77.88697897467564,71.95496927897135,119.97330980476504,0.7771265665420375,86.69826929859363,66.34960964541943,127.52757019849652
2021-02-03 00:00:00+01:00,280,82.44071860994548,83.47741775268186,81.31227035766972,82.39484405517578,1742351,0.0,0.0,81.27741088867188,8.35814505919662,-0.6019504489852867,78.2631813450966,72.0954132715861,120.52366516895279,0.7804809675276225,86.93627468205095,67.26333003794831,127.52757019849652
2021-02-04 00:00:00+01:00,281,82.71595352300122,85.43156062986142,82.22970703134723,85.4132080078125,1992215,0.0,0.0,81.43704452514649,9.184759598062941,-0.4298201085656391,79.1808255173781,72.27790632247925,121.36170950840793,0.7837733523184726,87.23309731392919,69.72738240735256,127.52757019849652
2021-02-05 00:00:00+01:00,282,85.4774207207216,86.76183117246603,84.32145761367808,85.70677947998047,2275049,0.0,0.0,81.5893383026123,10.041019432113538,-0.26112679315358106,80.15615755197295,72.4550477027893,122.33053399727561,0.7877713434073501,87.54640292282623,69.96704054432212,127.52757019849652
2021-02-08 00:00:00+01:00,283,86.25725384453418,86.97285917528399,84.87193174146638,86.11964416503906,1368441,0.0,0.0,81.7769546508789,11.052304808959633,-0.11186466828294142,81.132815059622,72.64388656616211,123.18358238791102,0.7908893078958695,87.84770752402659,70.30408412866961,127.52757019849652
2021-02-09 00:00:00+01:00,284,86.2113729142418,87.05541148179574,84.3214589478767,84.83522033691406,1325928,0.0,0.0,81.89209251403808,11.500571202576651,-0.012635505956481451,81.81787387783696,72.82270997365316,123.67858395539466,0.7928827929267226,88.09544694615788,69.25554007411782,127.52757019849652
2021-02-10 00:00:00+01:00,285,85.32145894255879,85.90861680973246,83.65172744538229,84.11962127685547,1157173,0.0,0.0,82.01044158935547,11.74595579462566,0.03862698976501845,82.23973716394015,72.9724812189738,124.35391411815354,0.7965390329895435,88.3574783504827,68.67135818381247,127.52757019849652
2021-02-11 00:00:00+01:00,286,84.26641237824616,84.77100448209661,83.32145534692106,83.68843078613281,1142713,0.0,0.0,81.91732177734374,11.225318569052751,0.18054854055055494,82.96506279673706,73.1227876663208,124.84572979913699,0.7991778988099885,88.58924823087365,68.3193542614884,127.52757019849652
2021-02-12 00:00:00+01:00,287,83.12879259867928,84.59668731689453,82.14713734967214,84.59668731689453,1389406,0.0,0.0,81.90172500610352,11.13196346640622,0.33292295933650284,83.82565940628902,73.29075469970704,125.29014317443439,0.8011569440222654,88.8230872894804,69.06081277734937,127.52757019849652
2021-02-15 00:00:00+01:00,288,85.20219810598556,86.4866016139829,84.67926039216545,85.93614196777344,1195215,0.0,0.0,82.01548690795899,11.812120009864993,0.4702183973630808,84.81462400283169,73.4555871963501,126.17874975217661,0.8052293489440332,89.12213589180908,70.15428144381836,127.52757019849652
2021-02-16 00:00:00+01:00,289,85.85357545733655,86.7159596627595,85.68843686489826,86.05541229248047,1136036,0.0,0.0,82.13016624450684,12.496765873809563,0.5998872102346481,85.80323490632114,73.62653592427571,126.95704410588927,0.8085653796837784,89.40643316557167,70.25164820634454,127.52757019849652
2021-02-17 00:00:00+01:00,290,86.05541365324105,86.85357769641872,85.70678384176186,86.14715576171875,1441968,0.0,0.0,82.19851493835449,12.971512769007495,0.7518015533993244,86.8883671776764,73.81812702814737,127.31615012667454,0.8098119781386958,89.64468862724993,70.32654332048625,127.52757019849652
2021-02-18 00:00:00+01:00,291,83.48659039277968,84.45906931576499,82.18383428850238,83.75264739990234,2466402,0.0,0.0,82.28704719543457,13.087917545667445,0.779167176541327,87.16937068836573,73.98418273925782,127.2786912568927,0.8096437266215604,89.80512818705864,68.37177772724563,127.52757019849652
2021-02-19 00:00:00+01:00,292,83.58751252593669,84.9361432429329,82.39484409607591,84.1930160522461,2259103,0.0,0.0,82.42191009521484,13.227013269205315,0.7990271751462099,87.45521305726108,74.13471857706706,127.61308275006368,0.8114087283530932,90.01096760709217,68.73127427512584,127.52757019849652
2021-02-22 00:00:00+01:00,293,83.1471370904595,87.8902816772461,82.75263973409947,87.8902816772461,2318571,0.0,0.0,82.92328796386718,13.44224049755698,0.8025000204784827,88.01942983873161,74.32049922943115,128.5557245250296,0.8148608764229396,90.32307175812021,71.74955048917876,127.52757019849652
2021-02-23 00:00:00+01:00,294,87.7067984379409,93.009572454664,87.45909402862802,90.78020477294922,4339464,0.0,0.0,83.54989662170411,15.127522162136612,0.8149216066253202,89.03974511364788,74.54351240793864,129.89038901790192,0.8182115648129504,90.69508262333197,74.10874969878462,127.52757019849652
2021-02-24 00:00:00+01:00,295,90.87195949807453,94.25729063158309,90.05544272879,94.23894500732422,2957767,0.0,0.0,84.39210243225098,18.400400210004708,0.8154663761628671,90.45081459486808,74.76484375,132.70478021687487,0.825355086993753,91.23299106299578,76.932304844353,127.52757019849652
2021-02-25 00:00:00+01:00,296,95.26646685572975,95.39491422196257,90.6976435251172,90.7618637084961,2564953,0.0,0.0,85.02421569824219,18.0445164267834,0.8122671364857745,91.00051217002726,74.98005886077881,133.9967244510114,0.8288207769561168,91.59766065921193,74.0937769042402,127.52757019849652
2021-02-26 00:00:00+01:00,297,88.75266911724171,90.03707964994547,87.27559805455354,87.99120330810547,2253924,0.0,0.0,85.60724563598633,14.172182877844284,0.7674360992646807,90.61129085232709,75.18281208674112,134.30119134825605,0.8297433142507451,91.83779999307666,71.83193822887661,127.52757019849652
2021-03-01 00:00:00+01:00,298,89.67927794540437,92.91782261727651,89.54166128523526,92.36736297607422,2102766,0.0,0.0,86.4132122039795,11.283375362546648,0.7699027965271016,90.89257297740264,75.42165098190307,135.61852123493316,0.8325114346405406,92.21395687828135,75.40443205929427,127.52757019849652
2021-03-02 00:00:00+01:00,299,91.90865545328212,91.90865545328212,90.2847982849302,90.9178237915039,1532642,0.0,0.0,86.89532470703125,10.717456791914326,0.7596643819258458,91.20285422606949,75.65315046310425,136.31439896268452,0.8340844992880567,92.52029413347044,74.22109548413914,127.52757019849652
2021-03-03 00:00:00+01:00,300,91.3306726205371,92.33067358127755,90.67011818800499,92.16553497314453,1522786,0.0,0.0,87.38385925292968,10.862060481419467,0.7621812237276467,91.7347179752931,75.87593431472779,137.67759417420135,0.8374407773658037,92.89541740250559,75.23966903646641,127.52757019849652
2021-03-04 00:00:00+01:00,301,91.34900713049812,92.8994745960374,90.74350364065828,92.01873779296875,2008727,0.0,0.0,87.7141357421875,11.673480563730218,0.7959867339132111,92.42463174268386,76.11156225204468,138.5744756525508,0.8393740997377553,93.22580995874107,75.11983062555576,127.52757019849652
2021-03-05 00:00:00+01:00,302,90.82606795134522,91.02790477781957,87.36734096872408,87.5416488647461,2464071,0.0,0.0,87.80587921142578,11.454108736178135,0.7438611279107842,92.16634760076545,76.29986575444539,138.58880243525556,0.8394236103597571,93.41600767156751,71.46494282715634,127.52757019849652
2021-03-08 00:00:00+01:00,303,88.87193354832083,92.36735875990477,88.32146693277086,92.22056579589844,2654406,0.0,0.0,88.11092529296874,12.232266987239527,0.7814551009806486,92.84481498154426,76.52463731765747,139.64142261046,0.8419502290201253,93.75737110541355,75.2845936483836,127.52757019849652
2021-03-09 00:00:00+01:00,304,92.22056847951423,92.71598424824153,90.94533431536348,91.98204040527344,1739101,0.0,0.0,88.46826629638672,12.321816324035225,0.7846439159218653,93.23883993816446,76.76668729782105,140.03848837272827,0.8427483051048161,94.04026198858917,75.08987257989908,127.52757019849652
2021-03-10 00:00:00+01:00,305,91.62424956005813,92.66094874401696,90.49580126291167,90.81690216064453,1691917,0.0,0.0,88.80313034057617,11.498800447991371,0.7509826473398723,93.21392457303469,77.03350807825724,138.91249085650028,0.8410103402523355,94.20201833412908,74.1387077444413,127.52757019849652
2021-03-11 00:00:00+01:00,306,91.38571496507568,91.74351411014729,89.46827188044679,90.94534301757812,1743287,0.0,0.0,89.16597595214844,10.224894388230368,0.7035972851532937,93.06283051839623,77.31454906463622,137.16041348006365,0.838713298936105,94.32784865275386,74.2435609042397,127.52757019849652
2021-03-12 00:00:00+01:00,307,90.82607231140138,91.8903003568179,89.72515302256798,91.7435073852539,1932352,0.0,0.0,89.5233169555664,9.341284798857327,0.6677457591488661,93.05820018862968,77.60667565663655,135.24875640890355,0.836531689273164,94.45705432921427,74.89514528313063,127.52757019849652
2021-03-15 00:00:00+01:00,308,92.20222492218018,92.95452140276029,91.42240650930034,91.7435073852539,1437703,0.0,0.0,89.81368522644043,8.83471356182691,0.6370171342755856,93.09318781528731,77.91516316731771,132.43244938768902,0.8339766437233421,94.5382518243181,74.89514528313063,127.52757019849652
2021-03-16 00:00:00+01:00,309,92.03708676348295,94.58755516091979,91.42240694097318,93.37654113769531,1957658,0.0,0.0,90.17974166870117,8.618365162869924,0.6279482637958165,93.37272710037688,78.23443053563436,129.95066481075833,0.8321009666135636,94.66398954966427,76.22827831485309,127.52757019849652
2021-03-17 00:00:00+01:00,310,93.30314382690001,94.12883678986287,92.6242438348968,92.66094207763672,1423575,0.0,0.0,90.50543098449707,7.974845992535076,0.5936591076007652,93.40917892442158,78.53022683461508,127.8810862560832,0.8299138365902234,94.78559428155043,75.64409642454774,127.52757019849652
2021-03-18 00:00:00+01:00,311,93.43158554884823,93.96369957718026,92.3123206264772,92.752685546875,1347315,0.0,0.0,90.9554328918457,5.627479287030332,0.520867413005141,93.09558562192845,78.82464707692465,125.74940495698347,0.8276378886652421,94.89975735074113,75.71899153868945,127.52757019849652
2021-03-19 00:00:00+01:00,312,91.79854790396216,91.8169005244758,89.3031234741211,89.3031234741211,3764747,0.0,0.0,91.21093826293945,3.295594287359112,0.2557499856107842,92.01509946481326,79.0942964553833,122.57598381249484,0.8230036819171105,94.87640766446239,72.90292901867718,127.52757019849652
2021-03-22 00:00:00+01:00,313,89.31230061566598,89.91781110772234,88.32146908292313,89.055419921875,1103498,0.0,0.0,91.26919517517089,2.9562059611539517,-0.01633182806082915,91.22055862408797,79.34024543762207,120.1361087518206,0.818309396643581,94.87537737554912,72.70071532463653,127.52757019849652
2021-03-23 00:00:00+01:00,314,88.16550803908706,89.01872292654004,87.34899139404297,87.34899139404297,1482214,0.0,0.0,91.09763450622559,3.72148095112895,-0.20998006148473056,90.3960231884301,79.5741149266561,117.23988874836304,0.8119153917379497,94.80093096001157,71.30766620160071,127.52757019849652
2021-03-24 00:00:00+01:00,315,86.69761864634494,88.78019328432435,85.44990632597397,88.04624938964844,1803009,0.0,0.0,90.78799972534179,3.591251767691895,-0.19499604386086808,90.14795642774166,79.80477339426676,114.68937076675934,0.8060522402449063,94.75629530862822,71.87687529736164,127.52757019849652
2021-03-25 00:00:00+01:00,316,87.18386095416453,88.62423385587876,86.41321878994914,88.5233154296875,1733605,0.0,0.0,90.67607231140137,3.8479652912591806,-0.28719652175413535,89.70028452875171,80.02434622446695,112.66755262288348,0.800783102044853,94.74662231316103,72.26632989089853,127.52757019849652
2021-03-26 00:00:00+01:00,317,89.54166241264825,90.54167028962557,88.70680012953247,89.61505889892578,1937074,0.0,0.0,90.75726509094238,3.5208801621856183,-0.48168905183496197,89.19176526161547,80.26119737625122,110.40391703949159,0.7958765348464464,94.7455326428383,73.15757863504292,127.52757019849652
2021-03-29 00:00:00+02:00,318,90.50497874944489,90.64259542153884,88.44992597779256,89.35818481445312,1014054,0.0,0.0,90.60680618286133,3.4636303074454013,-0.4683742994916707,89.0970060839089,80.49422601064046,108.05346336723356,0.7905385656061018,94.7274418269115,72.94787854373006,127.52757019849652
2021-03-30 00:00:00+02:00,319,89.34900494804339,90.17469794827917,88.84441283693417,89.63340759277344,1639176,0.0,0.0,90.5425853729248,3.5040664450096686,-0.4940918202918245,88.9406150810769,80.73061847686768,105.59217077385243,0.7851346421606117,94.70461485808579,73.17255765787127,127.52757019849652
2021-03-31 00:00:00+02:00,320,89.05542282147024,89.91781403539657,88.37652282299322,88.56918334960938,1827776,0.0,0.0,90.36276779174804,3.5363644918921047,-0.4999027242129397,88.73450446495147,80.9641821861267,102.62828756074333,0.7783859455796284,94.62224652877826,72.30377433382742,127.52757019849652
2021-04-01 00:00:00+02:00,321,88.71597765188056,93.06462537341473,88.57836797671636,92.12883758544922,1883358,0.0,0.0,90.36827278137207,3.556162374685031,-0.3373306310604169,89.26646154389904,81.24507026672363,99.32613510248243,0.7742636410680773,94.61044873931297,75.20971099080973,127.52757019849652
2021-04-06 00:00:00+02:00,322,93.13800817112626,93.67012220842247,91.22057217395539,92.38571166992188,1516580,0.0,0.0,90.61047592163087,3.28811025257805,-0.40239363380449195,89.34665682255098,81.53979625701905,95.34939621993298,0.7703826414025663,94.56924643395863,75.41941108212261,127.52757019849652
2021-04-07 00:00:00+02:00,323,92.34901684656522,93.24809928904017,91.96368880031619,92.23892211914062,1071145,0.0,0.0,90.61139373779297,3.291238187695675,-0.24343606105637314,89.84645756900318,81.83605130513509,91.03295247188763,0.7664852666079435,94.50275912329224,75.29957889949587,127.52757019849652
2021-04-08 00:00:00+02:00,324,92.38571365710133,93.06462068458889,91.48663116044405,92.47746276855469,1227715,0.0,0.0,90.63616485595703,3.374989196884662,-0.08485586658553712,90.36615557401012,82.11479870478313,87.5346175790648,0.7623701997890248,94.46905078557457,75.49431242454823,127.52757019849652
2021-04-09 00:00:00+02:00,325,93.02791887172928,95.50499079752099,92.62424519513613,92.752685546875,1976032,0.0,0.0,90.73295402526855,3.5991803019298247,0.02101662887183662,90.80201385196965,82.38528916041057,84.41050151937817,0.7582802206490208,94.45199138121544,75.71899153868945,127.52757019849652
2021-04-12 00:00:00+02:00,326,92.93617440022044,93.13800423391096,91.0095551741762,91.65176391601562,1461248,0.0,0.0,90.76827507019043,3.6399250917715613,0.07199953976983538,91.00619814881398,82.63727798461915,81.37197414371249,0.7530938387645308,94.40377389297844,74.82025016898892,127.52757019849652
2021-04-13 00:00:00+02:00,327,91.50497150590434,92.330664465045,89.66093206320993,90.2756118774414,1667017,0.0,0.0,90.6948802947998,3.5969726229322254,0.09850711549721214,91.01847156421208,82.89981733957926,77.0061624245209,0.7469089910443091,94.25230543691166,73.69682345686324,127.52757019849652
2021-04-14 00:00:00+02:00,328,90.48661762952511,92.3306640636774,89.83523957555519,91.94534301757812,1184415,0.0,0.0,90.70497207641601,3.6212884842532866,0.20518629647188366,91.38127387414956,83.1732894897461,72.86986292821376,0.7423463189355052,94.14921530403804,75.0599145342424,127.52757019849652
2021-04-15 00:00:00+02:00,329,91.85359690248686,95.50498436954797,91.28478466915995,94.34901428222656,1929003,0.0,0.0,90.75359573364258,3.942050439395508,0.4774696830485437,92.39557442594798,83.43942206700643,70.22626947614333,0.7391514458739082,94.1680419261788,77.0221602964713,127.52757019849652
2021-04-16 00:00:00+02:00,330,94.49581093406732,95.90866176272716,94.34901796510184,95.11966705322266,1730699,0.0,0.0,90.87653198242188,4.737963190260437,0.6869000154218092,93.46623518968063,83.72864348093668,66.83281242796515,0.7370546587488729,94.16515103072666,77.65128548354559,127.52757019849652
2021-04-19 00:00:00+02:00,331,95.35820560725494,95.57838806926266,93.96370034909945,94.2205810546875,1106840,0.0,0.0,90.9499267578125,5.135593513377162,0.8618204640107978,94.33269893885853,84.02451626459758,62.412105558476185,0.7355262242474643,94.08903948281433,76.91731336495683,126.32215962101287
2021-04-20 00:00:00+02:00,332,94.23893038108137,94.44076721397869,89.85359191894531,89.85359191894531,2030955,0.0,0.0,90.97745018005371,5.055321842235048,0.7590077981460324,93.93329254999301,84.30104649861654,56.332528314885245,0.7320951310617104,93.8182152002428,73.35230593181137,120.46730824466371
2021-04-21 00:00:00+02:00,333,90.00038095196489,91.68846515772026,88.02789410806903,89.66093444824219,1730581,0.0,0.0,91.00772590637207,4.9511471562703475,0.6362586812721799,93.45987722082583,84.57803548177084,49.96525703541421,0.7305988027259737,93.52289751785173,73.19502930625575,120.46730824466371
2021-04-22 00:00:00+02:00,334,90.36735194509774,91.51414575150761,89.21138182838389,91.47744750976562,1588552,0.0,0.0,91.2141487121582,4.213362559323741,0.5425577998390718,93.14309908529243,84.86182874043783,44.08711349710562,0.7329413633373638,93.2910157986865,74.6779463379777,120.46730824466371
2021-04-23 00:00:00+02:00,335,90.36735620245528,91.2756149800688,89.60588339925113,90.33065795898438,1526193,0.0,0.0,91.328369140625,3.7125227523660165,0.38566319187358244,92.61544273562144,85.13224271138509,38.147341449851346,0.7368201869266955,93.01456669600105,73.74176052534827,120.46730824466371
2021-04-26 00:00:00+02:00,336,90.74350796711377,93.72517200486466,90.7343316563756,92.8811264038086,1297965,0.0,0.0,91.54625968933105,3.3753229088300705,0.333277498694348,92.60679292689238,85.39952211380005,33.60771346847018,0.7428955065067171,92.85898988237417,75.82384469848785,120.46730824466371
2021-04-27 00:00:00+02:00,337,92.40406484168268,92.64259992869654,90.97286831854828,91.55084991455078,933554,0.0,0.0,91.6430492401123,3.169171342224654,0.2428300951600723,92.39179779544538,85.63813171386718,29.620942620359084,0.7471843509992476,92.68162057713107,74.73786865757499,120.46730824466371
2021-04-28 00:00:00+02:00,338,91.44074958881077,92.20222235881202,90.64258557641274,91.10130310058594,1394580,0.0,0.0,91.73020515441894,2.9018534668602607,0.1015983331762622,92.0299729329273,85.85923353830974,26.092162410914884,0.7511971400556615,92.50537513530762,74.37087948413864,120.46730824466371
2021-04-29 00:00:00+02:00,339,92.05543195061618,94.27563014893967,91.30313547003607,91.7435073852539,1725985,0.0,0.0,91.83571014404296,2.658747723602977,-0.013290075200449735,91.7981759900681,86.08859227498372,22.395317561328124,0.7618740274712533,92.33344798779729,74.89514528313063,120.46730824466371
2021-04-30 00:00:00+02:00,340,92.69764617402106,93.19306198308315,91.11048032279575,91.68846893310547,1707401,0.0,0.0,91.99167442321777,2.0726943313859127,-0.23563938801339698,91.40408205920596,86.21810353597006,21.811392520650454,0.7581282811748473,92.35070894776885,74.85021444292951,120.46730824466371
2021-05-03 00:00:00+02:00,341,91.89030849580936,92.56920855073963,90.67011805963588,91.66094970703125,1004726,0.0,0.0,91.96828002929688,2.076884813043005,-0.24590620406940883,91.35446669519749,86.30977064768473,21.792347806936288,0.7578197650882229,92.4372035791571,74.82774902282897,120.46730824466371
2021-05-04 00:00:00+02:00,342,91.65176732506244,92.71598839477718,88.46826642776585,88.74349975585938,2254082,0.0,0.0,91.78616943359376,2.580130773885607,-0.36602364898366796,90.76783452182153,86.38415934244792,21.482272684171484,0.7503423724777483,92.40781603370239,72.44607816483864,120.46730824466371
2021-05-05 00:00:00+02:00,343,89.52331393684332,90.04625163581981,87.9636701508006,88.5967025756836,2282437,0.0,0.0,91.6040584564209,3.069837388796132,-0.46527304775796846,90.1920860534056,86.47559700012206,20.870128752083936,0.7402029139992591,92.33258024981447,72.32623975392798,120.46730824466371
2021-05-06 00:00:00+02:00,344,89.08294168695114,90.82606967659883,87.91780225672694,88.7618408203125,1838181,0.0,0.0,91.41827735900878,3.4185254769770963,-0.5266992244730272,89.73155843810497,86.56114781697592,20.37156206842126,0.7306464867369771,92.2730412140121,72.46105095938306,120.46730824466371
2021-05-07 00:00:00+02:00,345,89.75267686102832,90.36735669369025,89.00038036447098,90.24809265136719,1139121,0.0,0.0,91.2930477142334,3.380369569584577,-0.5156576213596784,89.65093047635084,86.62513891855876,20.34774875611166,0.7298880840496047,92.32776747038538,73.6743580367627,120.46730824466371
2021-05-10 00:00:00+02:00,346,90.82608005651771,91.37653974787438,89.44992732838865,90.23892211914062,1031069,0.0,0.0,91.22240562438965,3.426827325356081,-0.5421753956209016,89.48401831434347,86.68836555480956,20.32078828602991,0.7290124377745161,92.38037799860155,73.66687163949048,120.46730824466371
2021-05-11 00:00:00+02:00,347,88.44074268426638,89.30312689565415,86.83523130202934,87.98202514648438,2063036,0.0,0.0,91.1077262878418,3.9184389168143907,-0.6900525170504237,88.74181033696698,86.7334727605184,20.190213036760582,0.7221057624599121,92.35341547584805,71.82444560332047,120.46730824466371
2021-05-12 00:00:00+02:00,348,87.8168899102681,89.26643906495137,87.33065042154541,88.58753204345703,1448836,0.0,0.0,90.93983573913575,4.186124838740658,-0.7334861392346425,88.34052245343585,86.7887482325236,20.024096017796126,0.7154413693181633,92.33387061848397,72.31875335665576,120.46730824466371
2021-05-13 00:00:00+02:00,349,87.22055370227886,89.07376950379935,85.48660194261477,88.07376861572266,1211617,0.0,0.0,90.62607345581054,3.9031199444506,-0.7210269875163392,88.15879539789164,86.84501756032309,19.78359157306084,0.7059643361117517,92.2837282597546,71.89934071746218,120.46730824466371
2021-05-14 00:00:00+02:00,350,88.9911988800107,91.34900665283203,88.17468225436852,91.34900665283203,1525622,0.0,0.0,90.43754043579102,2.830454417918938,-0.5608848061473902,88.80312526216825,86.91711260477702,19.80427336137308,0.7065221921489097,92.36296531695895,74.5730931781793,120.46730824466371
2021-05-17 00:00:00+02:00,351,91.37653173242352,91.65176505369605,88.67010107096478,88.89945983886719,1087269,0.0,0.0,90.171484375,2.127221736273651,-0.49382316255207287,88.9239903769048,86.94310665130615,19.82575225962148,0.708806847524862,92.40953134167667,72.57339674473758,120.46730824466371
2021-05-18 00:00:00+02:00,352,89.61505995403402,89.97285907950689,88.81688890518532,89.11964416503906,1469378,0.0,0.0,90.1347869873047,2.1787153282947505,-0.5682966115060547,88.68188626941601,86.98622608184814,19.788167650716012,0.7066631518737546,92.4309500111488,72.75314501867769,120.46730824466371
2021-05-19 00:00:00+02:00,353,87.8902870312611,88.39487214605772,85.8352273290247,87.21138000488281,1947475,0.0,0.0,90.01230926513672,2.6009130286919904,-0.7007780371310649,88.05479910564142,87.02644030253093,19.60910503236686,0.6954287816295328,92.36030720661797,71.1953266445301,120.46730824466371
2021-05-20 00:00:00+02:00,354,88.10129219247052,88.54166412353516,87.0370711082321,88.54166412353516,1291926,0.0,0.0,89.86552009582519,2.5790828103813745,-0.6959111006626245,87.9297800489446,87.07621116638184,19.45894791454501,0.6882760124360622,92.33496618020952,72.28130891372687,120.46730824466371
2021-05-21 00:00:00+02:00,355,88.71596254338913,89.89028523410798,88.60587482200592,89.82606506347656,1454579,0.0,0.0,89.84029045104981,2.5671076929247136,-0.6724953481537704,87.97403127540248,87.1540402094523,19.151482141178782,0.680803234509611,92.31444099534117,73.3298342834269,120.46730824466371
2021-05-24 00:00:00+02:00,356,90.10129646768509,90.51414644466745,89.66093155827275,90.14717102050781,661841,0.0,0.0,89.70359268188477,2.065726997683985,-0.5340002450599931,88.3742451106279,87.22177753448486,19.000527767783534,0.67615356127357,92.32669587374295,73.59197029706485,120.46730824466371
2021-05-25 00:00:00+02:00,357,90.45909855774056,90.75267750683302,89.11964416503906,89.11964416503906,1314019,0.0,0.0,89.58203239440918,1.8885216564664158,-0.46883994991025923,88.46607857494315,87.26627318064372,18.929264142561316,0.6721338531680983,92.33131765436313,72.75314501867769,120.46730824466371
2021-05-26 00:00:00+02:00,358,89.86276143449552,90.17469299499443,89.53248425254328,89.60588073730469,995643,0.0,0.0,89.50726127624512,1.7611832808128256,-0.37703600030263235,88.64060731976302,87.2866860071818,18.974740415989025,0.6786793450844533,92.40719556431824,73.1500860094868,120.46730824466371
2021-05-27 00:00:00+02:00,359,92.66095422785243,98.91786194622941,92.23893488021703,97.87198638916016,5430363,0.0,0.0,89.81368522644043,5.08170521815542,0.1843072458635751,90.53331275945142,87.36650301615397,19.90137505698069,0.7000975606817293,92.77604796811119,79.89815136436476,120.46730824466371
2021-05-28 00:00:00+02:00,360,99.00959606453803,100.64262945152586,98.78941359649374,99.08299255371094,2237227,0.0,0.0,90.1834114074707,9.274931291935962,0.45116197330393876,92.56325527404891,87.4642863591512,21.045311448297042,0.7174598042129651,93.16508735211691,80.88676064275143,120.46730824466371
2021-05-31 00:00:00+02:00,361,99.00959323977648,99.46831078480822,97.78023357883907,97.85363006591797,916534,0.0,0.0,90.49304542541503,12.15554552037585,0.6196147803284527,94.23475110598292,87.55549468994141,21.941373918276916,0.7328042996365413,93.50088738925339,79.8831661132525,118.97262196254421
2021-06-01 00:00:00+02:00,362,98.03711483904016,100.33070257718076,97.1196797437839,99.78024291992188,1489206,0.0,0.0,91.04488258361816,16.213474060830602,0.6908461028093626,95.86302884990329,87.67147382100423,23.15956665890606,0.7446436618993515,93.8783679713717,81.45596351022843,121.31504076288078
2021-06-02 00:00:00+02:00,363,100.66097615242865,101.79859366979352,100.22060424276937,101.56005859375,1660110,0.0,0.0,91.69305038452148,21.275206229790925,0.7461809665991491,97.65436006914972,87.80129076639811,24.739535208893784,0.7556455125894059,94.3111935502447,82.9089224962937,123.47898028339446
2021-06-03 00:00:00+02:00,364,101.52336600048265,101.65180634753453,100.66097481358528,100.71601867675781,1084375,0.0,0.0,92.29075927734375,24.731882486749704,0.7903564396221109,99.0986442727544,87.93577136993409,26.035607660417234,0.7637466984229662,94.68561687319509,82.21988744618996,122.45277776134225
2021-06-04 00:00:00+02:00,365,100.73437942785557,101.22978823534127,100.25730924360892,100.84446716308594,1244330,0.0,0.0,92.8205780029297,28.067633750439207,0.842343976938691,100.55010649951218,88.07239265441895,27.314963741371784,0.7714006601585112,95.05537505913264,82.32474683427228,122.60894829068573
2021-06-07 00:00:00+02:00,366,101.00960378304919,102.7527318845571,99.8536335894951,102.12887573242188,1094346,0.0,0.0,93.41507568359376,31.90505004897967,0.8866464423552516,102.08950311775581,88.22491620381673,28.80035598465084,0.7773291578542982,95.45035977767148,83.37327843225623,124.17056082424342
2021-06-08 00:00:00+02:00,367,102.49584352106648,103.1013470061589,101.3398734138324,101.37657165527344,1171363,0.0,0.0,94.08480300903321,33.21540195211036,0.8976729993388848,103.04563935976716,88.376216506958,30.02031563892545,0.7825240398954181,95.802404562909,82.75913226801028,123.25589277860047
2021-06-09 00:00:00+02:00,368,101.57841748798882,102.0921789147585,101.10134730643884,101.46832275390625,1035299,0.0,0.0,94.72884254455566,34.05754075672325,0.9054417109578441,103.88109027817693,88.53080437978109,31.186206445324668,0.7871698197572542,96.14475992668332,82.83403361043591,123.3674458069852
2021-06-10 00:00:00+02:00,369,101.83529226028551,102.18391506532988,100.53253614727996,101.3949203491211,1046648,0.0,0.0,95.39490013122558,33.59827392109573,0.9015552968204316,104.44621097574768,88.69533100128174,32.15188271455173,0.7901372981838047,96.45541450969239,82.77411129083862,123.2782015290799
2021-06-11 00:00:00+02:00,370,101.57840729893769,103.87199486620246,101.48666519614186,103.08300018310547,1806452,0.0,0.0,95.98159980773926,35.48528961376858,0.9228888694380561,105.5037321370478,88.89273242950439,33.12524073437205,0.7907565697178462,96.77557689552896,84.15218139104611,125.33060657318428
2021-06-14 00:00:00+02:00,371,103.5417245003664,103.94539817856231,102.82612625227307,103.11970520019531,1015695,0.0,0.0,96.69261207580567,34.99503030578427,0.9194799163662927,106.11380857406536,89.07973626454671,34.223971207184455,0.792395948569842,97.10885859225772,84.1821456649867,125.37523335013078
2021-06-15 00:00:00+02:00,372,104.40410886738265,104.75273165781537,103.11969842974949,103.83529663085938,1405518,0.0,0.0,97.42839469909669,34.09190284792973,0.9138124378476129,106.66991269093917,89.24204572041829,35.83970208412712,0.7982297476725729,97.51900333944965,84.76632132700814,126.2452653428395
2021-06-16 00:00:00+02:00,373,104.5875989972108,105.37659372504243,103.48667970229299,104.66099548339844,1660779,0.0,0.0,98.30087547302246,30.549727628240248,0.9032578850242907,106.94808654855518,89.41054795583089,37.6151994974339,0.8038582320922879,97.94983821116726,85.44038358256746,127.24916839040006
2021-06-17 00:00:00+02:00,374,104.5692562385944,106.45917031309126,104.22062641939445,105.1380615234375,1441039,0.0,0.0,99.13069534301758,27.272511133043196,0.8920751302215406,107.19978652788691,89.58348445892334,39.45147304814178,0.8092269332030844,98.3871303980164,85.82983817610436,127.82919590286434
2021-06-18 00:00:00+02:00,375,105.04632538934143,105.56008683700323,102.9362217302023,103.41329193115234,2224730,0.0,0.0,99.81005668640137,23.195345459362642,0.8619896209647895,107.00062284542439,89.73371454874675,40.88789096857527,0.8163788570830598,98.77540700639575,84.4218162585241,125.73218263378887
2021-06-21 00:00:00+02:00,376,102.29401506014938,103.76190984048982,100.62428343511067,103.59677124023438,1176178,0.0,0.0,100.4825366973877,18.559727586549904,0.8284124093509174,106.66402457609121,89.8993880589803,42.1708920221466,0.8210055844185564,99.13388267238557,84.5716002585236,125.9552608625951
2021-06-22 00:00:00+02:00,377,103.98208362239487,104.99126776159241,103.32153627602081,103.33988189697266,1121429,0.0,0.0,101.19354858398438,11.661745314457978,0.8049785902933939,105.95486159723876,90.07415943145752,43.18139100755404,0.8239896403862373,99.45260134761058,84.3618877106429,125.64292907989582
2021-06-23 00:00:00+02:00,378,103.2114386213513,103.81694908767726,102.03712292850861,102.11051940917969,1089417,0.0,0.0,101.81878051757812,4.227455312014772,0.8482261249915116,104.83950965326163,90.23784510294597,43.88566641461433,0.8266869433733466,99.72340683201259,83.35829318114396,124.14824279777632
2021-06-24 00:00:00+02:00,379,102.53254295046607,103.33988327310122,102.34905174113494,102.67932891845703,1232312,0.0,0.0,102.05914764404297,3.3857622882485616,0.7869764129763754,104.56728071758623,90.40672957102457,44.64316809062183,0.8292926113228821,100.0039600962535,83.82264288882259,124.83981406263757
2021-06-25 00:00:00+02:00,380,102.93621652676956,103.08300950409526,100.45914452993088,101.21144104003906,1443544,0.0,0.0,102.16557006835937,2.945477694396733,0.6400150557530766,104.06808768535943,90.56078230539957,45.104400746780875,0.8314495290228141,100.23255269253816,82.62432729083912,123.05512330027364
2021-06-28 00:00:00+02:00,381,101.46830853817185,102.49583824722856,98.25728607177734,98.25728607177734,1510341,0.0,0.0,102.18575286865234,2.770409815698395,0.21948493538976777,102.81851044408693,90.69442189534506,44.99963860352931,0.8307370612746647,100.34667554651153,80.21269215890818,119.46339592111545
2021-06-29 00:00:00+02:00,382,98.62427253675281,99.39491465543188,97.68849182128906,97.68849182128906,1505310,0.0,0.0,102.0811653137207,3.518836535790918,-0.1276580546244645,101.66639430239513,90.8196517944336,44.852560451639,0.8295772855934702,100.44266539768077,79.74835490779742,118.77184320822964
2021-06-30 00:00:00+02:00,383,97.59673528089763,100.11051228492877,96.2389353658121,99.48665618896484,1986579,0.0,0.0,101.97749519348145,3.84751945727692,-0.25868939767585164,101.09861501601206,90.96231295267741,44.86291961420231,0.8296373329559872,100.58713438284518,81.21629291669103,120.9580914792227
2021-07-01 00:00:00+02:00,384,100.73436873706339,101.41326869700656,99.43160567947672,100.82611083984375,1245443,0.0,0.0,101.98299980163574,3.833506663242071,-0.36904620635462093,100.73147493255063,91.11476001739501,45.05992236102887,0.8305889187283911,100.7717544181154,82.30976158316001,120.9580914792227
2021-07-02 00:00:00+02:00,385,101.43162134588844,103.11970555180288,100.36740028084448,102.9545669555664,1648830,0.0,0.0,102.08850479125977,3.8032466689706363,-0.38294095594708166,100.79499508706567,91.29144274393717,45.46988638214641,0.8317822241267047,101.00620544609673,84.04733445953163,120.9580914792227
2021-07-05 00:00:00+02:00,386,102.6976853571046,104.40411517021715,101.79859589664159,103.74356079101562,919942,0.0,0.0,102.16923904418945,3.940468782524083,-0.30384918602934197,101.12453650504756,91.44304885864258,46.47276407424418,0.83670630170648,101.32250230786408,84.69143244115034,120.9580914792227
2021-07-06 00:00:00+02:00,387,103.85364589562036,104.07383534943688,101.15639158137131,101.7251968383789,1090015,0.0,0.0,102.18667030334473,3.91745693595437,-0.36111142038346977,100.94871784565687,91.5831869761149,46.98257247225392,0.839783224938779,101.55321131893777,83.04373370174878,120.9580914792227
2021-07-07 00:00:00+02:00,388,102.55089567296645,103.1931044508853,99.96372893777341,100.75272369384766,1549039,0.0,0.0,102.1508903503418,3.9971714399736302,-0.4516721860254354,100.58680530823823,91.72561880747477,47.14125663843431,0.840701019994812,101.7233804693641,82.24985172013056,120.9580914792227
2021-07-08 00:00:00+02:00,389,100.38574373865787,101.32153143031458,98.3673893832586,100.01876831054688,2112437,0.0,0.0,102.08208274841309,4.20136954671941,-0.5629238289920703,100.08357561845148,91.8610933303833,47.167743396864275,0.8408741324686968,101.86372252776451,81.65068457871295,120.9580914792227
2021-07-09 00:00:00+02:00,390,101.17474707048791,104.60595256649381,101.17474707048791,103.44998931884766,1837644,0.0,0.0,102.10043220520019,4.246769474249899,-0.458436569713749,100.46410848837316,92.01667505900065,47.85058812305936,0.8439728351285996,102.12857434961492,84.45177430418079,120.9580914792227
2021-07-12 00:00:00+02:00,391,103.22978957068996,104.367414081397,100.95455454822391,102.93621063232422,1521422,0.0,0.0,102.09125747680665,4.2287655073076715,-0.3787614672141115,100.74219140781342,92.19129346211751,47.97565206016121,0.8443583827312792,102.32102393054029,84.03234920841938,120.9580914792227
2021-07-13 00:00:00+02:00,392,103.02796694547558,103.32154590438012,101.63346164107313,102.05548095703125,1387125,0.0,0.0,102.00226669311523,4.060408675563343,-0.3071858625746616,100.9301384780755,92.36262448628743,47.80241843784041,0.8437848791111285,102.46718200419127,83.31336234094286,120.9580914792227
2021-07-14 00:00:00+02:00,393,101.52336138492078,102.7343753159777,100.82610881871418,101.81694030761719,1057178,0.0,0.0,101.86006393432618,3.668886285917877,-0.20167748199703892,101.19097297243479,92.56224295298259,46.7465804419533,0.8421408613181169,102.53511601371493,83.11862881589049,120.9580914792227
2021-07-15 00:00:00+02:00,394,102.75273056648462,103.00961127298494,100.47748845274376,101.28483581542969,1673725,0.0,0.0,101.66740264892579,3.08168901100768,-0.07332030308765983,101.4444671216059,92.75421632130941,45.62695461970656,0.8399999951446887,102.58188829500024,82.68424338215249,120.9580914792227
2021-07-16 00:00:00+02:00,395,101.90869383035498,102.9178710527641,100.84446574163212,101.50502014160156,1556374,0.0,0.0,101.57198905944824,2.913066044257745,0.012099412839954924,101.60775750677237,92.95513458251953,44.24730423851296,0.8381569781903654,102.61184928354109,82.8639916560926,120.9580914792227
2021-07-19 00:00:00+02:00,396,99.54171031459062,99.76189278308341,94.6059118989867,95.0279312133789,3974206,0.0,0.0,101.14354705810547,4.757997583351385,-0.15737724834717814,100.54896105210437,93.09603735605876,42.41386659752985,0.8273619199500536,102.42879716105176,77.5763965976878,120.9580914792227
2021-07-20 00:00:00+02:00,397,95.41325292047465,97.63344424125027,95.00957922597925,97.24812316894531,1915970,0.0,0.0,100.83895912170411,5.2051009692351755,-0.204843559242874,100.02949515694793,93.27035001118978,40.16608417166849,0.8209508516330715,102.28206674611513,79.38885835991721,120.9580914792227
2021-07-21 00:00:00+02:00,398,98.16555689684444,102.03713418596298,98.16555689684444,101.50502014160156,2105827,0.0,0.0,100.80868415832519,5.142387298150432,-0.12888620605517087,100.30245231686361,93.48082491556804,38.25629010756674,0.8201057985005475,102.26663752360992,82.8639916560926,120.9580914792227
2021-07-22 00:00:00+02:00,399,102.16556982308252,104.00043996071048,100.4591400351306,100.47748565673828,1324149,0.0,0.0,100.69859199523925,4.951228084539144,-0.06540015328116533,100.44653667998745,93.64084084828694,37.390008537724675,0.8168257298846888,102.29187086741268,82.02516014942151,120.9580914792227
2021-07-23 00:00:00+02:00,400,102.16557362259809,104.477507002221,101.74355431518573,102.29401397705078,2048605,0.0,0.0,100.75272064208984,5.068268029228513,0.016532677086755883,100.8171870686669,93.80666726430258,36.92870730491678,0.8153316509244765,102.38843945864829,83.50808963771131,120.9580914792227
2021-07-26 00:00:00+02:00,401,101.94539095408462,103.92704713273477,101.76189973417993,102.75273132324219,1176450,0.0,0.0,100.97749290466308,4.897867904468914,-0.012132928228760389,100.9309846769757,93.95116329193115,36.988172948750695,0.8156486345016174,102.54318134029775,83.88256520841986,120.9580914792227
2021-07-27 00:00:00+02:00,402,102.8444735823545,103.72521044074905,101.70685601519581,103.04631042480469,1244190,0.0,0.0,101.24538383483886,4.478245104247938,-0.07524668259626714,100.96957897451759,94.09565938313803,37.091083389800886,0.8161972420260083,102.7054087604583,84.12222957367334,120.9580914792227
2021-07-28 00:00:00+02:00,403,101.92702698343729,105.8169494191322,101.92702698343729,105.78025817871094,1651513,0.0,0.0,101.56006393432617,5.293586740146985,0.02596725643316864,101.66354519501276,94.25949783325196,37.67672932027035,0.8181995915029774,102.9582404970595,86.35409774681241,120.9580914792227
2021-07-29 00:00:00+02:00,404,110.0922104408001,111.00964552780677,106.09219290149309,106.42247009277344,2705991,0.0,0.0,101.83988189697266,6.427183827537193,0.1586206677326471,102.53639735915239,94.43939158121745,38.14090979582543,0.8192110931365739,103.20237472032827,86.87836977408831,120.9580914792227
2021-07-30 00:00:00+02:00,405,106.44081864099276,106.8077940857791,103.81696065953545,106.1472396850586,2047519,0.0,0.0,101.99951553344727,7.311454900003025,0.32185868190793704,103.50691292175186,94.62295506795247,38.36387266681991,0.8196458693365202,103.4161783748217,86.65368443166318,120.64526896340236
2021-08-02 00:00:00+02:00,406,107.15642177441686,108.16559897787893,106.18393581517583,107.13806915283203,1114904,0.0,0.0,102.16924095153809,8.510765694104295,0.503029108408866,104.71102155534763,94.8183687210083,38.636829639859975,0.819975567581569,103.64636783644038,87.46255166439366,121.77143002035558
2021-08-03 00:00:00+02:00,407,107.15642259170761,107.5417436542362,104.7894383513616,105.3031997680664,1446369,0.0,0.0,102.34814109802247,8.98362976994757,0.5641421716674527,105.27684264223902,94.99092299143473,38.65259362481003,0.8200195587762615,103.82119656656731,85.96464938155944,119.68594658155334
2021-08-04 00:00:00+02:00,408,106.64265865343201,106.78945163549682,104.01879359455805,104.99127960205078,1536356,0.0,0.0,102.56006889343261,9.17008011987313,0.5829316561821329,105.6175573976669,95.14971580505372,38.778578952828425,0.8205177660888121,103.99974210774053,85.71001222176153,119.33142306840577
2021-08-05 00:00:00+02:00,409,104.75273134682917,107.670175003867,104.67933486501688,107.0096206665039,1227423,0.0,0.0,102.90961151123047,9.743590724900919,0.6099397417690139,106.20728061696364,95.32433420817057,39.23481421786199,0.8217288980582083,104.23940893586156,87.35769227631134,121.62543750819059
2021-08-06 00:00:00+02:00,410,106.88119349051452,107.59679177765953,106.05550046708773,107.2481689453125,1045415,0.0,0.0,103.09952049255371,10.680946725433513,0.7102022145978517,107.11971924084786,95.50017598470052,39.69066960404573,0.8229111826461091,104.47979279492309,87.55243202964763,121.89656769813251
2021-08-09 00:00:00+02:00,411,106.95459037966117,107.35825708191501,105.22980783553008,105.28485870361328,753338,0.0,0.0,103.21695289611816,10.916379651650919,0.7537853204692487,107.53062985344819,95.6796110788981,39.30303896283205,0.8220061773306628,104.60544443886789,85.949676587015,119.66510041861412
2021-08-10 00:00:00+02:00,412,105.32154016381381,105.81694890128558,104.33070868992321,105.65181732177734,916010,0.0,0.0,103.39676971435547,11.123372596052764,0.7759092931824534,107.87895518344641,95.85843442281087,38.99770868925921,0.8212877293711712,104.74175851722018,86.24924458701402,120.08217976347693
2021-08-11 00:00:00+02:00,413,106.1472433857107,107.04633290680877,105.59678369907753,106.16559600830078,712806,0.0,0.0,103.61420249938965,11.345740899815615,0.7939286724670973,108.24609578082598,96.01072870890299,39.33353134323894,0.8228280586188553,104.94895178977359,86.66866968277544,120.66613246923916
2021-08-12 00:00:00+02:00,414,105.76190555902674,106.4041142579758,105.10135123986706,105.78025817871094,817945,0.0,0.0,103.8389736175537,11.253920212782118,0.7868692947735333,108.41106752447246,96.135729153951,39.889920520259054,0.8271995370940581,105.18476889591022,86.35409774681241,120.22816360419306
2021-08-13 00:00:00+02:00,415,105.46833475190162,106.73439262802637,105.46833475190162,105.90870666503906,681571,0.0,0.0,104.05915794372558,11.14164828173524,0.7779133225350985,108.55661017137291,96.2329771677653,40.65276453866609,0.8370859104041469,105.47731273136569,86.45895713489473,120.37415611635802
2021-08-16 00:00:00+02:00,416,104.97292661972764,105.41329856493792,104.27568095573378,105.15641784667969,611241,0.0,0.0,104.56558227539062,6.642259385190838,0.716155519258272,107.76245897443098,96.3529317855835,41.05585712543581,0.8405048289166945,105.68092887603069,85.84482342721661,119.5191165778979
2021-08-17 00:00:00+02:00,417,104.53256384094307,104.55090946428128,103.30319709304094,104.16558837890625,924576,0.0,0.0,104.91145553588868,3.7065868113053284,0.5860927974424597,106.86585844197712,96.48771832784017,40.962907633648406,0.8399091351327066,105.79854667789213,85.03595619448613,118.39295552094471
2021-08-18 00:00:00+02:00,418,104.42246738255575,104.42246738255575,102.9545725580608,104.23898315429688,904719,0.0,0.0,105.04815368652343,3.0999915124007407,0.42786869282833917,106.3529760455819,96.58664849599202,41.315263237048164,0.8442846929923636,105.98614963774001,85.0958722857995,118.4763748584968
2021-08-19 00:00:00+02:00,419,102.20227162314617,102.66098917351984,100.75272248409156,100.95455932617188,1616551,0.0,0.0,105.07200736999512,2.8818403852585694,-0.011537824691633577,105.03808239589033,96.67028795878092,41.19848680277852,0.842353741804441,106.03502892811665,82.41462097124233,118.4763748584968
2021-08-20 00:00:00+02:00,420,100.58757391347545,101.3949142022806,99.26646525954553,101.35822296142578,989618,0.0,0.0,105.02521781921386,3.199269969513513,-0.33151029016805095,103.99818792341819,96.7468936920166,41.20671976516232,0.8425102391633043,106.11431033292061,82.74415324518193,118.4763748584968
2021-08-23 00:00:00+02:00,421,102.75273031524723,103.24814610491838,102.00043381970386,102.495849609375,795534,0.0,0.0,105.0123737335205,3.264017825083188,-0.5640264546734248,103.24740765664349,96.83420295715332,41.28890705088149,0.8437770365327728,106.22505553126106,83.67285888882307,118.4763748584968
2021-08-24 00:00:00+02:00,422,102.45914510056076,104.09217834472656,102.20226441039632,104.09217834472656,847802,0.0,0.0,105.06466712951661,3.102263226892825,-0.7269688168880142,102.84690107330904,96.97212403615316,40.98675560787648,0.8419627663641068,106.30843449546579,84.97602764660493,118.4763748584968
2021-08-25 00:00:00+02:00,423,104.86282740940503,107.04632027516648,104.84447478898058,106.34906768798828,1279245,0.0,0.0,105.09310760498047,3.1612862285782564,-0.6215023298016918,103.17913684778371,97.08986155192058,41.52193469884175,0.8466587564873432,106.5393396399803,86.81844745449102,118.4763748584968
2021-08-26 00:00:00+02:00,424,105.3215511820927,106.03714943271859,104.1655810082878,105.50503540039062,686226,0.0,0.0,105.04723587036133,3.074991258259353,-0.5394946827369889,103.40864798846363,97.20255317687989,41.88497155391335,0.8501365364546354,106.7322354483796,86.1294186326712,118.4763748584968
2021-08-27 00:00:00+02:00,425,105.44999460446729,105.52338409423828,104.09218755132406,105.52338409423828,669090,0.0,0.0,105.01604309082032,3.0222148871458088,-0.46193051422473264,103.62513014448828,97.32510719299316,42.10898289702477,0.8519210998073482,106.90029669530473,86.14439765549955,118.4763748584968
2021-08-30 00:00:00+02:00,426,105.70687938769935,106.01880397979183,105.08302320403963,105.37660217285156,505387,0.0,0.0,104.92796974182129,2.783892252814224,-0.34423069521809285,103.93316823931596,97.44536768595377,42.29713138556862,0.8534820041940284,107.05950792716042,86.02457170115672,118.4763748584968
2021-08-31 00:00:00+02:00,427,105.02797472769822,106.1472396850586,104.29402383812558,106.1472396850586,1518227,0.0,0.0,104.9701717376709,2.8528502240148734,-0.25828360561882885,104.21456303080248,97.56539878845214,42.64572356651037,0.8563789975399005,107.25184294123486,86.65368443166318,118.4763748584968
2021-09-01 00:00:00+02:00,428,106.88118685706186,108.34908158567603,106.44081493874052,108.25733947753906,1478587,0.0,0.0,105.13347473144532,3.3934643741505623,-0.08493553259530312,104.8624732351009,97.70301405588786,43.30245147212843,0.8602843688976013,107.50826924902836,88.37627205692253,118.4763748584968
2021-09-02 00:00:00+02:00,429,107.81696916251026,108.16559897787893,106.78944633693766,107.13806915283203,938576,0.0,0.0,105.13989715576172,3.419656493831399,0.10177769740535855,105.4658873150899,97.817693456014,43.87996183341349,0.8655318999823505,107.748324044197,87.46255166439366,118.4763748584968
2021-09-03 00:00:00+02:00,430,107.15641843197072,107.2481605386103,105.02796936035156,105.02796936035156,896433,0.0,0.0,105.02888717651368,3.173406682405941,0.21089428971570254,105.67959842473877,97.92075201670329,44.082663226745524,0.8677977600175831,107.9003504065743,85.7399640391343,118.4763748584968
2021-09-06 00:00:00+02:00,431,105.24814928976637,106.9362264097306,105.21145104809665,106.31237030029297,641283,0.0,0.0,105.08026275634765,3.2538813404204245,0.2816601631398198,105.96027134257275,98.03374938964843,44.43710135805485,0.8710935562556383,108.09144040749126,86.78848940883434,118.4763748584968
2021-09-07 00:00:00+02:00,432,106.2573336792188,106.2573336792188,104.45916171169564,104.6793441772461,892841,0.0,0.0,105.0316390991211,3.242659018576393,0.2929794264685483,105.94543329094631,98.16188456217448,44.1511338497479,0.869082184947652,108.16401250409933,85.4553626053958,118.4763748584968
2021-09-08 00:00:00+02:00,433,104.5509091002006,105.76192322107262,103.19310899470986,104.33072662353516,1134101,0.0,0.0,104.93989562988281,3.1919791629762786,0.32142773102504163,105.93455411949586,98.28917878468832,43.75770910893058,0.8662645119744803,108.21435986325078,85.17076739994121,118.4763748584968
2021-09-09 00:00:00+02:00,434,103.35824330871556,106.22063638489054,103.17475208622072,105.68852233886719,1168922,0.0,0.0,104.93530883789063,3.1842850557508187,0.4012631363946227,106.1755206406476,98.44200820922852,43.188463436070876,0.8638079403774879,108.2744570571517,86.27920886095463,118.4763748584968
2021-09-10 00:00:00+02:00,435,106.05550245836643,107.06467972840304,104.7527462188742,104.91788482666016,1161466,0.0,0.0,104.88576774597168,3.1318489436718435,0.45515593279884586,106.28091882324104,98.58260517120361,42.61277499777948,0.8606071795974763,108.31311287172555,85.65009613044816,118.4763748584968
2021-09-13 00:00:00+02:00,436,105.1564108809587,105.89035474172542,104.29401967009679,105.57843017578125,1047597,0.0,0.0,104.90686836242676,3.152776577585571,0.5008506571449335,106.44720438848378,98.72473112742107,42.15334880365522,0.858127768110115,108.374760248901,86.18933472398457,118.4763748584968
2021-09-14 00:00:00+02:00,437,105.17476487845244,105.35824910838762,102.8995296295674,103.44998931884766,1132942,0.0,0.0,104.87108840942383,3.2342184951073523,0.38753501595637696,106.07822455714265,98.84002221425375,41.63021344819855,0.8533940484569837,108.3770831157879,84.45177430418079,118.4763748584968
2021-09-15 00:00:00+02:00,438,103.48667383477567,104.642636929056,102.88116335727037,103.08300018310547,1054477,0.0,0.0,104.81328926086425,3.377949422478659,0.26485010123454295,105.65640528198588,98.95439567565919,41.01280056523249,0.8476773702524726,108.35705995026936,84.15218139104611,118.4763748584968
2021-09-16 00:00:00+02:00,439,103.79860810090595,106.220636238709,103.74356423397047,105.39494323730469,1445194,0.0,0.0,105.03530845642089,2.5601954317158286,0.1096715263705601,105.33925070661839,99.08574180603027,40.613889786551,0.8449800282885985,108.41279308656232,86.03954449570115,118.4763748584968
2021-09-17 00:00:00+02:00,440,105.70687995583127,106.55091862076762,102.62429726700091,103.70687103271484,3390435,0.0,0.0,105.15274085998536,1.926931266613785,-0.20190725644278373,104.66728956185781,99.21188920338949,39.84790032150174,0.8392361060671883,108.3877646237042,84.66148062377758,118.4763748584968
2021-09-20 00:00:00+02:00,441,101.6518173606601,104.51421054733126,99.7435505698962,102.69769287109375,2416938,0.0,0.0,105.16283302307129,1.8725182389861956,-0.5378178040999744,103.88813054292889,99.29996299743652,39.52059248791881,0.8342070095171719,108.38331585773557,83.83763436821876,118.4763748584968
2021-09-21 00:00:00+02:00,442,102.89953244398622,104.14723784072613,102.53255697460395,103.92705535888672,1539371,0.0,0.0,105.15457687377929,1.8924909608290041,-0.6835928263223449,103.52574960711745,99.39614086151123,39.28944198805995,0.8311459804177586,108.41965839664594,84.84122889771768,118.4763748584968
2021-09-22 00:00:00+02:00,443,104.47750855348117,106.27568054199219,104.47750855348117,106.27568054199219,1225883,0.0,0.0,105.15090751647949,1.8835328474601034,-0.534876006770459,103.879454420928,99.51311384836832,39.24289042949404,0.8307256473377989,108.52672336992967,86.75853759146158,118.4763748584968
2021-09-23 00:00:00+02:00,444,107.33991228027158,108.25734742796621,106.55091749329623,107.04633331298828,1211204,0.0,0.0,105.22797241210938,2.0597671858358377,-0.37681544936029254,104.29127699501284,99.63452110290527,39.2889428900885,0.8311084998098562,108.6575744106989,87.38766277853587,118.4763748584968
2021-09-24 00:00:00+02:00,445,106.38577068059149,107.32155837876321,105.52337946844779,105.87200927734375,974686,0.0,0.0,105.24540367126465,2.0766849987794154,-0.3183572759937937,104.45078142345534,99.74384880065918,39.20585291232779,0.830244030377917,108.7479805725327,86.42899908923805,118.4763748584968
2021-09-27 00:00:00+02:00,446,106.88118151627516,109.06467437851381,106.73438855101182,107.5600814819336,1577958,0.0,0.0,105.35457763671874,2.3452187475018054,-0.16383188486768124,104.92001665060384,99.8764181137085,39.151253759521566,0.8298766227534479,108.87029617996646,87.8070629611616,118.4763748584968
2021-09-28 00:00:00+02:00,447,107.15641359772482,107.61513110970229,103.76189980940735,104.00043487548828,1789397,0.0,0.0,105.24723739624024,2.3965319554173057,-0.18816668092050418,104.74269813851909,99.99079163869222,38.50639894842098,0.8237364913647008,108.84429967756304,84.90113253246322,118.4763748584968
2021-09-29 00:00:00+02:00,448,105.68852346269284,107.61514282226562,105.10136554341479,107.61514282226562,1856224,0.0,0.0,105.21512756347656,2.2136709417098657,0.12770696975777338,105.54423050157368,100.12137330373129,38.433754401413786,0.8232247482588492,108.96103105586455,87.85201248621448,118.4763748584968
2021-09-30 00:00:00+02:00,449,108.40413504217106,108.56926664108154,105.37659640494059,105.5967788696289,1891572,0.0,0.0,105.1380630493164,2.0204696036340635,0.28273489960774945,105.83415435159819,100.21510467529296,38.39682725045694,0.8227066278861392,109.04495401370386,86.20431374681291,118.4763748584968
2021-10-01 00:00:00+02:00,450,103.68851599967255,107.0646775804155,102.64264050450255,106.95458984375,1638193,0.0,0.0,105.23439407348633,2.183735690486332,0.36889200292408447,106.17858517659786,100.3137290318807,38.55052442801963,0.8246727763302069,109.18237729200004,87.31276766439416,118.4763748584968
2021-10-04 00:00:00+02:00,451,106.93622900317558,107.30320442929897,103.78025713725219,104.27567291259766,1545522,0.0,0.0,105.13255920410157,2.160036043450692,0.3842931198098118,106.110817941526,100.39752146402995,38.36336481826935,0.8214984159215688,109.21056069908333,85.12582410317228,118.4763748584968
2021-10-05 00:00:00+02:00,452,104.91787580145929,106.0004494706038,104.23897580539467,105.57843017578125,1344477,0.0,0.0,105.17751350402833,2.15756126877601,0.38134593722351656,106.14771361483986,100.52856178283692,37.637371347760336,0.8164029618315561,109.20366879976953,86.18933472398457,118.4763748584968
2021-10-06 00:00:00+02:00,453,104.58760263056038,104.6609991192978,101.94539203128333,104.05548858642578,1592220,0.0,0.0,105.16375160217285,2.1858825369808526,0.2612269523137572,105.83269908092862,100.64851640065511,36.734910806196744,0.8085281079155381,109.13631849235725,84.94607582923216,118.4763748584968
2021-10-07 00:00:00+02:00,454,105.56008240770149,105.78027187558148,104.29402446502667,104.77108764648438,1465696,0.0,0.0,105.11787986755371,2.177288659889625,0.2724725323582974,105.81425196415923,100.75929673512776,36.15856135388407,0.8025099925584219,109.11757157259784,85.53025771953752,118.4763748584968
2021-10-08 00:00:00+02:00,455,104.73439286937743,105.02797181717598,103.32154199576121,103.87200164794922,1301126,0.0,0.0,105.06558570861816,2.254000288338421,0.18521728742389215,105.54722191887643,100.87214126586915,35.31321982931962,0.7939384935544276,109.04391146615913,84.79628560094874,118.4763748584968
2021-10-11 00:00:00+02:00,456,103.52337298852595,104.82613614590159,103.39493263490043,104.4224624633789,785366,0.0,0.0,105.00778732299804,2.2584100248363814,0.1807456396037788,105.47825506689594,100.96831906636557,34.87320673488949,0.7877957387122578,109.02618795992201,85.24565628579901,118.4763748584968
2021-10-12 00:00:00+02:00,457,102.2940152034082,104.18392929827611,102.07383273591738,103.89035034179688,1212402,0.0,0.0,105.02980537414551,2.195896071872933,0.02137004606050736,105.08465478618596,101.0711482365926,34.18901077656398,0.779282642469914,108.963363056725,84.81126462377708,118.4763748584968
2021-10-13 00:00:00+02:00,458,103.7619040961218,103.83530058094412,102.09217256352117,103.06465148925781,1246440,0.0,0.0,105.02888793945313,2.1996730458571676,-0.2132470891867297,104.48108695838914,101.17084280649821,33.377107938834484,0.7684416241311214,108.86030312667559,84.13720236821777,118.4763748584968
2021-10-14 00:00:00+02:00,459,103.67015770690661,104.78942955604741,102.75272268295168,104.00043487548828,1286858,0.0,0.0,104.9591625213623,2.2431723377063464,-0.24637363845633267,104.32003696330007,101.27298386891682,32.687023926535346,0.7595248709051322,108.79423894112236,84.90113253246322,118.4763748584968
2021-10-15 00:00:00+02:00,460,104.14722704301946,105.87200947045285,103.96374282708892,105.41329193115234,1541664,0.0,0.0,105.04448356628419,2.1638252816098476,-0.3042819735024048,104.26922254849201,101.38735739390056,32.045927018210605,0.7528518530334724,108.76906044752715,86.05452351852949,118.4763748584968
2021-10-18 00:00:00+02:00,461,104.82613325223444,104.89952273837007,103.39492978074087,103.94539642333984,893006,0.0,0.0,105.10686874389648,1.9334425328224298,-0.5463604889009289,103.79102128405411,101.48972778320312,31.2953639391537,0.7429875961197143,108.68889388714483,84.8562016922621,118.4763748584968
2021-10-19 00:00:00+02:00,462,104.11053850336958,104.22062623599744,102.91787007042262,103.04631042480469,954227,0.0,0.0,105.06283149719238,2.081608605505823,-0.7236472010592535,103.25446250627628,101.60891787211101,29.936135933437953,0.7297084630612022,108.52416781309238,84.12222957367334,118.4763748584968
2021-10-20 00:00:00+02:00,463,102.84446238483446,103.35823074589888,101.87198352197366,102.8995132446289,892310,0.0,0.0,104.89402313232422,2.2205042778959565,-0.7473156454759615,102.9652084245208,101.72810796101888,28.51296901091459,0.7155557617325315,108.3460861490674,84.00239116276269,118.4763748584968
2021-10-21 00:00:00+02:00,464,101.94538610924154,102.71602819779424,101.32152999016239,102.18391418457031,1074900,0.0,0.0,104.65090217590333,2.301035615047766,-0.7525770710418266,102.67359892625065,101.8399585723877,27.089291772575393,0.6989658777128898,108.1410448695865,83.41820927245733,118.4763748584968
2021-10-22 00:00:00+02:00,465,102.42244842984574,102.66098350271663,100.71601867675781,100.71601867675781,1301101,0.0,0.0,104.39310264587402,2.96750896478417,-0.7895349274550599,102.03735918501309,101.92719128926595,25.963062694682918,0.6775442969657086,107.90684841872994,82.21988744618996,118.4763748584968
2021-10-25 00:00:00+02:00,466,100.75272244391248,100.80776631010357,98.38573820505448,99.15638732910156,1766120,0.0,0.0,103.97291793823243,3.6971052063710688,-0.7836750199912956,101.36299589384288,102.00150349934896,24.87397901270198,0.6499799804914709,107.61628990362564,80.9466767340648,118.4763748584968
2021-10-26 00:00:00+02:00,467,99.08299704040012,101.7619060212481,98.31235486761156,100.86282348632812,1296882,0.0,0.0,103.81603736877442,4.1802473146058,-0.8643009515118303,100.75529618824359,102.10884348551433,23.22161089648362,0.6267904565246993,107.34037895935637,82.33973208538454,118.4763748584968
2021-10-27 00:00:00+02:00,468,100.12886718518143,101.2664847599078,99.63345138663743,100.91786193847656,1231120,0.0,0.0,103.48117332458496,3.744644157564517,-0.8563753474632345,100.61085501571333,102.21159623463949,21.6865318934411,0.6024822544826188,107.07118970353314,82.38466292558564,118.4763748584968
2021-10-28 00:00:00+02:00,469,103.43163133820364,104.18392784112697,101.17474182943364,102.75273132324219,1848341,0.0,0.0,103.33897094726562,3.5157183999220694,-0.8112538325055562,100.70431184584923,102.33392092386882,19.994255068655402,0.5829894218332499,106.84908894442277,83.88256520841986,118.4763748584968
2021-10-29 00:00:00+02:00,470,101.83529820137366,103.57842632723802,100.8077683483598,101.46832275390625,1643244,0.0,0.0,103.06465759277344,2.9326483120087765,-0.7833460824163407,100.7411489322709,102.41824855804444,18.979360788517045,0.5586648415693054,106.63378413569241,82.83403361043591,118.4763748584968
2021-11-01 00:00:00+01:00,471,101.90868254744558,102.40409829257227,100.128856388969,100.60592651367188,1260620,0.0,0.0,102.88117027282715,3.1381982321597652,-0.8107023186329411,100.39367519997347,102.51580244700114,17.461586430606914,0.528920998241578,106.34399069100402,82.1300133092199,118.4763748584968
2021-11-02 00:00:00+01:00,472,100.36739937248187,101.96373445533752,99.651801128425,101.1930923461914,1105037,0.0,0.0,102.66190338134766,2.8546633220717856,-0.7853269564694328,100.36369936213043,102.61641451517741,15.95803828526134,0.49950553750107063,106.07254941769122,82.60934826801078,118.4763748584968
2021-11-03 00:00:00+01:00,473,101.04630314250244,101.04630314250244,98.86281008566665,99.08299255371094,1603078,0.0,0.0,102.41327857971191,3.3615179088398617,-0.8176766635632198,99.81664932800761,102.71534461975098,14.058840996383125,0.45858171814262966,105.69353272025683,80.88676064275143,118.4763748584968
2021-11-04 00:00:00+01:00,474,99.35822546723888,100.73437813576311,98.78941317777141,100.00042724609375,1135155,0.0,0.0,102.17474555969238,3.315445694629062,-0.8143732664984212,99.60639030368404,102.81083431243897,12.423407078465635,0.41798825730973743,105.36262510767388,81.63571178416854,118.4763748584968
2021-11-05 00:00:00+01:00,475,99.30317856521687,104.71604734406517,98.64262413803881,104.49586486816406,2457661,0.0,0.0,102.20593872070313,3.4463644498479264,-0.6076831527811498,100.25196632280336,102.93308264414469,11.015354447981148,0.39401688910529326,105.19811652822234,85.30557860539629,118.4763748584968
2021-11-08 00:00:00+01:00,476,104.58759308963167,106.0921859741211,104.29401416093796,106.0921859741211,1761599,0.0,0.0,102.28942489624023,3.975340312097256,-0.2972322272889998,101.26296099762754,103.06595776875814,9.707637657670976,0.37431408447089765,105.08596802736716,86.60874113489423,118.4763748584968
2021-11-09 00:00:00+01:00,477,105.72521761906786,107.50504393025598,105.35824218384181,106.71604919433594,1403630,0.0,0.0,102.43070983886719,4.8507514538866765,-0.03131336130805216,102.3112574532095,103.21259447733561,8.163463080910502,0.3552059836761136,104.97042951621518,87.11803413934179,118.4763748584968
2021-11-10 00:00:00+01:00,478,106.93623423095988,107.90872020764984,105.85366052068291,106.60595703125,871005,0.0,0.0,102.6077751159668,5.714107498850567,0.1435415349813089,103.20208426593636,103.35426177978516,6.684168086533706,0.33449405016516687,104.8521268930923,87.02816000237173,118.4763748584968
2021-11-11 00:00:00+01:00,479,106.60594993734058,107.13806394585062,104.5325517653791,105.22979736328125,1022281,0.0,0.0,102.66924324035645,5.969893438498045,0.28437208636777644,103.87270108236669,103.41557687123617,6.457370989168576,0.31939465451778054,104.82135292067241,85.90472706196215,118.4763748584968
2021-11-12 00:00:00+01:00,480,104.78943887966331,105.72521960758976,102.88117218017578,102.88117218017578,1431439,0.0,0.0,102.54263725280762,5.559079182519601,0.4110046693984354,104.22108881763367,103.44722836812338,6.301018749124354,0.2950464029235088,104.73002064799702,83.98741836821826,118.4763748584968
2021-11-15 00:00:00+01:00,481,104.93622266533957,106.16558932087402,104.25732266123877,104.62429809570312,1330937,0.0,0.0,102.57658233642579,5.68237040358778,0.5352948984565509,104.78671580688953,103.50365060170492,6.04652408495687,0.2748250518511028,104.67414634729589,85.41042553691078,120.48373184148198
2021-11-16 00:00:00+01:00,482,105.3215511820927,106.09219329831312,104.49585820080348,105.50503540039062,1150422,0.0,0.0,102.69951858520508,6.106208637564351,0.6342984886502202,105.41433285677265,103.55135720570883,5.961386823946606,0.2662743651521315,104.67742266432798,86.1294186326712,121.49797536972713
2021-11-17 00:00:00+01:00,483,105.17476383015715,105.63348139989772,104.64264976938419,104.99127960205078,1300356,0.0,0.0,102.80410690307617,6.369018972818761,0.705224763132895,105.88675856399043,103.57995071411133,5.944664098726154,0.26320073672495603,104.69145563030821,85.71001222176153,120.90634209747748
2021-11-18 00:00:00+01:00,484,104.82613411489397,105.22980079012129,103.3031885235923,103.90869903564453,1391601,0.0,0.0,102.89034614562988,6.405163216614534,0.7172281988090712,106.03435010240182,103.60655638376872,5.875933219275571,0.2494170802904698,104.65374579955322,84.82624364660542,119.65965897478279
2021-11-19 00:00:00+01:00,485,104.18391957156794,104.18391957156794,99.85362511817375,100.36739349365234,2700171,0.0,0.0,102.8729148864746,6.491032330631064,0.5490550710335307,105.29580334132348,103.60258076985677,5.899976435283788,0.2131201008575149,104.499204397057,81.93528601245146,115.58154600240374
2021-11-22 00:00:00+01:00,486,100.89951024808907,101.74354881730474,99.56004891064919,99.798583984375,1783388,0.0,0.0,102.90502471923828,6.26041720345681,0.3164801389099121,104.27656550238147,103.58316167195638,6.002945618838436,0.1801762694306118,104.34777246207956,81.47093630477285,115.58154600240374
2021-11-23 00:00:00+01:00,487,99.81694056736082,102.58759145871407,99.37656864449993,101.1563949584961,1287924,0.0,0.0,102.91970329284668,6.201617779982601,0.18202896104138086,103.70485506584009,103.58132686614991,6.011514973446438,0.15266717863146617,104.22966008407106,82.57939022235409,115.58154600240374
2021-11-24 00:00:00+01:00,488,101.670158678519,102.71603414466362,100.16556565706622,102.25731658935547,1194993,0.0,0.0,102.98667602539062,6.009074643077742,0.08580205001499266,103.35097847460744,103.58790181477865,5.98868328639402,0.13256134463464128,104.14978133251539,83.47813159205462,115.58154600240374
2021-11-25 00:00:00+01:00,489,102.73438364002283,103.46832750649479,101.56006085461412,102.99126434326172,935805,0.0,0.0,102.9986026763916,6.00604548670488,0.07706487950605921,103.32572594691341,103.60120468139648,5.951083056246711,0.11632523002384552,104.09271490201225,84.07729250518831,115.58154600240374
2021-11-26 00:00:00+01:00,490,91.28479717220978,94.33068158179597,87.82606974605672,91.15635681152344,6274958,0.0,0.0,102.48300437927246,12.98395066580914,-0.26501465579128813,100.82901031153858,103.5018159866333,7.240329519142743,0.036166975806047316,103.67037500330339,74.41582278090759,115.58154600240374
2021-11-29 00:00:00+01:00,491,92.8077294068624,94.18388192832023,90.54166380161276,91.45909881591797,3238653,0.0,0.0,102.02566299438476,18.974469071578056,-0.4733654014817155,98.45423453003849,103.40464426676432,8.448295460517993,-0.027994631793853374,103.26370891816318,74.66296731514936,115.58154600240374
2021-11-30 00:00:00+01:00,492,90.09212841342914,93.19306368230556,88.81689412220204,90.56919860839844,3828819,0.0,0.0,101.49446830749511,25.54889256818558,-0.6148835609278197,96.11128027694112,103.29409344991048,9.818855341335789,-0.08283738761190391,102.84450261166924,73.93649405040064,115.58154600240374
2021-12-01 00:00:00+01:00,493,92.62424515474318,93.76186269799464,91.00038813733886,93.5049819946289,2056790,0.0,0.0,101.21556777954102,28.520522365160595,-0.7505869332316992,94.27267649730186,103.2011266708374,10.59970528480995,-0.11681043141651261,102.54242441552881,76.33313147465148,115.58154600240374
2021-12-02 00:00:00+01:00,494,91.74350835486631,93.78021536026021,91.4774513407003,92.752685546875,2133720,0.0,0.0,100.85318069458008,32.07406558521412,-0.8541221267873862,92.47484790590129,103.09791520436605,11.474830431703666,-0.1482466215219208,102.22811687259644,75.71899153868945,115.58154600240374
2021-12-03 00:00:00+01:00,495,94.45912397292803,95.15637665983787,89.92699200722629,90.41323852539062,1937280,0.0,0.0,100.1490493774414,36.5902353890052,-0.8892893675288412,90.83182983560555,102.9895814259847,12.8142692137687,-0.1899315149508795,101.81196302927071,73.8091754705017,115.58154600240374
2021-12-06 00:00:00+01:00,496,91.28478466915995,94.71598969084155,90.91780926054496,94.34901428222656,2135411,0.0,0.0,99.56189079284668,36.13888962214538,-0.884018456784514,90.35719665173292,102.91251678466797,13.432572121519216,-0.21697490283163232,101.53514963620955,77.0221602964713,115.58154600240374
2021-12-07 00:00:00+01:00,497,95.41324795251847,97.63343915769366,94.69764971279045,97.13802337646484,2179779,0.0,0.0,99.08298950195312,33.512901300577305,-0.8379472427663289,90.68097711696866,102.8608346303304,13.708552018770728,-0.2355106443845802,101.35052163143095,79.29897799466323,115.58154600240374
2021-12-08 00:00:00+01:00,498,96.56922067956704,99.15638738409874,95.06462767406487,98.40409088134766,2635743,0.0,0.0,98.672896194458,30.381445114954037,-0.7629891248071269,91.38867393094178,102.8299477259318,13.869771445740534,-0.2542837322075934,101.18968333504155,80.33253679810277,115.58154600240374
2021-12-09 00:00:00+01:00,499,98.47748309536506,99.0279497707139,96.27564439186781,96.7894058227539,1783616,0.0,0.0,98.25087661743164,28.117896303096927,-0.7076184960982445,91.75180659715217,102.7808650334676,14.173774531244225,-0.27518941887901305,100.98639951130858,79.01438278920865,115.58154600240374
2021-12-10 00:00:00+01:00,500,95.79858005631834,98.23896100099519,95.57839757241835,96.86280822753906,1154919,0.0,0.0,97.9499584197998,26.995583756956414,-0.6615106102954732,91.99684984565717,102.74462642669678,14.446066264795192,-0.3009997452546353,100.76309229810617,79.07430510880594,115.58154600240374
2021-12-13 00:00:00+01:00,501,96.88114729025177,97.00958764711787,93.89030683863871,94.5692138671875,1667243,0.0,0.0,97.44720420837402,24.986498897932826,-0.6200258256992119,92.07907314886683,102.71389249165853,14.837560366356046,-0.34453607382320334,100.41522275992753,77.20192102697925,115.58154600240374
2021-12-14 00:00:00+01:00,502,95.15636601487584,96.18388880750665,93.81691166057206,94.03709411621094,1534251,0.0,0.0,96.87380714416504,21.835158027236268,-0.5638581771624321,92.31019549473645,102.68346417744955,15.257065175379141,-0.3905006222444402,100.04155515324787,76.7675231366734,115.58154600240374
2021-12-15 00:00:00+01:00,503,94.330679955448,94.42242206871728,91.53250000415018,91.73433685302734,1768576,0.0,0.0,96.21096000671386,19.294814301784008,-0.526090822210878,92.2083649522684,102.61886151631673,16.174401203884326,-0.4300159222871924,99.6234308634012,74.88765888585841,115.58154600240374
2021-12-16 00:00:00+01:00,504,94.95453551479376,95.6517881702142,93.87196178643356,93.94535827636719,1699196,0.0,0.0,95.71279296875,16.185043622244645,-0.44327360764178114,92.6239954566172,102.5615219116211,16.776259723492924,-0.45906767516213015,99.30476824108841,76.69263425081562,115.58154600240374
2021-12-17 00:00:00+01:00,505,95.02792561567433,96.29398348427267,93.70681688358975,95.54168701171875,2458965,0.0,0.0,95.47150764465331,14.98502251959311,-0.3520969435648036,93.11074903376893,102.49974791208903,17.18521497032599,-0.4765271965458668,99.0781749623382,77.99580300859746,115.58154600240374
2021-12-20 00:00:00+01:00,506,93.17470530751295,94.84443688787435,91.98204389266867,93.6334228515625,2048042,0.0,0.0,95.16324958801269,14.07736491260019,-0.29694475279316557,93.23351772847947,102.41549676259359,17.825659162411547,-0.49376825082680625,98.80467053805364,76.43798463444988,115.58154600240374
2021-12-21 00:00:00+01:00,507,95.00956877818534,97.98206329345703,94.33066882075977,97.98206329345703,1813712,0.0,0.0,95.00453300476075,12.578633344088098,-0.08911753984882678,94.45708793946777,102.38430398305258,17.985844537205082,-0.5089698027956174,98.64562599216292,79.98801304476697,115.58154600240374
2021-12-22 00:00:00+01:00,508,98.44079525814591,101.90869903564453,98.25730402685181,101.90869903564453,1960686,0.0,0.0,94.98710212707519,12.318557667619947,0.26922951433980624,96.62378005503636,102.39393711090088,17.965281597437183,-0.5164999946442773,98.60211492589285,83.19353638660004,115.58154600240374
2021-12-23 00:00:00+01:00,509,101.74354994301058,103.13804815977522,101.50501486664557,102.6059341430664,1141431,0.0,0.0,94.96783561706543,12.0013242221834,0.6744604259035433,99.01482145019153,102.41549682617188,17.917783591998223,-0.5246652685233578,98.56882544106075,83.76272679750922,116.3723274803891
2021-12-24 00:00:00+01:00,510,101.89033235297575,102.51418845434051,101.13803590716591,102.45914459228516,175333,0.0,0.0,95.53297500610351,13.85420258514483,0.7021858772050588,100.05990193818305,102.40723978678385,17.90873778499108,-0.5210766879377084,98.58784315980708,83.64289461488247,116.20584352586074
2021-12-27 00:00:00+01:00,511,101.68849889647244,103.65181636836235,101.28483222889776,103.06465148925781,749947,0.0,0.0,96.11325263977051,15.611846837316294,0.7262678793573484,101.08357555707964,102.4083101272583,17.910017133862254,-0.5169983542128411,98.61867158586206,84.13720236821777,116.89258983829028
2021-12-28 00:00:00+01:00,512,102.97291487570942,104.42246403063842,102.97291487570942,104.05548858642578,688913,0.0,0.0,96.78756713867188,16.835456093158452,0.7367542486950367,102.02351989872847,102.42497685750325,17.931490872226416,-0.5123152252952241,98.66741542345886,84.94607582923216,118.01636518436895
2021-12-29 00:00:00+01:00,513,103.57842172739944,104.5325550486526,102.40410594723377,102.86282348632812,788574,0.0,0.0,97.25545921325684,17.98045159803526,0.7616847512429645,102.8496359925156,102.43369255065917,17.929918482541655,-0.5129501047493857,98.67163956700882,83.97243934538992,116.66368305382598
2021-12-30 00:00:00+01:00,514,102.6059377935706,103.48668164541115,102.09217637955886,103.3765869140625,714942,0.0,0.0,97.78665428161621,18.588339473083906,0.7715595591289686,103.54835082628945,102.45112380981445,17.925991727306084,-0.5137710710129633,98.68346237402247,84.3918519845835,117.24637689467525
2021-12-31 00:00:00+01:00,515,103.54171769655842,103.72520190215009,102.84446511625728,103.08300018310547,360150,0.0,0.0,98.42014236450196,16.780859313657775,0.7531838599038192,103.76417043195573,102.46427364349366,17.921650596423916,-0.5149542026873188,98.68839317768727,84.15218139104611,116.91340033260633
2022-01-03 00:00:00+01:00,516,104.22061751519666,106.66099804320237,103.87199472525603,106.5509033203125,1320377,0.0,0.0,99.03023681640624,18.996169053308098,0.7783161536254992,104.90580248343682,102.56029841105143,17.587993980116252,-0.5317250595737473,98.69791031343108,86.98321670560279,120.846583758339
2022-01-04 00:00:00+01:00,517,106.95458547964228,109.96377148327451,106.42247144255566,109.06468200683594,1588549,0.0,0.0,99.6265697479248,23.732872172948856,0.8341277556574206,106.66487907935668,102.65876973470053,17.69660076976768,-0.5263223126957566,98.823840664276,89.03534906136959,123.69763013264945
2022-01-05 00:00:00+01:00,518,109.46835119354922,111.10138448213891,107.52338634450727,110.45918273925781,1806200,0.0,0.0,100.22932434082031,29.44786099692983,0.8964930533100887,108.65557614733919,102.73338775634765,18.19111474472185,-0.4967843297947111,99.06345444645582,90.17375479632359,125.27922770066893
2022-01-06 00:00:00+01:00,519,108.44083160543568,110.18395978511003,107.68853506466775,108.8445053100586,1441589,0.0,0.0,100.83207931518555,32.349020604264076,0.9268702119775796,109.96290644489058,102.80311292012533,18.45727669141591,-0.4804176638247026,99.22821697111435,88.8556070157134,123.44791285386908
2022-01-07 00:00:00+01:00,520,108.25733475230136,108.82614699708168,106.73438922569949,107.98210144042969,1244642,0.0,0.0,101.38804397583007,33.88511372776643,0.9457324892375282,110.92332308712832,102.85051364898682,18.678227286945425,-0.4620645657923198,99.39166849053665,88.15158048621348,122.46980231499056
2022-01-10 00:00:00+01:00,521,108.25734118960844,109.37661312521351,106.95458503482766,108.18394470214844,1099153,0.0,0.0,102.06878051757812,33.38089150913616,0.9420133920774704,111.49563210888206,102.8957737604777,18.915118951588624,-0.44186357665080533,99.56723691037716,88.31635596560916,122.69872640547925
2022-01-11 00:00:00+01:00,522,108.80779300409051,109.26651051844121,107.46833870212333,108.64265441894531,1060555,0.0,0.0,102.79905853271484,31.698876352995775,0.9321085756530353,111.88874838296331,102.94240996042888,19.190270075940358,-0.41932531907317866,99.76076103087846,88.6908253080338,123.21898011036821
2022-01-12 00:00:00+01:00,523,108.91788567935971,109.83532069081056,107.87201032626365,108.88118743896484,1288629,0.0,0.0,103.65640106201172,26.428534349441865,0.9197653461724349,111.8462182878443,102.96825103759765,19.418300026169355,-0.3880718478671464,100.00629662899732,88.88555260480224,123.48951653647681
2022-01-13 00:00:00+01:00,524,108.25734460914022,108.67936392615415,106.60595858649911,107.61514282226562,1278350,0.0,0.0,104.33989028930664,21.798225605399672,0.8901198046708497,111.53801990823496,102.97818997701009,19.499393472180092,-0.36070501025292906,100.21937005427014,87.85201248621448,122.05360973469404
2022-01-14 00:00:00+01:00,525,106.67934604212357,108.3123793042892,106.58760393740704,107.65182495117188,1051871,0.0,0.0,104.9453971862793,17.915476039351244,0.8538104089357418,111.20484825248691,102.99072818756103,19.598394505900828,-0.33415557006274516,100.42848952613929,87.88195807530332,122.09521341730176
2022-01-17 00:00:00+01:00,526,108.51421868204791,108.6977098952629,107.11972045898438,107.11972045898438,958258,0.0,0.0,105.6197120666504,10.950892207095505,0.8282898976348516,110.36724235197052,102.99057528177897,19.59711834867089,-0.3070669368016885,100.63612354887246,87.44757264156532,121.49171773514863
2022-01-18 00:00:00+01:00,527,106.60594923417692,106.86283692586503,104.69768966366821,106.31237030029297,1131796,0.0,0.0,106.03622741699219,7.7233340968095,0.7506351875995009,109.64942704942523,102.9989850362142,19.644829300385926,-0.2882950922758735,100.78577818256,86.78848940883434,120.57604733223042
2022-01-19 00:00:00+01:00,528,106.01880189236793,107.76193004763823,104.8444860402415,105.6151351928711,1479906,0.0,0.0,106.22154922485352,6.799857500651919,0.6384794241868225,109.10529810783737,103.00418383280436,19.668961743300173,-0.27307342596778894,100.90654466278808,86.21929899792516,119.78526585424505
2022-01-20 00:00:00+01:00,529,105.57843807596213,106.16559600830078,104.55090819463214,106.16559600830078,1161977,0.0,0.0,106.39953231811523,6.078641643444388,0.5363895797587325,108.6901058089097,102.997150293986,19.618079946950786,-0.24995059009057555,101.0796164240357,86.66866968277544,120.40958068372643
2022-01-21 00:00:00+01:00,530,104.58760721267072,105.00962654218839,102.91787551785093,104.03714752197266,2241374,0.0,0.0,106.4784324645996,5.5486259504374695,0.3204032688641789,107.78565729918087,102.97039178212484,19.474588455399957,-0.23340317605064734,101.18636432881769,84.93110303468774,117.99556334306511
2022-01-24 00:00:00+01:00,531,103.22978401931879,104.42245232949584,97.90866517265826,98.47747039794922,2524642,0.0,0.0,106.24907341003419,8.24911973602425,-0.08368898395243944,105.83274818419989,102.91366354624431,19.59596168484688,-0.23962655410650774,101.07636868352827,80.39244043284829,111.68995760626666
2022-01-25 00:00:00+01:00,532,99.83528463573431,101.02795303367162,97.43160221811836,99.39491271972656,2101749,0.0,0.0,106.01604461669922,10.411312158115255,-0.3175282106924889,104.2414642291865,102.86152267456055,19.634263204348226,-0.24177562488011026,101.00593941391205,81.14139780254932,112.73049097508114
2022-01-26 00:00:00+01:00,533,101.83529425202411,104.89952407067072,101.76189776548217,104.78943634033203,1868916,0.0,0.0,106.11237525939941,9.957426500861228,-0.45088011708699943,103.64806567418518,102.85005467732748,19.573625966639575,-0.22497100726838198,101.12611199334727,85.54523674236586,118.8487849570108
2022-01-27 00:00:00+01:00,534,101.94538421558458,105.56007351534973,101.6334526621022,104.97291564941406,1523610,0.0,0.0,106.19219169616699,9.62513266195289,-0.5720100020626697,103.11844827483462,102.84332682291667,19.53929835709581,-0.2085768816461197,101.24641373684051,85.69502074236536,119.05688124715907
2022-01-28 00:00:00+01:00,535,104.12887902628155,104.44080358608412,100.78941597693846,102.18391418457031,1530319,0.0,0.0,106.14723739624023,9.959806291607602,-0.7616878725529175,101.98369382188805,102.81228688557943,19.46301813966667,-0.20097833340625268,101.27655655507219,83.41820927245733,115.8936861111201
2022-01-31 00:00:00+01:00,536,103.44998137641096,104.34906383333036,101.78024981408649,102.86282348632812,1636479,0.0,0.0,105.96283340454102,10.483192181622025,-0.8165171538903961,101.38381157220223,102.79317359924316,19.416495163695895,-0.19327890250841667,101.31804291210123,83.97243934538992,116.66368305382599
2022-02-01 00:00:00+01:00,537,104.20227687577686,105.90870666503906,103.89034531241407,105.90870666503906,1601492,0.0,0.0,105.80503463745117,9.950742493962437,-0.7476747358595556,101.7199498287767,102.80769958496094,19.482022083404306,-0.1782631583852675,101.44487725817739,86.45895713489473,120.1182251102896
2022-02-02 00:00:00+01:00,538,105.85365605287441,106.05549288856416,103.57842099476522,103.94539642333984,1412361,0.0,0.0,105.47934532165527,8.881041921612919,-0.6982769918031454,101.8750504019757,102.80525302886963,19.475678076377427,-0.16984641481079885,101.50698816059099,84.8562016922621,117.89150221847268
2022-02-03 00:00:00+01:00,539,103.54172678496987,104.12888469376973,101.90869341365308,102.42245483398438,1258207,0.0,0.0,105.15824279785156,8.668312505307565,-0.6877758202504576,101.65092748943489,102.81748549143474,19.44797649066275,-0.17734860167315777,101.46284015455436,83.6129427975097,116.16423119024088
2022-02-04 00:00:00+01:00,540,102.69768843782691,102.89952528191255,99.6885023973942,101.21144104003906,1209672,0.0,0.0,104.81970977783203,8.947837472114719,-0.7002767563959991,101.19152512165525,102.8162623087565,19.451755920135582,-0.1874014496821941,101.38469102162512,82.62432729083912,116.16423119024088
2022-02-07 00:00:00+01:00,541,102.64263399190104,103.65181817713359,100.95455680837415,103.61511993408203,1173544,0.0,0.0,104.59126853942871,8.373587581462578,-0.650471970009964,101.33106287476087,102.82558956146241,19.456168268794833,-0.1858386233529922,101.40579579908668,84.58657928135194,116.16423119024088
2022-02-08 00:00:00+01:00,542,103.67015806252964,106.0921859741211,102.89951599951134,106.0921859741211,1514367,0.0,0.0,104.4637451171875,7.611155009705429,-0.4991179820241765,102.0787410303781,102.84225629170736,19.532076431733124,-0.170664219017062,101.53585285989121,86.60874113489423,118.94130148974591
2022-02-09 00:00:00+01:00,543,106.1839419423454,108.05551048195822,106.1839419423454,107.79862976074219,1416605,0.0,0.0,104.40961723327636,7.166368818297693,-0.25494601564399755,103.22750575544441,102.85433597564698,19.63502098252117,-0.14257169922232069,101.76010340450408,88.0018027144979,120.8544173619112
2022-02-10 00:00:00+01:00,544,107.5967973359926,108.73441500510727,106.56927440884711,108.53258514404297,1075687,0.0,0.0,104.45548934936524,7.518020664132277,-0.012620486022703482,104.39555325146428,102.87956555684407,19.846280834336024,-0.11479337455160474,101.99380361430451,88.60096985591551,121.67726409396454
2022-02-11 00:00:00+01:00,545,106.97293628140781,109.13808377899764,106.38577834980461,108.716064453125,1324106,0.0,0.0,104.50870132446289,7.932721119370456,0.22157063395305931,105.58959735253397,102.90617122650147,20.073087552896272,-0.08679334325868791,102.23264558470129,88.75075385591501,121.88296508521358
2022-02-14 00:00:00+01:00,546,105.5050396643224,107.35825554213561,103.21145184553278,106.69770812988281,1886460,0.0,0.0,104.48760070800782,7.825638232688434,0.37640220683507847,106.31138164524832,102.91718044281006,20.14248401245737,-0.06645530930210068,102.40058945568775,87.10306134479737,119.62016009394831
2022-02-15 00:00:00+01:00,547,105.9637577022893,108.71606309715396,105.63348049494758,108.62432098388672,1658714,0.0,0.0,104.6031982421875,8.53697585257114,0.538375827128144,107.32776971972164,102.93782278696696,20.32808937113376,-0.037485662051914496,102.64508816247552,88.6758587417733,121.78011031288334
2022-02-16 00:00:00+01:00,548,108.34908415682862,109.63349469964824,107.064673614009,108.14724731445312,1488356,0.0,0.0,104.7298038482666,9.127275212816182,0.6511075251407883,108.13689627400186,102.93690535227458,20.31834773318359,-0.00363441355130703,102.90853013701698,88.28639791995248,121.24525694335469
2022-02-17 00:00:00+01:00,549,109.9087263814861,110.42248779111804,106.12889129776396,106.71604919433594,1614702,0.0,0.0,104.75732650756837,9.225618450314384,0.7470521444428604,108.68747797855741,102.9333885192871,20.290034008193377,0.02205406261184549,103.10545275829018,87.11803413934179,119.64072249500295
2022-02-18 00:00:00+01:00,550,107.94541610070384,108.07385645340723,104.7527389062103,105.50503540039062,2060276,0.0,0.0,104.83072090148926,9.222075085889756,0.7458520350193665,108.7538051373354,102.93736406962077,20.308724782825987,0.03703958733811997,103.22647738501583,86.1294186326712,118.28303950024379
2022-02-21 00:00:00+01:00,551,106.45917049184631,107.46834770809329,102.47749849388724,102.88117218017578,1724281,0.0,0.0,105.05090599060058,7.246670811505833,0.5597245198199972,107.66068796112155,102.90877075195313,20.212206977225435,0.04792020156015181,103.28192305973656,83.98741836821826,115.34139301159894
2022-02-22 00:00:00+01:00,552,100.44079552024792,105.67017267031879,99.81693938660138,104.66099548339844,2156241,0.0,0.0,105.31421012878418,5.497996545177629,0.40322254284525305,106.95180949945153,102.90861784617105,20.21166377091883,0.05927924610466242,103.37021628531909,85.44038358256746,117.33677559480557
2022-02-23 00:00:00+01:00,553,105.10135989298107,107.61513703668683,103.706861659535,104.53255462646484,2002740,0.0,0.0,105.30136604309082,5.51548593383624,0.35358053976144294,106.73963753544089,102.91029974619548,20.216827114088677,0.06908580181765206,103.44832904776656,85.33553042276907,117.19277891354322
2022-02-24 00:00:00+01:00,554,99.30316114010245,101.81693804681386,96.9912280501379,99.92701721191406,3814789,0.0,0.0,105.04907112121582,6.962995994151225,0.13092943833794546,105.64747721142871,102.86228720347087,20.22443072244037,0.06856663470657427,103.39637372110121,81.57578323628732,112.02945223574237
2022-02-25 00:00:00+01:00,555,100.91785395501053,106.34906768798828,99.54170140107857,106.34906768798828,3050795,0.0,0.0,105.25732879638672,6.574229763449219,0.07321308257124112,105.58246981298925,102.87421372731527,20.2909440629633,0.08625010806791701,103.54714607011051,86.81844745449102,119.22929485227056
2022-02-28 00:00:00+01:00,556,105.92705333533718,106.53256384696145,101.74355161674825,105.41329193115234,3777634,0.0,0.0,105.38485221862793,6.256620518981099,-0.009104568543869767,105.34540740535265,102.87283757527669,20.28366594758275,0.10314496542077568,103.67744101843377,86.05452351852949,118.18018472791354
2022-03-01 00:00:00+01:00,557,105.02797665824849,105.72522231673692,95.5783920288086,95.5783920288086,3583957,0.0,0.0,104.8683364868164,11.02275041104992,-0.24175412394312437,103.4781293764154,102.80724093119304,20.723661589006934,0.08086486457559613,103.44484890087837,78.02576728253807,107.15415313411188
2022-03-02 00:00:00+01:00,558,95.41325114807849,101.94539163110387,93.74351953296609,100.62428283691406,3419858,0.0,0.0,104.70228080749511,11.896891634722612,-0.36169041973931954,102.54148172989841,102.78675161997477,20.762643819691466,0.0747872019694102,103.37699243749775,82.14499856033217,107.15415313411188
2022-03-03 00:00:00+01:00,559,100.05546812412496,100.89951372187355,95.65178391607988,96.34902954101562,2420701,0.0,0.0,104.39860954284669,15.198727187984792,-0.5557134394700948,100.64615761606117,102.71136900583903,21.048019428359837,0.06241758544416829,103.20735933625986,78.65488001304452,107.15415313411188
2022-03-04 00:00:00+01:00,560,94.49580717227526,94.99122292360074,88.83523477202336,89.08293914794922,3941176,0.0,0.0,103.79218444824218,26.622763433907128,-0.7284513295342375,97.28208333157002,102.58950290679931,22.585506105456403,0.022097173588810064,102.77139434972128,72.72318074473708,107.15415313411188
2022-03-07 00:00:00+01:00,561,83.94530968369791,90.2939587471158,82.78933952492208,86.22972106933594,4384096,0.0,0.0,102.92291450500488,42.05940361332433,-0.8109770762101589,93.81328402561097,102.45226980845133,24.81551287778549,-0.02580719797935532,102.22959909091331,70.39394580907184,107.15415313411188
2022-03-08 00:00:00+01:00,562,83.78017158038487,89.75267593632798,83.00952946966922,86.35816192626953,3235886,0.0,0.0,101.9362133026123,54.947569986676946,-0.8584469000189454,90.9145203153235,102.30586236317953,26.95226161139736,-0.06517133872596285,101.71983907316569,70.49879896887023,107.15415313411188
2022-03-09 00:00:00+01:00,563,89.5600138255763,94.91783126101079,88.32147088464502,94.62425231933594,3709463,0.0,0.0,101.27749443054199,55.495919231096316,-0.8636394044392388,90.13394352548539,102.20876712799073,27.306180757021593,-0.07477419750226592,101.53199437047302,77.24685186718035,107.15415313411188
2022-03-10 00:00:00+01:00,564,94.67929998105151,94.99123155629647,89.44992268538782,91.55084991455078,2779312,0.0,0.0,100.42840766906738,56.94604058420683,-0.8716997027005999,89.03485165290282,102.0796380996704,28.04725837063264,-0.08935629852650344,101.25998326411312,74.73786865757499,107.15415313411188
2022-03-11 00:00:00+01:00,565,91.64258981772215,97.57839592055514,91.47745122291705,95.00957489013672,2624329,0.0,0.0,99.74308319091797,54.382098526767756,-0.8491354093573275,88.89718408487481,101.98911781311035,28.338186471171174,-0.09757466403293127,101.08944681897955,77.56141134657554,107.15415313411188
2022-03-14 00:00:00+01:00,566,96.33068325695183,98.69766743971073,95.72517274530338,95.92700958251953,2020164,0.0,0.0,99.20454826354981,52.29763602061677,-0.8206572923505967,88.92524948603571,101.8921755472819,28.37672246824323,-0.09858101687867608,100.98260783093424,78.31036248799265,107.15415313411188
2022-03-15 00:00:00+01:00,567,94.14718610655075,95.35820007656689,92.84442303316801,94.60590362548828,2299853,0.0,0.0,98.50362739562988,48.223405133387935,-0.7838786828400279,89.07521829811382,101.81388778686524,28.779323512878715,-0.11166806258530913,100.77628793935466,77.23187284435201,107.15415313411188
2022-03-16 00:00:00+01:00,568,97.15638098291514,100.47749165047084,96.0554546349809,98.00041961669922,2548452,0.0,0.0,97.99628601074218,43.071084465685495,-0.6986585248760261,90.0544942872196,101.73376509348552,28.61224470598612,-0.10639002547376188,100.74808155057987,80.00299829587924,107.15415313411188
2022-03-17 00:00:00+01:00,569,97.8536199510769,98.67930584720588,96.29397625950021,98.38572692871094,1456505,0.0,0.0,97.57976989746093,38.89464661295762,-0.5993295673132221,91.10579149802662,101.67367299397786,28.577397284703142,-0.1048956094162151,100.70242692505295,80.31754531870658,107.15415313411188
2022-03-18 00:00:00+01:00,570,97.98205921705616,98.64260652682835,95.32149636013831,97.37654876708984,2900224,0.0,0.0,97.1733455657959,35.41716507551089,-0.5065531253084471,91.95187872447877,101.5938559850057,28.4917897490439,-0.1021648331285593,100.64931257403657,79.49369906314776,107.15415313411188
2022-03-21 00:00:00+01:00,571,96.89948561456583,98.00040479653849,96.14718920700737,96.62425231933594,1480861,0.0,0.0,96.86049957275391,33.61531067689162,-0.4359951716033908,92.4821455784097,101.53009414672852,28.634789328188955,-0.10793368038854748,100.5297150471697,78.87955912718573,107.15415313411188
2022-03-22 00:00:00+01:00,572,96.67930801437018,99.52336241501207,96.53252203855811,99.32152557373047,1552901,0.0,0.0,96.59352607727051,30.65654307582248,-0.28738275746442554,93.83750252016375,101.47795327504475,28.53531462295799,-0.1029880659504132,100.52507184704454,81.08148793951987,107.15415313411188
2022-03-23 00:00:00+01:00,573,99.4316022633163,99.94537062028762,97.7435252318387,98.38572692871094,1286213,0.0,0.0,96.28618469238282,27.40889228896381,-0.13334800058512694,95.07699933978641,101.43070526123047,28.55758597185226,-0.10421578325345225,100.46608835177705,80.31754531870658,107.15415313411188
2022-03-24 00:00:00+01:00,574,98.38574637967042,99.26648330927783,97.41326733229711,98.53253936767578,1058102,0.0,0.0,96.21646080017089,26.971693313649613,-0.032382311390710995,95.92517281037236,101.37871735890707,28.531677417468153,-0.10292201016152748,100.4265077937451,80.43739618618508,107.15415313411188
2022-03-25 00:00:00+01:00,575,98.88116270824086,100.25731548001889,97.85363978497725,98.66098022460938,1226858,0.0,0.0,95.83205642700196,21.726989020553916,0.21130281735568468,97.53800402795339,101.33529218037923,28.539604636371813,-0.10339888610145728,100.37853779001072,80.54224934598348,107.15415313411188
2022-03-28 00:00:00+02:00,576,98.27564749410806,100.3123474756676,98.27564749410806,98.80775451660156,1155300,0.0,0.0,95.50177955627441,17.246623184117123,0.5132363531625506,99.19351078339308,101.28850294748942,28.510992186017596,-0.1018045652906821,100.34697319857717,80.66206907204237,107.15415313411188
2022-03-29 00:00:00+02:00,577,100.55087986372001,104.38575864444633,100.00042023479939,104.18392181396484,1811661,0.0,0.0,95.93205604553222,21.018779371889163,0.6265188433403088,100.90711819732219,101.29094937642415,28.52454783599519,-0.0868676930167434,100.48737089281306,85.05092276074664,112.98445113728607
2022-03-30 00:00:00+02:00,578,103.21144857235915,103.5967696338221,101.21143977782245,102.16557312011719,1706221,0.0,0.0,96.00912055969238,21.89883011244319,0.8200435643957436,102.65585012792859,101.28345705668131,28.50448238494767,-0.0796879619980849,100.54655473153232,83.40323647791291,110.79561033145391
2022-03-31 00:00:00+02:00,579,102.44080686025436,103.06465601018711,101.06465420710408,101.24813842773438,1603935,0.0,0.0,96.25407600402832,23.274183097279217,0.8938066613003983,103.72271448014892,101.26052125295003,28.441929047187386,-0.0724247490057934,100.59151966211283,82.6542853364958,109.80067893159482
2022-04-01 00:00:00+02:00,580,100.99125349505054,102.5141920611125,100.67932193365652,101.8536376953125,1099406,0.0,0.0,96.89261093139649,21.788675216042623,0.8816510999866162,104.02069468117371,101.23085746765136,28.299077702561124,-0.05959516946644842,100.68174939655427,83.14858686154717,110.45732538164401
2022-04-04 00:00:00+02:00,581,102.53255106810413,102.67933704771634,99.08299305378613,101.00960540771484,1150678,0.0,0.0,97.63160514831543,16.12184228208552,0.8635459793297107,103.63716400946318,101.20639254252116,28.236963474197097,-0.05279291407464004,100.72049437821495,82.45955803972736,109.54199676763146
2022-04-05 00:00:00+02:00,582,100.53253703197609,100.99125456871684,94.9545301053348,96.55086517333984,2140458,0.0,0.0,98.14124031066895,9.220943168331809,0.764967037317152,102.16462002308387,101.15226383209229,28.387694963243543,-0.0601651395540293,100.59703677641625,78.81964926415628,104.70662189045854
2022-04-06 00:00:00+02:00,583,96.29398021476295,97.72517662627786,94.56920487269439,95.2297592163086,1781786,0.0,0.0,98.17151565551758,9.015110836833037,0.5822801083963561,101.19967076357507,101.08834921518961,28.652677913024323,-0.07101929278967695,100.42990410080951,77.74115962051565,103.27392067466148
2022-04-07 00:00:00+02:00,584,95.54168411473759,96.62425773748726,93.32149300689514,93.56002807617188,1505381,0.0,0.0,98.27197456359863,7.81672994191684,0.26472033857387384,99.55389328738498,101.01648349761963,29.113649297953955,-0.08754241195475684,100.19834381396113,76.37806854313651,103.27392067466148
2022-04-08 00:00:00+02:00,585,95.138019305532,96.49582636520316,94.07379820425417,94.86279296875,964702,0.0,0.0,98.2646354675293,7.86821364037094,0.052491743988312176,98.51966454572954,100.96770661671957,29.428709179662228,-0.1041873014065839,99.98875546124735,77.44158539223272,103.27392067466148
2022-04-11 00:00:00+02:00,586,94.11048769216373,96.66095597285394,93.17470003554538,95.8169174194336,1223534,0.0,0.0,98.259130859375,7.895909579870258,-0.09893024426626817,97.77763695664288,100.93987770080567,29.6233042886191,-0.12231152874715776,99.78683664434115,78.2204883510226,103.27392067466148
2022-04-12 00:00:00+02:00,587,94.01874441778897,96.66095476930452,93.33983745984102,96.01875305175781,1638653,0.0,0.0,98.32977333068848,7.452405175837993,-0.2961972317573494,96.92925159908842,100.89951044718424,29.825119319204866,-0.13505563452865685,99.62200008951561,78.38525760213436,103.27392067466148
2022-04-13 00:00:00+02:00,588,95.24811446564621,96.4591285515334,94.99123375037841,95.7435302734375,979693,0.0,0.0,98.2169288635254,7.785326323568159,-0.37915814515894425,96.3845324722398,100.85639101664225,30.046637643070458,-0.14802836783796366,99.4509794685982,78.16057848799315,103.27392067466148
2022-04-14 00:00:00+02:00,589,95.81691657543625,98.00040942252284,95.65177799039785,97.35820770263672,1240440,0.0,0.0,98.16555290222168,7.8198589265865595,-0.39863452296422197,96.2347631117217,100.8114366531372,30.11721472344167,-0.15196690214850617,99.36693833520222,79.47872626860334,103.27392067466148
2022-04-19 00:00:00+02:00,590,96.94876039100093,97.7304517276579,95.19925566146117,96.9859848022461,1231107,1.5,0.0,98.14602470397949,7.859923472201982,-0.4594651285095167,95.9149077212017,100.77408383687337,30.23515719880438,-0.15992428225056513,99.25097424516169,79.17486075269932,103.27392067466148
2022-04-20 00:00:00+02:00,591,97.60016629722729,99.275229243335,97.09764741339497,98.47492218017578,1114419,0.0,0.0,98.23855819702149,7.734719967596413,-0.5042868556837227,95.80937329537979,100.75632546742757,30.279022949023183,-0.16626091036876878,99.17171795658714,80.39036018601891,103.27392067466148
2022-04-21 00:00:00+02:00,592,98.45630723900352,102.10421397780772,98.25157654756956,100.98750305175781,1614181,0.0,0.0,98.32185707092285,8.063409726938588,-0.37645970880804774,96.47029407177017,100.75461222330729,30.277866020825382,-0.16450007352887716,99.18681693395149,82.44151470121022,103.27392067466148
2022-04-22 00:00:00+02:00,593,98.67964156334875,100.26163975330502,97.35820711293074,97.39543151855469,1516294,0.0,0.0,98.27234230041503,8.105786079326881,-0.40087983866179916,96.29549824382403,100.740549214681,30.349009302354848,-0.17750675037453148,99.04680525212589,79.50911406585053,103.27392067466148
2022-04-25 00:00:00+02:00,594,95.385360162235,97.80488982931112,95.10618065841365,95.85065460205078,1384818,0.0,0.0,98.13824806213378,8.391956789842254,-0.4562469108508852,95.84900353907204,100.70596777598062,30.54413353500976,-0.19161397801587413,98.87174653092295,78.2480298225182,103.27392067466148
2022-04-26 00:00:00+02:00,595,97.39543608333472,98.32602496806065,94.82700877353881,94.95729064941406,1313876,0.0,0.0,97.95306358337402,8.874029175335844,-0.5175368711272401,95.28274948095014,100.62647965749105,30.694770219198404,-0.19605991977585485,98.74507748464987,77.51872891686966,103.27392067466148
2022-04-27 00:00:00+02:00,596,95.01312252788254,95.81342952677146,93.58001481126354,95.03173828125,1369774,0.0,0.0,97.76426277160644,9.247225491072966,-0.5619228857682476,94.80459426306923,100.53430926005045,30.698196602960188,-0.19614541966935412,98.65198157428144,77.57950451136404,103.27392067466148
2022-04-28 00:00:00+02:00,597,95.96232201598941,97.89794137261049,94.71532930083859,96.16704559326172,1203679,0.0,0.0,97.3634189605713,7.043307874112897,-0.46877133622661454,95.2086038527652,100.44640089670817,30.529555743116923,-0.19169584840282783,98.61183389735724,78.5063167566934,103.27392067466148
2022-04-29 00:00:00+02:00,598,96.8743051520048,99.29383492403807,96.5020681640389,98.21435546875,1917299,0.0,0.0,97.16585807800293,5.826613259506693,-0.29976662217768185,95.91256685568278,100.37647088368733,30.247665576825888,-0.18205170294038467,98.64226240783933,80.1776456052886,103.27392067466148
2022-05-02 00:00:00+02:00,599,97.69323085444758,98.08407650852624,95.98094349875075,96.76264190673828,1380079,0.0,0.0,96.94158325195312,4.9051178108209434,-0.1699211661385986,96.28975552740803,100.30591125488282,30.15445164918779,-0.17887485738509418,98.60459267250363,78.99253396921621,103.27392067466148
2022-05-03 00:00:00+02:00,600,97.52572052326283,99.14494323730469,97.00458590623091,99.14494323730469,1486415,0.0,0.0,96.80614852905273,3.8714159733040368,0.13657752884158395,97.2716004175588,100.27477601369222,30.109069712340897,-0.17519140454501078,98.60974590812347,80.93733430818433,103.27392067466148
2022-05-04 00:00:00+02:00,601,99.29383790043897,100.0755363085823,95.4598159790039,95.4598159790039,1827042,0.0,0.0,96.52865905761719,2.955813524324863,0.3185086353884529,97.47712197288158,100.19840532938639,30.13903273774582,-0.17613153807684978,98.52360742003106,77.92896729384863,103.27392067466148
2022-05-05 00:00:00+02:00,602,101.43418828229376,103.53732114655787,100.68971433570283,101.45279693603516,2870875,0.0,0.0,96.77375564575195,4.168718470840162,0.47304424588138677,98.44663135361644,100.16463667551676,29.91446414072267,-0.15931420871099164,98.65540555424056,82.82135905265808,103.27392067466148
2022-05-06 00:00:00+02:00,603,100.95028743987719,103.70482974401133,99.34967338886534,100.0383071899414,2715029,0.0,0.0,97.0141830444336,4.5433113724086365,0.5149005063072247,98.9151308701016,100.12336190541585,29.71711157266418,-0.1472347476027867,98.73317164685628,81.66663521383288,101.83404019580875
2022-05-09 00:00:00+02:00,604,98.19573907374645,100.6897176470664,96.52068328857422,96.52068328857422,1720618,0.0,0.0,97.1622158050537,3.90510513556289,0.37099996985551464,98.43206125464714,100.0617951075236,29.701949047911544,-0.1466227778500617,98.67773629489693,78.79501017296754,101.83404019580875
2022-05-10 00:00:00+02:00,605,99.57301443728,100.07553330604587,97.339599609375,97.339599609375,1717561,0.0,0.0,97.28605613708496,3.612336244887578,0.28061662645591495,98.20983519165128,100.03656349182128,29.76279410526299,-0.15282644062553835,98.59246778879384,79.4635354841217,101.83404019580875
2022-05-11 00:00:00+02:00,606,98.9960380652622,100.46637013377754,97.78627683533504,100.01969146728516,1807467,0.0,0.0,97.49619483947754,3.8455587744640534,0.3198064697039296,98.58243936163802,100.03840605417888,29.762317155808557,-0.15350968045334362,98.58786586776623,81.65143820106732,101.83404019580875
2022-05-12 00:00:00+02:00,607,97.17209681432318,98.49353142424978,95.5156496131715,97.15348815917969,1945246,0.0,0.0,97.55293159484863,3.7334657452229947,0.2381559071108173,98.34996783915271,100.0050484975179,29.820630810265232,-0.15796096682157715,98.51098579715001,79.3116027261697,101.83404019580875
2022-05-13 00:00:00+02:00,608,98.13990841733299,98.9774398803711,96.66957619331389,98.9774398803711,1192102,0.0,0.0,97.71462707519531,3.640433226607623,0.21569410081696833,98.42743977641649,99.9777161916097,29.786123426391057,-0.15472732909815065,98.51508561377997,80.80059233471395,101.83404019580875
2022-05-16 00:00:00+02:00,609,98.36324077016167,99.12632335996486,96.78124253027178,98.49352264404297,1154177,0.0,0.0,97.77139282226562,3.662285675935349,0.23205059420157106,98.54055765833961,99.94023501078287,29.72690306802445,-0.1507159382553867,98.51694093272278,80.40554474221662,101.33615656338459
2022-05-17 00:00:00+02:00,610,99.70329697783998,100.83861660369433,99.34967574184849,100.76416778564453,1093280,0.0,0.0,97.96030197143554,4.0636595122888055,0.30937131854670374,99.0404899299203,100.02030010223389,29.077769443938546,-0.1740005854860957,98.39515598037966,82.25919414601103,103.67233507941557
2022-05-18 00:00:00+02:00,611,100.72694922859448,102.16005711007786,100.26165473849586,100.4477767944336,1172470,0.0,0.0,98.05894470214844,4.365137894886489,0.4221280291760147,99.58652413100702,100.09520575205485,28.45772966320362,-0.1981899120900169,98.26397827111003,82.00090721183584,103.34681268809582
2022-05-19 00:00:00+02:00,612,99.07049676021354,100.00108569138199,98.02823460136604,99.01466369628906,1368380,0.0,0.0,97.960302734375,3.9515768439690944,0.6219174921500039,100.10160814954759,100.16558462778727,27.699984929551192,-0.2302872018300536,98.06630545769265,80.83098013196114,101.87233833295004
2022-05-20 00:00:00+02:00,613,100.2058152413458,101.58308996758232,99.33105938414842,99.49856567382812,1418219,0.0,0.0,98.06545944213867,4.047682881689061,0.6528824019750066,100.34055074394033,100.21553115844726,27.328404493728566,-0.2523033647925637,97.93103302069923,81.22601526789063,102.3702062661993
2022-05-23 00:00:00+02:00,614,100.85722048113121,101.19223304665721,97.76766567670336,99.74051666259766,1387159,0.0,0.0,98.25995254516602,3.8973620853539024,0.6322664653530281,100.42190507200162,100.27376308441163,26.85886381545059,-0.27686296381437697,97.78851750685094,81.42353283585538,102.61914023282395
2022-05-24 00:00:00+02:00,615,97.89794369148207,98.25157199660806,95.60869598388672,95.60869598388672,1366749,0.0,0.0,98.29252281188965,3.6921183648584206,0.37243221630674034,99.53202037311056,100.31705856323242,26.222796308349615,-0.32143876212604805,97.46605096320755,78.05050602626953,98.36807055890357
2022-05-25 00:00:00+02:00,616,96.87431037421389,97.84212375516518,95.70176628385344,97.4885025024414,987607,0.0,0.0,98.41536102294921,3.1506419638489844,0.19328197270776867,99.00958682220964,100.34322096506754,25.99003194109429,-0.34795986638543364,97.27071178333749,79.58509290139438,100.30213040933222
2022-05-26 00:00:00+02:00,617,97.67460777252438,101.49002075195312,97.48849283687603,101.49002075195312,1407493,0.0,0.0,98.68150978088379,3.307584434943009,0.216043604891587,99.36205582272707,100.37948760986328,25.913427116104767,-0.3544381604217675,97.25439042349944,82.85174684990527,104.41913697928949
2022-05-27 00:00:00+02:00,618,102.32755231677001,104.48651823277226,101.50863665891733,104.09567260742188,1697506,0.0,0.0,98.97557563781739,4.747870297924132,0.37029394269739235,100.37309121842438,100.42691745758057,25.994417770277124,-0.349071410009626,97.34433320958044,84.97888020064043,107.0999908800046
2022-05-30 00:00:00+02:00,619,104.7470861324256,105.30544516199306,104.43068930884536,104.72847747802734,844162,0.0,0.0,99.37386741638184,6.065032248845436,0.4411167527592473,101.25548228543971,100.49307638804117,26.034305898230425,-0.34710541854160404,97.42550256975025,85.49547275384259,107.75105921140647
2022-05-31 00:00:00+02:00,620,103.25814580128454,103.38842768221178,101.22946166992188,101.22946166992188,1823644,0.0,0.0,99.4780933380127,6.2320618751196015,0.489420035917678,101.59430084283122,100.5294651667277,25.926780849327052,-0.35616596157289426,97.38832484486171,82.6390384974589,104.15105786888795
2022-06-01 00:00:00+02:00,621,101.99253772860185,102.55088962514269,100.54082137762974,100.74555206298828,976484,0.0,0.0,99.74238014221191,5.393269685020587,0.4106021240396894,101.39399160222044,100.58093465169271,25.625975849723325,-0.374845063797858,97.29429091887319,82.24399713324547,103.65318208605123
2022-06-02 00:00:00+02:00,622,101.24807449574372,101.86225947380314,100.70833123332527,101.39696502685547,1057606,0.0,0.0,99.73958854675293,5.383373351957124,0.5401103698616403,101.91014153861057,100.64226690928142,25.26793096838603,-0.3941847403441868,97.21028273837672,82.77578047092926,104.32339556123
2022-06-03 00:00:00+02:00,623,102.53228161545871,102.53228161545871,100.72693694214236,101.13639831542969,821951,0.0,0.0,99.79449310302735,5.478192009646014,0.5977752694165277,102.21784898020198,100.7206174214681,24.5969754358502,-0.4243440815356868,97.07543195226413,82.56306589019897,104.055308601241
2022-06-06 00:00:00+02:00,624,101.89948286079144,104.18873066486253,101.78780963870392,103.61176300048828,1105553,0.0,0.0,100.14904708862305,5.548694546215361,0.6010999081117571,102.60151140910085,100.80117079416911,24.274924383525764,-0.4388134365718363,97.05644960997533,84.58383883642702,106.60211509716788
2022-06-07 00:00:00+02:00,625,102.84868323427344,103.630381610775,102.30894706221301,102.60673522949219,846279,0.0,0.0,100.4124038696289,5.378173492377549,0.5869580793654746,102.77008526393101,100.86004619598388,24.066369221505443,-0.451089762892904,97.0271338617269,83.76338076732084,105.56808109352806
2022-06-08 00:00:00+02:00,626,103.31397884740413,103.77927330773258,100.4663790221396,100.8013916015625,1083842,0.0,0.0,100.45148887634278,5.376412211832495,0.5854117033700302,102.80257374953337,100.91977926890056,23.623942251751675,-0.47719837652795805,96.90246533573125,82.28958194325821,103.71063321655687
2022-06-09 00:00:00+02:00,627,100.31749080897788,100.59666323173944,97.78628775022392,98.08407592773438,1332156,0.0,0.0,100.49801826477051,5.096650930731524,0.37617529001860495,101.968952773235,100.92062937418619,23.618992264904996,-0.49447015587184395,96.7583483998187,80.07129142906543,100.91489275400534
2022-06-10 00:00:00+02:00,628,97.33960435276295,97.76767442483164,94.78979257573191,94.92007446289062,1822090,0.0,0.0,100.29514999389649,6.569187126904045,0.09199308758257489,100.70353674040048,100.86239083607991,23.909944956578016,-0.5061382994442671,96.57573005975058,77.4883473479064,97.65957464575837
2022-06-13 00:00:00+02:00,629,93.15194329727669,94.77116592279097,90.35086884579894,90.75102233886719,1652277,0.0,0.0,99.9080249786377,11.034829023691946,-0.22250622323525263,98.62780207151783,100.76359990437825,24.733715308180642,-0.5217385743862393,96.26933928425198,74.08492651278944,93.37019898510925
2022-06-14 00:00:00+02:00,630,91.76537976773612,92.32373173505174,88.7781899977586,89.67155456542969,1375979,0.0,0.0,99.35339431762695,16.187462845366994,-0.3788627202751126,96.7132243116703,100.65703665415445,25.73200027336393,-0.5380632180327045,95.92954570833365,73.20369907747282,92.2595765567743
2022-06-15 00:00:00+02:00,631,91.3838331105987,91.82121105814741,89.6250205426737,89.75530242919922,1656474,0.0,0.0,98.81877059936524,20.672159923819514,-0.4911867505747114,94.95064828138504,100.5461254119873,26.669605680764477,-0.5520499782329047,95.60816820764441,73.27206695006605,92.2595765567743
2022-06-16 00:00:00+02:00,632,89.84836278262459,89.96933678590433,86.54476928710938,86.54476928710938,1555136,0.0,0.0,98.19527587890624,28.18993996482098,-0.6125537676720872,92.56211806431038,100.40020275115967,28.19201856053248,-0.5651811943017336,95.20250027198922,70.65113656527706,92.2595765567743
2022-06-17 00:00:00+02:00,633,87.36368205890778,90.2578140622603,86.93561202334124,87.58702850341797,3428873,0.0,0.0,97.59969902038574,33.65005113334202,-0.6942278631144161,90.62451721389722,100.27290445963541,29.504357643009055,-0.5797495761042623,94.81854006316777,71.50198865991433,92.2595765567743
2022-06-20 00:00:00+02:00,634,88.31288570310693,90.66727442210096,87.18687401575457,90.2485122680664,1307746,0.0,0.0,97.12509880065917,36.015942665919724,-0.7412415830978749,89.42018480381567,100.16350383758545,30.25578095813412,-0.5904539783365035,94.5381367987122,73.67470059237831,92.2595765567743
2022-06-21 00:00:00+02:00,635,91.1977169307283,92.12830587900105,89.1225004521548,89.4109878540039,1209724,0.0,0.0,96.81521339416504,38.92580850231069,-0.8401986122931561,87.73572436611927,100.0495704015096,31.142633409587468,-0.6020353718033519,94.23041034646482,72.99098449674251,92.2595765567743
2022-06-22 00:00:00+02:00,636,87.7917478869492,87.88481245094975,85.73514739950053,86.50753784179688,1731169,0.0,0.0,96.26616516113282,44.17663891418673,-0.9102931684434342,85.78672104525204,99.8825423558553,32.30037720759588,-0.6086781205583512,93.89081400506058,70.62074253974595,92.2595765567743
2022-06-23 00:00:00+02:00,637,86.17252807680785,86.36795088783394,84.06939523936626,84.60913848876953,1426504,0.0,0.0,95.42212104797363,49.14239650930596,-0.9340065304880747,84.08145123480689,99.67874615987142,33.510303513287504,-0.612330420496604,93.53920883850924,69.07097733670732,92.2595765567743
2022-06-24 00:00:00+02:00,638,85.31639276974067,86.74950056356201,84.45094478710277,86.07947540283203,1559937,0.0,0.0,94.52131118774415,48.92267876775526,-0.9331543276472132,83.2163463389876,99.47558193206787,34.046179713842264,-0.6139900735706341,93.27037640133143,70.2712922138292,92.2595765567743
2022-06-27 00:00:00+02:00,639,86.74949647537932,88.13607191776079,86.35865084998261,86.74018859863281,1306107,0.0,0.0,93.62189674377441,45.77429446401056,-0.920984837382708,82.82935002866577,99.29137929280598,34.63728765180293,-0.6165659357267472,93.00628073259284,70.81066782961184,92.2595765567743
2022-06-28 00:00:00+02:00,640,87.57771485721352,89.85765463771116,87.57771485721352,88.35010528564453,1499340,0.0,0.0,92.97792892456054,43.75444446552614,-0.9019272800567325,82.64452901043728,99.12777932484944,34.98158203424618,-0.6186387756524678,92.79028638904654,72.12492916105576,92.2595765567743
2022-06-29 00:00:00+02:00,641,86.74948988544945,87.5497968289405,85.8095932006836,85.8095932006836,1035853,0.0,0.0,92.23113098144532,42.69628259567056,-0.8947083799623662,82.10514866712151,98.94132639567057,35.74786931929671,-0.6218527240909276,92.50151350134698,70.05097289843219,92.2595765567743
2022-06-30 00:00:00+02:00,642,84.40441309833167,86.1725334850309,83.90190132405799,86.03294372558594,1882753,0.0,0.0,91.46292991638184,39.67535385795469,-0.8753812300774293,81.91260247477138,98.75291213989257,36.32140365483053,-0.6241835792073523,92.2373141836057,70.23330591019923,92.2595765567743
2022-07-01 00:00:00+02:00,643,85.69793116978167,90.20198528362911,85.19541939535006,88.62928771972656,1766197,0.0,0.0,90.83757438659669,34.76125630314551,-0.8225684251851668,82.43755295504118,98.58414630889892,36.29189090005298,-0.6240200709533825,92.07290209946638,72.35284075455161,92.2595765567743
2022-07-04 00:00:00+02:00,644,89.51335141190295,89.9135049356319,86.90769956904046,86.91700744628906,1083441,0.0,0.0,90.00283660888672,26.248372473641584,-0.7783714328270999,83.09568949763647,98.41166184743246,36.72040455115632,-0.6262613683371069,91.83856579694041,70.95501453774891,92.2595765567743
2022-07-05 00:00:00+02:00,645,87.28924071783737,87.6800863476599,82.73866161393721,83.2132568359375,1843101,0.0,0.0,89.03316268920898,19.323887360203145,-0.7698808244497838,83.17135753109626,98.20800711313883,37.902201783204276,-0.6299691554838411,91.49043815795459,67.93144428236374,92.2595765567743
2022-07-06 00:00:00+02:00,646,84.28343617845118,86.75880605418558,84.15315430076303,86.2283706665039,1456486,0.0,0.0,88.30451164245605,11.890045233802542,-0.7314180519291058,83.93615532500026,98.03391253153482,38.410235260798906,-0.6325571488604327,91.24369200304996,70.39284340281793,92.2595765567743
2022-07-07 00:00:00+02:00,647,87.89412334419336,88.48969970323543,87.20548951026915,88.10816192626953,1241485,0.0,0.0,87.80571594238282,6.596504843956241,-0.6327523389911638,84.99089139710574,97.88221079508463,38.63902561397349,-0.6341690891875286,91.05444241408766,71.92741782137493,92.2595765567743
2022-07-08 00:00:00+02:00,648,88.2012199675169,89.6622443420221,87.84759872076192,89.37376403808594,1123979,0.0,0.0,87.52840042114258,3.981062723203561,-0.4150088180950094,86.09417484758055,97.74686603546142,38.72639840388867,-0.6349443990937703,90.90302555154136,72.96059669949533,92.2595765567743
2022-07-11 00:00:00+02:00,649,88.12676770462501,90.84409274136283,87.4753583018834,89.99725341796875,1476126,0.0,0.0,87.49071197509765,3.7537750766789637,-0.16431951116372515,86.93929023441207,97.61212984720866,38.6171800888856,-0.6339666629477678,90.78847066437748,73.46958451803079,92.2595765567743
2022-07-12 00:00:00+02:00,650,88.88054908450296,93.9894802298357,88.5362286306925,93.4869613647461,1877061,0.0,0.0,87.68148231506348,5.357515386512703,0.16941297609426076,88.36066876454808,97.52421162923177,38.40548773024196,-0.6301266930810501,90.76049900435422,76.3184202680317,92.2595765567743
2022-07-13 00:00:00+02:00,651,94.75256465098369,94.82701346940763,92.1841372139983,94.25004577636719,1815221,0.0,0.0,87.90621948242188,7.348839607119876,0.4208947074046911,89.88247673354353,97.48898309071859,38.48668549293806,-0.6348020051854968,90.66788691968434,76.94136699745705,92.2595765567743
2022-07-14 00:00:00+02:00,652,93.44972802999322,94.84561126640955,92.20274241337935,92.70526123046875,1366669,0.0,0.0,88.21424407958985,8.36355918690792,0.49080882117543373,90.67273469180161,97.43323599497477,38.64532833700056,-0.6400777207987214,90.54129042230551,75.68027652584081,90.74741635672297
2022-07-15 00:00:00+02:00,653,92.89138510428943,97.00458639989154,92.47262293295385,96.52068328857422,1592970,0.0,0.0,88.66092681884766,11.76424463756826,0.6014287437569328,92.23387593405077,97.36432971954346,38.19280144578768,-0.6285838486520019,90.6358863326285,78.79501017296754,94.48226041506348
2022-07-18 00:00:00+02:00,654,97.26514727474259,98.45630701309533,96.11121904365218,97.09764099121094,1223847,0.0,0.0,89.00338325500488,15.254359914109145,0.7486974218831404,94.06820260246181,97.2987024307251,37.702580522267326,-0.615170824346206,90.75623008698679,79.26601168787303,95.04703333265691
2022-07-19 00:00:00+02:00,655,95.85065365978839,99.55440048823729,95.53425685174227,98.49352264404297,1459081,0.0,0.0,89.45750999450684,19.768674766932136,0.846636437533056,95.97749146223816,97.26794916788737,37.513074722949895,-0.602261072753277,90.87889232825339,80.40554474221662,96.41343532379467
2022-07-20 00:00:00+02:00,656,98.97742970851097,99.40549972344232,96.42761827182012,97.39543151855469,1268358,0.0,0.0,90.00190467834473,22.3150406082144,0.8805532435900959,97.20659120034209,97.22238756815592,37.24807077325388,-0.5907010066706413,90.97813831961555,79.50911406585053,95.33853481394576
2022-07-21 00:00:00+02:00,657,97.32099154787477,98.90298988153862,96.68819079444322,97.30237579345703,1062087,0.0,0.0,90.63656654357911,23.165516274715095,0.8877689031981589,98.03741561537586,97.15066814422607,36.60888604696021,-0.5746628860060278,91.12830369076629,79.43314768687452,95.24744433517756
2022-07-22 00:00:00+02:00,658,96.89292032164629,99.889410662107,96.87430456745382,98.25157928466797,1246439,0.0,0.0,91.2451717376709,24.734639102944815,0.9029614423648115,99.02343471360587,97.10321966807048,36.228831509190655,-0.5585410537514436,91.28027194876192,80.20803340253579,96.1766015726512
2022-07-25 00:00:00+02:00,659,98.17712583599685,98.84715095871762,96.98597321775087,98.49352264404297,1094476,0.0,0.0,91.83283843994141,26.068148298720693,0.9171246519353735,99.94327228324362,97.07047856648764,36.00622682050797,-0.5439783875386276,91.4168004467503,80.40554474221662,96.41343532379467
2022-07-26 00:00:00+02:00,660,98.08407476097234,99.18216998369788,97.54433147695825,97.71183776855469,1044986,0.0,0.0,92.30092506408691,27.01820625281129,0.9338569824863211,100.70847110165319,97.04131520589193,35.864728595521136,-0.5334049499874804,91.50843275717494,79.76741345659356,95.64825887194974
2022-07-27 00:00:00+02:00,661,97.61877680157224,99.08910896409134,97.22793116844585,98.79132080078125,1240273,0.0,0.0,92.9500114440918,26.57407914143826,0.9304104240698322,101.25739584822857,97.0011168797811,35.525684077261616,-0.5156040368179663,91.67821867285166,80.64865334847804,96.70494427335267
2022-07-28 00:00:00+02:00,662,95.29230210666326,96.40900591540363,92.28649692006212,95.88787841796875,2494314,0.0,0.0,93.44275817871093,24.25456596481974,0.8931017408066402,101.06106249791999,96.91608098347982,34.83428937268703,-0.5008943001526687,91.79560663641243,78.27841761976538,93.86281976732468
2022-07-29 00:00:00+02:00,663,96.59512810189224,97.80488937995733,95.75759669410584,97.60015869140625,1996514,0.0,0.0,93.89130172729492,23.73302148397347,0.8826897094537912,101.33939672172957,96.83109372456869,33.8357293249536,-0.47919755116569884,92.00314122680541,79.67624383656809,95.53893834819726
2022-08-01 00:00:00+02:00,664,97.11626495210827,98.21436021476441,95.36676025390625,95.36676025390625,1329492,0.0,0.0,94.31378936767578,21.099667853457166,0.8214713684364113,100.84947068849166,96.72137851715088,32.69098041625298,-0.4612849440076541,92.15319145073883,77.85300091487262,93.35270711160749
2022-08-02 00:00:00+02:00,665,94.93867087925794,96.61373364082989,94.80838900889451,95.60869598388672,1133135,0.0,0.0,94.93356132507324,14.29822654151009,0.7526238851660798,99.86279845461995,96.61215044657389,31.480340745235683,-0.44167632492025427,92.31990587424971,78.05050602626953,93.58953339448179
2022-08-03 00:00:00+02:00,666,95.59009556383967,97.22793406068077,95.162025510087,96.87430572509766,1087103,0.0,0.0,95.46585807800292,10.209771160488891,0.6875004549494221,99.2707438332609,96.53028875986735,30.619383529409255,-0.4205228604994408,92.49988589725365,79.08369113267385,94.8284146899594
2022-08-04 00:00:00+02:00,667,97.06042424496901,97.48849428317465,95.94371331502278,96.6323471069336,979524,0.0,0.0,95.89206733703614,7.240924704892761,0.597586161969753,98.67727880864258,96.43035564422607,29.380277690404014,-0.3964177541183703,92.70865298974881,78.88616733642517,94.59156600227764
2022-08-05 00:00:00+02:00,668,96.87430223576499,98.77270442739578,96.66957154355534,97.5071029663086,1260729,0.0,0.0,96.29873428344726,4.967898498611197,0.509517123712458,98.26574066360442,96.3416877746582,28.228432274038745,-0.36927982987349706,92.94340437431183,79.60027745759209,95.44784786942905
2022-08-08 00:00:00+02:00,669,99.16355190092905,99.6474621096594,98.19573858329828,98.69825744628906,917877,0.0,0.0,96.73378448486328,2.9817762226103155,0.4342272407462604,98.03250354976711,96.27487284342448,27.36616620300397,-0.33959248322691027,93.19788573865179,80.57268074121811,96.61384632631533
2022-08-09 00:00:00+02:00,670,98.642433710856,99.75913766765042,98.30742110385154,99.05189514160156,974371,0.0,0.0,97.01203117370605,2.628268446111303,0.3962761715707015,98.12477052418461,96.22109667460124,26.712123571546467,-0.3098996616716667,93.4469083666818,80.86137415749225,96.96001553774956
2022-08-10 00:00:00+02:00,671,98.64242328083701,100.3547034468502,98.32602646313757,100.05691528320312,811908,0.0,0.0,97.30237464904785,2.6259931425158074,0.3960391009005531,98.41396683979865,96.1975612004598,26.462463306277353,-0.28171739094552994,93.6874704728737,81.68182599831451,97.94381063229199
2022-08-11 00:00:00+02:00,672,100.14997459799878,100.91305717104414,99.64745576699384,100.35469818115234,931447,0.0,0.0,97.68484649658203,1.8500738203177658,0.3457806373495449,98.49946791889002,96.16167538960775,26.0044593822787,-0.24821251809922182,93.96933380049938,81.92492214800806,98.23530464531169
2022-08-12 00:00:00+02:00,673,100.78278120200605,101.22945990028225,100.24303793341157,100.89444732666016,882675,0.0,0.0,97.90353469848633,2.2705880792923905,0.41997368353914905,98.99963899854015,96.13135782877605,25.602923352620984,-0.21252751780775136,94.26875363977112,82.36554832223422,98.76365481428229
2022-08-15 00:00:00+02:00,674,101.2480697631836,101.34112722825745,100.42914703094289,101.2480697631836,484039,0.0,0.0,98.11105613708496,2.7798063520294356,0.5039485877811247,99.56636150537442,96.14236660003662,25.701739887928085,-0.18666862367348588,94.50323729533105,82.65422928194053,99.10980908917823
2022-08-16 00:00:00+02:00,675,101.43419412605645,103.33259640938611,101.39696971659939,102.86730194091797,987145,0.0,0.0,98.32974510192871,3.912390365221393,0.6460764689222712,100.54317433477807,96.1133518854777,25.205496071129172,-0.1395298871504064,94.90003149847482,83.97609534805115,100.69484465955176
2022-08-17 00:00:00+02:00,676,102.62534024451166,102.77423787278607,100.5035987404091,100.63388061523438,904393,0.0,0.0,98.49166755676269,4.1182704159588095,0.6826725520106067,100.89122139790744,96.07352345784506,24.648823287143376,-0.10063106630983083,95.20817545121699,82.15283374150393,98.50859101815453
2022-08-18 00:00:00+02:00,677,100.67111203545105,101.65753404208318,100.29887503866321,101.1177978515625,552084,0.0,0.0,98.68243865966797,4.368495318744386,0.7158708164840136,101.27399838941056,96.11968517303467,24.858435392632312,-0.08711483483690174,95.36738763575887,82.54788133400126,98.98228839351808
2022-08-19 00:00:00+02:00,678,100.13136997737296,100.6711132743662,98.80993536735247,98.86576843261719,1151233,0.0,0.0,98.71314811706543,4.359501033962885,0.7047536215549428,101.26183413337624,96.10503088633219,24.751072395832992,-0.066136036639779,95.53513463167407,80.7094289429724,96.77781964367486
2022-08-22 00:00:00+02:00,679,98.40046196851559,98.40046196851559,95.53425373675286,96.07398986816406,1072688,0.0,0.0,98.59217147827148,4.708143874576854,0.5659068964275795,100.71899021056112,96.10273888905843,24.750574898447624,-0.06550956582653376,95.53824662584033,78.43035037771739,94.04500072486105
2022-08-23 00:00:00+02:00,680,95.38536192942409,97.54432788617494,95.10618242043043,95.73898315429688,844716,0.0,0.0,98.4935287475586,5.085569580111105,0.40110818891380484,100.06025079927763,96.15820592244467,24.334486989323032,-0.08792555579001814,95.40695183642535,78.15686643077665,93.71706902668025
2022-08-24 00:00:00+02:00,681,95.38536251328146,96.26011835364152,95.0689656943265,96.14844512939453,651827,0.0,0.0,98.36138496398925,5.351964184242564,0.31735066415149166,99.63300287999013,96.24086195627848,23.49923859775306,-0.11943793790474999,95.23802617904455,78.49113220049568,94.11788356345242
2022-08-25 00:00:00+02:00,682,96.96736670274699,97.6001674789573,96.33456592653668,96.68819427490234,907831,0.0,0.0,98.40140075683594,5.175611930310884,0.15899090793413848,99.02789021766651,96.32694555918376,22.672710025630757,-0.15057980709089738,95.08506713878613,78.93175837472184,94.64623373242303
2022-08-26 00:00:00+02:00,683,97.24654027312815,97.43265521362322,94.60367119898252,94.84561920166016,965662,0.0,0.0,98.26367378234863,5.787307679294298,-0.005678216173029071,98.24001399506533,96.32879028320312,22.666783598300217,-0.16029887003264495,95.0069285280166,77.4275655251281,92.84257205108285
2022-08-29 00:00:00+02:00,684,93.5800200233986,93.8405837864184,92.40748308980952,93.41251373291016,1033331,0.0,0.0,98.16596145629883,6.574186198281327,-0.2707718191128733,96.96346144210669,96.34430414835612,22.54617076762755,-0.18426207679477155,94.82888425125651,76.25764467353734,91.43973237478397
2022-08-30 00:00:00+02:00,685,93.56140781329009,94.88284233257602,93.24500389891146,93.63585662841797,856660,0.0,0.0,98.06731948852538,7.299851371916772,-0.4870806977839618,95.78792992335768,96.33285649617513,22.592712447683496,-0.1963669095826532,94.71621724133438,76.43997145702045,91.65835848575061
2022-08-31 00:00:00+02:00,686,92.8727727053119,93.26361832944356,91.04881225970483,91.09534454345703,2184403,0.0,0.0,97.77837142944335,9.695395223389708,-0.6476729710770768,94.28536681517696,96.2925926208496,22.820210583639756,-0.21238685954064082,94.53528377769256,74.36601519439688,91.65835848575061
2022-09-01 00:00:00+02:00,687,90.22989100133432,90.30433981078286,87.69868827871753,88.37802124023438,1509421,0.0,0.0,97.3656551361084,14.097843494773503,-0.7772143017236766,92.31116034375148,96.24069360097249,23.31997780532108,-0.23876173183179544,94.24364141368203,72.14771845192017,91.65835848575061
2022-09-02 00:00:00+02:00,688,89.17833891533685,92.14691277579941,88.75956963670646,92.09107971191406,1401394,0.0,0.0,97.09485397338867,15.483868390680758,-0.85154322908899,91.29112580435245,96.19144910176595,23.43621021955293,-0.2451770701132052,94.13563343815368,75.17888721368813,91.65835848575061
2022-09-05 00:00:00+02:00,689,89.89488571997522,90.51837857485417,89.0666621724901,90.1368408203125,851977,0.0,0.0,96.66678314208984,17.70377110695929,-0.9005324256365923,90.10392713800144,96.12270838419596,23.699037042324186,-0.255103064611696,93.97170222886207,73.58353720063675,91.65835848575061
2022-09-06 00:00:00+02:00,690,89.65293415661591,91.18840731190974,89.65293415661591,90.35087585449219,674006,0.0,0.0,96.23173217773437,19.304641569252944,-0.9331670922364088,89.13021873039999,96.06416110992431,23.962319404057087,-0.2669024234936575,93.80119749619588,73.7582654777371,91.65835848575061
2022-09-07 00:00:00+02:00,691,89.52264810632924,89.96002601927438,88.15468840603859,89.3086166381836,1348443,0.0,0.0,95.6943172454834,20.753126137435906,-0.9500157282486955,88.19825497443834,96.00319747924804,24.33944285981322,-0.2828499307604208,93.58622324596118,72.90741338309981,91.65835848575061
2022-09-08 00:00:00+02:00,692,90.11822682293183,90.51838033905292,87.70800494896356,89.59709930419922,1109561,0.0,0.0,95.15643730163575,21.262106109967316,-0.955919898225696,87.52185519972342,95.92216059366862,24.58514668558469,-0.29022260115861354,93.42970023683897,73.14291725469452,91.65835848575061
2022-09-09 00:00:00+02:00,693,89.01083550590738,90.61144965419408,88.65720715696989,89.33654022216797,1386848,0.0,0.0,94.57854194641114,20.960378853994147,-0.9531372777597692,87.02038950822364,95.84675070444743,24.892868016872843,-0.3001794411722515,93.252696537917,72.93020890224814,91.65835848575061
2022-09-12 00:00:00+02:00,694,90.17406477768927,93.00305585265625,90.09030808575513,92.7704086303711,1294764,0.0,0.0,94.1546588897705,18.602126636927295,-0.9027330161692627,87.41091214955222,95.79873294830323,24.909454027163534,-0.3010742858579017,93.19607918644047,75.73345984223633,91.65835848575061
2022-09-13 00:00:00+02:00,695,93.28223358897063,93.7289194052036,90.6486722781108,90.732421875,1163781,0.0,0.0,93.54791488647462,14.835747244182187,-0.8746409998969921,87.71285696002859,95.73266162872315,25.051901070089823,-0.3064086219756569,93.07633208194088,74.06974195659173,91.65835848575061
2022-09-14 00:00:00+02:00,696,89.94141019305009,90.36017231895275,87.8661940162129,88.85262298583984,1212846,0.0,0.0,92.95885200500489,12.988113252418858,-0.8612286652954141,87.5829401741781,95.64970219930014,25.36326967031559,-0.3152343482775164,92.89992960274357,72.5351613097508,91.65835848575061
2022-09-15 00:00:00+02:00,697,89.2993110731176,89.88557953127648,87.81037023505779,88.3128890991211,1286355,0.0,0.0,92.31860656738282,10.189075862306609,-0.8566007340834457,87.58266355929655,95.5174435933431,25.185932202867445,-0.3125018189596058,92.80105316242724,72.0945475920925,91.65835848575061
2022-09-16 00:00:00+02:00,698,86.21906990447008,86.46102502578441,84.85110297602856,85.37223052978516,2682261,0.0,0.0,91.64392967224121,9.993446036483958,-0.8571923579709521,86.95043257329897,95.377499071757,25.659693426443823,-0.3192097585491702,92.57682533599885,69.69393029441659,91.65835848575061
2022-09-19 00:00:00+02:00,699,85.13957113175806,87.49395976508109,84.59983499948947,86.9542236328125,1079949,0.0,0.0,91.18794136047363,9.899204067398628,-0.8557112888954982,86.52469857139144,95.25838311513265,25.95200039566797,-0.3243310439532231,92.39661416773197,70.98539610671217,91.65835848575061
2022-09-20 00:00:00+02:00,700,87.3450702985112,87.45674351679442,84.97206588375691,85.58625793457031,1153704,0.0,0.0,90.6803050994873,10.189361137164305,-0.8585731005740055,85.93339089231203,95.12282161712646,26.354079321399787,-0.33015219156624265,92.1872090634321,69.86865234323301,91.65835848575061
2022-09-21 00:00:00+02:00,701,84.68359315791147,86.94492455590165,84.5253947427845,86.88909149169922,1271847,0.0,0.0,90.21733741760254,9.146517123680423,-0.8432502878814888,85.80015839130178,95.00515066782633,26.61860465000595,-0.33477063754900604,92.01357060845417,70.9322252468845,91.65835848575061
2022-09-22 00:00:00+02:00,702,85.13957339334394,87.54980224907169,84.9255419299907,85.93057250976562,1251884,0.0,0.0,89.6794563293457,7.605361523959796,-0.836941777511813,85.68170472716288,94.91664822896321,27.282628293804546,-0.3513188664168329,91.73827273768605,70.14973479655653,91.65835848575061
2022-09-23 00:00:00+02:00,703,86.33073243660836,89.38307010940768,85.22333643106573,85.59557342529297,2307800,0.0,0.0,89.21695404052734,6.853292755932796,-0.8291724713607018,85.45723714108645,94.83636334737142,28.005409113466364,-0.3712085394595132,91.43385228059915,69.8762570778997,91.65835848575061
2022-09-26 00:00:00+02:00,704,84.77665119915213,86.5913038960127,84.51608743135598,85.13027954101562,1317176,0.0,0.0,88.80284233093262,6.625314712361247,-0.8252415418912353,85.1237137549529,94.76611544291178,28.77840792827123,-0.3956734074582512,91.08964674575616,69.49641272645184,91.65835848575061
2022-09-27 00:00:00+02:00,705,85.74446154187586,86.10739064854593,83.39007273712853,83.56688690185547,1421194,0.0,0.0,88.2993938446045,6.572051264353906,-0.825091029223881,84.63575239517604,94.67198289235434,29.82336642341305,-0.4178982676142874,90.71914020976453,68.22013147035396,91.65835848575061
2022-09-28 00:00:00+02:00,706,82.91547099027584,83.32493238523496,80.77512074351213,83.09228515625,1647149,0.0,0.0,87.89924087524415,7.419114032994051,-0.8422447935723242,83.92572469752174,94.56594429016113,30.927813670216686,-0.4372892962271867,90.35379180814856,67.83268861252333,91.65835848575061
2022-09-29 00:00:00+02:00,707,83.7995389226653,83.93912158719203,81.08221375598268,81.97557830810547,1370472,0.0,0.0,87.5791187286377,9.146007917018247,-0.9093295253730231,82.8159309121719,94.44891783396403,32.22834509282449,-0.45651345469526633,89.96008727882932,66.92106092339168,91.65835848575061
2022-09-30 00:00:00+02:00,708,82.01279744303129,83.19464932542293,81.4172211132605,82.72004699707031,1461667,0.0,0.0,87.11056709289551,9.086111783901037,-0.9087376092655539,82.36609204025959,94.34038880666097,33.35840361188345,-0.474628063387343,89.59232364959965,67.52881064005146,91.65835848575061
2022-10-03 00:00:00+02:00,709,81.79876078171029,83.53895737554939,80.51454363350537,83.01782989501953,1057580,0.0,0.0,86.75461654663086,9.352330166527326,-0.9163796535077898,81.90065892327573,94.22088565826417,34.34478503307231,-0.488007509697662,89.26732444906834,67.77190678974503,91.65835848575061
2022-10-04 00:00:00+02:00,710,84.34857388241927,88.55483951450029,84.08801013703594,88.12676239013672,1891490,0.0,0.0,86.64341087341309,8.757718017651232,-0.7942750478020374,82.5721678670468,94.14705880482991,34.58712550884142,-0.4943177569156177,89.11177360903588,71.94260237757264,91.65835848575061
2022-10-05 00:00:00+02:00,711,87.75453181124014,88.3687167632425,86.34934065312164,86.87046813964844,1183229,0.0,0.0,86.52150344848633,8.37092879810061,-0.7197365037992746,82.91471241598742,94.05035502115885,34.865244632369084,-0.49934336287645104,88.94346779592864,70.91702200583504,91.65835848575061
2022-10-06 00:00:00+02:00,712,87.6893944122607,88.3594124506068,86.21906225902244,86.675048828125,1088406,0.0,0.0,86.37540092468262,7.851842870031819,-0.6359869435257754,83.28869946546322,93.93108456929525,34.90359812615087,-0.4998513118448173,88.81619144678203,70.75749074150025,91.65835848575061
2022-10-07 00:00:00+02:00,713,86.46101552769005,87.71730908524745,85.59556759251414,85.92127227783203,783785,0.0,0.0,86.20463752746582,7.370510455936921,-0.5686770971624797,83.53055289276911,93.83546657562256,35.33265910996562,-0.5076580475493226,88.60885694721543,70.14214251845767,91.65835848575061
2022-10-10 00:00:00+02:00,714,85.42806541097309,87.06589679283223,85.22333471328321,86.5540771484375,1000887,0.0,0.0,85.89382095336914,5.006332509531308,-0.40269795563456595,84.33319114507613,93.75799509684245,35.73801566127267,-0.5173515714549967,88.4011188027487,70.65873507165983,91.65835848575061
2022-10-11 00:00:00+02:00,715,86.27489767008818,87.66147316889968,85.94919296900225,87.41021728515625,1092000,0.0,0.0,85.72771072387695,3.8660981300266046,-0.16319923885378163,85.17191501057553,93.69510281880697,36.060547767892324,-0.5273081634978342,88.21054925882189,71.35764818006118,91.65835848575061
2022-10-12 00:00:00+02:00,716,87.4753540693595,87.86619969209326,86.06086210620555,86.77741241455078,1189418,0.0,0.0,85.6239501953125,3.3988071852201545,0.03239926690797418,85.72740700332066,93.6263167699178,36.44290124442229,-0.5377700031742971,88.00337387384306,70.84105562685903,91.65835848575061
2022-10-13 00:00:00+02:00,717,87.01937623746299,90.66728328185235,86.58199828727487,90.174072265625,1620868,0.0,0.0,85.71700935363769,4.098808147713111,0.34351556755982454,86.9215899026995,93.57637532552083,36.486291088283096,-0.5395176185589481,87.93180201030248,73.61393122616786,91.65835848575061
2022-10-14 00:00:00+02:00,718,91.86774094888638,92.44470154563535,89.57849301703529,89.88558197021484,1271176,0.0,0.0,85.94267692565919,4.953524366716241,0.45630109237435673,87.70169089176059,93.50696887969971,36.41514003967807,-0.5376025959277061,87.8879178431331,73.37842112628923,91.65835848575061
2022-10-17 00:00:00+02:00,719,89.978643679234,92.94721746433186,89.88557910868096,92.22135925292969,1039975,0.0,0.0,86.20603370666504,6.901497479557948,0.6245372209920977,89.04781480087955,93.46912485758463,36.33851419810057,-0.5333410605717149,87.90048373035148,75.28524138991132,94.04020334706433
2022-10-18 00:00:00+02:00,720,94.45477052943843,94.88284055867604,92.61220143853518,93.2822265625,1190832,0.0,0.0,86.59083213806153,9.360812567410186,0.7128041986374,90.36818582475964,93.42026888529459,36.06568720624956,-0.5219885973058959,87.99065746920571,76.15128426903023,95.1219937080438
2022-10-19 00:00:00+02:00,721,93.98947320496518,94.62227390261555,92.9658268969562,93.87779998779297,1034654,0.0,0.0,86.94026756286621,12.02233043471654,0.8146279136257517,91.83258067975596,93.40708541870117,36.03231515505061,-0.5161687049958124,88.04049586378636,76.63748279670128,95.72931338405346
2022-10-20 00:00:00+02:00,722,93.58001186381114,94.82700460645746,93.07749303616227,94.3244857788086,927613,0.0,0.0,87.35996322631836,14.65308335903186,0.8762796560014321,93.16985264705771,93.34768282572428,35.49185052844792,-0.4981318872026614,88.20760975824439,77.0021363636675,96.18480897596015
2022-10-21 00:00:00+02:00,723,93.52418579345024,94.65950540373159,92.48192365453967,93.91503143310547,1158010,0.0,0.0,87.77593612670898,16.56861908263625,0.9196832006568639,94.25992166668486,93.29665552775064,35.11575788846998,-0.4829143149043368,88.34007998450888,76.66787682223239,95.76727912991161
2022-10-24 00:00:00+02:00,724,94.90146462096668,96.57652047770584,94.28727250361446,95.42259216308594,1208860,0.0,0.0,88.2905517578125,18.998896178095144,0.9504180007108656,95.46584187096695,93.28750476837158,35.06630581458119,-0.4701369485020348,88.46547353035297,77.89857949660144,97.30457286266375
2022-10-25 00:00:00+02:00,725,95.99954998755041,97.32098446179099,95.12479418919109,96.83707427978516,1100441,0.0,0.0,88.95406112670898,21.205482698880303,0.9606469619254915,96.61617359254205,93.28331705729167,35.03418704722807,-0.4517266695061137,88.65223601381318,79.05329710714274,98.74695223077043
2022-10-26 00:00:00+02:00,726,97.11626951602696,98.82854988411815,97.06043644745073,98.54937744140625,1206089,0.0,0.0,89.7269157409668,23.61409283338861,0.9645396078963986,97.84523874677642,93.27106444040935,34.885738615153045,-0.4232018287633801,88.94162046261644,80.4511420087972,100.49302644627875
2022-10-27 00:00:00+02:00,727,98.82853106611903,99.79634430286589,97.39543051344795,98.75408935546875,1535970,0.0,0.0,90.56584129333496,23.99991966601828,0.9646892870687297,98.7514876330931,93.28440278371176,35.0115285220341,-0.3995313979014639,89.18975002515809,80.61825932294693,100.70177580957112
2022-10-28 00:00:00+02:00,728,95.85066160722212,102.36478424072266,95.49704036305668,102.36478424072266,2575110,0.0,0.0,91.54807815551757,27.07164500642934,0.9591097360778604,100.1915107634135,93.31263065338135,35.431251534687526,-0.36125175592373987,89.58816614016038,83.5658631993561,104.38368295108505
2022-10-31 00:00:00+01:00,729,102.34617498512016,102.34617498512016,100.9502915718469,101.97393798828125,1298518,0.0,0.0,92.49588356018066,28.01726164666828,0.9587153718406646,101.28536313251233,93.34163411458333,35.83524866779076,-0.3257631645024451,89.96395946994063,83.2467944424026,103.98512819809966
2022-11-01 00:00:00+01:00,730,102.83006777563205,105.0262580264283,102.79284336970659,104.70985412597656,1441027,0.0,0.0,93.32503814697266,34.140520099702165,0.9753141643470153,103.19556252075142,93.3745148340861,36.457203988157154,-0.2779423091706577,90.4677696082034,85.48026951279311,106.77500368913142
2022-11-02 00:00:00+01:00,731,104.61680010788906,104.78430639015775,103.22091678892649,104.09567260742188,1212618,0.0,0.0,94.18629837036133,37.27261006040441,0.983779530907036,104.58917174937793,93.404913965861,37.00175269719529,-0.2335601507668533,90.94414680547848,84.97888020064043,106.14870892005864
2022-11-03 00:00:00+01:00,732,103.48148811906431,104.61680777095418,103.2953731695018,103.66761016845703,1295005,0.0,0.0,95.03592643737792,38.274665148916085,0.9869278952994113,105.61144694375558,93.44368851979574,37.62085543152134,-0.1942125466213244,91.38043666800468,84.62942987472367,105.71220398094698
2022-11-04 00:00:00+01:00,733,104.18873309416813,107.63191630727032,103.51870794567992,106.0871353149414,2022807,0.0,0.0,96.04421958923339,39.25988597027634,0.9876455949675723,106.76277544247684,93.49859326680502,38.653069429520976,-0.14813626720050982,91.90339739267873,86.60461801093898,108.17944843084375
2022-11-07 00:00:00+01:00,734,105.863788910576,106.85021081354252,105.21237245969877,106.06851959228516,836984,0.0,0.0,97.01994171142579,38.8063656444807,0.9870939987017079,107.67045710894499,93.5513266245524,39.65061349092212,-0.1030793356961953,92.42709138562124,86.58942099817344,108.16046555791465
2022-11-08 00:00:00+01:00,735,105.77073725775274,105.78934591173538,104.50513579203826,105.3054428100586,992993,0.0,0.0,97.91470298767089,36.716406174862534,0.9822198160614504,108.22329618990588,93.63213284810384,40.7694615676439,-0.07048512570618591,92.85261584267036,85.96648049703201,107.38233892487298
2022-11-09 00:00:00+01:00,736,105.08209403477163,106.03129866293895,104.89597909975002,105.43572235107422,1066122,0.0,0.0,98.84761848449708,32.24903062066334,0.9767793451956265,108.45522984902678,93.69835968017578,41.810863408395,-0.03464616019656276,93.31033414686877,86.0728346732552,107.51518791591279
2022-11-10 00:00:00+01:00,737,105.06348774039542,107.42718438736074,103.94677680570109,105.28682708740234,2151583,0.0,0.0,99.60325622558594,29.87077985780368,0.9662498387624271,108.75014382658445,93.7299997329712,42.42819503392436,0.008662585461721694,93.82773142951896,85.95128348426645,107.3633560519439
2022-11-11 00:00:00+01:00,738,105.8637971107573,106.99911672466453,104.63542002518209,105.15654754638672,1715017,0.0,0.0,100.36680450439454,25.910028914580128,0.9513499469156238,108.75434972160707,93.73884035746256,42.6223920254805,0.05700635538552825,94.38345892823901,85.84492930804326,107.23050706090409
2022-11-14 00:00:00+01:00,739,105.11932547911177,106.10574748045717,104.07706331365785,105.0262680053711,1523951,0.0,0.0,101.00704994201661,23.12918877586476,0.9305896146732274,108.75878693598686,93.74132194519044,42.678132864738956,0.10639090743955518,94.94515938535345,85.73857513182007,107.09765806986427
2022-11-15 00:00:00+01:00,740,105.36127074782942,107.01771776509028,104.85875191677903,106.44075012207031,1514922,0.0,0.0,101.66497611999512,21.086813212107128,0.9174813780129977,108.96229561355986,93.78474934895833,43.56029191309918,0.14954809567459618,95.4943194164198,86.89329274236137,108.54003743797097
2022-11-16 00:00:00+01:00,741,106.83161281108178,107.35274034387345,105.51017112462696,106.32909393310547,1374042,0.0,0.0,102.28754081726075,18.632189360265528,0.8988494064937823,109.00769918846913,93.83127886454264,44.47330037632364,0.19029859955062298,96.0293710357807,86.80214180718765,108.4261790997262
2022-11-17 00:00:00+01:00,742,106.58964643130336,106.7571527062541,104.37484755124763,105.21237182617188,1177321,0.0,0.0,102.83193511962891,15.433088715857911,0.8612035045931371,108.69187070599551,93.86307392120361,45.07975717312419,0.22984868259674401,96.53603989451221,85.89050166148816,107.2874323400935
2022-11-18 00:00:00+01:00,743,106.1057486662605,106.90605572906851,105.24960853855012,106.6827163696289,1429101,0.0,0.0,103.47031936645507,11.599754818421289,0.8443558195834945,108.45125045465248,93.90929323832194,46.01409026328248,0.27033925138014453,97.08554672076772,87.09082276689395,108.78677588671937
2022-11-21 00:00:00+01:00,744,106.08714000673936,106.68271636510657,105.28683294396527,106.25464630126953,988802,0.0,0.0,104.01192207336426,8.290275528814032,0.8194078894819421,108.09836324146687,93.93131726582845,46.503263505539316,0.31573040902850225,97.6605437130647,86.74136621269328,108.35026316774174
2022-11-22 00:00:00+01:00,745,106.5896529869059,106.96188996522676,105.82657037627153,106.16158294677734,1149230,0.0,0.0,104.47814750671387,5.595290155951862,0.7908781365209799,107.71841977223184,93.96094099680583,47.12688715200901,0.3577128372483254,98.21427541622842,86.66539360543335,108.2553643628282
2022-11-23 00:00:00+01:00,746,106.40353623941382,106.75716458132845,105.65906934557863,105.86380004882812,1510222,0.0,0.0,104.84386863708497,3.705536449435249,0.7449772533578762,107.32774048153445,94.00312773386638,47.922456249842064,0.39388821486191666,98.72596682282914,86.4222974557398,107.95170841475637
2022-11-24 00:00:00+01:00,747,105.71490299873048,106.16158881738266,105.02626916564566,105.39850616455078,961969,0.0,0.0,105.17608947753907,1.6536836784580433,0.7092638569328658,106.75586244028922,94.06408131917318,48.86997449076694,0.422013845751241,99.17393404660577,86.04245310429192,107.47723772978652
2022-11-25 00:00:00+01:00,748,105.69629260227653,106.51520830651131,105.24960679098386,105.91963195800781,1413037,0.0,0.0,105.35383186340331,1.2335558453557836,0.6413456303207172,106.58759609477698,94.15574429829915,50.03647116705945,0.44292534936876127,99.5824278915409,86.46787603746861,108.00864147381174
2022-11-28 00:00:00+01:00,749,102.73701883553706,104.50513921464787,99.777745767291,99.90802764892578,2304090,0.0,0.0,105.25053634643555,2.1819611958200027,-0.04309814985855627,105.1402700556598,94.23205267588297,50.21124323349743,0.4467997968597501,99.71575765228833,81.56028103760968,101.87847275533014
2022-11-29 00:00:00+01:00,750,100.59666207908337,101.60169982910156,100.29887390498504,101.60169982910156,1317135,0.0,0.0,105.09512863159179,2.8418895910857604,-0.25065471462868677,104.36324825004047,94.33147055308024,50.482902783335426,0.45112398112318863,99.88320521095952,82.94291646993075,103.60554853817743
2022-11-30 00:00:00+01:00,751,102.36478190341101,102.94174959371452,100.80139222307481,101.62030792236328,1927508,0.0,0.0,104.97136039733887,3.4086840700768777,-0.438501239509576,103.56911240078286,94.4303455988566,50.743513560953545,0.4552825822820169,100.04770137409932,82.95810725441238,103.62452363124058
2022-12-01 00:00:00+01:00,752,102.36477428033696,102.56950496487036,100.9130579352158,102.49505615234375,1173964,0.0,0.0,104.9127326965332,3.6383458547313943,-0.5980040800419106,102.93705196429799,94.56326465606689,50.749708060539874,0.45534882841505436,100.18178069559066,83.67221114729537,104.51652416225892
2022-12-02 00:00:00+01:00,753,102.58811540847599,104.02122312539113,102.45783353419549,103.2767562866211,1378531,0.0,0.0,104.77221374511718,3.68583458049575,-0.6090164982692965,102.747061837852,94.69401238759359,50.96152040694562,0.4576634750605538,100.35286091901206,84.31035488948626,105.31364144809565
2022-12-05 00:00:00+01:00,754,103.4070410984201,103.57454738437195,101.88087587078311,102.66256713867188,883616,0.0,0.0,104.60191612243652,3.8011069146467746,-0.6290534124231407,102.4776780292938,94.79746284484864,51.31825279228561,0.46298913630024346,100.54216291227941,83.80895934904966,104.68733889915691
2022-12-06 00:00:00+01:00,755,102.10421410374126,103.94677612926003,101.89948341205478,103.14646911621094,893253,0.0,0.0,104.49396743774415,3.8742815366045367,-0.652190608751648,102.27050008704532,94.91192518870035,51.64698890584061,0.46725764047470086,100.72812800335544,84.20399448497915,105.18078467718988
2022-12-07 00:00:00+01:00,756,101.28529352579001,101.84365255148477,99.61023774819554,100.87583923339844,2225764,0.0,0.0,104.26597328186035,4.461877467339043,-0.7108483522063037,101.66523645064787,95.03166103363037,51.33786406002902,0.46348303210441527,100.783588020853,82.35035753775259,102.865372091262
2022-12-08 00:00:00+01:00,757,100.65249419120222,103.12785685916083,100.65249419120222,102.49505615234375,1067593,0.0,0.0,104.12638473510742,4.551577769424981,-0.7292654939341269,101.43158015974201,95.18071034749349,50.870699410821715,0.45928973628246567,100.85460440057345,83.67221114729537,104.51652416225892
2022-12-09 00:00:00+01:00,758,103.25814469122797,104.17012494774455,102.02976761295518,103.89094543457031,1079199,0.0,0.0,104.0631046295166,4.494425601594579,-0.6978824705892995,101.50050938969373,95.32913926442464,50.78995975156501,0.4585575259231421,100.98949058375543,84.81175042992287,105.93994399703436
2022-12-12 00:00:00+01:00,759,103.57454105908134,106.36630758789939,103.42564343629292,104.31900787353516,1086336,0.0,0.0,104.02774162292481,4.447730440384437,-0.6486200195303091,101.65844079846475,95.47562942504882,50.827544121401125,0.4589052357049212,101.1423683304372,85.16120075583963,106.37644893614603
2022-12-13 00:00:00+01:00,760,104.69124551206662,106.08712878556084,103.6862078511917,105.60322570800781,1378940,0.0,0.0,103.98586540222168,4.270070847131465,-0.4884596461885377,102.23760203209383,95.61940542856853,51.24195191557588,0.46283352185533344,101.3579038422195,86.20957664672557,107.68599487294483
2022-12-14 00:00:00+01:00,761,105.13793889198513,106.27325140606237,103.89094605217832,105.15654754638672,1001632,0.0,0.0,103.92723808288574,4.049598925198217,-0.34364325472318163,102.72946525317955,95.78063004811605,51.17140954982217,0.4622732425601392,101.50823523345555,85.84492930804326,107.23050706090409
2022-12-15 00:00:00+01:00,762,104.26318297537354,105.67767500342585,102.9975814819336,102.9975814819336,1344832,0.0,0.0,103.81649856567383,3.9952530222568448,-0.32522211033371234,102.69056482102627,95.92200202941895,50.790474044813244,0.4585688765361887,101.58252211733578,84.08244952427434,105.02896059308695
2022-12-16 00:00:00+01:00,763,103.01618655024309,103.6862116822495,101.73197644711729,102.3461685180664,1790376,0.0,0.0,103.5996711730957,3.6271679478222167,-0.26599205303272877,102.72223987552333,96.03630936940512,50.67718238862922,0.45707994819569514,101.6721541963993,83.55066618659055,104.36470007815599
2022-12-19 00:00:00+01:00,764,102.58812357699684,103.92817393324519,102.49506610221964,103.23954010009766,857890,0.0,0.0,103.44891586303712,3.2390762735221523,-0.16058725900116172,102.94832571266772,96.17233047485351,50.395708913497735,0.4541646497953646,101.75665610055145,84.279973320523,105.27569126196938
2022-12-20 00:00:00+01:00,765,102.38339055131505,103.61176765008241,101.32251974328096,103.36981964111328,663979,0.0,0.0,103.3093276977539,2.8316023991732706,-0.025140971059805645,103.23605219425467,96.34030183156331,49.39134366575473,0.4465296040865284,101.77576184303409,84.38632749674619,105.40854025300919
2022-12-21 00:00:00+01:00,766,103.44426272705843,105.43572235107422,103.09063441075584,105.43572235107422,821009,0.0,0.0,103.28792381286621,2.725658330936465,0.22776207323915168,103.93921880997782,96.5003630956014,49.201437527522636,0.44495920976320175,101.90628445273616,86.0728346732552,107.51518791591279
2022-12-22 00:00:00+01:00,767,105.88240934484003,106.19881327900413,103.89094956453202,104.07706451416016,802227,0.0,0.0,103.22185173034669,2.519388582590492,0.40313111785343253,104.33014457310387,96.63343728383383,49.074146058368065,0.44357320572652303,102.01554403391637,84.9636894161588,106.1297338269955
2022-12-23 00:00:00+01:00,768,103.8537192823289,104.46791136106724,103.23953430342038,103.98400115966797,467239,0.0,0.0,103.12507019042968,2.1570475439842123,0.6511187781754839,104.78141483053071,96.755189259847,49.07035705347827,0.4435264725898263,102.1365212144227,84.88771680889887,106.03483502208198
2022-12-27 00:00:00+01:00,769,105.1007097809617,105.78934356029,104.50513346913782,104.9890365600586,487884,0.0,0.0,103.37912063598633,1.7272672984848896,0.618841083043106,104.78782396295313,96.88012078603109,49.240555357445444,0.44554990125978566,102.29537002938787,85.70818110628896,107.0596923240061
2022-12-28 00:00:00+01:00,770,105.15654748922046,105.24960496083784,103.7234397068568,103.8723373413086,533122,0.0,0.0,103.49265251159667,1.5602277331201935,0.5515753004095738,104.68597942138845,96.96666558583577,49.54709956931815,0.45140250206246374,102.47009888903742,84.79655964544123,105.92096890397124
2022-12-29 00:00:00+01:00,771,103.57454223105816,104.24456024169922,102.90451712058758,104.24456024169922,484868,0.0,0.0,103.62386512756348,1.3873517311191574,0.49039518436298407,104.62432601408719,97.04995320638021,49.92319459540498,0.45888532936788684,102.6658094866251,85.10042516134526,106.30053300416158
2022-12-30 00:00:00+01:00,772,103.9281645308021,104.00261334382053,103.12785754042807,103.31397247314453,544003,0.0,0.0,103.66481094360351,1.3235776552087792,0.38765216898865257,104.43727371693885,97.1383591334025,50.08641910008499,0.46188691220691636,102.80018196515137,84.34073645844953,105.3515916342219
2023-01-02 00:00:00+01:00,773,104.43069050195311,106.16158647379554,103.92817162949918,105.95685577392578,667019,0.0,0.0,103.79881591796875,1.5732479933303432,0.48110482857174425,104.84401479942996,97.21699390411376,50.730472447058574,0.4754747164812691,103.08272985284394,86.4982638347158,108.04659943980393
2023-01-03 00:00:00+01:00,774,105.62184727129919,108.22749920691095,105.37989215303358,106.58966064453125,1101680,0.0,0.0,103.99517059326172,1.8746506159167315,0.5354861260019099,105.26506912162478,97.29609406789145,51.462252416806045,0.49061890386744644,103.39215501758339,87.01485638791794,108.69188486167174
2023-01-04 00:00:00+01:00,775,106.94327547483374,107.53885180725135,104.70986067835277,107.37134552001953,1314343,0.0,0.0,104.20641441345215,2.3896918742087614,0.6075806866681477,105.83321957303617,97.37007592519124,52.29771509582689,0.509130216129696,103.74728796439973,87.652987673541,109.48898658777657
2023-01-05 00:00:00+01:00,776,107.01771960040516,108.1344233997819,106.73854010064618,107.2038345336914,938465,0.0,0.0,104.5228141784668,2.173356091114082,0.5979048399771544,106.04952976948128,97.45181261698404,53.10360130633031,0.5247001024190602,104.07449250411489,87.51623947178672,109.31817185087857
2023-01-06 00:00:00+01:00,777,107.61329714317564,108.4508285522461,106.94327201591928,108.4508285522461,866818,0.0,0.0,104.82060279846192,2.6756683576477958,0.626020370899284,106.59424181668695,97.54471638997396,54.11133480931879,0.540986899158901,104.43745007665152,88.53422756542548,110.58975982168515
2023-01-09 00:00:00+01:00,778,108.58110991352278,109.77226253419897,107.3341171326195,109.34419250488281,1182539,0.0,0.0,105.09326515197753,3.6289160332955683,0.6926524560013481,107.37867695302786,97.63715483347575,55.26849949447814,0.5594972392080848,104.84154810915344,89.26352847107401,111.50074322563259
2023-01-10 00:00:00+01:00,779,108.9905723245652,109.02779673179363,106.1615812736732,107.11077880859375,1162770,0.0,0.0,105.23285369873047,3.7910838108598357,0.7281037518910787,107.68832910775978,97.70896530151367,56.011334588567,0.5756423022165138,105.1708973383826,87.44027309281071,109.223280825831
2023-01-11 00:00:00+01:00,780,106.18018689144013,107.22244896454593,104.74707920335572,105.99407196044922,1595438,0.0,0.0,105.25239601135254,3.813959588600138,0.7765748962140057,107.87922631780182,97.77798391977946,56.58336278805264,0.5885625981437346,105.44625866418022,86.52864540367906,108.0845496259302
2023-01-12 00:00:00+01:00,781,106.49659044524165,108.33915239543926,106.19880229673348,108.17164611816406,1576701,0.0,0.0,105.40315093994141,4.238080287968936,0.8521900748761858,108.4418080025661,97.85615329742431,57.47637209954477,0.6056321332275658,105.8088461737328,88.30631597192962,110.30507118681048
2023-01-13 00:00:00+01:00,782,108.19025960082665,109.32557911188714,107.74357383752293,108.72999572753906,1117245,0.0,0.0,105.68977165222168,4.429559402142975,0.8603943867471039,108.82622231810984,97.96317094167074,58.42588478905955,0.6173754999467652,106.1367575196015,88.76212670235348,110.8744328968279
2023-01-16 00:00:00+01:00,783,107.7063592519711,108.13442930175721,107.25968054777252,107.31551361083984,778426,0.0,0.0,105.93823890686035,3.915277058181232,0.8267519518297234,108.77169903720566,98.04413223266602,59.15317863637857,0.6303572598510536,106.44136959999078,87.60740909181219,109.43205352872121
2023-01-17 00:00:00+01:00,784,107.0177243061347,108.69278717868443,106.94327548961473,108.24610137939453,1076127,0.0,0.0,106.18856697082519,3.746328171357187,0.8157185674626615,108.92323040912638,98.15146007537842,59.9559478957029,0.6400078081246826,106.73491313672324,88.36709779470792,110.38099489866087
2023-01-18 00:00:00+01:00,785,108.46944252838135,111.37288252235224,108.4322181195039,110.31201171875,1307400,0.0,0.0,106.53567657470703,4.096210199688393,0.8221953739886233,109.41789422635547,98.27398770650228,61.12915633771523,0.6514397534742362,107.09582585789981,90.05361119950084,112.48765034143042
2023-01-19 00:00:00+01:00,786,110.01421938207595,110.40506501074549,108.48805417503603,108.80445098876953,1426480,0.0,0.0,106.7041130065918,4.2735797479040105,0.8480034608367086,109.74047927659389,98.37340558369955,62.03458051900379,0.6632888922276129,107.4219823816438,88.82290852513178,110.95035660867829
2023-01-20 00:00:00+01:00,787,109.13946134969328,110.7214666858669,108.80444878908378,110.6656265258789,1172376,0.0,0.0,107.03354110717774,4.622092806472238,0.8569952317121413,110.22477299975901,98.49034957885742,63.26505365607449,0.6758216085888631,107.80088467287902,90.34228593092323,112.84823934855763
2023-01-23 00:00:00+01:00,788,110.6470284071091,111.2239890165569,109.69782369506548,110.94481658935547,774252,0.0,0.0,107.3815818786621,4.810289355615423,0.8609003815776074,110.65196873285798,98.60233052571614,64.547761275565,0.6895665676908508,108.19804720950773,90.570203752703,113.13293576329826
2023-01-24 00:00:00+01:00,789,111.0192625069271,112.39653015136719,109.80949405452989,112.39653015136719,1197587,0.0,0.0,107.75195655822753,5.6882833035667275,0.8756799089390334,111.36935728990613,98.71648279825847,66.1335348249686,0.7058031139242796,108.65805487676161,91.7553153887754,114.61328087726312
2023-01-25 00:00:00+01:00,790,112.60125611307303,113.55045366051431,111.7265002812408,111.80094909667969,1083764,0.0,0.0,108.1483871459961,5.593533360923921,0.8745244995158178,111.73080074040634,98.82272491455078,67.55989003842691,0.721790897226929,109.09854507773358,91.26911063282043,114.00595342138753
2023-01-26 00:00:00+01:00,791,111.05647747431063,112.78737342055197,110.81452946879772,112.54542541503906,1267450,0.0,0.0,108.56343040466308,5.6276840403671216,0.8747984210523729,112.1578888823001,98.92679583231607,69.11862610942762,0.7395011353586884,109.57550634828463,91.87686657776415,114.76511274123202
2023-01-27 00:00:00+01:00,792,109.10224440746622,111.2239860366039,108.24610429392472,108.52528381347656,1727332,0.0,0.0,108.8239959716797,4.105934476858924,0.7805695661851633,111.56353977637615,98.99488404591878,69.87102733486354,0.7545110314552802,109.91871034161659,88.59500938820376,110.66568353353554
2023-01-30 00:00:00+01:00,793,107.65052269081627,108.89750839099915,106.86882433412495,107.50162506103516,1080203,0.0,0.0,108.90123443603515,3.759032177081201,0.6200108610665072,110.9833169955766,99.04994386037191,70.4457543269695,0.7693031781242046,110.23364533257293,87.7593418497642,109.62183557881637
2023-01-31 00:00:00+01:00,794,104.98904133141886,107.1293986804401,104.69125316197356,106.86882781982422,1357678,0.0,0.0,108.91519279479981,3.6950009425792185,0.4236690555138141,110.32576281326637,99.0967835108439,70.91667797859982,0.7839055337953723,110.5307930255432,87.24275552484596,109.62183557881637
2023-02-01 00:00:00+01:00,795,106.868831300698,107.98554229736328,106.2732549424086,107.98554229736328,1102143,0.0,0.0,108.94590263366699,3.6140495612883106,0.3111989986749753,109.97060059050617,99.13943551381429,71.45932436793186,0.8025568871426042,110.89019416048089,88.15438944226153,109.62183557881637
2023-02-02 00:00:00+01:00,796,107.91108825897116,109.77226606357534,107.78080638063525,109.58615112304688,1394176,0.0,0.0,109.06501846313476,3.4609624690043943,0.25962136762213994,109.9015831065483,99.21403776804605,72.35203563934907,0.8178117599054671,111.26271460019233,89.46105226732269,109.62183557881637
2023-02-03 00:00:00+01:00,797,109.19530129785838,109.54892963404718,107.70636043446626,108.9905776977539,1587465,0.0,0.0,109.09200592041016,3.4406332965785738,0.22606507886274757,109.81830133402426,99.27964426676432,73.12043837061539,0.8331912565305384,111.61991604022714,88.97485373965164,109.62183557881637
2023-02-06 00:00:00+01:00,798,108.54389131319464,108.86029523864194,106.36631664324986,107.70635986328125,1402253,0.0,0.0,109.01011428833007,3.5312802510077095,0.173361414379476,109.57437415473618,99.35331586201985,73.71024460645395,0.8432547316057956,111.8929059621272,87.92647784876569,109.62183557881637
2023-02-07 00:00:00+01:00,799,106.08713284643802,106.58965169611125,104.207346423435,104.50513458251953,1645024,0.0,0.0,108.87983207702636,4.391695924351664,-0.11088989691656409,108.47732943228935,99.42357540130615,73.83793274772812,0.845565359413772,112.00841181633808,85.31314597035947,109.62183557881637
2023-02-08 00:00:00+01:00,800,105.17515150228243,106.38491987941187,104.31901144145557,105.43572235107422,1278365,0.0,0.0,108.85191459655762,4.576890273807255,-0.370684175547033,107.47834735657617,99.5043815612793,74.02100950957796,0.8483042379496856,112.14562415772889,86.0728346732552,109.62183557881637
2023-02-09 00:00:00+01:00,801,105.91961958475923,106.49658721114784,105.24959449600583,105.7707290649414,877598,0.0,0.0,108.73186874389648,5.037033376055767,-0.49768991915493793,106.79719879554006,99.58456726074219,74.24986019977962,0.8517567734755356,112.29686462934932,86.34631862019594,109.62183557881637
2023-02-10 00:00:00+01:00,802,105.54738854065172,106.55242623001183,104.69124847926926,105.84517669677734,1306910,0.0,0.0,108.5876277923584,5.453711187881955,-0.5828444159307555,106.23008635436574,99.66087544759115,74.50286441248421,0.855830681159651,112.45571853708239,86.40709421469032,109.62183557881637
2023-02-13 00:00:00+01:00,803,106.36631895703484,108.33916297104604,106.27325438293,107.57608032226562,1240331,0.0,0.0,108.60065612792968,5.422214295401711,-0.6722806115576667,105.88921891214254,99.76696262359619,74.82314371353098,0.8590138150028238,112.63696868260875,87.8201236725425,109.62183557881637
2023-02-14 00:00:00+01:00,804,107.09217133648323,108.8602916502778,106.90604929828761,107.92970275878906,1245678,0.0,0.0,108.58483619689942,5.439028187480458,-0.7097564894426638,105.71781664821442,99.88793919881185,75.02898460428928,0.8606581948022757,112.80030646359793,88.10880463224879,109.62183557881637
2023-02-15 00:00:00+01:00,805,108.11581273827193,111.1123099673999,108.02275527335722,110.79590606689453,1547125,0.0,0.0,108.60903091430664,5.5387117137811,-0.5553838999120638,106.34512541910289,100.03093961079915,75.67975192016105,0.8644690960146535,113.05660595749215,90.44864010714642,109.62183557881637
2023-02-16 00:00:00+01:00,806,111.67066516790041,116.26777648925781,111.67066516790041,116.26777648925781,2621505,0.0,0.0,108.98219718933106,8.477297682203256,-0.22033733701563654,107.87103503652558,100.24070987701415,77.17983246519981,0.8677271629501275,113.44441253834728,94.91562138934704,109.62183557881637
2023-02-17 00:00:00+01:00,807,116.32361309074376,117.19836893313173,114.90912107948547,116.93780517578125,1980783,0.0,0.0,109.29580612182617,11.555758358629953,0.05533190718963117,109.62159442900872,100.47870807647705,78.28296215065537,0.8691216814098499,113.79780676218388,95.46260173979637,109.62183557881637
2023-02-20 00:00:00+01:00,808,117.08668784195072,117.29141852320802,114.31352996826172,114.31352996826172,884292,0.0,0.0,109.46424179077148,12.70791128418819,0.2149356659022023,110.79134959085206,100.66389516194661,79.26560649015467,0.8722845313501925,114.11510017122392,93.32026514801174,109.62183557881637
2023-02-21 00:00:00+01:00,809,114.0901988084686,115.4302491091984,113.14100124533827,114.29492950439453,858815,0.0,0.0,109.55916175842285,13.474070902697951,0.39457929657869617,112.0678363764729,100.8652125676473,79.85487355227828,0.8737684077976126,114.38929093583182,93.30508059181403,109.62183557881637
2023-02-22 00:00:00+01:00,810,113.92268550453255,114.48103739550518,112.80598172258729,114.25769805908203,876700,0.0,0.0,109.68199920654297,14.355589435615364,0.5423485858674747,113.24117676210633,101.06443608601889,80.3930633832699,0.8751695314943011,114.65577073203646,93.27468656628292,109.62183557881637
2023-02-23 00:00:00+01:00,811,114.4624398857185,115.802490234375,114.31354224705436,115.802490234375,1256064,0.0,0.0,109.84485244750977,15.867735604478693,0.7128640133955692,114.76326321305578,101.28521836598715,81.00786650404312,0.8762893784341738,114.94588119147912,94.53578326618309,109.62183557881637
2023-02-24 00:00:00+01:00,812,116.17471532432832,116.93780504116184,113.47601318359375,113.47601318359375,2137602,0.0,0.0,110.09238891601562,16.405555649033857,0.7464172951385877,115.328848951561,101.4842093149821,81.06880485151055,0.8764488551621193,115.15249635830779,92.63655528065986,107.41952814809994
2023-02-27 00:00:00+01:00,813,114.10880877166144,116.0072109014103,114.07158436521583,115.0580062866211,1228665,0.0,0.0,110.47020797729492,17.199784788911142,0.7718187918896572,116.01439002384097,101.6985548655192,81.33072769213706,0.8769840711392721,115.39726454517826,93.92802109295546,108.91708651213764
2023-02-28 00:00:00+01:00,814,114.20186745005417,116.11887825345913,113.64351554710248,115.41162872314453,1621475,0.0,0.0,110.89734802246093,17.610244135500782,0.7821242046827549,116.58219844375256,101.88723169962564,82.20522118542348,0.8796548913390906,115.70133344513984,94.21670205266176,109.25183527716935
2023-03-01 00:00:00+01:00,815,115.46747409589851,115.72803785571668,113.345732509002,113.82963562011719,1090839,0.0,0.0,111.18955268859864,17.526666590048467,0.7782126433445048,116.83253348450542,102.07970848083497,82.32073002424735,0.8799882633337787,115.90875105954709,92.92523624036617,107.75427691313165
2023-03-02 00:00:00+01:00,816,113.25266619724779,114.36937713623047,112.80598750151862,114.36937713623047,874221,0.0,0.0,111.42871398925782,17.863320504926612,0.7989926341397573,117.27775273383027,102.29234809875489,82.07412743697344,0.8794692508857415,116.09251771195785,93.3658561863084,108.2652111392841
2023-03-03 00:00:00+01:00,817,114.53687822403111,115.65358201250429,114.51826247098649,115.54191589355469,998552,0.0,0.0,111.75628089904785,18.327947858704345,0.8168017504109599,117.81295502507963,102.51925665537516,81.85519696351506,0.8791116979254774,116.29540514654474,94.32306245716887,109.37516871105169
2023-03-06 00:00:00+01:00,818,115.9699977153683,116.04443943563238,115.00218435363256,115.29997253417969,634841,0.0,0.0,112.13596153259277,17.973881666029563,0.8062175039649101,118.05612623752216,102.76865450541179,80.69437577789078,0.8779645028864387,116.42892244149392,94.12555111748804,109.14613844488802
2023-03-07 00:00:00+01:00,819,115.18828938192979,115.83970585189812,114.59271307213737,115.41162872314453,827515,0.0,0.0,112.68128623962403,15.16087613336229,0.7658644052270184,117.84633781585636,103.00579954783122,79.87925006956087,0.8769046796309435,116.58049217272253,94.21670205266176,109.25183527716935
2023-03-08 00:00:00+01:00,820,115.85831563059085,116.7702958574716,115.3744125366211,115.3744125366211,1041034,0.0,0.0,113.17822074890137,12.519605346957476,0.715832371165158,117.56521717752233,103.25403416951498,78.5527602036956,0.8756112687022606,116.69568762347426,94.1863204836985,109.21660540714078
2023-03-09 00:00:00+01:00,821,114.92773321067473,116.39806542858429,114.5741119721192,115.85832214355469,878387,0.0,0.0,113.68260040283204,9.741922911784057,0.6623711709284809,117.26343609420307,103.49544442494711,77.57850186010727,0.8745061825670868,116.83662326065931,94.58136184791191,109.67468760605482
2023-03-10 00:00:00+01:00,822,113.9785373480196,114.46244047651534,112.52681376287192,113.17823028564453,1305161,0.0,0.0,114.04925308227538,6.380896339153838,0.5117337015823261,116.28820873513496,103.72250823974609,75.72173429295147,0.8716555503290365,116.86010124021357,92.39345913096629,109.67468760605482
2023-03-13 00:00:00+01:00,823,113.40155754941159,113.81101891434757,108.89750383460435,109.95838165283203,1872767,0.0,0.0,114.16836814880371,5.0413961017761135,0.15242883601226856,114.76116129157474,103.92553164164225,73.24571858917415,0.8657829326679873,116.75949424978879,89.76492401151062,109.67468760605482
2023-03-14 00:00:00+01:00,824,109.95838431527416,114.33214916546225,109.95838431527416,113.69934844970703,1175948,0.0,0.0,114.45685043334962,2.91690099965186,-0.16403537894303327,113.97160774712219,104.16360721588134,71.02273032014543,0.8633021096721978,116.76510337758576,92.81887583585906,109.67468760605482
2023-03-15 00:00:00+01:00,825,113.38294960983836,113.4573984267442,108.00414683541527,108.22749328613281,1695773,0.0,0.0,114.32842979431152,4.2365083471614495,-0.5580427494066151,112.3389839095091,104.36911226908366,67.55401101821916,0.8556700276657189,116.55038080627484,88.35190701022628,109.67468760605482
2023-03-16 00:00:00+01:00,826,109.84672019182976,111.46594297218752,108.5997273105297,111.00064849853516,1588878,0.0,0.0,114.0650733947754,4.548399446413343,-0.585501702953491,111.90226478911868,104.6016819636027,64.0647947260853,0.8517198816115993,116.40943148570165,90.61578233443181,109.67468760605482
2023-03-17 00:00:00+01:00,827,112.50819301358071,112.93626303118812,108.26470304370426,108.6369400024414,2171272,0.0,0.0,113.6500301361084,5.483495557364382,-0.6145622573236051,111.15741481374236,104.82385997772217,59.849829788402424,0.8459527824491652,116.15929548526974,88.68616032337748,109.67468760605482
2023-03-20 00:00:00+01:00,828,108.04137134614436,111.00064437256849,106.161584866387,110.36784362792969,1290939,0.0,0.0,113.4527458190918,5.98634262117426,-0.6762286234427093,110.58701785375463,105.05425828297933,55.94888189716116,0.8424106398118416,115.96816347325999,90.09918978122965,109.67468760605482
2023-03-21 00:00:00+01:00,829,111.67066613838128,113.40156203151257,111.01925675917262,113.15960693359375,1002062,0.0,0.0,113.39597969055175,5.950143104301215,-0.6561879449582184,110.62360081930039,105.30543975830078,52.3566251293038,0.8424206901600603,115.86328943830136,92.37825588991683,109.67468760605482
2023-03-22 00:00:00+01:00,830,112.73153920272318,113.88546745511817,111.46593772596871,112.60125732421875,769867,0.0,0.0,113.31315765380859,5.937081804168653,-0.6514393064146282,110.56386416705249,105.50939388275147,50.28209003392589,0.8390047259532999,115.81400709883953,91.92244515949297,109.67468760605482
2023-03-23 00:00:00+01:00,831,112.43376102778934,113.10378623382086,110.9448200698474,111.6148452758789,736195,0.0,0.0,113.1037754058838,5.7165907368759035,-0.6266599596949277,110.50863341772545,105.71559702555338,47.633053189596176,0.835263368965457,115.70037179680752,91.11718410315234,109.67468760605482
2023-03-24 00:00:00+01:00,832,111.03787349345968,111.03787349345968,108.35777986703968,109.25114440917969,1101650,0.0,0.0,112.89253196716308,6.443523832957939,-0.7048276225071661,109.79364837231286,105.9037311553955,44.65582869838523,0.8286184039474279,115.49451888280238,89.18756832038193,109.67468760605482
2023-03-27 00:00:00+02:00,833,110.55396565938405,111.07509317850658,109.8467160978392,110.81452941894531,778768,0.0,0.0,112.6803581237793,6.3766007153706425,-0.6979599504908921,109.62764676743144,106.11117496490479,41.45963814964002,0.8255701273583159,115.31837017201005,90.4638433481959,109.67468760605482
2023-03-28 00:00:00+02:00,834,111.37287956553456,111.8567826684343,109.71643246352986,110.4795150756836,564373,0.0,0.0,112.43375244140626,6.174894598729563,-0.6814492345443635,109.50077373601465,106.3105536142985,38.36579024056842,0.8222019301922502,115.13141897879267,90.19035317297121,109.67468760605482
2023-03-29 00:00:00+02:00,835,110.64702376323764,113.40156610836556,110.53535053714583,112.5082015991211,1148665,0.0,0.0,112.36768074035645,6.068038990039231,-0.6319357615795749,109.67144574216144,106.51970348358154,35.64258761074107,0.8216848597136138,115.01640818886521,91.84647878051696,109.67468760605482
2023-03-30 00:00:00+02:00,836,113.3085016815969,114.35075666182622,113.12237964953482,113.75518035888672,875001,0.0,0.0,112.33697090148925,5.957486613518257,-0.5131214113246211,110.16770743566732,106.74451821645101,32.75627726842949,0.8248780172846002,114.92158654173959,92.86445441758788,109.67468760605482
2023-03-31 00:00:00+02:00,837,113.94130829706317,115.09523655634327,113.90408388872123,114.7229995727539,1147318,0.0,0.0,112.29602508544922,5.714746046197612,-0.31431590259268877,110.99458119290568,106.94909261067708,30.941608392890572,0.8258002163798571,114.9053177198256,93.6545371460147,109.67468760605482
2023-04-03 00:00:00+02:00,838,114.92772918744386,117.55198960230567,114.81605596346873,116.50972747802734,1158727,0.0,0.0,112.3565128326416,6.170451952896372,-0.04615950649448421,112.15791236268967,107.17096048990885,29.213333611289283,0.8291606451309463,114.93325054866878,95.11313895731178,109.67468760605482
2023-04-04 00:00:00+02:00,839,117.1611480600401,117.98006376496913,116.15611030865212,116.73307800292969,793626,0.0,0.0,112.42258529663086,6.682729751602866,0.20912520228974324,113.35894766356607,107.37522481282552,28.061540708382864,0.830705656173489,114.99713015617665,95.29547196907882,109.67468760605482
2023-04-05 00:00:00+02:00,840,116.58417448363954,117.47753896207846,115.74664306640625,115.74664306640625,1145917,0.0,0.0,112.44119682312012,6.805316500218166,0.4206227663551213,114.34173923985774,107.5624282836914,26.946100600418127,0.8312257843459648,115.03598951737318,94.49019222788642,109.67468760605482
2023-04-06 00:00:00+02:00,841,115.78386870879787,117.42170715332031,115.65358683137526,117.42170715332031,1113228,0.0,0.0,112.5193660736084,7.489870661230707,0.67138021615995,115.70185078510595,107.7586275100708,26.150445405967538,0.8323775339182861,115.13122497385997,95.85763687572587,111.2618794725785
2023-04-11 00:00:00+02:00,842,117.92422895405316,118.27785018734156,116.71446051939654,117.25420379638672,1117439,0.0,0.0,112.72316474914551,8.603234251132292,0.7838463450659746,116.70535898211536,107.94970849355062,25.354717438605263,0.8334506004084765,115.21862831776598,95.7208949022555,111.10316317759172
2023-04-12 00:00:00+02:00,843,117.2541997176568,118.57563423273791,117.03086037281359,117.4775390625,786909,0.0,0.0,113.0991226196289,9.241821784514304,0.8035020537872795,117.32996078427703,108.14606272379557,24.423463632818777,0.8353971145901181,115.29690542985499,95.90321545745469,111.31478249451945
2023-04-13 00:00:00+02:00,844,117.51476874677371,118.55703090255952,116.8261349276844,117.17975616455078,858239,0.0,0.0,113.2731430053711,10.067381636502333,0.8962173032082797,118.1984376697569,108.32737242380777,23.715700012600916,0.8362491666237285,115.38102880870484,95.66011930776112,111.03262099556117
2023-04-14 00:00:00+02:00,845,117.32864794195709,117.793942382939,116.2305527772466,117.51476287841797,950961,0.0,0.0,113.73750648498535,9.447386333038672,0.8884454620434887,118.46735507476987,108.49968649546305,23.28560030850075,0.8365018367826138,115.4912007202365,95.93360325470186,111.35005358553474
2023-04-17 00:00:00+02:00,846,117.60782158937909,119.58067259592767,117.58921293546825,119.18982696533203,990593,0.0,0.0,114.1469654083252,10.441295532215598,0.9085910728257857,119.2321449011672,108.67169024149577,23.384089538386203,0.8364404193941144,115.67746017399277,97.30104790254131,112.93724545205843
2023-04-18 00:00:00+02:00,847,119.22704072828674,119.84123278652993,116.62139616862395,119.41316986083984,1388056,0.0,0.0,114.68577690124512,9.997409893486742,0.9065223002151664,119.65036096333934,108.84384924570719,23.497231810239395,0.8363729897488782,115.86598105429879,97.48337468602442,113.14887199815011
2023-04-19 00:00:00+02:00,848,119.20843570344148,119.9528954133387,118.79897434320276,119.59928131103516,691472,0.0,0.0,115.1473487854004,10.06251545913787,0.9073429330336479,120.13258072329663,108.98747005462647,24.09576797126891,0.8381233381815307,116.11335732599939,97.63530744397643,113.32522022406255
2023-04-20 00:00:00+02:00,849,119.17120664363479,120.67875604666908,119.17120664363479,120.30652618408203,797800,0.0,0.0,115.5046947479248,11.121045512979759,0.9381536612110051,120.92354830119422,109.1402416229248,24.735521764264462,0.8393166570825737,116.37038662770402,98.21266936338904,113.99536372418892
2023-04-21 00:00:00+02:00,850,120.23208672192128,120.6043308131163,118.31507580116244,118.48258209228516,1176469,0.0,0.0,115.79876098632812,11.053064729345698,0.9351575210724639,121.18377397425445,109.25501435597738,25.290734020079988,0.8438793415913657,116.60559589992494,96.7236859831287,112.26710195193206
2023-04-24 00:00:00+02:00,851,118.18479446980767,119.54346055959455,118.11034565122179,119.33872985839844,752850,0.0,0.0,116.1849552154541,10.634291534128913,0.9252896168132436,121.41123429660095,109.38203983306884,25.90524035987611,0.8474724568091907,116.85306213488022,97.42260531981397,113.07833704528352
2023-04-25 00:00:00+02:00,852,118.22499321336177,119.41422233262638,117.48880170117809,118.82904815673828,983955,1.8,0.0,116.66385040283203,8.230432753869383,0.9038952054297184,121.15533635360823,109.50838514963786,26.364699882509818,0.8502356652895043,117.06994444225032,97.00652481251775,112.59539274619029
2023-04-26 00:00:00+02:00,853,119.28208732065382,119.28208732065382,115.71438551448955,117.11126708984375,1661986,0.0,0.0,116.97868728637695,6.33586330410493,0.8281621912402677,120.589283531626,109.60025291442871,26.743574681000375,0.85565460988239,117.26448857912419,95.60420800300851,110.96772479059207
2023-04-27 00:00:00+02:00,854,117.01688996341308,119.39535553774378,116.77149037846597,118.48927307128906,911922,0.0,0.0,117.37917518615723,4.064011663679872,0.7962279176500368,120.15937174286302,109.70375919342041,27.29194369877722,0.8615917195135576,117.49989466510867,96.72914818812681,112.27344192873474
2023-04-28 00:00:00+02:00,855,118.86680367731594,119.99940490722656,117.58318510960231,119.99940490722656,986108,0.0,0.0,117.7537353515625,3.0289229139643616,0.7880983658112514,120.12940016157617,109.82620887756347,28.00501817473063,0.866369357707852,117.76732671055791,97.96194979417702,113.70435372852994
2023-05-02 00:00:00+02:00,856,119.77289124862176,120.15042740845078,117.84746331430675,118.31938171386719,1376322,0.0,0.0,117.98194541931153,2.149444865401062,0.7133793425181199,119.7934703338652,109.93357270558676,28.437575938595376,0.870614714606127,117.97499588225268,96.59045676178938,112.112462905425
2023-05-03 00:00:00+02:00,857,116.84699891976115,119.2443380590573,116.09192659811129,117.41329956054688,1103039,0.0,0.0,118.11646041870117,1.5884314117526397,0.5501742901127824,119.31746635080881,110.03462664286296,28.715967881419004,0.8737738409561269,118.14463675034996,95.85077330684568,111.25391293388229
2023-05-04 00:00:00+02:00,858,116.0919166470204,117.79082562465496,113.65681617937844,115.24246215820312,1824927,0.0,0.0,118.05309715270997,1.8830617901293532,0.2189227754302234,118.57343313373603,110.11867593129476,28.736792932990873,0.8741215495681759,118.23485468681295,94.07860231329676,109.19695553418478
2023-05-05 00:00:00+02:00,859,115.4689819639307,115.92202676222637,113.63794360637175,115.33684539794922,1284525,0.0,0.0,117.98328552246093,2.1745407251342583,-0.03557117035381384,117.89243183583505,110.20459740956625,28.740244815741384,0.8741767717945864,118.32177637750186,94.1556524136749,109.19695553418478
2023-05-08 00:00:00+02:00,860,115.62000925392815,115.67663715825323,114.16649970205607,114.44965362548828,551348,0.0,0.0,117.91843605041504,2.564007873901795,-0.3497448124737122,116.94843638101688,110.27133827209472,28.768139225363417,0.8748729298204676,118.3989227484668,93.43139018971789,109.19695553418478
2023-05-09 00:00:00+02:00,861,114.1853737639386,114.7894287109375,113.35479281113787,114.7894287109375,850192,0.0,0.0,117.7868221282959,3.0480869709219487,-0.4988204913086179,116.27841495023122,110.34184106190999,28.8040667344446,0.8756919490211736,118.48211253279055,93.70876681410883,109.19695553418478
2023-05-10 00:00:00+02:00,862,114.82718206614328,115.99753761586153,114.77054696472425,114.86492919921875,891397,0.0,0.0,117.6673583984375,3.4674735154730563,-0.6270165563935022,115.64505546317758,110.42227904001872,28.74835614166151,0.8746833027729262,118.54530744132809,93.7704019117842,109.19695553418478
2023-05-11 00:00:00+02:00,863,115.18583495747785,116.3184361488313,113.33591583778575,114.50627136230469,712305,0.0,0.0,117.51879501342773,3.968263951388801,-0.7291327958699212,115.00304469585015,110.48747533162435,28.766714104266736,0.8751587907966903,118.61751408023255,93.4776102846905,109.19695553418478
2023-05-12 00:00:00+02:00,864,114.80830596802211,115.90316009521484,114.77055163250823,115.90316009521484,672173,0.0,0.0,117.45496520996093,4.095308370951348,-0.8008578199641293,114.6478557194297,110.56787961324056,28.856100810469297,0.8767770246650187,118.72559617064655,94.61796547251156,109.19695553418478
2023-05-15 00:00:00+02:00,865,116.26180731010469,116.48832610636448,115.52561582158332,116.14854431152344,463381,0.0,0.0,117.38665428161622,4.180036378535273,-0.8439719961593556,114.3979792551138,110.6511042912801,28.94767397448275,0.8783287153268108,118.83621475983992,94.81828576824044,109.19695553418478
2023-05-16 00:00:00+02:00,866,116.26180999809677,119.64074725774726,116.14854699689685,119.14994812011719,1114225,0.0,0.0,117.38466033935546,4.172546584718525,-0.6893142230321495,114.94584754879399,110.76182219187419,29.34969960553928,0.8819265030217738,119.03733378783745,97.26849266248985,109.19695553418478
2023-05-17 00:00:00+02:00,867,118.92343229923891,122.45338698229509,118.791295728312,120.99987030029297,1100971,0.0,0.0,117.46399536132813,4.637231388333335,-0.4239861094414107,115.88259570774551,110.89183355967204,29.971750996888453,0.8852887202377192,119.28646466199507,98.77868334949885,109.19695553418478
2023-05-18 00:00:00+02:00,868,122.26460735225801,123.85026059538588,121.03763108772344,121.56617736816406,720100,0.0,0.0,117.56234016418458,5.272758605449934,-0.15976621603674318,116.92691483694496,111.02222143809,30.704345174314483,0.8892384661635017,119.55673529964366,99.2409901800516,109.19695553418478
2023-05-19 00:00:00+02:00,869,122.03808846912959,122.73651841156972,121.58505088460016,121.98146057128906,847495,0.0,0.0,117.64608688354492,5.896853237061239,0.10828787233368029,118.10154726711455,111.20616671244304,30.641482276169324,0.8892627447613264,119.73217225604814,99.58000813040184,109.19695553418478
2023-05-22 00:00:00+02:00,870,121.60392525335972,122.11360517108216,120.32031387877016,120.99987030029297,932453,0.0,0.0,117.7719512939453,6.43534281475076,0.24619428939941906,118.85369517157342,111.3678181330363,30.645978948773372,0.8892697292341877,119.89451622433828,98.77868334949885,109.19695553418478
2023-05-23 00:00:00+02:00,871,120.3203144365806,120.84885352183552,118.84792418086417,119.18770599365234,822742,0.0,0.0,117.764400100708,6.411575756294263,0.35170438155897904,119.3068845530864,111.5142131169637,30.339801737740945,0.8882877437465367,119.98884156372071,97.29931643961146,109.19695553418478
2023-05-24 00:00:00+02:00,872,117.67757392370876,117.71532826027007,116.29957304328651,116.84700012207031,856506,0.0,0.0,117.66529769897461,6.385876888768378,0.3610840818445732,119.2457421698582,111.63381265004476,29.880784419184604,0.8849924259771701,120.01288959133565,95.38847270457686,109.19695553418478
2023-05-25 00:00:00+02:00,873,117.52655227639221,118.33825248049627,116.71485927319131,117.5454330444336,766545,0.0,0.0,117.6870059967041,6.369981763281443,0.33701517952896354,119.16026527290909,111.75271828969319,29.573307431697952,0.8827462274444572,120.06741565523696,95.95864095606152,109.19695553418478
2023-05-26 00:00:00+02:00,874,118.31937907423128,118.71578879280159,116.46945985333335,118.62140655517578,811069,0.0,0.0,117.69361267089843,6.382013288640965,0.3976222699052169,119.43345614962239,111.88570861816406,29.257556669042053,0.8811874705157194,120.14129580177115,96.83701583734263,109.19695553418478
2023-05-29 00:00:00+02:00,875,118.9234295736479,119.2820849435291,117.90408416337137,118.24386596679688,376194,0.0,0.0,117.60583572387695,6.110013552007658,0.5123268625449535,119.79929129295638,112.0115202585856,28.939509858400097,0.879261752671937,120.2041701337085,96.52880920754616,109.19695553418478
2023-05-30 00:00:00+02:00,876,117.94184175602823,118.33825147067687,116.63934960750996,117.4510498046875,716239,0.0,0.0,117.56241912841797,6.082493067045703,0.5352063601486451,119.84866378999779,112.14964701334635,28.126867923463223,0.8759276350721699,120.19582328439957,95.88159085568337,109.19695553418478
2023-05-31 00:00:00+02:00,877,116.28068148391903,117.94183613394722,115.58224432460712,115.65775299072266,1592919,0.0,0.0,117.47464179992676,6.2641467124467205,0.45750682590902,119.45794524278215,112.25933615366618,27.43486689787209,0.8695929154739321,120.1484468340432,94.41762649193092,109.19695553418478
2023-06-01 00:00:00+02:00,878,117.22452485322034,119.13107917575698,116.9602517077368,118.86680603027344,843556,0.0,0.0,117.65585899353027,6.069341547508936,0.4279131357286888,119.48180123001231,112.3841349919637,27.19755366205673,0.8681373912221388,120.22590337105832,97.03734858963936,109.19695553418478
2023-06-02 00:00:00+02:00,879,120.11266951111114,121.16976928710938,118.75354225638527,121.16976928710938,797789,0.0,0.0,117.94750518798828,6.346635833824566,0.45035756612359207,119.91262882956782,112.5245580037435,27.279695341579,0.868439225484446,120.38088979837943,98.9173810041202,109.19695553418478
2023-06-05 00:00:00+02:00,880,122.15135322863792,122.75540818627287,118.98006110060282,119.60299682617188,829586,0.0,0.0,118.20517234802246,5.777048449804171,0.39430801209455485,119.8467038972678,112.64122276306152,27.284453118779496,0.8684757279078619,120.49856987633476,97.63834061824562,109.19695553418478
2023-06-06 00:00:00+02:00,881,119.77288952754942,120.45245316529603,118.92343498036617,120.28256225585938,492369,0.0,0.0,118.47982902526856,5.310707314424228,0.3489869556997131,119.87281263134662,112.76727288564047,27.2883444644671,0.8684987493949824,120.62538858848391,98.19310632359534,109.19695553418478
2023-06-07 00:00:00+02:00,882,120.28255898892732,120.45244989374964,118.73466727872518,119.3387222290039,667437,0.0,0.0,118.70351867675781,4.609099713339066,0.2511340110575083,119.63736241794595,112.90344905853271,26.83046045052674,0.8665474506032954,120.6778518775339,97.42259909153005,109.19695553418478
2023-06-08 00:00:00+02:00,883,119.47085980357267,119.86726951785592,118.31937779464246,119.43310546875,563351,0.0,0.0,118.94986038208008,3.64603272137832,0.10932098180691857,119.31141543194764,113.04584019978842,26.231697525925146,0.86458005703262,120.71555189139374,97.49964919190819,109.19695553418478
2023-06-09 00:00:00+02:00,884,119.01781096249891,121.73605816969582,119.01781096249891,121.20751190185547,851317,0.0,0.0,119.2150779724121,3.351706423606266,0.06278930772042514,119.4141816620037,113.1955732981364,25.960764443893382,0.8639752221902252,120.82023629909345,98.94819232467397,109.19695553418478
2023-06-12 00:00:00+02:00,885,122.05698649787178,123.0951983759918,121.45291709732707,122.17024230957031,695111,0.0,0.0,119.51616287231445,3.220986698725569,0.04360544091134864,119.65171170291602,113.3522434870402,25.80155253771985,0.8637610596004086,120.95160610349232,99.73412078772594,109.19695553418478
2023-06-13 00:00:00+02:00,886,123.43497087946997,123.43497087946997,121.79268972498487,122.73652648925781,976831,0.0,0.0,119.69549179077148,3.725905191394393,0.16382286135355772,120.24320224990585,113.4964168548584,25.993982330753028,0.8643209174695232,121.12900907913843,100.19640893342694,109.19695553418478
2023-06-14 00:00:00+02:00,887,122.26460153342774,122.66102562669755,121.92481974048599,122.24573516845703,719672,0.0,0.0,119.75778503417969,3.9745751401229072,0.32784358881703496,120.88985346175353,113.6478224436442,25.868566651396595,0.8640725812442197,121.25979185628557,99.7957496571174,109.19695553418478
2023-06-15 00:00:00+02:00,888,122.3967477598583,123.09519216765649,122.20798328261205,122.6043930053711,803285,0.0,0.0,119.80969581604003,4.226101430784505,0.517138896833141,121.6510519386039,113.80299237569173,25.73362034451562,0.8638709790394705,121.39331011928334,100.0885412842111,109.51732944183502
2023-06-16 00:00:00+02:00,889,122.8498044384493,124.90736180140242,122.37788602656386,123.81250762939453,3299568,0.0,0.0,119.90124816894532,4.812327935760261,0.7313095896238877,122.67993436137716,113.95985463460286,25.89792191007605,0.8640848106686648,121.5762495917369,101.07479004299198,110.59648724392844
2023-06-19 00:00:00+02:00,890,124.90735756562216,126.45524932804297,124.05791021375711,124.09565734863281,951791,0.0,0.0,120.0560375213623,5.64953335190383,0.8672698442392981,123.62647277204928,114.12838230133056,25.877487477982804,0.8640832942137696,121.74175849343123,101.30594034412638,110.8494129370708
2023-06-20 00:00:00+02:00,891,124.07679274369006,125.20939402952584,123.37834832321808,124.60533905029297,966241,0.0,0.0,120.32691917419433,6.621881107814246,0.9189616605895027,124.42281318297742,114.29805545806884,25.94994131494977,0.8640810817837409,121.92206294582837,101.7220208514226,111.30469008875284
2023-06-21 00:00:00+02:00,892,124.85072656441497,125.71905466307481,122.15135283087855,122.49113464355469,928969,0.0,0.0,120.60912590026855,6.147206332217126,0.8964463422415059,124.45879873215962,114.45786514282227,25.474409981160008,0.8636344512343157,122.00779041018659,99.99608240941413,109.4161605275813
2023-06-22 00:00:00+02:00,893,122.038093553241,122.2268580211751,119.77288393351742,120.47132110595703,894149,0.0,0.0,120.75542030334472,5.631666079533656,0.8110772061925134,124.08923358119092,114.5788190205892,25.156249573301785,0.8615402174706057,122.06325590228793,98.3472002960677,107.61194634580666
2023-06-23 00:00:00+02:00,894,120.05603600462983,120.47132649374116,118.79129817092274,119.62187194824219,869812,0.0,0.0,120.80544357299804,5.4569750608939644,0.6976120852112264,123.62805182861615,114.68742078145345,24.82171520504829,0.8584392785176835,122.09516711868687,97.65374939266447,106.85316926637958
2023-06-26 00:00:00+02:00,895,119.82952139452698,120.99987703108363,117.97960209774278,120.4902114868164,780915,0.0,0.0,120.91776084899902,5.103574430673043,0.6036494897683791,123.27977606885158,114.79674466451009,24.642834678749892,0.8568114828890009,122.1637542907837,98.36262152705439,107.62882032571181
2023-06-27 00:00:00+02:00,896,121.01875286553303,121.67943572998047,119.9805338495857,121.67943572998047,750877,0.0,0.0,121.12918014526367,4.454527103457656,0.5231994577152668,123.04180024472974,114.91737467447916,24.54176711682888,0.856142947882061,122.26352525810509,99.33344905484857,108.69110414790006
2023-06-28 00:00:00+02:00,897,122.98194011137203,123.39723061505978,122.47226016527999,123.1329574584961,792919,0.0,0.0,121.50294036865235,2.943194173027575,0.44446117490255244,122.8236395687988,115.03972574869792,24.742466339405087,0.8574037316840779,122.42671540292501,100.52003679421009,109.98947375840609
2023-06-29 00:00:00+02:00,898,123.22733449405591,123.86915102882033,122.64216026673519,123.32172393798828,502642,0.0,0.0,121.72568626403809,2.6993233700741044,0.40778507588781,122.88611750460288,115.15620517730713,25.03258650916399,0.8595764425302712,122.60520553211231,100.67413699496636,110.15809088716766
2023-06-30 00:00:00+02:00,899,123.79362261730351,125.32263343294531,123.09517828825727,124.92622375488281,1180364,0.0,0.0,121.91350898742675,3.1850522667395786,0.49787363814720775,123.4525069347821,115.3046672185262,25.268548359834853,0.8600983831239731,122.79323741503022,101.98397624482686,111.59132285160882
2023-07-03 00:00:00+02:00,900,125.34152133127758,126.28535806660075,124.28441439448778,125.17162322998047,618059,0.0,0.0,122.19194030761719,3.381176580895758,0.5155938465297455,123.83405043306333,115.4644801457723,25.332454378880655,0.860154822148012,122.96300595065664,102.1843089971236,111.81052784500531
2023-07-04 00:00:00+02:00,901,125.15276633253451,125.51141452586165,123.60487454557683,123.94465637207031,381847,0.0,0.0,122.37504501342774,3.315689338383121,0.5040606945896774,123.96480066404102,115.59592189788819,25.472410081157236,0.8608210397333917,123.12095681628148,101.18267014877564,110.71453013808733
2023-07-05 00:00:00+02:00,902,123.83138772776887,125.90782584845846,123.62374247551922,125.45478820800781,1082290,0.0,0.0,122.68084831237793,3.231228756297718,0.4976203205191883,124.23017351873195,115.73529516855875,25.87346313758443,0.8622549138017892,123.33197086358642,102.41547175482584,112.06346716817993
2023-07-06 00:00:00+02:00,903,125.13387695520414,125.17162408808136,121.90595702648693,122.20797729492188,1279842,0.0,0.0,122.81959190368653,2.667585479362488,0.33745765438549835,123.77423070698842,115.85939903259278,25.614258769021866,0.86067484622032,123.40407573146744,99.76492587999579,109.16322801942282
2023-07-07 00:00:00+02:00,904,122.6987884917776,124.45432558011686,122.0569863571496,123.73701477050781,762810,0.0,0.0,122.94606704711914,2.5582667186329133,0.2989200120844834,123.77417800035188,115.98848997751871,25.631862062388482,0.8607664064171566,123.5365616475863,101.01316117360052,110.52905265945283
2023-07-10 00:00:00+02:00,905,123.41608901815377,124.8318441520189,123.11406874520164,124.62419891357422,537935,0.0,0.0,123.06876487731934,2.6589576337436327,0.3357393045944234,124.0170054260496,116.10775820414226,25.973425711297413,0.8631650964088647,123.7271291024765,101.73741716927361,111.32153680859354
2023-07-11 00:00:00+02:00,906,124.96398359089551,125.49254428385771,123.64261786300575,124.81298065185547,478959,0.0,0.0,123.17258758544922,2.8019220141210766,0.3965872316936102,124.32240101513162,116.2411626180013,26.14407271184871,0.8639394643517915,123.89238036078493,101.89152982659772,111.49016756738732
2023-07-12 00:00:00+02:00,907,125.22826393119648,125.96446990966797,124.41657808157788,125.96446990966797,884804,0.0,0.0,123.35852432250977,3.130558967048869,0.4596199341561567,124.7670683543926,116.36865297953288,26.66092688747563,0.8668099750368277,124.12080266284222,102.83155226212206,112.51874431986192
2023-07-13 00:00:00+02:00,908,126.47412036939419,127.81436678240544,125.87006544519467,127.0404281616211,994209,0.0,0.0,123.58032608032227,3.7623369376594544,0.5433675723489639,125.4058317542273,116.50278307596842,27.352606538040696,0.8699528951187003,124.3833184755781,103.70991468683535,113.47985241278033
2023-07-14 00:00:00+02:00,909,126.6062717174801,127.13481803764594,125.54917907714844,125.54917907714844,578126,0.0,0.0,123.66715965270996,3.955582856896845,0.6244985515656134,125.81844146623676,116.61238848368326,27.88650877401824,0.8748437667102047,124.61419788387958,102.4925280834879,112.1477825475768
2023-07-17 00:00:00+02:00,910,125.26601536160564,126.56851469297631,124.75633544854495,126.02108764648438,439349,0.0,0.0,123.76343116760253,4.227793521784756,0.720281091644816,126.32862109510197,116.73088963826497,28.42170682548732,0.8787448089177667,124.84514138191912,102.87777235709467,112.56931855446462
2023-07-18 00:00:00+02:00,911,126.41748868049127,126.88940702593028,125.94557033505227,126.5118637084961,421988,0.0,0.0,123.8587574005127,4.578495139431617,0.8374571767135036,126.96249226542366,116.84727662404379,29.064764231735953,0.8837005668636009,125.09908554965843,103.27841917683637,113.00770809620924
2023-07-19 00:00:00+02:00,912,126.53074990880901,127.7954876724678,126.39861334248356,126.81390380859375,582038,0.0,0.0,124.07489585876465,4.8905046986493135,0.865471425760714,127.3899467620602,116.99968179066975,29.29409879408017,0.8842309497530617,125.2889541661479,103.52499070895746,113.27750776925676
2023-07-20 00:00:00+02:00,913,126.5685098020338,127.0404281616211,125.43589421757997,127.0404281616211,936229,0.0,0.0,124.40335121154786,4.556345354690196,0.8563650636674768,127.56947496596723,117.16250514984131,29.35646965535231,0.8843073564841692,125.46131433196018,103.70991468683535,113.47985241278032
2023-07-21 00:00:00+02:00,914,127.39909019329599,127.81438069923982,125.90782628640996,126.94605255126953,1173382,0.0,0.0,124.76956024169922,3.552166674812062,0.8469236806809466,127.53428289746034,117.32981535593669,29.242174547569466,0.8842180195360642,125.61161693332917,103.63287081474112,113.39555066341565
2023-07-24 00:00:00+02:00,915,126.4930092541314,128.77709253290115,125.64354751127576,128.7015838623047,697345,0.0,0.0,125.18012886047363,3.22462205231939,0.8513496686374035,127.82806805799159,117.50244903564453,29.565077013829164,0.8843207857212088,125.8308182050048,105.06600517308806,114.96369268690472
2023-07-25 00:00:00+02:00,916,128.60720118719564,130.96679326065532,124.02015362031774,125.54917907714844,1613325,0.0,0.0,125.37361602783203,2.547390472840434,0.7725129213410803,127.50918764290955,117.63547426859537,29.564729166834596,0.8843190753411052,125.96377833627938,102.4925280834879,112.14778254757675
2023-07-26 00:00:00+02:00,917,125.54917710875038,125.71906082250858,122.30237616228506,125.70018005371094,1217713,0.0,0.0,125.50197715759278,2.2714200331557857,0.697533351317884,127.32282782943544,117.77472095489502,29.46370804013272,0.883912645557602,126.08496304555106,102.61579827883865,112.28266534656024
2023-07-27 00:00:00+02:00,918,124.11454231320447,124.49207128195148,121.66056081092782,123.64262390136719,1830283,0.0,0.0,125.51802215576171,2.202922222130325,0.4652013690087775,126.7139395798173,117.9075231552124,28.883405678695713,0.8810609456090248,126.10897573759905,100.93610484493847,110.44473728005586
2023-07-28 00:00:00+02:00,919,123.5104844976749,127.0781864574336,123.17070267284994,125.92670440673828,1153596,0.0,0.0,125.56804618835449,2.190645788353693,0.45248965085989207,126.72803916170763,118.08603623708089,27.88222263704522,0.8814727029860461,126.14785796889726,102.80072225671654,112.4850099900838
2023-07-31 00:00:00+02:00,920,126.07770941909985,126.85164803217133,125.56802953081387,126.45523834228516,905692,0.0,0.0,125.63222694396973,2.21946554457705,0.47501626949391945,126.85795271042583,118.26119887034098,27.09509044118293,0.8817757124896665,126.21114274032333,103.23219285357983,112.95712704659041
2023-08-01 00:00:00+02:00,921,126.6628845501828,127.0215471112464,124.35992065624768,124.3976821899414,1087533,0.0,0.0,125.65487823486328,2.1492521074704825,0.30401506120119404,126.42684642929576,118.41642347971599,26.076210021430487,0.8803611189597896,126.20294908773953,101.55249941967965,111.11919898008604
2023-08-02 00:00:00+02:00,922,123.73701060135829,125.66243134217508,123.24621143142198,124.35993194580078,1075303,0.0,0.0,125.60013542175292,2.232247600152829,0.212548386806192,126.15016953179563,118.57071310679117,25.021020210725567,0.8790802402796121,126.18697119653255,101.52168187084196,111.11919898008604
2023-08-03 00:00:00+02:00,923,123.34058433538307,123.8125027285888,121.79269258174052,123.0951919555664,1153460,0.0,0.0,125.64449615478516,1.9548079958718716,-0.15092257850129315,125.2790133936592,118.70003903706869,24.160364204317094,0.8751396111272883,126.15061260471239,100.48920678880457,111.11919898008604
2023-08-04 00:00:00+02:00,924,123.79363159858606,124.3032971068415,122.73652464525428,123.45384979248047,882424,0.0,0.0,125.63033790588379,2.015673108138975,-0.40453505074524443,124.63555838727432,118.82940692901612,23.358601573854997,0.8716000482892392,126.12568357721037,100.78199841589827,111.11919898008604
2023-08-07 00:00:00+02:00,925,123.47273511974981,124.1145372206473,122.67990127502073,123.75587463378906,594254,0.0,0.0,125.58692169189453,2.1453361362359624,-0.5644462634239444,124.15496163535587,118.93740666707357,23.008461025401253,0.8684917367874908,126.15296768318574,101.02855749145152,111.11919898008604
2023-08-08 00:00:00+02:00,926,123.18958084139138,123.81250217225103,121.79269203447855,123.17070007324219,823897,0.0,0.0,125.50480766296387,2.4139828679223303,-0.7100765430587289,123.59392999307956,118.99493103027343,23.09582876904007,0.871390155160928,126.24830470786094,100.55084811476385,111.11919898008604
2023-08-09 00:00:00+02:00,927,124.26554983305019,125.30376161589405,123.90688725984286,124.28441619873047,648110,0.0,0.0,125.42080497741699,2.473821653256343,-0.7397133293964568,123.4056508645949,119.05615278879802,23.29160283727608,0.8772444245690547,126.38914007549485,101.46003431659875,111.11919898008604
2023-08-10 00:00:00+02:00,928,124.77521625095326,125.32264329759784,123.60486789078057,124.62419891357422,1078710,0.0,0.0,125.29999351501465,2.3537950097396454,-0.7036094108192076,123.43027346262993,119.14207503000895,23.355676372113034,0.8782582524201744,126.49362800410891,101.73741716927361,111.11919898008604
2023-08-11 00:00:00+02:00,929,124.5487064371778,124.68084300883254,123.2273263188242,123.39722442626953,747868,0.0,0.0,125.1923957824707,2.5288945528835973,-0.76530103371936,123.0844555749515,119.21792748769124,23.30459271831168,0.8772150447692622,126.55271365952453,100.73577209264174,111.11919898008604
2023-08-14 00:00:00+02:00,930,123.2273325129529,123.7181316902579,122.35900436960216,123.30284118652344,442983,0.0,0.0,125.05648345947266,2.661223141027138,-0.7964729955808882,122.80601811960014,119.29330368041992,23.232330999747248,0.8757192882580312,126.60422207175529,100.6587219922636,111.11919898008604
2023-08-15 00:00:00+02:00,931,123.37834682205198,123.39722759043143,121.30190875631631,121.69831848144531,585685,0.0,0.0,124.81580619812011,3.082308902488011,-0.8242949212256789,122.30922757420613,119.34243558247884,23.176101120941123,0.8733638564672361,126.6248607547846,99.34886405755134,111.11919898008604
2023-08-16 00:00:00+02:00,932,121.11314395786039,122.26461159344538,120.94324584650752,121.45291137695312,445722,0.0,0.0,124.54775657653809,3.3917644564166203,-0.8387717693721436,121.87218068122367,119.40890973409017,22.919873715706053,0.8666591251741858,126.59537038054293,99.14852507697069,111.11919898008604
2023-08-17 00:00:00+02:00,933,120.81110545129141,121.60392487438206,119.82951435539131,120.4146957397461,489903,0.0,0.0,124.21646995544434,3.848278337639053,-0.8468188218863568,121.3391751097004,119.45354881286622,22.767286547617797,0.8592611394000741,126.55490726936715,98.30097397281118,111.11919898008604
2023-08-18 00:00:00+02:00,934,119.86726798179689,120.05603245258813,118.22499404302353,119.58411407470703,717897,0.0,0.0,123.8483730316162,4.442920071940723,-0.8528879496532974,120.73460069544234,119.48831952412924,22.62892393410935,0.8498600315194861,126.49060776034604,97.62292561554285,111.11919898008604
2023-08-21 00:00:00+02:00,935,119.77288737370127,121.30190553113515,119.67850513702332,120.92436218261719,723824,0.0,0.0,123.45951194763184,3.494074031161689,-0.8514212274188862,120.70292844773269,119.5474422454834,22.373647089149962,0.841573639202781,126.4422338257545,98.71704202353955,111.11919898008604
2023-08-22 00:00:00+02:00,936,121.22640008460509,122.58552737179397,121.0942635095621,121.69831848144531,569900,0.0,0.0,123.26696891784668,3.388475996781539,-0.8394058848229485,120.59066861197242,119.60851675669352,22.183447919371943,0.8356696235698687,126.42577534143098,99.34886405755134,111.11919898008604
2023-08-23 00:00:00+02:00,937,121.92482517649927,122.92530423496014,121.77382224097461,122.71765899658203,544424,0.0,0.0,123.11784286499024,3.0693419633654155,-0.778729039501006,120.75481068416161,119.66831461588542,22.122106985019883,0.833692471127782,126.46003427065173,100.18100638729202,111.11919898008604
2023-08-24 00:00:00+02:00,938,123.20844391214591,124.5109432452798,122.03809555071521,122.05697631835938,566409,0.0,0.0,123.03856048583984,3.1074645307729916,-0.7969911295751072,120.60513974570242,119.72462298075358,22.00650039973895,0.829588536749185,126.4652277251167,99.64165568464504,111.11919898008604
2023-08-25 00:00:00+02:00,939,121.35853481915764,123.58599019453476,120.98099146632725,122.58552551269531,657395,0.0,0.0,122.87150154113769,2.649869349666045,-0.7208549301405682,120.83904751195725,119.78440545399984,21.915357295018016,0.8266306674200932,126.48705354735284,100.07313873807618,111.11919898008604
2023-08-28 00:00:00+02:00,940,123.64261786300575,124.81298065185547,123.09519080379248,124.81298065185547,657688,0.0,0.0,122.78938865661621,2.165202042369481,-0.4584484270196738,121.6209650350307,119.86306018829346,21.958182025454494,0.8274943156877813,126.57926353740523,101.89152982659772,111.11919898008604
2023-08-29 00:00:00+02:00,941,125.05837758873373,125.26602283951617,123.96352343039118,125.11500549316406,727895,0.0,0.0,122.82525482177735,2.3123682500027543,-0.21556979177269178,122.2574788249885,119.94019921620686,22.049198421446782,0.829396474265331,126.6857779403206,102.13808890215098,111.11919898008604
2023-08-30 00:00:00+02:00,942,125.43589602529946,126.68176742543137,124.20891979413426,126.32310485839844,590311,0.0,0.0,122.92341346740723,2.8222113347107736,0.06617696820810802,123.1159717748995,120.04973983764648,21.9952266810248,0.8289033393838087,126.78305182151146,103.12432520436401,111.11919898008604
2023-08-31 00:00:00+02:00,943,126.71952717710066,128.53169215627665,126.60627136646686,127.7766342163086,1310388,0.0,0.0,123.15748558044433,4.002656003476112,0.2686067085332363,124.08827538212138,120.19822527567545,21.61895471201621,0.828251741056901,126.86844792476958,104.31091917200945,111.11919898008604
2023-09-01 00:00:00+02:00,944,127.41796092605551,127.9842687353381,126.22873180872911,126.34198760986328,704339,0.0,0.0,123.30189247131348,4.5098220259281625,0.3928243453513534,124.74679557671388,120.30358060201009,21.57003409222987,0.8277533411974138,126.96224283675345,103.13974020706678,111.11919898008604
2023-09-04 00:00:00+02:00,945,126.49300951147804,127.92763105031085,126.30424503550597,126.64401245117188,356266,0.0,0.0,123.44629936218261,5.064906191892062,0.5150256965552558,125.45389030900176,120.45705159505208,20.65862896356211,0.8270347448963465,126.96786322295031,103.38629928262003,111.11919898008604
2023-09-05 00:00:00+02:00,946,126.0399664886795,127.24809090515828,125.07726327192432,126.56852722167969,536320,0.0,0.0,123.61619071960449,5.543595158840677,0.5934274074031181,126.03623872561678,120.58678391774495,20.204065247132636,0.8250817585170543,127.0103618001243,103.3246766415125,111.11919898008604
2023-09-06 00:00:00+02:00,947,125.75682047697798,127.28583148513334,125.26602130823667,126.4175033569336,627236,0.0,0.0,123.72284507751465,5.921138535676621,0.6971448099056519,126.66107811067845,120.73495527903239,19.267627846306763,0.824198447790142,127.00118834988982,103.20138776130999,111.11919898008604
2023-09-07 00:00:00+02:00,948,126.28536152286809,129.49440075007186,126.02108838188923,128.75820922851562,869871,0.0,0.0,123.92954559326172,7.167872816266418,0.8240250484176943,127.75071406877917,120.88820832570394,18.881722135330072,0.8242486689366497,127.09174969822257,105.11223149634459,113.17664636348997
2023-09-08 00:00:00+02:00,949,128.81483583808756,128.94697240725188,126.19097082053501,127.833251953125,839474,0.0,0.0,124.15134696960449,7.9032223167011555,0.8844236260600377,128.45783319401707,121.0104887008667,18.770025099117134,0.8236669007216396,127.19128837822976,104.35713926698206,112.36362198946786
2023-09-11 00:00:00+02:00,950,128.34292262279192,128.36180339109055,125.02062749255848,126.15322875976562,1391017,0.0,0.0,124.2938663482666,8.054871431015538,0.9077449226108278,128.75611495016108,121.12342179616293,18.385169106561,0.8208190830500716,127.21937867830457,102.98564623459441,110.88690534377544
2023-09-12 00:00:00+02:00,951,126.20985363141128,126.32310943486975,122.69877970613732,123.15181732177734,1333446,0.0,0.0,124.36654129028321,7.763385868173581,0.8029704985271775,128.24166706659003,121.21956322987874,17.65064961019969,0.8115848679604415,127.12531127946373,100.53543311206109,108.24870710427005
2023-09-13 00:00:00+02:00,952,123.11406652798284,123.75586859757632,121.62280275228504,123.1895751953125,842987,0.0,0.0,124.45337448120117,7.381554807960924,0.6866887199905094,127.68480234273088,121.33571681976318,16.465934478293153,0.804144541152219,126.9875318098342,100.5662568891827,108.28189574153157
2023-09-14 00:00:00+02:00,953,122.69878025634299,123.3405823478938,121.8304521550533,123.07630920410156,1174269,0.0,0.0,124.58645515441894,6.604248149488899,0.5338871603895714,126.96286747571597,121.43789831797282,15.550651709353009,0.794821223736232,126.86670503896579,100.4737917861018,108.18233653587706
2023-09-15 00:00:00+02:00,954,123.92577560342991,124.8696124101555,123.1895840463285,123.94465637207031,1987024,0.0,0.0,124.8044822692871,5.258867778062479,0.3708767533523446,126.27759629894227,121.55010782877604,14.581632850017986,0.788299291639969,126.76391353632218,101.18267014877564,108.18233653587706
2023-09-18 00:00:00+02:00,955,124.02014506474124,124.11453450189097,122.4533869814208,122.73652648925781,537506,0.0,0.0,124.89509048461915,4.682915791086944,0.1447684887150814,125.43770679276791,121.63534386952718,13.89910931266432,0.7765493276352583,126.64979219995755,100.19640893342694,108.18233653587706
2023-09-19 00:00:00+02:00,956,122.1702281480605,123.00080907572448,121.8115655835137,122.01921081542969,553728,0.0,0.0,124.91113510131837,4.5800833719754115,-0.10671993099508396,124.51554733273352,121.70421078999837,13.373741737450068,0.7616702383405793,126.52873044088415,99.61082567923951,108.18233653587706
2023-09-20 00:00:00+02:00,957,122.20798381648865,123.07631193705991,121.60392884557794,122.35900115966797,637125,0.0,0.0,124.89320220947266,4.66932644891623,-0.3003355982720247,123.76912910194324,121.767844136556,12.963704225123486,0.7478973741787148,126.43193704217923,99.8882147601983,108.18233653587706
2023-09-21 00:00:00+02:00,958,121.07537407069108,121.33964720185188,118.47038269042969,118.47038269042969,1341077,0.0,0.0,124.71387252807617,6.383287005557343,-0.576583609953181,122.1907106981225,121.78418292999268,12.8224725146485,0.7173069731897792,126.23307191295054,96.71372695714012,108.18233653587706
2023-09-22 00:00:00+02:00,959,117.67756525475235,118.1683571920873,116.67710061274099,116.92249298095703,1211999,0.0,0.0,124.43072090148925,9.255510024326135,-0.7606293015664243,120.42266420054459,121.7857613881429,12.80669158349504,0.6775920494553873,125.98574314793704,95.45010157396831,108.18233653587706
2023-09-25 00:00:00+02:00,960,116.8469953346691,117.67756910227767,115.2991036035922,116.05416870117188,1130558,0.0,0.0,123.99278030395507,12.738913440563831,-0.83669314657479,118.82036923606597,121.78832410176595,12.776266512278827,0.6306556821542767,125.69272965407035,94.74124189614624,108.18233653587706
2023-09-26 00:00:00+02:00,961,115.865405020276,117.94184305396534,114.26087817524046,116.63935089111328,1064435,0.0,0.0,123.56899757385254,15.329529162020929,-0.894681687706419,117.50172391766483,121.78180446624756,12.838783158261105,0.5906514150575594,125.44747820373055,95.21895750111783,108.18233653587706
2023-09-27 00:00:00+02:00,962,116.58271415613643,117.18677631114618,115.97865920202975,117.03575897216797,828813,0.0,0.0,123.10463027954101,16.949811267874853,-0.9224730970246668,116.52658634150842,121.7799840927124,12.855803178050786,0.5527779101132111,125.21288220905036,95.54256667704922,108.18233653587706
2023-09-28 00:00:00+02:00,963,117.22452565356872,119.6973806191539,116.9791332744604,119.62187194824219,1028866,0.0,0.0,122.6968921661377,16.264389027170754,-0.9064816946000528,116.36492662722094,121.79785353342692,12.739064495367899,0.5289954298185325,125.06810625353617,97.65374939266447,108.18233653587706
2023-09-29 00:00:00+02:00,964,119.30097684064131,121.07538749003173,118.82905842529138,119.84840393066406,1177842,0.0,0.0,122.37221298217773,15.88116971052979,-0.8923218468140695,116.21302588620584,121.8200922648112,12.59128452145581,0.5051723859655749,124.9249038415124,97.83867959882626,108.18233653587706
2023-10-02 00:00:00+02:00,965,120.79223098202522,121.2452757924802,118.43263909630815,118.50814056396484,769422,0.0,0.0,121.96541938781738,15.532388888510797,-0.8838984582324978,115.93174135874477,121.82837041219075,12.527628551846677,0.47522587461328686,124.7417370321445,96.74455073426174,108.18233653587706
2023-10-03 00:00:00+02:00,966,117.60205694984901,118.64027592884204,116.99800200931114,117.33778381347656,834710,0.0,0.0,121.50388221740722,15.320077208791423,-0.8800692680253622,115.53754274641778,121.81293671925863,12.638341767092793,0.4441355154050593,124.54770905535001,95.78912575260247,108.18233653587706
2023-10-04 00:00:00+02:00,967,116.97912915794804,117.88521157429403,116.33731987959008,116.60159301757812,647672,0.0,0.0,121.01308670043946,15.06066467755159,-0.8761055208247078,115.12411979075173,121.78950691223145,12.817613594818846,0.4102989510459145,124.33378525714187,95.18813372399622,108.18233653587706
2023-10-05 00:00:00+02:00,968,117.18677240096724,117.28115463422783,116.05416399913173,116.58271026611328,589204,0.0,0.0,120.40431175231933,12.546410657853778,-0.8613403234249196,115.11991818015865,121.76436882019043,13.004485966997978,0.3777095097387159,124.1235708972704,95.17271872129345,108.18233653587706
2023-10-06 00:00:00+02:00,969,116.65822427252442,117.35666147170359,115.4878686845398,117.30003356933594,766260,0.0,0.0,119.87765083312988,9.856934660704637,-0.834302224922598,115.34079511488213,121.73931471506755,13.153474698916853,0.35199578815510185,123.95046540698091,95.75830820376478,108.18233653587706
2023-10-09 00:00:00+02:00,970,117.016889249786,117.30003596831821,115.65776195794089,116.16743469238281,830382,0.0,0.0,119.37836112976075,8.246251573334602,-0.8172060675289825,115.31373598181302,121.72002182006835,13.324860192321935,0.3147445330895703,123.71000842595012,94.83370699922713,108.18233653587706
2023-10-10 00:00:00+02:00,971,116.94137878766975,118.67803501097293,116.6959792079758,118.5458984375,1003082,0.0,0.0,119.14806518554687,7.477477787150841,-0.7550136405234723,115.57210239545273,121.71341489156087,13.361828844931491,0.29230600218042074,123.56409481127417,96.77537451138335,108.18233653587706
2023-10-11 00:00:00+02:00,972,118.84792770833926,119.33872687511297,117.67757209672267,119.2254638671875,932524,0.0,0.0,118.94985961914062,6.576766127455783,-0.6552947948853312,116.03911874259185,121.71671835581462,13.343921444037376,0.2711716954888678,123.4324395740138,97.33014021673307,108.18233653587706
2023-10-12 00:00:00+02:00,973,120.66008968939647,120.90549646770637,118.65916033779644,118.69691467285156,899820,0.0,0.0,118.73088989257812,5.633473503540521,-0.554640451378056,116.45075628417592,121.72993208567301,13.242140608756634,0.24178625534980894,123.25388424656904,96.89865716330193,108.18233653587706
2023-10-13 00:00:00+02:00,974,118.79129342377755,119.01781222655738,114.97819210595293,115.1103286743164,1005491,0.0,0.0,118.28917350769044,4.687306942431872,-0.5244304208135435,116.32259992816132,121.70177421569824,13.521318210430204,0.20052027023856497,122.97888456820878,93.97073466408094,108.18233653587706
2023-10-16 00:00:00+02:00,975,114.99707494350595,116.639356198543,114.22312903745188,116.0353012084961,758317,0.0,0.0,117.95411224365235,3.7955001416550544,-0.4673296116877998,116.3771603909575,121.66874001820882,13.76568715240056,0.170073506453278,122.76167981683712,94.72583935001131,108.18233653587706
2023-10-17 00:00:00+02:00,976,117.33779191027585,120.24481101277517,117.28116400597503,120.15042877197266,1027384,0.0,0.0,117.8606731414795,3.1704560668134043,-0.19381511998516518,117.26293750134971,121.68399874369304,13.690553778830614,0.15141102406845203,122.65434923918264,98.08523867437953,108.18233653587706
2023-10-18 00:00:00+02:00,977,119.24433537750237,119.6596258651611,117.58318782867372,117.71532440185547,815763,0.0,0.0,117.62848930358886,2.0498236776205863,0.04387016164675813,117.73727908764268,121.6865156173706,13.669635664210961,0.11921511701449383,122.44994773450327,96.09733238239895,108.18233653587706
2023-10-19 00:00:00+02:00,978,116.5827207618724,117.16790218221551,115.52562813274092,116.9413833618164,959153,0.0,0.0,117.5520393371582,2.031215159360958,0.05850484989524791,117.69646037490944,121.70067329406739,13.509689465563552,0.0757376519113521,122.18283770020129,95.465522804955,108.18233653587706
2023-10-20 00:00:00+02:00,979,115.82765450432466,115.88428240864972,114.44965362548828,114.44965362548828,851264,0.0,0.0,117.42839736938477,2.5008320943856277,-0.15026222427972946,117.01681884314745,121.69328002929687,13.611138385723496,0.02199335822441996,121.83381985161303,93.43139018971789,108.18233653587706
2023-10-23 00:00:00+02:00,980,114.92157314587669,115.63888394396696,113.5246914847735,115.62001037597656,669839,0.0,0.0,117.406689453125,2.5730602213762994,-0.32344519980593883,116.50804827963717,121.70303300221761,13.480071716364614,-0.030512179810959328,121.50899805189583,94.38681517137715,108.18233653587706
2023-10-24 00:00:00+02:00,981,115.9975345965919,120.13153684743276,115.52561623549991,118.13060760498047,1206138,0.0,0.0,117.48125228881835,2.5638000472975393,-0.33058406905929444,116.56443113771594,121.73087615966797,13.184872304199917,-0.07282160932300405,121.2728831348857,96.43635033274919,108.18233653587706
2023-10-25 00:00:00+02:00,982,117.30003128986642,118.4892676227988,116.62046767104792,118.01734924316406,793698,0.0,0.0,117.53033180236817,2.565945293417185,-0.3281396900149271,116.61990908217612,121.75714632670085,12.903916336929198,-0.1164050061606344,121.03288873727327,96.3438914579522,108.18233653587706
2023-10-26 00:00:00+02:00,983,117.69644108208702,119.73513193995501,117.18677556852303,119.3387222290039,868191,0.0,0.0,117.51617431640625,2.507615138952433,-0.11204064454932909,117.20887141018366,121.79741675059,12.50962207240977,-0.1580166991323772,120.82939368074311,97.42259909153005,108.18233653587706
2023-10-27 00:00:00+02:00,984,120.6600884125649,120.6978427472205,117.24340393661707,117.94184112548828,837215,0.0,0.0,117.42084617614746,2.2213071480170714,0.05126910346332107,117.55319517409484,121.81440575917561,12.342299103602354,-0.1993806516098026,120.60117986266155,96.28225013199291,108.18233653587706
2023-10-30 00:00:00+01:00,985,118.35712519706375,119.54636147116078,118.22498863337549,119.11219024658203,644996,0.0,0.0,117.45104866027832,2.3086856679045313,0.21121160109662981,118.00690274259425,121.83910280863444,12.133280527318934,-0.2360149962266124,120.41517049599335,97.23766888536825,108.18233653587706
2023-10-31 00:00:00+01:00,986,119.84839605225292,119.84839605225292,117.79083160854816,119.18770599365234,728586,0.0,0.0,117.54354476928711,2.457740360768015,0.2915808244590718,118.33529388631733,121.83941745758057,12.13158590758152,-0.25825764343627783,120.2813989936033,97.29931643961146,108.18233653587706
2023-11-01 00:00:00+01:00,987,119.58411567711194,121.15088816910506,118.88567848474183,120.75447845458984,696140,0.0,0.0,117.75118904113769,2.9082929479374164,0.37557827568272606,118.86056861729153,121.83737252553304,12.135550205071029,-0.26621444377887343,120.2310898403404,98.57835682548604,108.18233653587706
2023-11-02 00:00:00+01:00,988,121.5661768423828,122.56664149771919,121.09425846520105,121.81156921386719,759922,0.0,0.0,118.01263198852538,3.6322032744973614,0.4588624511817688,119.52733755314033,121.83941745758057,12.134933542784163,-0.2674655136193074,120.22562708026729,99.44131670406439,108.18233653587706
2023-11-03 00:00:00+01:00,989,121.62280474335567,122.60438863109911,120.64121365470925,121.81156921386719,834704,0.0,0.0,118.23820877075195,4.311489055627057,0.5437355756906006,120.19372768291481,121.83800169626872,12.13476849028765,-0.26698627881804876,120.22711380408836,99.44131670406439,108.18233653587706
2023-11-06 00:00:00+01:00,990,121.67943026982803,122.35899387185297,121.0564945676709,121.20751190185547,723961,0.0,0.0,118.49021263122559,4.482990997041012,0.5603988034851367,120.5453542774325,121.8397320429484,12.132202892405155,-0.27313326054366294,120.19192995500089,98.94819232467397,107.64586588832898
2023-11-07 00:00:00+01:00,991,121.0942629772924,122.11360843820353,120.56570947854038,121.94371032714844,681792,0.0,0.0,118.66010322570801,5.080164109928033,0.6582358041515092,121.22979479700831,121.86269874572754,12.072658967909817,-0.28453142509212637,120.1503495552719,99.54919058156415,108.29969266616479
2023-11-08 00:00:00+01:00,992,121.83045859305659,123.34058886569835,121.20752283471097,123.05744934082031,986440,0.0,0.0,118.85170249938965,6.042417508225609,0.7762261435235065,122.1565715665751,121.91445248921713,11.870547894845064,-0.3032360504484781,120.10487643310562,100.4583954682508,109.28881783356697
2023-11-09 00:00:00+01:00,993,121.86819948589952,122.0758447280439,118.98006126564468,120.67897033691406,1292803,0.0,0.0,118.95080528259277,6.206550205385367,0.8220786584084677,122.49811523684188,121.9405652999878,11.722281170251796,-0.3289852661156786,119.98962876150287,98.51671549952674,107.1764616944523
2023-11-10 00:00:00+01:00,994,121.05650727101336,121.58506799612512,119.64075921943375,121.26415252685547,969359,0.0,0.0,119.25849647521973,5.612278494512642,0.7956050547741704,122.52307987445013,121.96258818308512,11.633058637317376,-0.34731829342458487,119.91078714893868,98.99443110449833,107.69616911646156
2023-11-13 00:00:00+01:00,995,121.6794292047357,123.52935552778972,121.58505417305066,122.92530059814453,943879,0.0,0.0,119.60299644470214,5.648218503407557,0.7967797300452262,122.88285148127231,122.00160013834635,11.523103077265247,-0.3609061620678512,119.87962814324884,100.35051536246712,109.17145492752111
2023-11-14 00:00:00+01:00,996,122.24574421186263,124.88849008560099,121.83045372290007,124.24667358398438,1071612,0.0,0.0,119.80780868530273,6.723223458299997,0.9013876337024617,123.85599969448242,122.05823033650717,11.388212395886235,-0.37318302649482604,119.87695600370053,101.42922299604498,110.3449823516081
2023-11-15 00:00:00+01:00,997,124.11453666604523,124.68084449520599,123.47273456801561,123.83138275146484,850250,0.0,0.0,120.11361160278321,7.246399737385745,0.9219520988345952,124.41224222833578,122.12634391784668,11.065701673509944,-0.399041847085051,119.82718734254237,101.09019881741082,109.97615751096417
2023-11-16 00:00:00+01:00,998,124.54870824755585,124.86960929740951,123.6426185988913,124.07678985595703,762024,0.0,0.0,120.47038192749024,7.409454924849628,0.9259414650300561,124.83591507757413,122.16976044972738,11.006486990216663,-0.40602300611782216,119.8366482103532,101.29053779799146,110.19410654600085
2023-11-17 00:00:00+01:00,999,124.39768368507826,124.86960204928431,123.45384695666614,124.83184051513672,1069193,0.0,0.0,120.98949127197265,6.219121319305002,0.9329656670396703,125.01935911430452,122.20027770996094,11.05669649919713,-0.3979878446457857,119.90812720898933,101.90692614444873,110.86467622210117
2023-11-20 00:00:00+01:00,1000,125.24713789149448,126.43638145207585,125.02062628133143,125.56803894042969,821385,0.0,0.0,121.48689270019531,5.544574479510841,0.9394138911876904,125.31824171864976,122.24998639424642,11.09282619096977,-0.39420237650782197,119.97593136607716,102.50792440133891,111.51850299993697
2023-11-21 00:00:00+01:00,1001,125.49255404019114,126.41751012162405,124.96399330613633,126.24761199951172,703963,0.0,0.0,121.89274291992187,5.971180300009951,0.941589518017188,125.87796323046182,122.2996951421102,11.192101296733316,-0.38386934934215483,120.07536175812021,103.06269633497256,112.1220401011564
2023-11-22 00:00:00+01:00,1002,126.36088054050316,126.56852579710713,125.2093984454474,126.47413635253906,743890,0.0,0.0,122.31558227539062,6.097213311794769,0.9420089515678199,126.34443462625826,122.35915692647298,11.261297215819233,-0.37770362799500434,120.16379567687571,103.24762031285044,112.32321913489622
2023-11-23 00:00:00+01:00,1003,126.43638645048198,128.02202539153367,126.13435175591579,127.02156066894531,695308,0.0,0.0,122.6997241973877,6.641067868643207,0.9490443814365886,126.93582327321928,122.42239405314128,11.367989311801292,-0.36873425630746304,120.26903752073419,103.69451214070043,112.80939333006981
2023-11-24 00:00:00+01:00,1004,127.13480829071287,127.92762771017922,127.05929962193426,127.09706115722656,713509,0.0,0.0,123.15748519897461,6.246763569749715,0.9494112041989449,127.26749175292052,122.47147363026937,11.536791978234694,-0.351471678910541,120.4037452233597,103.75614723837579,112.87644623222496
2023-11-27 00:00:00+01:00,1005,127.19143545055404,127.3424527872311,126.09659576416014,126.09659576416016,725870,0.0,0.0,123.50670547485352,5.711756392951597,0.9387041099347946,127.39244947350424,122.50419324239095,11.645382746427703,-0.33584984818898245,120.51909197256776,102.93941368305397,111.98792074532986
2023-11-28 00:00:00+01:00,1006,126.15323055543567,127.34245974265974,125.92670453804726,127.00267791748047,895788,0.0,0.0,123.89745407104492,5.212513103082251,0.9353336013538788,127.59616800698787,122.53974450429281,11.813708112542638,-0.31364799976727,120.67252116250046,103.67909713799766,112.79262332877292
2023-11-29 00:00:00+01:00,1007,126.927164874503,129.09799232718817,126.7761619365836,127.9465103149414,914186,0.0,0.0,124.2570556640625,5.41937071500818,0.9381929594953805,128.03997627309195,122.58725096384684,12.056362325968824,-0.28933077697407106,120.8471942389879,104.44959814177903,113.63085236329356
2023-11-30 00:00:00+01:00,1008,128.1730386725294,128.75821287242812,127.32357692236637,128.55056762695312,1604084,0.0,0.0,124.5940055847168,5.955325242209203,0.9500676676315476,128.60976705382663,122.6368024190267,12.35271703327672,-0.2613793114793118,121.0456452367351,104.94272252116947,114.16732301084163
2023-12-01 00:00:00+01:00,1009,129.41887690938034,130.53261164592064,129.23011245963917,130.32496643066406,1030736,0.0,0.0,125.01967544555664,7.085749634388583,0.9553087589147377,129.42418228341617,122.69107290903727,12.83483593073748,-0.22078032599328729,121.32108681680191,106.39125942565133,115.74318817513391
2023-12-04 00:00:00+01:00,1010,130.1550905265541,130.83465418288168,129.32452392578125,129.32452392578125,816260,0.0,0.0,125.42552604675294,7.12284623143819,0.9557123563168816,129.84341314264003,122.73464679718018,13.186113013899162,-0.18590854141808918,121.56536721079758,105.57454455518126,114.85468301551312
2023-12-05 00:00:00+01:00,1011,128.8337224384207,129.305640835631,127.64449326210101,128.89035034179688,1169855,0.0,0.0,125.77285804748536,6.9896449848902,0.9525163798871464,130.13460673432368,122.77035522460938,13.473845666072389,-0.15235912406586194,121.8016873902215,105.22010537384433,114.46908817357229
2023-12-06 00:00:00+01:00,1012,129.06024028915397,131.4575792585277,128.38067668801696,130.53262329101562,1020974,0.0,0.0,126.14661674499511,7.646908640153616,0.9644070824439747,130.76578699288265,122.83736763000488,13.974988203086149,-0.12084776674290859,122.05488450305192,106.56078085739428,115.92761075909304
2023-12-07 00:00:00+01:00,1013,130.24946686325023,130.83464101884073,129.85305717057872,130.58924865722656,745169,0.0,0.0,126.64213066101074,6.853810758283928,0.967008559952612,131.02700346867744,122.92168369293213,14.42574769459987,-0.09871254380989249,122.27229886569282,106.60700718065081,115.97790043570943
2023-12-08 00:00:00+01:00,1014,131.8351252517801,134.04371444218015,131.45759626976357,133.85494995117188,1014223,0.0,0.0,127.27167053222657,7.652532037866234,0.953915115460412,131.84226759437587,123.04029267628988,15.324566035870365,-0.06794880043716571,122.57957326141407,109.27297428646756,118.87820948424455
2023-12-11 00:00:00+01:00,1015,134.06257660619525,134.949785528102,133.94932079550316,134.3079833984375,1087430,0.0,0.0,127.8408046722412,8.923084341061644,0.9465568172062783,132.7381960693864,123.15544077555339,16.323447128016443,-0.034974679223951595,122.91069212509933,109.64280978565547,119.28055400020796
2023-12-12 00:00:00+01:00,1016,133.9493152024522,134.77989618433205,132.32591477521785,134.6666259765625,1127503,0.0,0.0,128.3618022918701,10.409678436102466,0.9511096155133734,133.6768829157438,123.26366736094157,17.40683565392567,0.0006191773573990936,123.26814176920266,109.93558895618135,119.59906883696124
2023-12-13 00:00:00+01:00,1017,134.96866629715305,135.38395680543343,134.3079833984375,134.3079833984375,801877,0.0,0.0,128.88563232421876,10.901489514218705,0.9534404027159878,134.33815021896459,123.35679257710775,18.42296300645652,0.03714269130861613,123.63292266828623,109.64280978565547,119.28055400020799
2023-12-14 00:00:00+01:00,1018,134.77988921185883,135.89360965103108,131.72185299279664,132.1937713623047,1920121,0.0,0.0,129.29148139953614,10.086992070641514,0.9377822784108667,134.45021960020188,123.43072630564372,19.073677466076198,0.065470911947676,123.9259783020291,107.91686511536308,117.40289657015262
2023-12-15 00:00:00+01:00,1019,132.64680033188273,133.68502643795503,131.00453373002895,131.68409729003906,2828355,0.0,0.0,129.63409423828125,9.217968009390065,0.910384738158883,134.4215325857919,123.48704191843669,19.624106425707023,0.09626047592109852,124.2256321800535,107.50079083635079,116.95024882605662
2023-12-18 00:00:00+01:00,1020,131.49535593987025,131.70298679576265,130.81579226045432,131.3632049560547,950588,0.0,0.0,129.9238525390625,8.416800679479598,0.8721811746089746,134.30654359188995,123.53863843282063,20.11886832456709,0.12579870489714548,124.51596245020974,107.2388292146626,116.66526044038095
2023-12-19 00:00:00+01:00,1021,131.45758742693369,132.23154051035544,131.17443350856462,132.02389526367188,908313,0.0,0.0,130.2126667022705,7.849809233330072,0.8439113908820339,134.30797901948142,123.60596542358398,20.71795052688881,0.1520662242107345,124.80482077382149,107.77818614559348,117.25202754030349
2023-12-20 00:00:00+01:00,1022,132.21265317180345,132.28816183973663,129.9285699735961,130.13621520996094,948657,0.0,0.0,130.3957706451416,7.079214211062471,0.7549747010556165,133.87501998196217,123.64497731526693,21.04604620135225,0.1772271622378726,125.05321567688345,106.23717168146288,115.57555591974602
2023-12-21 00:00:00+01:00,1023,129.30562906316746,131.0422851503563,129.11686460183043,130.74026489257812,914681,0.0,0.0,130.58170585632325,6.449842909373641,0.6783087680383895,133.56545719521407,123.71607971191406,21.44664679504299,0.19305154109240305,125.2645882345052,106.7302898325694,116.11201979153599
2023-12-22 00:00:00+01:00,1024,130.92901801954037,132.28814506639713,130.57035549278538,131.60858154296875,550002,0.0,0.0,130.80728187561036,5.8126868139701715,0.6155037254801934,133.3775579599384,123.78167610168457,21.965762765752327,0.21502776553038014,125.52721010645257,107.43914328210757,116.88318237238524
2023-12-27 00:00:00+01:00,1025,131.91062272733294,132.15602950643168,131.21219272972888,131.5897216796875,489581,0.0,0.0,131.08193817138672,4.597577697665128,0.5176971101143668,133.00459115724144,123.83972212473552,22.468715792345375,0.23888251601311336,125.80097736676126,107.42374696425657,116.86643269836266
2023-12-28 00:00:00+01:00,1026,131.98613086548764,132.30703191183915,131.627482685015,131.83511352539062,502781,0.0,0.0,131.32355995178222,3.6901717607993896,0.4126265510751934,132.69646685192026,123.89823989868164,22.994498413395327,0.263068569828065,126.08319019209041,107.62407348826937,117.08436818188316
2023-12-29 00:00:00+01:00,1027,131.6274688890094,132.53354403101244,131.6274688890094,131.9294891357422,437768,0.0,0.0,131.52270889282227,3.0675128087962977,0.30169735391303765,132.4379285111368,123.94794839223226,23.498155100199998,0.29027847076802005,126.38515494361855,107.70111736036358,117.16818430957711
