DATE,RANG,TICKER,TAUX_120,ECART_S,TAUX_20,CANDIDAT
2020-12-31,1,MT.AS,0.611944,1.278567,0.679674,non
2020-12-31,2,RNO.PA,0.427636,0.675074,0.102664,non
2020-12-31,3,PUB.PA,0.420393,0.264405,0.278698,non
2020-12-31,4,AIR.PA,0.32623,0.105424,-0.285893,non
2020-12-31,5,MC.PA,0.269059,0.555615,0.115932,non
2020-12-31,6,SAF.PA,0.252177,-0.122235,-0.239583,non
2020-12-31,7,STMPA.PA,0.237833,-0.831721,-0.526179,non
2020-12-31,8,GLE.PA,0.217505,0.514815,-0.286949,non
2020-12-31,9,RMS.PA,0.193589,0.535523,0.32342,non
2020-12-31,10,BNP.PA,0.181018,0.484186,-0.210922,non
2021-01-04,1,MT.AS,0.623272,1.802158,0.669789,non
2021-01-04,2,RNO.PA,0.43585,0.603931,0.037621,non
2021-01-04,3,PUB.PA,0.424147,0.439746,0.233178,non
2021-01-04,4,AIR.PA,0.329696,0.070849,-0.265835,non
2021-01-04,5,MC.PA,0.273957,0.513054,0.138689,non
2021-01-04,6,SAF.PA,0.254279,-0.136875,-0.209038,non
2021-01-04,7,STMPA.PA,0.240191,0.045851,-0.327774,non
2021-01-04,8,GLE.PA,0.229508,0.280003,-0.25561,non
2021-01-04,9,RMS.PA,0.197372,0.624462,0.355917,non
2021-01-04,10,BNP.PA,0.188755,0.407629,-0.202533,non
2021-01-05,1,MT.AS,0.633394,1.681109,0.684941,non
2021-01-05,2,RNO.PA,0.444722,0.76268,0.045655,non
2021-01-05,3,PUB.PA,0.426434,0.246422,0.193446,non
2021-01-05,4,AIR.PA,0.332243,0.017925,-0.216937,non
2021-01-05,5,MC.PA,0.278348,0.116542,0.122307,non
2021-01-05,6,SAF.PA,0.255931,-0.144719,-0.159955,non
2021-01-05,7,STMPA.PA,0.243745,0.154259,-0.08701,non
2021-01-05,8,GLE.PA,0.24098,0.283495,-0.180328,non
2021-01-05,9,RMS.PA,0.200502,-0.098311,0.33168,non
2021-01-05,10,BNP.PA,0.195613,0.33466,-0.159532,non
2021-01-06,1,MT.AS,0.64431,1.929,0.71755,non
2021-01-06,2,RNO.PA,0.453982,0.705428,0.050902,non
2021-01-06,3,PUB.PA,0.429061,0.656119,0.181768,non
2021-01-06,4,AIR.PA,0.334616,0.016654,-0.169507,non
2021-01-06,5,MC.PA,0.282474,-0.189487,0.095326,non
2021-01-06,6,SAF.PA,0.257415,-0.187441,-0.130238,non
2021-01-06,7,GLE.PA,0.255515,0.875364,-0.041034,non
2021-01-06,8,STMPA.PA,0.248158,0.107439,0.18576,non
2021-01-06,9,BNP.PA,0.204918,0.88927,-0.073181,non
2021-01-06,10,RMS.PA,0.203887,-0.313699,0.306663,non
2021-01-07,1,MT.AS,0.655687,2.167,0.746108,non
2021-01-07,2,RNO.PA,0.465329,1.061994,0.090479,non
2021-01-07,3,PUB.PA,0.432143,0.757551,0.16812,non
2021-01-07,4,AIR.PA,0.337863,-0.101477,-0.130467,non
2021-01-07,5,MC.PA,0.287317,0.388074,0.104957,non
2021-01-07,6,GLE.PA,0.270317,0.910763,0.087007,non
2021-01-07,7,SAF.PA,0.258709,-0.269569,-0.102202,non
2021-01-07,8,STMPA.PA,0.252397,0.245455,0.464034,non
2021-01-07,9,BNP.PA,0.215757,1.081015,0.035656,non
2021-01-07,10,RMS.PA,0.207498,-0.106405,0.283889,non
2021-01-08,1,MT.AS,0.664134,1.623217,0.722216,non
2021-01-08,2,RNO.PA,0.473162,0.53711,0.116116,non
2021-01-08,3,PUB.PA,0.435226,1.032961,0.208519,non
2021-01-08,4,AIR.PA,0.340582,-0.085192,-0.094939,non
2021-01-08,5,MC.PA,0.292257,0.814667,0.147647,non
2021-01-08,6,GLE.PA,0.282661,0.626058,0.192927,non
2021-01-08,7,SAF.PA,0.259148,-0.240463,-0.086197,non
2021-01-08,8,STMPA.PA,0.257693,0.558941,0.566262,non
2021-01-08,9,BNP.PA,0.224469,0.743204,0.113193,non
2021-01-08,10,RMS.PA,0.211077,0.345663,0.273711,non
2021-01-11,1,MT.AS,0.672408,1.367101,0.672608,non
2021-01-11,2,RNO.PA,0.483001,0.349315,0.11953,non
2021-01-11,3,PUB.PA,0.43998,0.640247,0.208867,non
2021-01-11,4,AIR.PA,0.341829,-0.16645,-0.056273,non
2021-01-11,5,MC.PA,0.296679,0.536729,0.183282,non
2021-01-11,6,GLE.PA,0.293502,0.416473,0.224708,non
2021-01-11,7,STMPA.PA,0.263185,0.722805,0.643386,non
2021-01-11,8,SAF.PA,0.258402,-0.247582,-0.084443,non
2021-01-11,9,BNP.PA,0.232419,0.599612,0.138922,non
2021-01-11,10,RMS.PA,0.214731,0.24857,0.25093,non
2021-01-12,1,MT.AS,0.67978,1.382663,0.595864,non
2021-01-12,2,RNO.PA,0.492705,0.459708,0.092596,non
2021-01-12,3,PUB.PA,0.445761,0.653383,0.221463,non
2021-01-12,4,AIR.PA,0.342137,-0.17899,-0.034752,non
2021-01-12,5,GLE.PA,0.30343,0.413257,0.221912,non
2021-01-12,6,MC.PA,0.299847,0.048823,0.19208,non
2021-01-12,7,STMPA.PA,0.267686,0.791518,0.692268,non
2021-01-12,8,SAF.PA,0.257219,-0.288201,-0.059106,non
2021-01-12,9,BNP.PA,0.240085,0.632807,0.158543,non
2021-01-12,10,ACA.PA,0.21925,0.785226,0.094552,non
2021-01-13,1,MT.AS,0.685094,0.907534,0.480642,non
2021-01-13,2,RNO.PA,0.500509,0.056894,0.044262,non
2021-01-13,3,PUB.PA,0.450068,0.387086,0.230178,non
2021-01-13,4,AIR.PA,0.340591,-0.31636,-0.025376,non
2021-01-13,5,GLE.PA,0.311492,0.359481,0.240718,non
2021-01-13,6,MC.PA,0.302717,-0.281128,0.213509,non
2021-01-13,7,STMPA.PA,0.272449,0.73428,0.715479,non
2021-01-13,8,SAF.PA,0.254499,-0.483536,-0.062828,non
2021-01-13,9,BNP.PA,0.246279,0.489868,0.197631,non
2021-01-13,10,ACA.PA,0.227415,0.668865,0.123109,non
2021-01-14,1,MT.AS,0.690327,1.044345,0.4745,non
2021-01-14,2,RNO.PA,0.506821,-0.131647,0.026559,non
2021-01-14,3,PUB.PA,0.454648,0.592199,0.294459,non
2021-01-14,4,AIR.PA,0.342028,0.17719,0.042565,non
2021-01-14,5,GLE.PA,0.32003,0.365814,0.292808,non
2021-01-14,6,MC.PA,0.303383,-0.613872,0.216339,non
2021-01-14,7,STMPA.PA,0.274365,0.418309,0.764961,non
2021-01-14,8,SAF.PA,0.253979,-0.253904,-0.043176,non
2021-01-14,9,BNP.PA,0.252229,0.460809,0.276233,non
2021-01-14,10,ACA.PA,0.234682,0.424052,0.153599,non
2021-01-15,1,MT.AS,0.693305,0.489938,0.436748,non
2021-01-15,2,RNO.PA,0.509629,-0.61206,-0.044484,non
2021-01-15,3,PUB.PA,0.459447,0.771618,0.352249,non
2021-01-15,4,AIR.PA,0.341859,0.046983,0.084652,non
2021-01-15,5,GLE.PA,0.326048,0.040631,0.300131,non
2021-01-15,6,MC.PA,0.302821,-1.5146,0.172709,non
2021-01-15,7,STMPA.PA,0.275179,0.051485,0.76845,non
2021-01-15,8,BNP.PA,0.25684,0.221585,0.294521,non
2021-01-15,9,SAF.PA,0.252599,-0.495377,-0.057437,non
2021-01-15,10,ACA.PA,0.24022,0.124533,0.124753,non
2021-01-18,1,MT.AS,0.695313,0.765283,0.457139,non
2021-01-18,2,RNO.PA,0.50921,-0.477796,-0.08705,non
2021-01-18,3,PUB.PA,0.463863,1.012085,0.445194,non
2021-01-18,4,AIR.PA,0.341414,-0.164548,0.096427,non
2021-01-18,5,GLE.PA,0.329877,0.03496,0.308093,non
2021-01-18,6,MC.PA,0.301255,-1.217043,0.141698,oui
2021-01-18,7,STMPA.PA,0.274572,0.093042,0.749097,non
2021-01-18,8,BNP.PA,0.260002,0.276282,0.319068,non
2021-01-18,9,SAF.PA,0.252167,-0.620006,-0.093671,non
2021-01-18,10,ACA.PA,0.24406,0.193476,0.116111,non
2021-01-19,1,MT.AS,0.694826,-0.142118,0.361693,non
2021-01-19,2,RNO.PA,0.505035,-0.646011,-0.158012,non
2021-01-19,3,PUB.PA,0.464351,-0.002119,0.44444,non
2021-01-19,4,AIR.PA,0.340001,-0.180063,0.084433,non
2021-01-19,5,GLE.PA,0.331803,-0.268812,0.264634,non
2021-01-19,6,MC.PA,0.298029,-1.732385,0.076956,oui
2021-01-19,7,STMPA.PA,0.273542,-0.177935,0.717556,non
2021-01-19,8,BNP.PA,0.261936,0.047595,0.301373,non
2021-01-19,9,SAF.PA,0.249408,-0.670943,-0.15456,non
2021-01-19,10,ACA.PA,0.246113,-0.078477,0.050055,non
2021-01-20,1,MT.AS,0.694847,-0.206774,0.255278,non
2021-01-20,2,RNO.PA,0.50294,-0.481481,-0.240992,non
2021-01-20,3,PUB.PA,0.466486,0.14024,0.422739,non
2021-01-20,4,AIR.PA,0.339884,-0.0719,0.043222,non
2021-01-20,5,GLE.PA,0.333536,-0.24162,0.148623,non
2021-01-20,6,MC.PA,0.296636,-0.804323,0.032397,non
2021-01-20,7,STMPA.PA,0.274461,0.276379,0.661723,non
2021-01-20,8,BNP.PA,0.265559,0.086765,0.225141,non
2021-01-20,9,ACA.PA,0.249922,0.04506,-0.044021,non
2021-01-20,10,SAF.PA,0.247197,-0.511429,-0.20966,non
2021-01-21,1,MT.AS,0.694103,-0.475481,0.155814,non
2021-01-21,2,RNO.PA,0.50344,-0.39157,-0.275908,non
2021-01-21,3,PUB.PA,0.469105,-0.022057,0.397543,non
2021-01-21,4,AIR.PA,0.339124,-0.497034,-0.031033,non
2021-01-21,5,GLE.PA,0.336658,-0.402757,0.047448,non
2021-01-21,6,MC.PA,0.294963,-0.86118,-0.010945,non
2021-01-21,7,STMPA.PA,0.275189,0.135416,0.634479,non
2021-01-21,8,BNP.PA,0.269763,0.016869,0.165187,non
2021-01-21,9,ACA.PA,0.253749,-0.145144,-0.131614,non
2021-01-21,10,SAF.PA,0.24484,-0.816671,-0.282502,non
2021-01-22,1,MT.AS,0.693778,-0.89432,0.044411,non
2021-01-22,2,RNO.PA,0.503388,-0.695848,-0.303423,non
2021-01-22,3,PUB.PA,0.471564,-0.221719,0.372992,non
2021-01-22,4,AIR.PA,0.339216,-0.59491,-0.046377,non
2021-01-22,5,GLE.PA,0.337822,-0.792381,-0.039498,non
2021-01-22,6,MC.PA,0.293866,-0.69287,-0.035922,non
2021-01-22,7,STMPA.PA,0.274269,-0.481692,0.565332,non
2021-01-22,8,BNP.PA,0.272245,-0.367131,0.107143,non
2021-01-22,9,ACA.PA,0.256827,-0.324126,-0.190287,non
2021-01-22,10,SAF.PA,0.243784,-0.96526,-0.317499,non
2021-01-25,1,MT.AS,0.690951,-1.511579,-0.124829,non
2021-01-25,2,RNO.PA,0.500353,-1.178404,-0.384503,non
2021-01-25,3,PUB.PA,0.471881,-0.965454,0.294882,non
2021-01-25,4,AIR.PA,0.33737,-1.120848,-0.117719,non
2021-01-25,5,GLE.PA,0.33641,-1.267745,-0.178001,non
2021-01-25,6,MC.PA,0.291518,-1.285764,-0.091309,non
2021-01-25,7,STMPA.PA,0.273183,-0.461936,0.472737,non
2021-01-25,8,BNP.PA,0.272569,-0.901063,-0.009771,non
2021-01-25,9,ACA.PA,0.257469,-0.788858,-0.291212,non
2021-01-25,10,SAF.PA,0.241672,-1.40236,-0.402889,non
2021-01-26,1,MT.AS,0.687733,-1.269121,-0.255874,non
2021-01-26,2,RNO.PA,0.498954,-0.87055,-0.428713,non
2021-01-26,3,PUB.PA,0.471836,-0.933873,0.232077,non
2021-01-26,4,AIR.PA,0.336148,-1.078049,-0.172001,non
2021-01-26,5,GLE.PA,0.335852,-1.041727,-0.28141,non
2021-01-26,6,MC.PA,0.289511,-0.972112,-0.107718,non
2021-01-26,7,BNP.PA,0.273159,-0.711898,-0.099767,non
2021-01-26,8,STMPA.PA,0.272098,-0.498407,0.389997,non
2021-01-26,9,ACA.PA,0.258854,-0.625361,-0.364348,non
2021-01-26,10,SAF.PA,0.239861,-1.208181,-0.431767,non
2021-01-27,1,MT.AS,0.683793,-1.966502,-0.447577,non
2021-01-27,2,RNO.PA,0.499688,-0.85117,-0.449971,non
2021-01-27,3,PUB.PA,0.472181,-1.216304,0.153719,non
2021-01-27,4,AIR.PA,0.335913,-1.214562,-0.211343,non
2021-01-27,5,GLE.PA,0.335306,-1.324003,-0.41931,non
2021-01-27,6,MC.PA,0.286923,-1.096558,-0.102596,non
2021-01-27,7,BNP.PA,0.272524,-1.12853,-0.231903,non
2021-01-27,8,STMPA.PA,0.268999,-1.204175,0.241085,non
2021-01-27,9,ACA.PA,0.259842,-0.904394,-0.460732,non
2021-01-27,10,SAF.PA,0.238488,-1.407551,-0.463782,non
2021-01-28,1,MT.AS,0.683233,-1.284183,-0.54638,non
2021-01-28,2,RNO.PA,0.50331,-0.535798,-0.427917,non
2021-01-28,3,PUB.PA,0.474855,-0.874306,0.092783,non
2021-01-28,4,AIR.PA,0.338322,-1.147442,-0.255575,non
2021-01-28,5,GLE.PA,0.336758,-1.214513,-0.53632,non
2021-01-28,6,MC.PA,0.286152,-0.548414,-0.064782,non
2021-01-28,7,BNP.PA,0.274431,-0.966627,-0.343936,non
2021-01-28,8,STMPA.PA,0.268803,-0.329227,0.161565,non
2021-01-28,9,ACA.PA,0.263465,-0.785334,-0.536352,non
2021-01-28,10,SAF.PA,0.239579,-1.383947,-0.492983,non
2021-01-29,1,MT.AS,0.680892,-1.724267,-0.695862,non
2021-01-29,2,RNO.PA,0.5068,-0.648341,-0.418219,non
2021-01-29,3,PUB.PA,0.476749,-0.852335,0.019229,non
2021-01-29,4,AIR.PA,0.338964,-1.423132,-0.347258,non
2021-01-29,5,GLE.PA,0.337574,-1.447544,-0.668415,non
2021-01-29,6,MC.PA,0.284393,-1.649756,-0.087606,non
2021-01-29,7,BNP.PA,0.275205,-1.380643,-0.503773,non
2021-01-29,8,STMPA.PA,0.26944,-0.221279,0.069565,non
2021-01-29,9,ACA.PA,0.266496,-1.019605,-0.634964,non
2021-01-29,10,SAF.PA,0.238632,-1.59688,-0.575968,non
2021-02-01,1,MT.AS,0.677803,-1.473841,-0.745785,non
2021-02-01,2,RNO.PA,0.508627,-0.767807,-0.4147,non
2021-02-01,3,PUB.PA,0.478737,-0.468141,-0.004899,non
2021-02-01,4,AIR.PA,0.33856,-1.445262,-0.428003,non
2021-02-01,5,GLE.PA,0.338372,-1.369944,-0.804113,non
2021-02-01,6,MC.PA,0.283285,-1.156726,-0.076497,non
2021-02-01,7,BNP.PA,0.275387,-1.279392,-0.643281,non
2021-02-01,8,STMPA.PA,0.270518,0.168368,0.062855,non
2021-02-01,9,ACA.PA,0.269195,-0.899633,-0.716065,non
2021-02-01,10,SAF.PA,0.237354,-1.697001,-0.65617,non
2021-02-02,1,MT.AS,0.673318,-1.673998,-0.796955,non
2021-02-02,2,RNO.PA,0.511183,-0.517456,-0.333541,non
2021-02-02,3,PUB.PA,0.479944,-0.570952,-0.046644,non
2021-02-02,4,GLE.PA,0.340137,-1.037204,-0.872677,non
2021-02-02,5,AIR.PA,0.34008,-0.756851,-0.40899,non
2021-02-02,6,MC.PA,0.282978,-0.246921,-0.033948,non
2021-02-02,7,BNP.PA,0.276577,-0.902507,-0.728962,non
2021-02-02,8,ACA.PA,0.272484,-0.626775,-0.741167,non
2021-02-02,9,STMPA.PA,0.270513,0.125758,0.060966,non
2021-02-02,10,SAF.PA,0.236976,-1.206418,-0.65178,non
2021-02-03,1,MT.AS,0.668293,-1.848087,-0.808629,non
2021-02-03,2,RNO.PA,0.515394,-0.022563,-0.176729,non
2021-02-03,3,PUB.PA,0.481405,-0.158561,-0.020455,non
2021-02-03,4,GLE.PA,0.341902,-0.988549,-0.819884,non
2021-02-03,5,AIR.PA,0.341663,-0.632114,-0.36192,non
2021-02-03,6,MC.PA,0.282589,-0.341152,-0.010269,non
2021-02-03,7,BNP.PA,0.277553,-0.843323,-0.716095,non
2021-02-03,8,ACA.PA,0.275543,-0.577137,-0.684828,non
2021-02-03,9,STMPA.PA,0.270569,-0.098692,0.042819,non
2021-02-03,10,SAF.PA,0.236763,-1.111669,-0.624064,non
2021-02-04,1,MT.AS,0.663469,-1.640648,-0.738407,non
2021-02-04,2,RNO.PA,0.51967,0.121876,0.069851,non
2021-02-04,3,PUB.PA,0.482908,0.20169,0.044465,non
2021-02-04,4,GLE.PA,0.343829,-0.755152,-0.698479,non
2021-02-04,5,AIR.PA,0.343426,-0.237803,-0.270374,non
2021-02-04,6,MC.PA,0.281877,-0.374174,0.048675,non
2021-02-04,7,BNP.PA,0.278552,-0.704089,-0.634887,non
2021-02-04,8,ACA.PA,0.278247,-0.519685,-0.591736,non
2021-02-04,9,STMPA.PA,0.269656,-0.241661,0.027408,non
2021-02-04,10,SAF.PA,0.237185,-0.720829,-0.539906,non
2021-02-05,1,MT.AS,0.659284,-1.429249,-0.663771,non
2021-02-05,2,RNO.PA,0.526684,0.701578,0.326761,non
2021-02-05,3,PUB.PA,0.485023,0.523941,0.159789,non
2021-02-05,4,GLE.PA,0.347466,-0.462041,-0.551841,non
2021-02-05,5,AIR.PA,0.345705,-0.241448,-0.171425,non
2021-02-05,6,ACA.PA,0.282269,-0.359572,-0.47202,non
2021-02-05,7,BNP.PA,0.281635,-0.430352,-0.538968,non
2021-02-05,8,MC.PA,0.281374,-0.240006,0.145683,non
2021-02-05,9,STMPA.PA,0.268699,-0.22059,0.039485,non
2021-02-05,10,SAF.PA,0.237364,-0.805389,-0.453039,non
2021-02-08,1,MT.AS,0.654571,-1.077437,-0.550104,non
2021-02-08,2,RNO.PA,0.531476,0.638566,0.551623,non
2021-02-08,3,PUB.PA,0.487179,0.548028,0.24909,non
2021-02-08,4,GLE.PA,0.350129,-0.428889,-0.411732,non
2021-02-08,5,AIR.PA,0.347376,-0.225626,-0.07687,non
2021-02-08,6,ACA.PA,0.28537,-0.303275,-0.353971,non
2021-02-08,7,BNP.PA,0.284107,-0.320634,-0.430082,non
2021-02-08,8,MC.PA,0.280216,-0.349066,0.230375,non
2021-02-08,9,STMPA.PA,0.267629,0.144,0.091766,non
2021-02-08,10,SAF.PA,0.23675,-0.810012,-0.357443,non
2021-02-09,1,MT.AS,0.649036,-1.235609,-0.421886,non
2021-02-09,2,RNO.PA,0.534723,0.330545,0.758838,non
2021-02-09,3,PUB.PA,0.488306,0.109375,0.314995,non
2021-02-09,4,GLE.PA,0.352105,-0.389235,-0.249275,non
2021-02-09,5,AIR.PA,0.348094,-0.451137,-0.008845,non
2021-02-09,6,ACA.PA,0.287313,-0.432946,-0.221984,non
2021-02-09,7,BNP.PA,0.285542,-0.412884,-0.311581,non
2021-02-09,8,MC.PA,0.279819,0.093022,0.317915,non
2021-02-09,9,STMPA.PA,0.266757,0.290605,0.163639,non
2021-02-09,10,SAF.PA,0.235651,-0.876097,-0.266358,non
2021-02-10,1,MT.AS,0.644812,-1.092676,-0.299644,non
2021-02-10,2,RNO.PA,0.539224,0.074972,0.884191,non
2021-02-10,3,PUB.PA,0.490762,0.341814,0.378363,non
2021-02-10,4,GLE.PA,0.356837,-0.109689,-0.040595,non
2021-02-10,5,AIR.PA,0.349933,-0.597662,0.027285,non
2021-02-10,6,ACA.PA,0.290673,-0.377457,-0.077797,non
2021-02-10,7,BNP.PA,0.289093,-0.111657,-0.1585,non
2021-02-10,8,MC.PA,0.279325,-0.405619,0.366742,non
2021-02-10,9,STMPA.PA,0.265624,-0.410241,0.194765,non
2021-02-10,10,SAF.PA,0.235331,-0.964665,-0.204598,non
2021-02-11,1,MT.AS,0.638643,-1.482732,-0.177085,non
2021-02-11,2,RNO.PA,0.543557,0.03745,0.981717,non
2021-02-11,3,PUB.PA,0.492516,0.258087,0.455769,non
2021-02-11,4,GLE.PA,0.361374,-0.128855,0.180977,non
2021-02-11,5,AIR.PA,0.351063,-0.698093,0.12482,non
2021-02-11,6,ACA.PA,0.296183,0.144565,0.115729,non
2021-02-11,7,BNP.PA,0.293119,-0.002659,0.016657,non
2021-02-11,8,MC.PA,0.27914,-0.364414,0.403029,non
2021-02-11,9,STMPA.PA,0.266191,0.371698,0.261243,non
2021-02-11,10,SAF.PA,0.234132,-1.10518,-0.120893,non
2021-02-12,1,MT.AS,0.633213,-1.594822,-0.095013,non
2021-02-12,2,RNO.PA,0.547299,-0.060914,0.999227,non
2021-02-12,3,PUB.PA,0.494444,0.134905,0.545331,non
2021-02-12,4,GLE.PA,0.365541,-0.311716,0.343904,non
2021-02-12,5,AIR.PA,0.35175,-0.599549,0.229246,non
2021-02-12,6,ACA.PA,0.302497,0.255825,0.286157,non
2021-02-12,7,BNP.PA,0.29836,0.165145,0.189838,non
2021-02-12,8,MC.PA,0.279134,-0.563405,0.382689,non
2021-02-12,9,STMPA.PA,0.268117,0.603848,0.319661,non
2021-02-12,10,SAF.PA,0.232872,-1.158221,-0.065151,non
2021-02-15,1,MT.AS,0.62906,-0.953243,0.101092,non
2021-02-15,2,RNO.PA,0.550527,-0.102407,1.023876,non
2021-02-15,3,PUB.PA,0.497469,0.309955,0.672341,non
2021-02-15,4,GLE.PA,0.371925,0.416082,0.605049,non
2021-02-15,5,AIR.PA,0.353993,-0.447176,0.333069,non
2021-02-15,6,ACA.PA,0.309312,0.444454,0.49255,non
2021-02-15,7,BNP.PA,0.304004,0.412505,0.403725,non
2021-02-15,8,MC.PA,0.279301,-0.263323,0.387792,non
2021-02-15,9,STMPA.PA,0.269521,0.694074,0.3842,non
2021-02-15,10,TTE.PA,0.236577,-0.257982,-0.260517,non
2021-02-16,1,MT.AS,0.626012,-0.827472,0.236915,non
2021-02-16,2,RNO.PA,0.55375,-0.019862,1.026108,non
2021-02-16,3,PUB.PA,0.499568,0.11224,0.711896,non
2021-02-16,4,GLE.PA,0.37932,0.343967,0.810661,non
2021-02-16,5,AIR.PA,0.355727,-0.473829,0.436447,non
2021-02-16,6,ACA.PA,0.317541,0.442362,0.656553,non
2021-02-16,7,BNP.PA,0.310982,0.357897,0.582855,non
2021-02-16,8,MC.PA,0.279148,-0.117394,0.366505,non
2021-02-16,9,STMPA.PA,0.269746,0.338045,0.405849,non
2021-02-16,10,TTE.PA,0.240207,-0.360687,-0.15246,non
2021-02-17,1,MT.AS,0.622509,-1.033076,0.357479,non
2021-02-17,2,RNO.PA,0.555595,-0.248065,1.017248,non
2021-02-17,3,PUB.PA,0.500487,0.01074,0.756785,non
2021-02-17,4,GLE.PA,0.385081,0.365546,1.017196,non
2021-02-17,5,AIR.PA,0.355853,-0.496499,0.556802,non
2021-02-17,6,ACA.PA,0.324174,0.408321,0.83127,non
2021-02-17,7,BNP.PA,0.316387,0.301575,0.761247,non
2021-02-17,8,MC.PA,0.278042,-0.457156,0.369338,non
2021-02-17,9,STMPA.PA,0.268682,-0.217579,0.422189,non
2021-02-17,10,TTE.PA,0.244159,-0.1901,-0.009298,non
2021-02-18,1,MT.AS,0.616982,-1.50961,0.415795,oui
2021-02-18,2,RNO.PA,0.555803,-0.206382,1.020037,non
2021-02-18,3,PUB.PA,0.499852,-0.220973,0.77686,non
2021-02-18,4,GLE.PA,0.389563,0.312397,1.187924,non
2021-02-18,5,AIR.PA,0.354928,-0.880615,0.579029,non
2021-02-18,6,ACA.PA,0.32958,0.164485,0.946253,non
2021-02-18,7,BNP.PA,0.32046,0.066085,0.906004,non
2021-02-18,8,MC.PA,0.277013,-0.575679,0.3613,non
2021-02-18,9,STMPA.PA,0.267164,-0.597773,0.409616,non
2021-02-18,10,TTE.PA,0.24733,-0.389229,0.081089,non
2021-02-19,1,MT.AS,0.613937,-0.970715,0.495901,non
2021-02-19,2,RNO.PA,0.553342,-0.891362,0.904293,non
2021-02-19,3,PUB.PA,0.499277,-0.109193,0.788189,non
2021-02-19,4,GLE.PA,0.394633,0.75046,1.341072,non
2021-02-19,5,AIR.PA,0.355445,-0.847661,0.595958,non
2021-02-19,6,ACA.PA,0.33561,0.444154,1.062783,non
2021-02-19,7,BNP.PA,0.325313,0.377194,1.033033,non
2021-02-19,8,MC.PA,0.277427,-0.209674,0.3786,non
2021-02-19,9,STMPA.PA,0.267091,-0.187876,0.384289,non
2021-02-19,10,TTE.PA,0.251274,-0.293441,0.174625,non
2021-02-22,1,MT.AS,0.609348,-1.075174,0.50574,non
2021-02-22,2,RNO.PA,0.550284,-1.338201,0.670615,non
2021-02-22,3,PUB.PA,0.500808,0.20913,0.757815,non
2021-02-22,4,GLE.PA,0.400296,0.908729,1.419352,non
2021-02-22,5,AIR.PA,0.357378,-0.338439,0.59975,non
2021-02-22,6,ACA.PA,0.341945,0.527511,1.107683,non
2021-02-22,7,BNP.PA,0.331177,0.597576,1.1024,non
2021-02-22,8,MC.PA,0.277837,-0.229943,0.360923,non
2021-02-22,9,STMPA.PA,0.263163,-0.76638,0.321618,non
2021-02-22,10,TTE.PA,0.255619,-0.142537,0.246644,non
2021-02-23,1,MT.AS,0.604305,-1.389749,0.506584,oui
2021-02-23,2,RNO.PA,0.54832,-1.436866,0.462372,oui
2021-02-23,3,PUB.PA,0.502623,0.362408,0.729332,non
2021-02-23,4,GLE.PA,0.407661,0.795924,1.489359,non
2021-02-23,5,AIR.PA,0.359626,0.04347,0.641239,non
2021-02-23,6,ACA.PA,0.348754,0.336091,1.13836,non
2021-02-23,7,BNP.PA,0.338139,0.561756,1.175808,non
2021-02-23,8,MC.PA,0.277233,-0.501243,0.34079,non
2021-02-23,9,TTE.PA,0.260518,0.133726,0.370659,non
2021-02-23,10,STMPA.PA,0.257015,-1.411933,0.215861,non
2021-02-24,1,MT.AS,0.599908,-1.038129,0.470716,oui
2021-02-24,2,RNO.PA,0.547472,-1.390595,0.262606,oui
2021-02-24,3,PUB.PA,0.50439,0.226659,0.664134,non
2021-02-24,4,GLE.PA,0.414885,0.890092,1.503541,non
2021-02-24,5,AIR.PA,0.36559,0.49157,0.700622,non
2021-02-24,6,ACA.PA,0.356939,0.624846,1.145258,non
2021-02-24,7,BNP.PA,0.345745,0.69877,1.191696,non
2021-02-24,8,MC.PA,0.276439,-0.941403,0.289412,non
2021-02-24,9,TTE.PA,0.266834,0.332777,0.503195,non
2021-02-24,10,STMPA.PA,0.251121,-1.523549,0.055737,oui
2021-02-25,1,MT.AS,0.595528,-0.813372,0.518549,non
2021-02-25,2,RNO.PA,0.546812,-1.298697,0.116789,oui
2021-02-25,3,PUB.PA,0.505084,-0.088947,0.599939,non
2021-02-25,4,GLE.PA,0.421572,1.178849,1.536476,non
2021-02-25,5,AIR.PA,0.367849,-0.096721,0.685954,non
2021-02-25,6,ACA.PA,0.364329,0.714602,1.160342,non
2021-02-25,7,BNP.PA,0.352125,0.656587,1.204091,non
2021-02-25,8,MC.PA,0.274905,-1.08851,0.257811,non
2021-02-25,9,TTE.PA,0.271978,0.459423,0.639583,non
2021-02-25,10,STMPA.PA,0.24347,-1.703697,-0.060338,non
2021-02-26,1,MT.AS,0.589941,-1.508636,0.454405,non
2021-02-26,2,RNO.PA,0.545791,-1.426726,-0.051098,non
2021-02-26,3,PUB.PA,0.505786,-0.353303,0.519546,non
2021-02-26,4,GLE.PA,0.427392,0.804806,1.468252,non
2021-02-26,5,ACA.PA,0.371357,0.397739,1.091453,non
2021-02-26,6,AIR.PA,0.367682,-0.560287,0.570448,non
2021-02-26,7,BNP.PA,0.357645,0.247793,1.105124,non
2021-02-26,8,TTE.PA,0.27615,-0.054319,0.676997,non
2021-02-26,9,MC.PA,0.272662,-1.454627,0.150337,oui
2021-02-26,10,VIE.PA,0.248106,-0.47164,0.057397,non
2021-03-01,1,MT.AS,0.585199,-1.027913,0.458544,oui
2021-03-01,2,RNO.PA,0.544561,-1.286343,-0.214806,non
2021-03-01,3,PUB.PA,0.506075,-0.098031,0.474327,non
2021-03-01,4,GLE.PA,0.433643,0.887355,1.391555,non
2021-03-01,5,ACA.PA,0.378941,0.523459,1.034364,non
2021-03-01,6,AIR.PA,0.36954,0.055919,0.505873,non
2021-03-01,7,BNP.PA,0.363028,0.123376,0.987355,non
2021-03-01,8,TTE.PA,0.280695,0.072254,0.702211,non
2021-03-01,9,MC.PA,0.271273,-0.811916,0.09617,non
2021-03-01,10,VIE.PA,0.252176,-0.489026,0.01306,non
2021-03-02,1,MT.AS,0.581358,-0.601735,0.479202,non
2021-03-02,2,RNO.PA,0.542145,-1.398442,-0.357394,non
2021-03-02,3,PUB.PA,0.505719,-0.352714,0.406817,non
2021-03-02,4,GLE.PA,0.438185,0.759741,1.320058,non
2021-03-02,5,ACA.PA,0.386264,0.687059,1.013464,non
2021-03-02,6,AIR.PA,0.370051,-0.215321,0.483768,non
2021-03-02,7,BNP.PA,0.368421,0.468174,0.931145,non
2021-03-02,8,TTE.PA,0.28488,0.039451,0.726493,non
2021-03-02,9,MC.PA,0.27101,-0.751963,0.090881,non
2021-03-02,10,VIE.PA,0.25599,-0.399067,0.006233,non
2021-03-03,1,MT.AS,0.577525,-0.553921,0.476737,non
2021-03-03,2,RNO.PA,0.542078,-0.74954,-0.362776,non
2021-03-03,3,PUB.PA,0.505529,-0.327602,0.365324,non
2021-03-03,4,GLE.PA,0.445186,1.200446,1.277989,non
2021-03-03,5,ACA.PA,0.395058,0.975572,1.011255,non
2021-03-03,6,BNP.PA,0.375254,0.790586,0.895097,non
2021-03-03,7,AIR.PA,0.372297,-0.080463,0.485902,non
2021-03-03,8,TTE.PA,0.288722,0.141927,0.760754,non
2021-03-03,9,MC.PA,0.271274,-0.570449,0.092363,non
2021-03-03,10,VIE.PA,0.258989,-0.841307,0.002258,non
2021-03-04,1,MT.AS,0.57202,-1.123688,0.428394,non
2021-03-04,2,RNO.PA,0.540527,-0.872695,-0.355318,non
2021-03-04,3,PUB.PA,0.505158,-0.636936,0.332826,non
2021-03-04,4,GLE.PA,0.450531,0.905619,1.212033,non
2021-03-04,5,ACA.PA,0.402375,0.666311,0.969161,non
2021-03-04,6,BNP.PA,0.380897,0.67347,0.84675,non
2021-03-04,7,AIR.PA,0.37321,-0.15472,0.524086,non
2021-03-04,8,TTE.PA,0.294196,0.60213,0.815554,non
2021-03-04,9,MC.PA,0.27089,-1.196199,0.063831,non
2021-03-04,10,VIE.PA,0.26128,-0.864049,0.006054,non
2021-03-05,1,MT.AS,0.566593,-1.230174,0.385016,oui
2021-03-05,2,RNO.PA,0.537307,-1.137284,-0.293378,non
2021-03-05,3,PUB.PA,0.504175,-1.322229,0.293182,non
2021-03-05,4,GLE.PA,0.455679,0.894408,1.163645,non
2021-03-05,5,ACA.PA,0.40937,0.711361,0.938047,non
2021-03-05,6,BNP.PA,0.386037,0.561606,0.806259,non
2021-03-05,7,AIR.PA,0.372331,-0.881147,0.484635,non
2021-03-05,8,TTE.PA,0.299767,0.697186,0.868141,non
2021-03-05,9,MC.PA,0.269671,-1.834055,0.014953,oui
2021-03-05,10,CS.PA,0.264994,0.611253,0.822278,non
2021-03-08,1,MT.AS,0.563982,-0.562093,0.437256,non
2021-03-08,2,RNO.PA,0.535494,-0.63341,-0.163926,non
2021-03-08,3,PUB.PA,0.503323,-0.623978,0.296046,non
2021-03-08,4,GLE.PA,0.46294,1.502987,1.16329,non
2021-03-08,5,ACA.PA,0.417021,1.081708,0.934574,non
2021-03-08,6,BNP.PA,0.392107,1.016891,0.806498,non
2021-03-08,7,AIR.PA,0.373766,-0.206537,0.524317,non
2021-03-08,8,TTE.PA,0.304203,0.590589,0.899087,non
2021-03-08,9,CS.PA,0.27042,0.968443,0.895755,non
2021-03-08,10,MC.PA,0.268701,-1.211315,-0.0035,non
2021-03-09,1,MT.AS,0.561547,-0.509405,0.474986,non
2021-03-09,2,RNO.PA,0.532836,-0.407914,-0.031961,non
2021-03-09,3,PUB.PA,0.501579,-0.108596,0.2998,non
2021-03-09,4,GLE.PA,0.467342,1.008805,1.098668,non
2021-03-09,5,ACA.PA,0.422281,0.720374,0.865886,non
2021-03-09,6,BNP.PA,0.396297,0.696952,0.753644,non
2021-03-09,7,AIR.PA,0.37347,-0.28815,0.526245,non
2021-03-09,8,TTE.PA,0.30756,0.402114,0.871313,non
2021-03-09,9,CS.PA,0.275517,1.019598,0.959395,non
2021-03-09,10,VIE.PA,0.269635,-0.401751,0.04995,non
2021-03-10,1,MT.AS,0.555175,-0.82566,0.490548,non
2021-03-10,2,RNO.PA,0.527546,-0.362427,0.083632,non
2021-03-10,3,PUB.PA,0.497641,-0.103217,0.318248,non
2021-03-10,4,GLE.PA,0.468713,0.970321,1.047801,non
2021-03-10,5,ACA.PA,0.425348,0.710796,0.788569,non
2021-03-10,6,BNP.PA,0.397875,0.669301,0.71974,non
2021-03-10,7,AIR.PA,0.369913,-0.495286,0.484723,non
2021-03-10,8,TTE.PA,0.309666,0.61396,0.850987,non
2021-03-10,9,CS.PA,0.278806,0.944277,0.998151,non
2021-03-10,10,VIE.PA,0.271573,-0.31875,0.055162,non
2021-03-11,1,MT.AS,0.550493,-0.127296,0.528121,non
2021-03-11,2,RNO.PA,0.521124,-0.882444,0.147503,non
2021-03-11,3,PUB.PA,0.494146,0.118173,0.342981,non
2021-03-11,4,GLE.PA,0.468449,0.533419,0.939694,non
2021-03-11,5,ACA.PA,0.426885,0.298025,0.725329,non
2021-03-11,6,BNP.PA,0.398514,0.446242,0.669477,non
2021-03-11,7,AIR.PA,0.365236,-0.495081,0.426501,non
2021-03-11,8,TTE.PA,0.312254,0.724193,0.816515,non
2021-03-11,9,CS.PA,0.280855,0.830495,1.006022,non
2021-03-11,10,VIE.PA,0.273309,-0.320042,0.081477,non
2021-03-12,1,MT.AS,0.546899,0.338189,0.583287,non
2021-03-12,2,RNO.PA,0.515479,-0.889872,0.209941,non
2021-03-12,3,PUB.PA,0.48998,0.097579,0.359297,non
2021-03-12,4,GLE.PA,0.468258,0.73094,0.819483,non
2021-03-12,5,ACA.PA,0.428295,0.39224,0.679424,non
2021-03-12,6,BNP.PA,0.398661,0.623735,0.646024,non
2021-03-12,7,AIR.PA,0.360377,-0.391299,0.38534,non
2021-03-12,8,TTE.PA,0.314769,0.83951,0.785219,non
2021-03-12,9,CS.PA,0.283429,0.93086,0.992323,non
2021-03-12,10,VIE.PA,0.275582,-0.132067,0.1118,non
2021-03-15,1,MT.AS,0.542971,0.43959,0.692544,non
2021-03-15,2,RNO.PA,0.508485,-1.189617,0.24605,non
2021-03-15,3,PUB.PA,0.485245,-0.346351,0.366163,non
2021-03-15,4,GLE.PA,0.467041,0.735608,0.769231,non
2021-03-15,5,ACA.PA,0.428069,0.101229,0.626783,non
2021-03-15,6,BNP.PA,0.396982,0.139632,0.60274,non
2021-03-15,7,AIR.PA,0.354109,-0.405833,0.356345,non
2021-03-15,8,TTE.PA,0.315116,0.377867,0.759416,non
2021-03-15,9,CS.PA,0.285368,0.718367,0.974949,non
2021-03-15,10,VIE.PA,0.276464,-0.357425,0.14022,non
2021-03-16,1,MT.AS,0.53883,0.521504,0.809519,non
2021-03-16,2,RNO.PA,0.499829,-1.383219,0.28301,oui
2021-03-16,3,PUB.PA,0.480132,-0.428074,0.360432,non
2021-03-16,4,GLE.PA,0.464057,0.524506,0.685257,non
2021-03-16,5,ACA.PA,0.426115,-0.018363,0.563965,non
2021-03-16,6,BNP.PA,0.393404,-0.121627,0.531324,non
2021-03-16,7,AIR.PA,0.348558,-0.170582,0.345536,non
2021-03-16,8,TTE.PA,0.314202,0.095299,0.691438,non
2021-03-16,9,CS.PA,0.286227,0.543171,0.923468,non
2021-03-16,10,VIE.PA,0.277442,-0.748556,0.133901,non
2021-03-17,1,MT.AS,0.536335,0.08965,0.858085,non
2021-03-17,2,RNO.PA,0.494403,-0.978344,0.351757,non
2021-03-17,3,PUB.PA,0.477196,0.325924,0.384086,non
2021-03-17,4,GLE.PA,0.462834,0.662078,0.612278,non
2021-03-17,5,ACA.PA,0.425978,-0.007434,0.500057,non
2021-03-17,6,BNP.PA,0.391648,-0.009269,0.464628,non
2021-03-17,7,AIR.PA,0.343563,-0.303435,0.313105,non
2021-03-17,8,TTE.PA,0.313796,-0.023902,0.625317,non
2021-03-17,9,CS.PA,0.287728,0.353026,0.853498,non
2021-03-17,10,VIE.PA,0.277359,-1.245044,0.104165,non
2021-03-18,1,MT.AS,0.535422,0.665777,0.900289,non
2021-03-18,2,RNO.PA,0.487967,-0.842573,0.448738,non
2021-03-18,3,PUB.PA,0.473266,0.066203,0.381148,non
2021-03-18,4,GLE.PA,0.461931,1.19054,0.577658,non
2021-03-18,5,ACA.PA,0.42572,0.292016,0.435388,non
2021-03-18,6,BNP.PA,0.389785,0.34253,0.40196,non
2021-03-18,7,AIR.PA,0.338484,-0.30806,0.229627,non
2021-03-18,8,TTE.PA,0.312347,-0.143759,0.524216,non
2021-03-18,9,CS.PA,0.288821,0.535438,0.765956,non
2021-03-18,10,VIE.PA,0.276634,-1.62284,0.036084,oui
2021-03-19,1,MT.AS,0.533326,0.425393,0.955512,non
2021-03-19,2,RNO.PA,0.479722,-1.290708,0.425626,non
2021-03-19,3,PUB.PA,0.467949,-1.03125,0.33445,non
2021-03-19,4,GLE.PA,0.459909,0.657725,0.529712,non
2021-03-19,5,ACA.PA,0.424199,-0.211399,0.355009,non
2021-03-19,6,BNP.PA,0.385991,-0.289036,0.31396,non
2021-03-19,7,AIR.PA,0.331182,-0.851384,0.086041,non
2021-03-19,8,TTE.PA,0.311527,-0.277934,0.417376,non
2021-03-19,9,CS.PA,0.28987,0.534204,0.692664,non
2021-03-19,10,VIE.PA,0.276337,-1.463143,-0.015188,non
2021-03-22,1,MT.AS,0.530379,-0.016814,0.950666,non
2021-03-22,2,RNO.PA,0.469188,-1.460519,0.332929,oui
2021-03-22,3,PUB.PA,0.46252,-0.895484,0.314466,non
2021-03-22,4,GLE.PA,0.4567,0.589016,0.490768,non
2021-03-22,5,ACA.PA,0.421471,-0.355629,0.274262,non
2021-03-22,6,BNP.PA,0.38116,-0.468081,0.236219,non
2021-03-22,7,AIR.PA,0.324989,-0.889375,-0.0052,non
2021-03-22,8,TTE.PA,0.309019,-0.527705,0.302184,non
2021-03-22,9,CS.PA,0.289741,0.199368,0.582276,non
2021-03-22,10,VIE.PA,0.275237,-2.011247,-0.06822,non
2021-03-23,1,MT.AS,0.525242,-0.657142,0.850224,non
2021-03-23,2,RNO.PA,0.456955,-1.866785,0.180912,oui
2021-03-23,3,PUB.PA,0.456229,-1.305326,0.289741,non
2021-03-23,4,GLE.PA,0.452741,0.436719,0.427137,non
2021-03-23,5,ACA.PA,0.417559,-0.565716,0.159484,non
2021-03-23,6,BNP.PA,0.375552,-0.609126,0.149525,non
2021-03-23,7,AIR.PA,0.317603,-1.14412,-0.075161,non
2021-03-23,8,TTE.PA,0.305613,-0.675198,0.202123,non
2021-03-23,9,CS.PA,0.28918,0.121578,0.464559,non
2021-03-23,10,VIE.PA,0.273637,-2.339939,-0.115638,non
2021-03-24,1,MT.AS,0.522488,-0.02771,0.82935,non
2021-03-24,2,PUB.PA,0.450548,-1.143181,0.272044,oui
2021-03-24,3,GLE.PA,0.449508,0.44032,0.375554,non
2021-03-24,4,RNO.PA,0.445309,-1.817903,0.03867,oui
2021-03-24,5,ACA.PA,0.41451,-0.405741,0.094434,non
2021-03-24,6,BNP.PA,0.371361,-0.381638,0.103517,non
2021-03-24,7,AIR.PA,0.310959,-1.02498,-0.068799,non
2021-03-24,8,TTE.PA,0.303499,-0.430366,0.146351,non
2021-03-24,9,CS.PA,0.28915,0.134019,0.353054,non
2021-03-24,10,VIE.PA,0.271358,-2.411364,-0.142343,non
2021-03-25,1,MT.AS,0.518158,-0.578149,0.7738,non
2021-03-25,2,GLE.PA,0.447337,0.189235,0.334843,non
2021-03-25,3,PUB.PA,0.446422,-0.138856,0.287218,non
2021-03-25,4,RNO.PA,0.434587,-1.869447,-0.098776,non
2021-03-25,5,ACA.PA,0.412846,-0.481813,0.040453,non
2021-03-25,6,BNP.PA,0.368285,-0.515349,0.05109,non
2021-03-25,7,AIR.PA,0.305351,-0.946071,-0.105019,non
2021-03-25,8,TTE.PA,0.301249,-0.749803,0.081807,non
2021-03-25,9,CS.PA,0.289576,0.070941,0.287001,non
2021-03-25,10,VIE.PA,0.269888,-2.321181,-0.153051,non
2021-03-26,1,MT.AS,0.51846,0.808881,0.766242,non
2021-03-26,2,GLE.PA,0.446152,0.408952,0.28539,non
2021-03-26,3,PUB.PA,0.442686,-0.308084,0.283194,non
2021-03-26,4,RNO.PA,0.423994,-1.91778,-0.254568,non
2021-03-26,5,ACA.PA,0.411144,-0.26864,-0.018122,non
2021-03-26,6,BNP.PA,0.365763,-0.270557,-0.011213,non
2021-03-26,7,AIR.PA,0.29953,-0.774857,-0.168336,non
2021-03-26,8,TTE.PA,0.298835,-0.589279,-0.009867,non
2021-03-26,9,CS.PA,0.289304,0.04708,0.189378,non
2021-03-26,10,VIE.PA,0.267945,-2.457717,-0.232584,non
2021-03-29,1,MT.AS,0.518195,0.653569,0.771166,non
2021-03-29,2,GLE.PA,0.444094,-0.034266,0.207702,non
2021-03-29,3,PUB.PA,0.439842,0.037908,0.308149,non
2021-03-29,4,RNO.PA,0.413502,-1.854306,-0.385982,non
2021-03-29,5,ACA.PA,0.409324,-0.43529,-0.072717,non
2021-03-29,6,BNP.PA,0.362715,-0.643072,-0.11218,non
2021-03-29,7,TTE.PA,0.297276,-0.362564,-0.067583,non
2021-03-29,8,AIR.PA,0.293484,-0.812187,-0.162616,non
2021-03-29,9,CS.PA,0.289514,0.093587,0.124403,non
2021-03-29,10,CAP.PA,0.269312,0.725669,0.232128,non
2021-03-30,1,MT.AS,0.518158,0.980729,0.829659,non
2021-03-30,2,GLE.PA,0.443091,0.519852,0.17618,non
2021-03-30,3,PUB.PA,0.437787,0.263256,0.331116,non
2021-03-30,4,ACA.PA,0.407972,-0.033074,-0.067861,non
2021-03-30,5,RNO.PA,0.403112,-1.429692,-0.476295,non
2021-03-30,6,BNP.PA,0.360827,-0.027698,-0.123285,non
2021-03-30,7,TTE.PA,0.296632,-0.180579,-0.109642,non
2021-03-30,8,CS.PA,0.290461,0.417871,0.102056,non
2021-03-30,9,AIR.PA,0.287296,-0.766297,-0.172666,non
2021-03-30,10,SGO.PA,0.272335,1.832426,0.402671,non
2021-03-31,1,MT.AS,0.517824,1.03866,0.884777,non
2021-03-31,2,GLE.PA,0.441928,0.273636,0.170349,non
2021-03-31,3,PUB.PA,0.434254,-0.607968,0.318086,non
2021-03-31,4,ACA.PA,0.405973,-0.271612,-0.04702,non
2021-03-31,5,RNO.PA,0.391946,-1.62396,-0.516058,non
2021-03-31,6,BNP.PA,0.35812,-0.319425,-0.122597,non
2021-03-31,7,TTE.PA,0.294897,-0.425506,-0.160731,non
2021-03-31,8,CS.PA,0.290864,0.15765,0.088146,non
2021-03-31,9,AIR.PA,0.27999,-0.921154,-0.175849,non
2021-03-31,10,SGO.PA,0.276502,1.167225,0.372305,non
2021-04-01,1,MT.AS,0.515732,0.722026,0.846363,non
2021-04-01,2,GLE.PA,0.439867,0.473963,0.163281,non
2021-04-01,3,PUB.PA,0.430693,-0.765827,0.285716,non
2021-04-01,4,ACA.PA,0.402714,-0.186949,-0.036872,non
2021-04-01,5,RNO.PA,0.380929,-1.267894,-0.515457,non
2021-04-01,6,BNP.PA,0.353972,-0.259928,-0.117024,non
2021-04-01,7,TTE.PA,0.291613,-0.742875,-0.191886,non
2021-04-01,8,CS.PA,0.290476,0.200923,0.069952,non
2021-04-01,9,SGO.PA,0.280551,1.189151,0.336894,non
2021-04-01,10,CAP.PA,0.278206,0.724849,0.17692,non
2021-04-06,1,MT.AS,0.514872,0.957513,0.800529,non
2021-04-06,2,GLE.PA,0.43764,0.390322,0.152979,non
2021-04-06,3,PUB.PA,0.427797,-0.262028,0.242705,non
2021-04-06,4,ACA.PA,0.399474,-0.22541,-0.016789,non
2021-04-06,5,RNO.PA,0.370957,-1.175786,-0.526634,non
2021-04-06,6,BNP.PA,0.349748,-0.357966,-0.120262,non
2021-04-06,7,CS.PA,0.290125,0.304253,0.057739,non
2021-04-06,8,TTE.PA,0.287766,-0.875968,-0.214165,non
2021-04-06,9,SGO.PA,0.285136,1.301166,0.304046,non
2021-04-06,10,CAP.PA,0.281502,0.835896,0.148444,non
2021-04-07,1,MT.AS,0.512113,0.60286,0.76842,non
2021-04-07,2,GLE.PA,0.433775,0.348904,0.206483,non
2021-04-07,3,PUB.PA,0.423395,-0.606159,0.215315,non
2021-04-07,4,ACA.PA,0.395067,-0.183018,0.052352,non
2021-04-07,5,RNO.PA,0.359617,-1.307183,-0.493137,non
2021-04-07,6,BNP.PA,0.344644,-0.268135,-0.064709,non
2021-04-07,7,SGO.PA,0.288638,1.208451,0.328148,non
2021-04-07,8,CS.PA,0.288351,0.441163,0.091593,non
2021-04-07,9,CAP.PA,0.283445,0.693238,0.145073,non
2021-04-07,10,TTE.PA,0.282662,-0.836637,-0.229617,non
2021-04-08,1,MT.AS,0.509917,0.503951,0.723314,non
2021-04-08,2,GLE.PA,0.429239,0.004145,0.193012,non
2021-04-08,3,PUB.PA,0.419497,-0.970738,0.198075,non
2021-04-08,4,ACA.PA,0.390862,-0.185648,0.100776,non
2021-04-08,5,RNO.PA,0.348128,-1.683032,-0.46873,non
2021-04-08,6,BNP.PA,0.339551,-0.391429,-0.034399,non
2021-04-08,7,SGO.PA,0.292243,1.149194,0.320892,non
2021-04-08,8,CS.PA,0.28621,0.398331,0.132062,non
2021-04-08,9,CAP.PA,0.285568,0.834037,0.190867,non
2021-04-08,10,TTE.PA,0.276917,-1.117387,-0.273778,non
2021-04-09,1,MT.AS,0.507732,0.482071,0.637594,non
2021-04-09,2,GLE.PA,0.424198,-0.289436,0.159159,non
2021-04-09,3,PUB.PA,0.415191,-1.329029,0.169487,non
2021-04-09,4,ACA.PA,0.386559,-0.214686,0.155746,non
2021-04-09,5,RNO.PA,0.335734,-1.810245,-0.438538,non
2021-04-09,6,BNP.PA,0.334116,-0.594645,-0.012072,non
2021-04-09,7,SGO.PA,0.293075,1.376047,0.36561,non
2021-04-09,8,CAP.PA,0.288278,0.931593,0.234985,non
2021-04-09,9,CS.PA,0.283636,0.405546,0.172256,non
2021-04-09,10,TTE.PA,0.270229,-1.280117,-0.30161,non
2021-04-12,1,MT.AS,0.504821,0.311,0.588102,non
2021-04-12,2,GLE.PA,0.420031,-0.190741,0.102005,non
2021-04-12,3,PUB.PA,0.409838,-1.735662,0.138481,oui
2021-04-12,4,ACA.PA,0.382141,-0.255859,0.177953,non
2021-04-12,5,BNP.PA,0.328908,-0.624861,-0.00016,non
2021-04-12,6,RNO.PA,0.323612,-1.771293,-0.445022,non
2021-04-12,7,SGO.PA,0.296541,1.242411,0.387845,non
2021-04-12,8,CAP.PA,0.29,0.95584,0.30097,non
2021-04-12,9,CS.PA,0.281258,0.504562,0.215104,non
2021-04-12,10,TTE.PA,0.263194,-1.331951,-0.308632,non
2021-04-13,1,MT.AS,0.50151,0.231802,0.568588,non
2021-04-13,2,GLE.PA,0.414966,-0.23272,0.066725,non
2021-04-13,3,PUB.PA,0.405286,-1.103934,0.14055,oui
2021-04-13,4,ACA.PA,0.376896,-0.300084,0.211035,non
2021-04-13,5,BNP.PA,0.32316,-0.563581,0.043487,non
2021-04-13,6,RNO.PA,0.310848,-1.908337,-0.458685,non
2021-04-13,7,SGO.PA,0.299071,1.558167,0.445484,non
2021-04-13,8,CAP.PA,0.29141,1.275172,0.368526,non
2021-04-13,9,CS.PA,0.278328,0.486766,0.268888,non
2021-04-13,10,TTE.PA,0.255667,-1.21987,-0.277509,non
2021-04-14,1,MT.AS,0.499301,0.609495,0.587818,non
2021-04-14,2,GLE.PA,0.41037,-0.09565,0.052643,non
2021-04-14,3,PUB.PA,0.401578,-0.82134,0.13901,non
2021-04-14,4,ACA.PA,0.371875,-0.219146,0.230167,non
2021-04-14,5,BNP.PA,0.317403,-0.4616,0.062473,non
2021-04-14,6,SGO.PA,0.301482,1.364568,0.460115,non
2021-04-14,7,RNO.PA,0.299058,-1.713551,-0.469632,non
2021-04-14,8,CAP.PA,0.291138,0.529551,0.393913,non
2021-04-14,9,CS.PA,0.274338,0.383718,0.299109,non
2021-04-14,10,TTE.PA,0.248241,-1.020191,-0.25217,non
2021-04-15,1,MT.AS,0.495596,0.137044,0.574316,non
2021-04-15,2,GLE.PA,0.405616,-0.280231,0.00788,non
2021-04-15,3,PUB.PA,0.399322,0.237288,0.180725,non
2021-04-15,4,ACA.PA,0.366596,-0.457341,0.220847,non
2021-04-15,5,BNP.PA,0.312105,-0.553833,0.055315,non
2021-04-15,6,SGO.PA,0.303352,1.177639,0.449569,non
2021-04-15,7,CAP.PA,0.291211,0.491012,0.420828,non
2021-04-15,8,RNO.PA,0.286719,-1.722645,-0.498324,non
2021-04-15,9,CS.PA,0.270332,0.198327,0.301301,non
2021-04-15,10,VIE.PA,0.243726,0.328337,0.537948,non
2021-04-16,1,MT.AS,0.493076,0.668885,0.567296,non
2021-04-16,2,GLE.PA,0.400717,-0.110251,-0.001216,non
2021-04-16,3,PUB.PA,0.397133,0.741733,0.277467,non
2021-04-16,4,ACA.PA,0.360391,-0.45837,0.216187,non
2021-04-16,5,BNP.PA,0.306998,-0.176545,0.092965,non
2021-04-16,6,SGO.PA,0.304297,1.449416,0.455424,non
2021-04-16,7,CAP.PA,0.28878,0.463247,0.415383,non
2021-04-16,8,RNO.PA,0.274603,-1.430554,-0.432668,non
2021-04-16,9,CS.PA,0.265918,0.412216,0.304942,non
2021-04-16,10,VIE.PA,0.24258,0.671597,0.686605,non
2021-04-19,1,MT.AS,0.487589,0.262527,0.573031,non
2021-04-19,2,GLE.PA,0.394226,-0.024721,0.057085,non
2021-04-19,3,PUB.PA,0.392672,-0.143808,0.325,non
2021-04-19,4,ACA.PA,0.352998,-0.282035,0.257707,non
2021-04-19,5,SGO.PA,0.303809,1.278447,0.471913,non
2021-04-19,6,BNP.PA,0.300444,-0.039384,0.175918,non
2021-04-19,7,CAP.PA,0.287375,0.836011,0.423891,non
2021-04-19,8,CS.PA,0.260327,0.436967,0.324841,non
2021-04-19,9,RNO.PA,0.260305,-1.391886,-0.33337,non
2021-04-19,10,VIE.PA,0.24038,0.655684,0.798713,non
2021-04-20,1,MT.AS,0.479364,-0.531898,0.497766,non
2021-04-20,2,PUB.PA,0.386023,-0.551458,0.305876,non
2021-04-20,3,GLE.PA,0.383876,-0.795863,0.005586,non
2021-04-20,4,ACA.PA,0.342658,-0.827496,0.213114,non
2021-04-20,5,SGO.PA,0.300832,0.852875,0.435685,non
2021-04-20,6,BNP.PA,0.289885,-0.935301,0.135438,non
2021-04-20,7,CAP.PA,0.283099,-0.074643,0.394404,non
2021-04-20,8,CS.PA,0.252393,-0.04185,0.308362,non
2021-04-20,9,RNO.PA,0.241757,-1.852631,-0.335254,non
2021-04-20,10,VIE.PA,0.236577,0.51247,0.898065,non
2021-04-21,1,MT.AS,0.471377,-0.293588,0.407062,non
2021-04-21,2,PUB.PA,0.378498,-0.851795,0.278453,non
2021-04-21,3,GLE.PA,0.372759,-0.94332,-0.05492,non
2021-04-21,4,ACA.PA,0.331413,-0.986726,0.146061,non
2021-04-21,5,SGO.PA,0.297714,0.706056,0.387447,non
2021-04-21,6,CAP.PA,0.279384,-0.000883,0.365405,non
2021-04-21,7,BNP.PA,0.278253,-1.109776,0.069423,non
2021-04-21,8,CS.PA,0.24393,-0.033969,0.264665,non
2021-04-21,9,VIE.PA,0.231493,0.291722,0.934939,non
2021-04-21,10,RNO.PA,0.223324,-1.800527,-0.340713,non
2021-04-22,1,MT.AS,0.463717,-0.125371,0.272372,non
2021-04-22,2,PUB.PA,0.371628,-0.603447,0.239635,non
2021-04-22,3,GLE.PA,0.362237,-0.883211,-0.11436,non
2021-04-22,4,ACA.PA,0.320505,-0.95324,0.064929,non
2021-04-22,5,SGO.PA,0.296455,0.98567,0.3489,non
2021-04-22,6,CAP.PA,0.275645,-0.018149,0.323676,non
2021-04-22,7,BNP.PA,0.267195,-0.989329,0.002532,non
2021-04-22,8,CS.PA,0.235516,-0.033193,0.213244,non
2021-04-22,9,VIE.PA,0.2277,0.971549,0.973512,non
2021-04-22,10,MC.PA,0.219235,2.671613,0.765233,non
2021-04-23,1,MT.AS,0.457816,0.376669,0.22207,non
2021-04-23,2,PUB.PA,0.365786,0.157467,0.229379,non
2021-04-23,3,GLE.PA,0.352715,-0.846303,-0.160424,non
2021-04-23,4,ACA.PA,0.310272,-0.912493,0.002971,non
2021-04-23,5,SGO.PA,0.296467,0.942267,0.319518,non
2021-04-23,6,CAP.PA,0.272255,-0.080406,0.268193,non
2021-04-23,7,BNP.PA,0.256979,-1.05734,-0.046776,non
2021-04-23,8,CS.PA,0.228083,-0.008776,0.163978,non
2021-04-23,9,VIE.PA,0.225781,1.434025,1.010579,non
2021-04-23,10,MC.PA,0.21749,2.380907,0.763653,non
2021-04-26,1,MT.AS,0.453441,0.844416,0.154671,non
2021-04-26,2,PUB.PA,0.359983,-0.287916,0.244262,non
2021-04-26,3,GLE.PA,0.346289,-0.184471,-0.164672,non
2021-04-26,4,ACA.PA,0.30194,-0.5176,-0.033876,non
2021-04-26,5,SGO.PA,0.296957,0.727512,0.275924,non
2021-04-26,6,CAP.PA,0.269634,-0.110152,0.20475,non
2021-04-26,7,BNP.PA,0.249552,-0.479592,-0.064382,non
2021-04-26,8,VIE.PA,0.22487,1.643946,1.041206,non
2021-04-26,9,CS.PA,0.221734,0.059737,0.113815,non
2021-04-26,10,MC.PA,0.215556,2.193891,0.742851,non
2021-04-27,1,MT.AS,0.448944,0.606295,0.175841,non
2021-04-27,2,PUB.PA,0.353875,-0.819877,0.236297,non
2021-04-27,3,GLE.PA,0.340473,0.17185,-0.112959,non
2021-04-27,4,SGO.PA,0.297469,0.604355,0.262593,non
2021-04-27,5,ACA.PA,0.294317,-0.250214,-0.031653,non
2021-04-27,6,CAP.PA,0.268597,-0.11806,0.175835,non
2021-04-27,7,BNP.PA,0.241936,-0.502934,-0.060895,non
2021-04-27,8,VIE.PA,0.22516,1.977561,1.057186,non
2021-04-27,9,CS.PA,0.216093,-0.095931,0.051838,non
2021-04-27,10,MC.PA,0.214922,2.506042,0.717948,non
2021-04-28,1,MT.AS,0.442792,0.269592,0.161725,non
2021-04-28,2,PUB.PA,0.348977,-0.08626,0.267344,non
2021-04-28,3,GLE.PA,0.337144,0.784899,-0.050255,non
2021-04-28,4,SGO.PA,0.298674,0.53453,0.235296,non
2021-04-28,5,ACA.PA,0.287703,0.014374,-0.02563,non
2021-04-28,6,CAP.PA,0.268073,-0.021556,0.156736,non
2021-04-28,7,BNP.PA,0.236181,0.202233,-0.043634,non
2021-04-28,8,VIE.PA,0.225429,2.133508,1.074586,non
2021-04-28,9,MC.PA,0.215277,2.379372,0.67422,non
2021-04-28,10,CS.PA,0.211396,0.2334,0.014991,non
2021-04-29,1,MT.AS,0.436343,-0.033005,0.157339,non
2021-04-29,2,PUB.PA,0.342608,-0.703311,0.2941,non
2021-04-29,3,GLE.PA,0.333542,0.908489,0.073366,non
2021-04-29,4,SGO.PA,0.299052,-0.002913,0.205565,non
2021-04-29,5,ACA.PA,0.280677,0.164022,0.025218,non
2021-04-29,6,CAP.PA,0.267928,0.429134,0.135022,non
2021-04-29,7,BNP.PA,0.229859,0.366323,0.034298,non
2021-04-29,8,VIE.PA,0.224154,1.926602,1.040533,non
2021-04-29,9,MC.PA,0.215449,2.382869,0.665685,non
2021-04-29,10,DSY.PA,0.209039,0.457651,0.284501,non
2021-04-30,1,MT.AS,0.430551,-0.596876,0.127358,non
2021-04-30,2,PUB.PA,0.33966,-1.20948,0.27367,non
2021-04-30,3,GLE.PA,0.334935,0.700371,0.160249,non
2021-04-30,4,SGO.PA,0.301405,0.236673,0.161057,non
2021-04-30,5,ACA.PA,0.277578,0.178051,0.05787,non
2021-04-30,6,CAP.PA,0.269257,-0.095659,0.092535,non
2021-04-30,7,BNP.PA,0.228509,0.113392,0.073949,non
2021-04-30,8,VIE.PA,0.225216,1.747873,0.993173,non
2021-04-30,9,MC.PA,0.217371,1.656968,0.60496,non
2021-04-30,10,DSY.PA,0.209351,-0.051678,0.224594,non
2021-05-03,1,MT.AS,0.424901,-0.295379,0.10465,non
2021-05-03,2,PUB.PA,0.337865,-0.919626,0.255807,non
2021-05-03,3,GLE.PA,0.337817,0.661711,0.267205,non
2021-05-03,4,SGO.PA,0.30371,0.27743,0.125986,non
2021-05-03,5,ACA.PA,0.275916,0.173824,0.098781,non
2021-05-03,6,CAP.PA,0.269814,-0.156718,0.075198,non
2021-05-03,7,BNP.PA,0.22982,0.079107,0.119256,non
2021-05-03,8,VIE.PA,0.2273,1.516796,0.943317,non
2021-05-03,9,MC.PA,0.219819,1.760391,0.549143,non
2021-05-03,10,DSY.PA,0.208511,-0.10722,0.196847,non
2021-05-04,1,MT.AS,0.418681,-0.309896,0.109904,non
2021-05-04,2,GLE.PA,0.337942,0.164748,0.331224,non
2021-05-04,3,PUB.PA,0.336464,-0.152375,0.281499,non
2021-05-04,4,SGO.PA,0.306459,0.335183,0.106815,non
2021-05-04,5,ACA.PA,0.273116,-0.131627,0.117726,non
2021-05-04,6,CAP.PA,0.269615,-0.846816,0.044484,non
2021-05-04,7,BNP.PA,0.229577,-0.165431,0.1434,non
2021-05-04,8,VIE.PA,0.228853,1.034433,0.848844,non
2021-05-04,9,MC.PA,0.222269,0.948082,0.465051,non
2021-05-04,10,DSY.PA,0.207339,-1.161834,0.12442,non
2021-05-05,1,MT.AS,0.41455,0.649143,0.162736,non
2021-05-05,2,GLE.PA,0.337898,0.452289,0.419707,non
2021-05-05,3,PUB.PA,0.335331,0.678044,0.314614,non
2021-05-05,4,SGO.PA,0.311069,1.586568,0.154541,non
2021-05-05,5,ACA.PA,0.270109,0.278381,0.16836,non
2021-05-05,6,CAP.PA,0.269392,-0.542973,0.024937,non
2021-05-05,7,BNP.PA,0.229267,0.64525,0.224956,non
2021-05-05,8,VIE.PA,0.228799,0.700009,0.71815,non
2021-05-05,9,MC.PA,0.224301,1.567134,0.400929,non
2021-05-05,10,DSY.PA,0.206249,-0.803686,0.060532,non
2021-05-06,1,MT.AS,0.411183,0.969151,0.231476,non
2021-05-06,2,GLE.PA,0.340945,1.390752,0.551908,non
2021-05-06,3,PUB.PA,0.334563,0.519681,0.325462,non
2021-05-06,4,SGO.PA,0.316127,1.688511,0.205519,non
2021-05-06,5,CAP.PA,0.269516,-0.234461,0.027562,non
2021-05-06,6,ACA.PA,0.267504,0.397875,0.22627,non
2021-05-06,7,BNP.PA,0.229084,0.584684,0.290056,non
2021-05-06,8,VIE.PA,0.229082,0.987008,0.583672,non
2021-05-06,9,MC.PA,0.225379,1.0709,0.331221,non
2021-05-06,10,CS.PA,0.206097,0.724078,0.04636,non
2021-05-07,1,MT.AS,0.410037,1.385653,0.327681,non
2021-05-07,2,GLE.PA,0.34513,1.263463,0.638865,non
2021-05-07,3,PUB.PA,0.334178,0.050112,0.304649,non
2021-05-07,4,SGO.PA,0.321177,1.632164,0.266187,non
2021-05-07,5,CAP.PA,0.270084,0.135711,0.052723,non
2021-05-07,6,ACA.PA,0.264524,-0.039408,0.253489,non
2021-05-07,7,VIE.PA,0.230531,1.105334,0.461328,non
2021-05-07,8,BNP.PA,0.22921,0.457692,0.326569,non
2021-05-07,9,MC.PA,0.227303,1.295471,0.271097,non
2021-05-07,10,CS.PA,0.207672,0.647698,0.084225,non
2021-05-10,1,MT.AS,0.409028,1.809355,0.436057,non
2021-05-10,2,GLE.PA,0.350902,1.704606,0.762248,non
2021-05-10,3,PUB.PA,0.33413,0.323444,0.267329,non
2021-05-10,4,SGO.PA,0.325746,1.295865,0.303773,non
2021-05-10,5,CAP.PA,0.270028,-0.109766,0.076311,non
2021-05-10,6,ACA.PA,0.263192,0.83212,0.332749,non
2021-05-10,7,VIE.PA,0.231712,1.116076,0.460276,non
2021-05-10,8,BNP.PA,0.230291,0.864937,0.379979,non
2021-05-10,9,MC.PA,0.228358,0.817114,0.189106,non
2021-05-10,10,CS.PA,0.210332,0.915901,0.150061,non
2021-05-11,1,MT.AS,0.406917,1.229121,0.490748,non
2021-05-11,2,GLE.PA,0.355359,1.278851,0.83691,non
2021-05-11,3,PUB.PA,0.333242,-1.046005,0.216121,non
2021-05-11,4,SGO.PA,0.329187,0.555829,0.324913,non
2021-05-11,5,CAP.PA,0.269448,-1.193726,0.084311,non
2021-05-11,6,ACA.PA,0.261395,0.464616,0.381263,non
2021-05-11,7,BNP.PA,0.231323,0.774322,0.426572,non
2021-05-11,8,VIE.PA,0.231313,0.466241,0.398748,non
2021-05-11,9,MC.PA,0.229178,-0.00585,0.082123,non
2021-05-11,10,CS.PA,0.211829,0.304323,0.181837,non
2021-05-12,1,MT.AS,0.403788,1.197014,0.570107,non
2021-05-12,2,GLE.PA,0.359964,1.562822,0.937958,non
2021-05-12,3,SGO.PA,0.332087,0.488765,0.338937,non
2021-05-12,4,PUB.PA,0.331574,-1.354504,0.167836,oui
2021-05-12,5,CAP.PA,0.26859,-1.513961,0.060517,oui
2021-05-12,6,ACA.PA,0.259844,0.779851,0.453807,non
2021-05-12,7,BNP.PA,0.232496,1.058772,0.492407,non
2021-05-12,8,VIE.PA,0.23032,0.705506,0.339641,non
2021-05-12,9,MC.PA,0.229874,-0.21175,0.008243,non
2021-05-12,10,CS.PA,0.213181,0.376898,0.213342,non
2021-05-13,1,MT.AS,0.39981,0.790403,0.580418,non
2021-05-13,2,GLE.PA,0.363996,1.380806,0.996721,non
2021-05-13,3,SGO.PA,0.334655,0.235559,0.336033,non
2021-05-13,4,PUB.PA,0.329234,-1.691297,0.158114,oui
2021-05-13,5,CAP.PA,0.268412,-1.200908,0.053578,oui
2021-05-13,6,ACA.PA,0.25769,0.393069,0.477438,non
2021-05-13,7,BNP.PA,0.233123,0.729509,0.523893,non
2021-05-13,8,MC.PA,0.231141,0.032342,-0.040589,non
2021-05-13,9,VIE.PA,0.23017,0.830094,0.287451,non
2021-05-13,10,RMS.PA,0.215155,0.730862,0.202494,non
2021-05-14,1,MT.AS,0.39634,0.658876,0.623721,non
2021-05-14,2,GLE.PA,0.369325,1.558009,1.074341,non
2021-05-14,3,SGO.PA,0.337832,0.597241,0.372129,non
2021-05-14,4,PUB.PA,0.327461,-1.029539,0.194499,oui
2021-05-14,5,CAP.PA,0.268008,-0.639633,0.069333,non
2021-05-14,6,ACA.PA,0.257053,0.515736,0.504505,non
2021-05-14,7,BNP.PA,0.234827,1.089209,0.602822,non
2021-05-14,8,MC.PA,0.233112,0.631261,-0.029114,non
2021-05-14,9,VIE.PA,0.230347,1.23917,0.276826,non
2021-05-14,10,RMS.PA,0.217243,1.130971,0.199717,non
2021-05-17,1,MT.AS,0.395359,0.89467,0.650918,non
2021-05-17,2,GLE.PA,0.376021,1.498106,1.143458,non
2021-05-17,3,SGO.PA,0.340895,-0.054577,0.373467,non
2021-05-17,4,PUB.PA,0.326348,-1.584648,0.184782,oui
2021-05-17,5,CAP.PA,0.268358,-0.872331,0.098055,non
2021-05-17,6,ACA.PA,0.258214,0.467742,0.540031,non
2021-05-17,7,BNP.PA,0.238301,0.958545,0.680908,non
2021-05-17,8,MC.PA,0.234787,0.283672,-0.040333,non
2021-05-17,9,VIE.PA,0.229632,0.562768,0.223323,non
2021-05-17,10,RMS.PA,0.218642,0.888722,0.177406,non
2021-05-18,1,MT.AS,0.393788,0.581174,0.588454,non
2021-05-18,2,GLE.PA,0.382651,1.344185,1.116614,non
2021-05-18,3,SGO.PA,0.34303,-0.262646,0.345336,non
2021-05-18,4,PUB.PA,0.324829,-1.153979,0.172066,oui
2021-05-18,5,CAP.PA,0.268837,-0.844208,0.096267,non
2021-05-18,6,ACA.PA,0.258997,0.202864,0.508658,non
2021-05-18,7,BNP.PA,0.24166,0.898806,0.675955,non
2021-05-18,8,MC.PA,0.236159,0.122731,-0.093879,non
2021-05-18,9,VIE.PA,0.230391,0.691058,0.166441,non
2021-05-18,10,CS.PA,0.220373,0.027248,0.284074,non
2021-05-19,1,MT.AS,0.38903,-0.599058,0.459225,non
2021-05-19,2,GLE.PA,0.388128,1.094714,1.038847,non
2021-05-19,3,SGO.PA,0.343749,-1.009051,0.278198,non
2021-05-19,4,PUB.PA,0.321508,-2.914122,0.098717,oui
2021-05-19,5,CAP.PA,0.267641,-1.712939,0.070345,non
2021-05-19,6,ACA.PA,0.258202,-0.490391,0.414879,non
2021-05-19,7,BNP.PA,0.243538,0.292919,0.610905,non
2021-05-19,8,MC.PA,0.237197,-0.206395,-0.111988,non
2021-05-19,9,VIE.PA,0.230798,0.307487,0.070532,non
2021-05-19,10,CS.PA,0.221872,-0.445709,0.240967,non
2021-05-20,1,GLE.PA,0.393809,1.074721,0.946285,non
2021-05-20,2,MT.AS,0.383871,-0.69209,0.335726,non
2021-05-20,3,SGO.PA,0.345654,-0.548886,0.253212,non
2021-05-20,4,PUB.PA,0.31856,-2.121826,0.058541,oui
2021-05-20,5,CAP.PA,0.267372,-1.463225,0.055821,oui
2021-05-20,6,ACA.PA,0.257641,-0.388004,0.324455,non
2021-05-20,7,BNP.PA,0.245865,0.334412,0.547492,non
2021-05-20,8,MC.PA,0.238793,0.277531,-0.087691,non
2021-05-20,9,VIE.PA,0.231788,0.579065,0.026343,non
2021-05-20,10,CS.PA,0.223281,-0.416906,0.199023,non
2021-05-21,1,GLE.PA,0.397936,1.056796,0.837141,non
2021-05-21,2,MT.AS,0.378633,-0.681401,0.252812,non
2021-05-21,3,SGO.PA,0.347377,-0.298844,0.242728,non
2021-05-21,4,PUB.PA,0.315308,-1.859902,0.054756,oui
2021-05-21,5,CAP.PA,0.265586,-1.741421,0.031907,oui
2021-05-21,6,ACA.PA,0.256474,-0.262945,0.238405,non
2021-05-21,7,BNP.PA,0.247248,0.270769,0.465397,non
2021-05-21,8,MC.PA,0.239359,0.341862,-0.066282,non
2021-05-21,9,VIE.PA,0.23168,0.593212,0.00941,non
2021-05-21,10,CS.PA,0.224847,-0.284639,0.165354,non
2021-05-24,1,GLE.PA,0.403558,0.910617,0.754957,non
2021-05-24,2,MT.AS,0.375342,-0.584345,0.218315,non
2021-05-24,3,SGO.PA,0.349163,-0.39707,0.221286,non
2021-05-24,4,PUB.PA,0.313146,-1.755711,0.042549,oui
2021-05-24,5,CAP.PA,0.264347,-0.975225,0.035093,non
2021-05-24,6,ACA.PA,0.256976,-0.416406,0.167501,non
2021-05-24,7,BNP.PA,0.249946,0.406332,0.421313,non
2021-05-24,8,MC.PA,0.241414,0.581629,-0.038034,non
2021-05-24,9,VIE.PA,0.232668,0.537436,0.005351,non
2021-05-24,10,CS.PA,0.226433,-0.384355,0.129929,non
2021-05-25,1,GLE.PA,0.41024,1.033513,0.698568,non
2021-05-25,2,MT.AS,0.371168,-0.992606,0.147514,non
2021-05-25,3,SGO.PA,0.349817,-0.590834,0.188703,non
2021-05-25,4,PUB.PA,0.310596,-1.966817,0.009206,oui
2021-05-25,5,CAP.PA,0.262666,-0.726997,0.04785,non
2021-05-25,6,ACA.PA,0.257531,-0.707116,0.096788,non
2021-05-25,7,BNP.PA,0.252964,0.218219,0.357937,non
2021-05-25,8,MC.PA,0.243522,0.594426,0.009758,non
2021-05-25,9,VIE.PA,0.233901,0.460642,0.023433,non
2021-05-25,10,CS.PA,0.227743,-0.727348,0.065805,non
2021-05-26,1,GLE.PA,0.415828,0.470579,0.642153,non
2021-05-26,2,MT.AS,0.368507,-0.791195,0.073165,non
2021-05-26,3,SGO.PA,0.350621,-0.777729,0.1489,non
2021-05-26,4,PUB.PA,0.307469,-2.080213,-0.003879,non
2021-05-26,5,CAP.PA,0.261119,-0.902468,0.059976,non
2021-05-26,6,ACA.PA,0.258392,-1.040726,0.026599,non
2021-05-26,7,BNP.PA,0.255124,-0.232219,0.309492,non
2021-05-26,8,MC.PA,0.245514,0.528075,0.059126,non
2021-05-26,9,VIE.PA,0.234721,0.418234,0.058134,non
2021-05-26,10,RMS.PA,0.228846,2.392691,0.258513,non
2021-05-27,1,GLE.PA,0.423097,0.981813,0.628195,non
2021-05-27,2,MT.AS,0.368663,0.095648,0.040938,non
2021-05-27,3,SGO.PA,0.351146,-1.130808,0.068879,non
2021-05-27,4,PUB.PA,0.304987,-1.786055,-0.022269,non
2021-05-27,5,ACA.PA,0.261264,-0.845503,-0.016028,non
2021-05-27,6,BNP.PA,0.259325,0.52593,0.310195,non
2021-05-27,7,CAP.PA,0.259092,-1.849189,0.059883,non
2021-05-27,8,MC.PA,0.247413,0.883471,0.130668,non
2021-05-27,9,VIE.PA,0.235282,0.097937,0.071767,non
2021-05-27,10,RMS.PA,0.231724,2.693704,0.333373,non
2021-05-28,1,GLE.PA,0.429097,0.937934,0.592955,non
2021-05-28,2,MT.AS,0.368418,-0.009884,-0.040833,non
2021-05-28,3,SGO.PA,0.35146,-0.886905,0.014482,non
2021-05-28,4,PUB.PA,0.302329,-1.608775,-0.047469,non
2021-05-28,5,ACA.PA,0.263456,-0.546679,-0.034133,non
2021-05-28,6,BNP.PA,0.262301,0.470492,0.29074,non
2021-05-28,7,CAP.PA,0.25722,-1.514843,0.058952,oui
2021-05-28,8,MC.PA,0.249742,1.199903,0.191716,non
2021-05-28,9,VIE.PA,0.235309,0.309147,0.098191,non
2021-05-28,10,RMS.PA,0.234769,2.58998,0.382935,non
2021-05-31,1,GLE.PA,0.43406,0.775035,0.541028,non
2021-05-31,2,MT.AS,0.368108,0.251047,-0.088036,non
2021-05-31,3,SGO.PA,0.351,-1.211876,-0.047456,non
2021-05-31,4,PUB.PA,0.299273,-1.653803,-0.065653,non
2021-05-31,5,BNP.PA,0.264368,0.058278,0.245889,non
2021-05-31,6,ACA.PA,0.264051,-0.817452,-0.063194,non
2021-05-31,7,CAP.PA,0.255126,-1.793901,0.050575,oui
2021-05-31,8,MC.PA,0.251643,0.828964,0.247985,non
2021-05-31,9,KER.PA,0.243013,1.844476,0.471114,non
2021-05-31,10,RMS.PA,0.237826,2.650646,0.444995,non
2021-06-01,1,GLE.PA,0.439613,0.932545,0.457306,non
2021-06-01,2,MT.AS,0.368904,0.703112,-0.110681,non
2021-06-01,3,SGO.PA,0.35118,-0.652243,-0.080148,non
2021-06-01,4,PUB.PA,0.297893,-0.627277,-0.028456,non
2021-06-01,5,BNP.PA,0.267178,0.39894,0.202462,non
2021-06-01,6,ACA.PA,0.265452,-0.360938,-0.081633,non
2021-06-01,7,MC.PA,0.253973,1.007576,0.280862,non
2021-06-01,8,CAP.PA,0.2529,-1.823246,0.020521,oui
2021-06-01,9,KER.PA,0.250705,1.554186,0.450321,non
2021-06-01,10,RMS.PA,0.240542,2.326747,0.479785,non
2021-06-02,1,GLE.PA,0.443708,0.883022,0.383959,non
2021-06-02,2,MT.AS,0.369635,0.644587,-0.074647,non
2021-06-02,3,SGO.PA,0.350554,-1.057578,-0.056509,non
2021-06-02,4,PUB.PA,0.29613,-0.792217,0.029445,non
2021-06-02,5,BNP.PA,0.26905,0.451204,0.206,non
2021-06-02,6,ACA.PA,0.266055,-0.583718,-0.084543,non
2021-06-02,7,KER.PA,0.258397,1.564249,0.45248,non
2021-06-02,8,MC.PA,0.2566,1.106083,0.34565,non
2021-06-02,9,CAP.PA,0.250255,-1.683298,0.008115,oui
2021-06-02,10,RMS.PA,0.243113,2.288102,0.539995,non
2021-06-03,1,GLE.PA,0.446749,0.871156,0.376787,non
2021-06-03,2,MT.AS,0.3687,0.160977,-0.046581,non
2021-06-03,3,SGO.PA,0.351311,0.418296,0.042163,non
2021-06-03,4,PUB.PA,0.293937,-1.429342,0.069189,non
2021-06-03,5,BNP.PA,0.270752,0.579721,0.212411,non
2021-06-03,6,ACA.PA,0.266056,-0.75127,-0.084652,non
2021-06-03,7,KER.PA,0.26549,1.30295,0.440545,non
2021-06-03,8,MC.PA,0.258496,0.549754,0.371984,non
2021-06-03,9,CAP.PA,0.245824,-2.355274,-0.015096,non
2021-06-03,10,RMS.PA,0.245749,2.084555,0.587923,non
2021-06-04,1,GLE.PA,0.449677,0.539414,0.342501,non
2021-06-04,2,MT.AS,0.367885,0.102956,0.014942,non
2021-06-04,3,SGO.PA,0.352003,0.659044,0.156313,non
2021-06-04,4,PUB.PA,0.291742,-1.750776,0.092858,oui
2021-06-04,5,BNP.PA,0.272887,0.307022,0.197012,non
2021-06-04,6,KER.PA,0.271305,1.052845,0.418005,non
2021-06-04,7,ACA.PA,0.266733,-0.731384,-0.106588,non
2021-06-04,8,MC.PA,0.26066,0.219517,0.39981,non
2021-06-04,9,RMS.PA,0.248719,2.01105,0.634684,non
2021-06-04,10,CAP.PA,0.242161,-1.765734,0.002375,oui
2021-06-07,1,GLE.PA,0.453346,0.60855,0.351589,non
2021-06-07,2,MT.AS,0.368682,-0.300807,0.093779,non
2021-06-07,3,SGO.PA,0.353104,0.884331,0.268739,non
2021-06-07,4,PUB.PA,0.290929,-1.138212,0.150982,oui
2021-06-07,5,KER.PA,0.277116,0.88328,0.402452,non
2021-06-07,6,BNP.PA,0.27615,0.438752,0.21317,non
2021-06-07,7,ACA.PA,0.268402,-0.549609,-0.056879,non
2021-06-07,8,MC.PA,0.262904,0.480147,0.420278,non
2021-06-07,9,RMS.PA,0.252241,2.134721,0.661735,non
2021-06-07,10,CS.PA,0.238069,-0.489105,0.05141,non
2021-06-08,1,GLE.PA,0.45575,0.09446,0.304827,non
2021-06-08,2,MT.AS,0.369361,-0.545339,0.132658,non
2021-06-08,3,SGO.PA,0.354274,0.885209,0.34626,non
2021-06-08,4,PUB.PA,0.289386,-1.218935,0.175005,oui
2021-06-08,5,KER.PA,0.282312,1.031989,0.374719,non
2021-06-08,6,BNP.PA,0.277557,-0.130195,0.198511,non
2021-06-08,7,ACA.PA,0.268357,-1.104773,-0.05327,non
2021-06-08,8,MC.PA,0.264944,0.499873,0.406546,non
2021-06-08,9,RMS.PA,0.256467,2.385826,0.676169,non
2021-06-08,10,CS.PA,0.239688,-0.690934,0.064574,non
2021-06-09,1,GLE.PA,0.457478,-0.147975,0.273275,non
2021-06-09,2,MT.AS,0.370404,-0.695698,0.173492,non
2021-06-09,3,SGO.PA,0.354632,0.209429,0.395727,non
2021-06-09,4,KER.PA,0.288572,1.002103,0.341994,non
2021-06-09,5,PUB.PA,0.287598,-1.79188,0.174004,oui
2021-06-09,6,BNP.PA,0.278294,-0.45606,0.189415,non
2021-06-09,7,ACA.PA,0.267637,-1.484906,-0.041813,non
2021-06-09,8,MC.PA,0.266811,0.546516,0.382735,non
2021-06-09,9,RMS.PA,0.260882,2.51267,0.677616,non
2021-06-09,10,CS.PA,0.240156,-1.330738,0.056916,non
2021-06-10,1,GLE.PA,0.458921,-0.049016,0.244153,non
2021-06-10,2,MT.AS,0.3711,-0.356267,0.219745,non
2021-06-10,3,SGO.PA,0.352878,-0.133243,0.420901,non
2021-06-10,4,KER.PA,0.293229,0.75657,0.29398,non
2021-06-10,5,PUB.PA,0.284989,-2.147725,0.152643,oui
2021-06-10,6,BNP.PA,0.278306,-0.604679,0.159801,non
2021-06-10,7,MC.PA,0.267877,0.090234,0.350778,non
2021-06-10,8,ACA.PA,0.267091,-0.900695,-0.012383,non
2021-06-10,9,RMS.PA,0.264569,2.016773,0.66577,non
2021-06-10,10,CS.PA,0.239682,-1.5747,0.031599,oui
2021-06-11,1,GLE.PA,0.458092,-0.166891,0.230794,non
2021-06-11,2,MT.AS,0.372294,0.075678,0.292126,non
2021-06-11,3,SGO.PA,0.351124,-0.15676,0.465213,non
2021-06-11,4,KER.PA,0.296994,0.768102,0.268232,non
2021-06-11,5,PUB.PA,0.281696,-1.868783,0.159945,oui
2021-06-11,6,BNP.PA,0.276678,-0.53437,0.160171,non
2021-06-11,7,MC.PA,0.268733,0.664924,0.361905,non
2021-06-11,8,RMS.PA,0.268235,2.240153,0.671425,non
2021-06-11,9,ACA.PA,0.265182,-0.865279,0.033365,non
2021-06-11,10,CS.PA,0.237795,-1.454082,0.036291,oui
2021-06-14,1,GLE.PA,0.457802,-0.268723,0.218372,non
2021-06-14,2,MT.AS,0.373222,-0.343099,0.362058,non
2021-06-14,3,SGO.PA,0.349081,-0.275334,0.476235,non
2021-06-14,4,KER.PA,0.301384,0.704774,0.237355,non
2021-06-14,5,PUB.PA,0.278925,-1.445354,0.168875,oui
2021-06-14,6,BNP.PA,0.275622,-0.524508,0.16108,non
2021-06-14,7,RMS.PA,0.271707,1.995013,0.65454,non
2021-06-14,8,MC.PA,0.269834,0.82677,0.363377,non
2021-06-14,9,ACA.PA,0.263952,-0.833079,0.086294,non
2021-06-14,10,CS.PA,0.236177,-1.38023,0.044344,oui
2021-06-15,1,GLE.PA,0.45845,-0.489839,0.193448,non
2021-06-15,2,MT.AS,0.37213,-1.526305,0.346198,non
2021-06-15,3,SGO.PA,0.346728,-0.451159,0.471436,non
2021-06-15,4,KER.PA,0.305658,0.755999,0.215556,non
2021-06-15,5,PUB.PA,0.276504,-1.330958,0.194578,oui
2021-06-15,6,BNP.PA,0.275564,-0.585329,0.163395,non
2021-06-15,7,RMS.PA,0.274996,2.018624,0.622931,non
2021-06-15,8,MC.PA,0.271356,1.025901,0.362426,non
2021-06-15,9,ACA.PA,0.263703,-0.885653,0.127634,non
2021-06-15,10,CS.PA,0.235563,-1.067211,0.059818,oui
2021-06-16,1,GLE.PA,0.457695,-1.195502,0.120559,non
2021-06-16,2,MT.AS,0.369772,-1.912289,0.231962,oui
2021-06-16,3,SGO.PA,0.343629,-0.692338,0.422067,non
2021-06-16,4,KER.PA,0.309617,0.677979,0.176039,non
2021-06-16,5,RMS.PA,0.278044,1.863486,0.568135,non
2021-06-16,6,BNP.PA,0.274708,-1.035749,0.114585,non
2021-06-16,7,PUB.PA,0.2739,-1.360561,0.16708,oui
2021-06-16,8,MC.PA,0.272978,1.16967,0.349079,non
2021-06-16,9,ACA.PA,0.262799,-1.362434,0.103116,non
2021-06-16,10,CS.PA,0.234904,-1.114641,0.049796,oui
2021-06-17,1,GLE.PA,0.456894,-1.033562,0.067901,oui
2021-06-17,2,MT.AS,0.365867,-2.618382,0.065915,oui
2021-06-17,3,SGO.PA,0.341138,-0.798352,0.3884,non
2021-06-17,4,KER.PA,0.315224,0.8298,0.162925,non
2021-06-17,5,RMS.PA,0.281819,1.835549,0.515485,non
2021-06-17,6,MC.PA,0.275282,1.337052,0.355921,non
2021-06-17,7,BNP.PA,0.27398,-0.784915,0.085313,non
2021-06-17,8,PUB.PA,0.271485,-1.233475,0.161517,oui
2021-06-17,9,ACA.PA,0.261652,-1.293161,0.092075,oui
2021-06-17,10,CS.PA,0.234533,-0.97222,0.051568,non
2021-06-18,1,GLE.PA,0.454055,-1.938498,-0.027189,non
2021-06-18,2,MT.AS,0.360908,-2.864159,-0.115848,non
2021-06-18,3,SGO.PA,0.337473,-1.486173,0.340919,non
2021-06-18,4,KER.PA,0.320474,0.476928,0.13792,non
2021-06-18,5,RMS.PA,0.286088,1.78258,0.470588,non
2021-06-18,6,MC.PA,0.277602,0.753854,0.342685,non
2021-06-18,7,BNP.PA,0.271063,-2.153089,-0.01149,non
2021-06-18,8,PUB.PA,0.268037,-2.065447,0.131518,oui
2021-06-18,9,ACA.PA,0.258615,-2.326715,0.032562,oui
2021-06-18,10,OR.PA,0.236622,1.705067,0.391841,non
2021-06-21,1,GLE.PA,0.450449,-2.119139,-0.130587,non
2021-06-21,2,MT.AS,0.356691,-2.556224,-0.265612,non
2021-06-21,3,SGO.PA,0.334134,-0.965936,0.311577,non
2021-06-21,4,KER.PA,0.326822,0.643696,0.128563,non
2021-06-21,5,RMS.PA,0.290652,1.978163,0.444167,non
2021-06-21,6,MC.PA,0.279659,0.528513,0.33039,non
2021-06-21,7,BNP.PA,0.267801,-2.058395,-0.088565,non
2021-06-21,8,PUB.PA,0.264727,-1.443489,0.125828,oui
2021-06-21,9,ACA.PA,0.255251,-2.204904,-0.023482,non
2021-06-21,10,OR.PA,0.241374,1.451363,0.38333,non
2021-06-22,1,GLE.PA,0.446217,-2.355866,-0.226207,non
2021-06-22,2,MT.AS,0.352051,-2.363741,-0.426977,non
2021-06-22,3,KER.PA,0.333565,0.616517,0.122795,non
2021-06-22,4,SGO.PA,0.330429,-0.708396,0.284406,non
2021-06-22,5,RMS.PA,0.294655,1.724229,0.423022,non
2021-06-22,6,MC.PA,0.281408,0.450857,0.316151,non
2021-06-22,7,BNP.PA,0.264314,-1.966651,-0.16374,non
2021-06-22,8,PUB.PA,0.260484,-1.783576,0.099836,oui
2021-06-22,9,ACA.PA,0.251741,-2.077804,-0.085298,non
2021-06-22,10,OR.PA,0.245414,1.113966,0.369169,non
2021-06-23,1,GLE.PA,0.441246,-2.245942,-0.342402,non
2021-06-23,2,MT.AS,0.349663,-1.998209,-0.543579,non
2021-06-23,3,KER.PA,0.337707,-0.194494,0.090599,non
2021-06-23,4,SGO.PA,0.326577,-1.360144,0.225571,non
2021-06-23,5,RMS.PA,0.297903,1.023254,0.382392,non
2021-06-23,6,MC.PA,0.282218,-0.564757,0.269097,non
2021-06-23,7,BNP.PA,0.260205,-2.171265,-0.269143,non
2021-06-23,8,PUB.PA,0.256471,-1.904895,0.063369,oui
2021-06-23,9,OR.PA,0.248668,0.267771,0.321462,non
2021-06-23,10,ACA.PA,0.247291,-2.267085,-0.17703,non
2021-06-24,1,GLE.PA,0.437615,-1.556911,-0.366117,non
2021-06-24,2,MT.AS,0.348333,-1.495739,-0.553661,non
2021-06-24,3,KER.PA,0.341702,0.069609,0.081355,non
2021-06-24,4,SGO.PA,0.322602,-1.224526,0.158135,oui
2021-06-24,5,RMS.PA,0.301182,1.582175,0.378782,non
2021-06-24,6,MC.PA,0.28266,-0.400484,0.243124,non
2021-06-24,7,BNP.PA,0.25636,-1.831501,-0.306979,non
2021-06-24,8,OR.PA,0.252366,1.1694,0.298001,non
2021-06-24,9,PUB.PA,0.252243,-1.725456,0.040639,oui
2021-06-24,10,ACA.PA,0.243335,-1.949136,-0.23159,non
2021-06-25,1,GLE.PA,0.436036,-1.643229,-0.381966,non
2021-06-25,2,MT.AS,0.348945,-1.035677,-0.524203,non
2021-06-25,3,KER.PA,0.346243,0.22991,0.110935,non
2021-06-25,4,SGO.PA,0.319832,-1.369706,0.095024,oui
2021-06-25,5,RMS.PA,0.304043,1.371438,0.367618,non
2021-06-25,6,MC.PA,0.282627,-0.498406,0.230125,non
2021-06-25,7,OR.PA,0.255348,0.42342,0.271107,non
2021-06-25,8,BNP.PA,0.254688,-1.661884,-0.326945,non
2021-06-25,9,PUB.PA,0.249419,-1.203505,0.041186,oui
2021-06-25,10,ACA.PA,0.241015,-1.800465,-0.251699,non
2021-06-28,1,GLE.PA,0.43351,-2.230976,-0.43064,non
2021-06-28,2,KER.PA,0.349999,-0.273279,0.115429,non
2021-06-28,3,MT.AS,0.349213,-1.64067,-0.509948,non
2021-06-28,4,SGO.PA,0.318443,-1.970294,-0.001966,non
2021-06-28,5,RMS.PA,0.306751,1.04897,0.350952,non
2021-06-28,6,MC.PA,0.282969,-1.081558,0.191405,non
2021-06-28,7,OR.PA,0.258023,0.296791,0.226298,non
2021-06-28,8,BNP.PA,0.252776,-2.258821,-0.391944,non
2021-06-28,9,PUB.PA,0.245844,-2.119683,0.005436,oui
2021-06-28,10,ACA.PA,0.238291,-2.087345,-0.300273,non
2021-06-29,1,GLE.PA,0.430573,-1.962607,-0.433912,non
2021-06-29,2,KER.PA,0.354582,-0.167632,0.119438,non
2021-06-29,3,MT.AS,0.349874,-1.001532,-0.400852,non
2021-06-29,4,SGO.PA,0.318736,-1.207466,-0.044467,non
2021-06-29,5,RMS.PA,0.310115,1.20432,0.334176,non
2021-06-29,6,MC.PA,0.284305,-0.769419,0.174937,non
2021-06-29,7,OR.PA,0.260063,-0.193691,0.173048,non
2021-06-29,8,BNP.PA,0.25017,-2.05098,-0.416278,non
2021-06-29,9,PUB.PA,0.243101,-1.901859,0.012595,oui
2021-06-29,10,ACA.PA,0.235805,-1.72811,-0.290016,non
2021-06-30,1,GLE.PA,0.426517,-2.15719,-0.436304,non
2021-06-30,2,KER.PA,0.35766,-0.927998,0.097996,non
2021-06-30,3,MT.AS,0.349164,-1.469916,-0.313364,non
2021-06-30,4,SGO.PA,0.317559,-1.982003,-0.129254,non
2021-06-30,5,RMS.PA,0.313141,0.956804,0.31043,non
2021-06-30,6,MC.PA,0.284393,-1.896103,0.137014,non
2021-06-30,7,OR.PA,0.260897,-1.399278,0.093792,non
2021-06-30,8,BNP.PA,0.246639,-2.322024,-0.442409,non
2021-06-30,9,PUB.PA,0.239461,-2.026339,0.014053,oui
2021-06-30,10,ACA.PA,0.232163,-1.962069,-0.300777,non
2021-07-01,1,GLE.PA,0.423898,-1.4544,-0.373005,non
2021-07-01,2,KER.PA,0.360145,-0.974259,0.070829,non
2021-07-01,3,MT.AS,0.349392,-1.175608,-0.221087,non
2021-07-01,4,SGO.PA,0.317053,-1.360446,-0.128912,non
2021-07-01,5,RMS.PA,0.315432,0.539478,0.267695,non
2021-07-01,6,MC.PA,0.283989,-1.802821,0.088711,oui
2021-07-01,7,OR.PA,0.26092,-1.589215,0.016446,oui
2021-07-01,8,BNP.PA,0.243781,-2.004643,-0.428957,non
2021-07-01,9,PUB.PA,0.237151,-0.908773,0.040649,non
2021-07-01,10,ACA.PA,0.229511,-1.624023,-0.290517,non
2021-07-02,1,GLE.PA,0.419966,-2.004053,-0.352898,non
2021-07-02,2,KER.PA,0.361808,-1.281167,0.023246,non
2021-07-02,3,MT.AS,0.348917,-1.073846,-0.113519,non
2021-07-02,4,RMS.PA,0.317524,0.330736,0.219363,non
2021-07-02,5,SGO.PA,0.316677,-1.557431,-0.117328,non
2021-07-02,6,MC.PA,0.283098,-1.928313,0.029955,oui
2021-07-02,7,OR.PA,0.260596,-2.084594,-0.057324,non
2021-07-02,8,BNP.PA,0.239752,-2.390098,-0.440613,non
2021-07-02,9,PUB.PA,0.234337,-0.946471,0.054212,non
2021-07-02,10,ACA.PA,0.226073,-1.836601,-0.287055,non
2021-07-05,1,GLE.PA,0.417097,-1.503581,-0.276156,non
2021-07-05,2,KER.PA,0.363398,-1.271835,-0.023279,non
2021-07-05,3,MT.AS,0.349379,-0.892833,-0.009645,non
2021-07-05,4,RMS.PA,0.319872,0.248169,0.178676,non
2021-07-05,5,SGO.PA,0.316313,-1.485046,-0.083177,non
2021-07-05,6,MC.PA,0.281544,-2.185409,-0.022841,non
2021-07-05,7,OR.PA,0.259668,-2.142772,-0.119875,non
2021-07-05,8,BNP.PA,0.236612,-1.840394,-0.395704,non
2021-07-05,9,PUB.PA,0.231831,-1.08355,0.082761,non
2021-07-05,10,CAP.PA,0.225054,0.44227,0.391406,non
2021-07-06,1,GLE.PA,0.411763,-2.149657,-0.263735,non
2021-07-06,2,KER.PA,0.363642,-1.768296,-0.070738,non
2021-07-06,3,MT.AS,0.34632,-1.995489,0.004391,non
2021-07-06,4,STLAP.PA,0.328566,-0.898652,-0.108244,non
2021-07-06,5,RMS.PA,0.321439,0.238044,0.1547,non
2021-07-06,6,SGO.PA,0.31508,-1.843303,-0.050767,non
2021-07-06,7,MC.PA,0.278444,-2.532391,-0.081201,non
2021-07-06,8,OR.PA,0.258378,-2.488406,-0.180005,non
2021-07-06,9,BNP.PA,0.231434,-2.492284,-0.410561,non
2021-07-06,10,PUB.PA,0.229033,-1.711779,0.086586,oui
2021-07-07,1,GLE.PA,0.405985,-2.276909,-0.263118,non
2021-07-07,2,KER.PA,0.364552,-1.479248,-0.090928,non
2021-07-07,3,MT.AS,0.344578,-1.739988,0.037725,oui
2021-07-07,4,STLAP.PA,0.327896,-1.186625,-0.102151,non
2021-07-07,5,RMS.PA,0.323558,0.545589,0.155747,non
2021-07-07,6,SGO.PA,0.314154,-1.098128,-0.005418,non
2021-07-07,7,MC.PA,0.275891,-2.190027,-0.122308,non
2021-07-07,8,OR.PA,0.257441,-1.710171,-0.208756,non
2021-07-07,9,PUB.PA,0.226751,-1.729484,0.07267,oui
2021-07-07,10,BNP.PA,0.225896,-2.679811,-0.445081,non
2021-07-08,1,GLE.PA,0.397848,-2.784963,-0.283628,non
2021-07-08,2,KER.PA,0.362706,-2.52993,-0.169122,non
2021-07-08,3,MT.AS,0.33946,-2.317425,0.058823,oui
2021-07-08,4,STLAP.PA,0.32679,-2.1452,-0.156818,non
2021-07-08,5,RMS.PA,0.323093,-0.719259,0.101025,non
2021-07-08,6,SGO.PA,0.31236,-1.79584,0.006672,oui
2021-07-08,7,MC.PA,0.271127,-3.536545,-0.219702,non
2021-07-08,8,OR.PA,0.255028,-3.229828,-0.278757,non
2021-07-08,9,CAP.PA,0.222938,0.188999,0.288085,non
2021-07-08,10,PUB.PA,0.220996,-3.018132,-0.007333,non
2021-07-09,1,GLE.PA,0.391199,-2.058306,-0.241423,non
2021-07-09,2,KER.PA,0.362398,-1.85599,-0.199052,non
2021-07-09,3,MT.AS,0.336485,-1.287241,0.202271,oui
2021-07-09,4,STLAP.PA,0.326792,-1.476119,-0.151024,non
2021-07-09,5,RMS.PA,0.323811,0.223447,0.097659,non
2021-07-09,6,SGO.PA,0.31181,-1.011023,0.054148,oui
2021-07-09,7,MC.PA,0.26896,-1.936659,-0.238857,non
2021-07-09,8,OR.PA,0.252813,-2.299466,-0.308182,non
2021-07-09,9,CAP.PA,0.222279,0.664808,0.305921,non
2021-07-09,10,PUB.PA,0.216088,-2.466407,-0.056518,non
2021-07-12,1,GLE.PA,0.384013,-1.996238,-0.187898,non
2021-07-12,2,KER.PA,0.361682,-1.76148,-0.2166,non
2021-07-12,3,MT.AS,0.33271,-1.384362,0.32214,oui
2021-07-12,4,STLAP.PA,0.325833,-1.542118,-0.160737,non
2021-07-12,5,RMS.PA,0.32521,0.645847,0.106914,non
2021-07-12,6,SGO.PA,0.311457,-0.798595,0.109687,non
2021-07-12,7,MC.PA,0.266848,-1.722675,-0.238458,non
2021-07-12,8,OR.PA,0.25098,-1.859296,-0.31734,non
2021-07-12,9,CAP.PA,0.221761,0.959938,0.338605,non
2021-07-12,10,CA.PA,0.214603,-2.354174,-0.159136,non
2021-07-13,1,GLE.PA,0.375104,-2.121635,-0.145537,non
2021-07-13,2,KER.PA,0.360835,-1.486151,-0.205152,non
2021-07-13,3,MT.AS,0.327286,-1.693895,0.342844,oui
2021-07-13,4,RMS.PA,0.326885,0.988044,0.135153,non
2021-07-13,5,STLAP.PA,0.322863,-1.93757,-0.191846,non
2021-07-13,6,SGO.PA,0.310639,-0.552918,0.170419,non
2021-07-13,7,MC.PA,0.265151,-1.45638,-0.214263,non
2021-07-13,8,OR.PA,0.249218,-1.870279,-0.310394,non
2021-07-13,9,CAP.PA,0.220814,0.92013,0.362046,non
2021-07-13,10,CA.PA,0.21378,-2.3156,-0.178729,non
2021-07-14,1,GLE.PA,0.364751,-1.993138,-0.126016,non
2021-07-14,2,KER.PA,0.359426,-1.262984,-0.177754,non
2021-07-14,3,RMS.PA,0.328141,0.925344,0.160233,non
2021-07-14,4,MT.AS,0.321486,-1.21559,0.371556,oui
2021-07-14,5,STLAP.PA,0.318067,-1.902643,-0.214395,non
2021-07-14,6,SGO.PA,0.308774,-0.929046,0.208783,non
2021-07-14,7,MC.PA,0.262629,-1.43512,-0.175937,non
2021-07-14,8,OR.PA,0.247755,-1.782781,-0.287679,non
2021-07-14,9,CAP.PA,0.218879,0.733401,0.381657,non
2021-07-14,10,CA.PA,0.212929,-2.513935,-0.220465,non
2021-07-15,1,KER.PA,0.358022,-1.7647,-0.152573,non
2021-07-15,2,GLE.PA,0.355048,-1.888631,-0.079588,non
2021-07-15,3,RMS.PA,0.329118,0.744373,0.183052,non
2021-07-15,4,MT.AS,0.316223,-1.178655,0.342062,oui
2021-07-15,5,STLAP.PA,0.313098,-2.248314,-0.246487,non
2021-07-15,6,SGO.PA,0.306643,-0.96549,0.242499,non
2021-07-15,7,MC.PA,0.259817,-1.995285,-0.14143,non
2021-07-15,8,OR.PA,0.246157,-2.168075,-0.261791,non
2021-07-15,9,CAP.PA,0.216442,0.244236,0.392332,non
2021-07-15,10,LR.PA,0.216204,0.239837,0.296451,non
2021-07-16,1,KER.PA,0.355656,-2.11065,-0.157424,non
2021-07-16,2,GLE.PA,0.343273,-2.275019,-0.116998,non
2021-07-16,3,RMS.PA,0.32845,-0.062358,0.181741,non
2021-07-16,4,MT.AS,0.30778,-1.833156,0.224398,oui
2021-07-16,5,STLAP.PA,0.305893,-2.66103,-0.343329,non
2021-07-16,6,SGO.PA,0.302634,-1.624747,0.223638,non
2021-07-16,7,MC.PA,0.256139,-2.516449,-0.135185,non
2021-07-16,8,OR.PA,0.243991,-2.046524,-0.229448,non
2021-07-16,9,LR.PA,0.218898,-0.10789,0.26485,non
2021-07-16,10,CAP.PA,0.213192,0.245595,0.358222,non
2021-07-19,1,KER.PA,0.352892,-2.876331,-0.177905,non
2021-07-19,2,GLE.PA,0.329821,-2.943454,-0.224448,non
2021-07-19,3,RMS.PA,0.327174,-0.809816,0.171297,non
2021-07-19,4,MT.AS,0.29936,-2.400171,0.066881,oui
2021-07-19,5,STLAP.PA,0.297792,-3.363084,-0.434161,non
2021-07-19,6,SGO.PA,0.29757,-2.897478,0.173237,oui
2021-07-19,7,MC.PA,0.252137,-3.258453,-0.156353,non
2021-07-19,8,OR.PA,0.241478,-2.207441,-0.20061,non
2021-07-19,9,LR.PA,0.220424,-1.076475,0.209705,non
2021-07-19,10,CAP.PA,0.209127,-0.434626,0.296501,non
2021-07-20,1,KER.PA,0.349424,-2.538363,-0.168658,non
2021-07-20,2,RMS.PA,0.325149,-0.620508,0.166061,non
2021-07-20,3,GLE.PA,0.316135,-2.60946,-0.319213,non
2021-07-20,4,SGO.PA,0.292389,-2.395445,0.154692,oui
2021-07-20,5,MT.AS,0.291202,-1.811944,-0.041047,non
2021-07-20,6,STLAP.PA,0.289242,-3.082707,-0.505682,non
2021-07-20,7,MC.PA,0.246986,-2.827238,-0.15461,non
2021-07-20,8,OR.PA,0.238296,-1.783231,-0.158969,non
2021-07-20,9,LR.PA,0.221447,-0.58066,0.184658,non
2021-07-20,10,CAP.PA,0.20544,0.171887,0.253085,non
2021-07-21,1,KER.PA,0.346329,-2.225358,-0.183615,non
2021-07-21,2,RMS.PA,0.324001,-0.11502,0.155768,non
2021-07-21,3,GLE.PA,0.303869,-2.013113,-0.356248,non
2021-07-21,4,SGO.PA,0.28834,-1.67215,0.142201,oui
2021-07-21,5,MT.AS,0.28522,-1.065106,-0.069253,non
2021-07-21,6,STLAP.PA,0.282103,-2.271829,-0.518944,non
2021-07-21,7,MC.PA,0.243278,-1.974399,-0.142775,non
2021-07-21,8,OR.PA,0.236036,-1.518017,-0.12884,non
2021-07-21,9,LR.PA,0.223267,-0.143256,0.171253,non
2021-07-21,10,CAP.PA,0.202438,0.237318,0.204361,non
2021-07-22,1,KER.PA,0.343524,-2.183545,-0.169741,non
2021-07-22,2,RMS.PA,0.324042,-0.090962,0.174411,non
2021-07-22,3,GLE.PA,0.292276,-2.038594,-0.347567,non
2021-07-22,4,SGO.PA,0.284969,-1.248535,0.151059,oui
2021-07-22,5,MT.AS,0.278803,-1.013703,-0.061466,non
2021-07-22,6,STLAP.PA,0.275522,-2.343719,-0.526142,non
2021-07-22,7,MC.PA,0.240726,-1.897897,-0.116304,non
2021-07-22,8,OR.PA,0.233857,-1.537835,-0.061153,non
2021-07-22,9,LR.PA,0.225913,0.233037,0.186044,non
2021-07-22,10,CAP.PA,0.200891,1.296903,0.217359,non
2021-07-23,1,KER.PA,0.341295,-1.476567,-0.094639,non
2021-07-23,2,RMS.PA,0.325022,0.677412,0.216743,non
2021-07-23,3,SGO.PA,0.282697,-0.589575,0.179344,non
2021-07-23,4,GLE.PA,0.281477,-1.689214,-0.306578,non
2021-07-23,5,MT.AS,0.273067,-0.493265,0.021931,non
2021-07-23,6,STLAP.PA,0.269295,-2.065704,-0.503615,non
2021-07-23,7,MC.PA,0.238877,-1.15976,-0.056415,non
2021-07-23,8,OR.PA,0.232099,-0.681938,0.020977,non
2021-07-23,9,LR.PA,0.228684,0.254338,0.191277,non
2021-07-23,10,CAP.PA,0.19954,1.778162,0.238991,non
2021-07-26,1,KER.PA,0.338764,-1.516096,-0.042327,non
2021-07-26,2,RMS.PA,0.325437,0.258538,0.235928,non
2021-07-26,3,SGO.PA,0.280804,-0.54851,0.182526,non
2021-07-26,4,GLE.PA,0.271986,-1.353523,-0.274039,non
2021-07-26,5,MT.AS,0.269557,0.340631,0.121847,non
2021-07-26,6,STLAP.PA,0.263603,-1.782734,-0.471602,non
2021-07-26,7,MC.PA,0.236865,-1.226176,-0.012252,non
2021-07-26,8,LR.PA,0.231103,-0.163083,0.179549,non
2021-07-26,9,OR.PA,0.230031,-1.139408,0.090021,non
2021-07-26,10,CAP.PA,0.198624,1.771359,0.247352,non
2021-07-27,1,KER.PA,0.335548,-2.096489,-0.006847,non
2021-07-27,2,RMS.PA,0.325656,-0.261376,0.248746,non
2021-07-27,3,SGO.PA,0.277373,-1.239501,0.185056,non
2021-07-27,4,MT.AS,0.266164,0.231422,0.25229,non
2021-07-27,5,GLE.PA,0.262835,-1.504043,-0.236588,non
2021-07-27,6,STLAP.PA,0.257931,-2.019142,-0.454947,non
2021-07-27,7,MC.PA,0.234702,-1.459632,0.037655,oui
2021-07-27,8,LR.PA,0.232873,-0.63133,0.163424,non
2021-07-27,9,OR.PA,0.228738,-1.185807,0.150023,oui
2021-07-27,10,CAP.PA,0.197569,1.164352,0.240739,non
2021-07-28,1,KER.PA,0.333572,-1.176245,0.047738,oui
2021-07-28,2,RMS.PA,0.326533,0.503617,0.281955,non
2021-07-28,3,SGO.PA,0.274613,-0.930401,0.16922,non
2021-07-28,4,MT.AS,0.263762,0.363954,0.351294,non
2021-07-28,5,GLE.PA,0.253544,-1.545762,-0.217002,non
2021-07-28,6,STLAP.PA,0.253137,-1.791848,-0.439065,non
2021-07-28,7,LR.PA,0.234829,-0.89254,0.132997,non
2021-07-28,8,MC.PA,0.233523,-0.483435,0.098233,non
2021-07-28,9,OR.PA,0.227873,-0.985554,0.187106,non
2021-07-28,10,CAP.PA,0.198931,3.05523,0.280446,non
2021-07-29,1,KER.PA,0.332085,-1.144165,0.107104,oui
2021-07-29,2,RMS.PA,0.32748,0.034611,0.286542,non
2021-07-29,3,SGO.PA,0.270852,-1.163605,0.165289,non
2021-07-29,4,MT.AS,0.262727,1.158286,0.522439,non
2021-07-29,5,STLAP.PA,0.249214,-1.112781,-0.356595,non
2021-07-29,6,GLE.PA,0.244942,-1.244563,-0.119455,non
2021-07-29,7,LR.PA,0.23669,-0.841508,0.112385,non
2021-07-29,8,MC.PA,0.232543,-0.775831,0.149689,non
2021-07-29,9,OR.PA,0.227315,-1.16285,0.214609,non
2021-07-29,10,CAP.PA,0.20156,3.876018,0.359678,non
2021-07-30,1,KER.PA,0.329858,-1.320002,0.144176,oui
2021-07-30,2,RMS.PA,0.327871,-0.043539,0.2828,non
2021-07-30,3,SGO.PA,0.267861,-0.044773,0.197365,non
2021-07-30,4,MT.AS,0.261381,0.899928,0.669896,non
2021-07-30,5,STLAP.PA,0.244057,-1.29049,-0.283662,non
2021-07-30,6,LR.PA,0.239288,0.246552,0.128225,non
2021-07-30,7,GLE.PA,0.236706,-1.378313,-0.070087,non
2021-07-30,8,MC.PA,0.230216,-1.357748,0.173647,non
2021-07-30,9,OR.PA,0.226535,-1.11124,0.230612,oui
2021-07-30,10,CAP.PA,0.204185,3.630475,0.433159,non
2021-08-02,1,RMS.PA,0.329279,0.56602,0.296697,non
2021-08-02,2,KER.PA,0.32828,-0.724185,0.219183,non
2021-08-02,3,SGO.PA,0.265007,-0.126801,0.22512,non
2021-08-02,4,MT.AS,0.258146,0.479263,0.790996,non
2021-08-02,5,LR.PA,0.239962,0.010967,0.153038,non
2021-08-02,6,STLAP.PA,0.239066,-1.043804,-0.163854,non
2021-08-02,7,MC.PA,0.228713,-0.685726,0.216692,non
2021-08-02,8,GLE.PA,0.228639,-1.250598,0.029358,oui
2021-08-02,9,OR.PA,0.226085,-0.41473,0.266946,non
2021-08-02,10,CAP.PA,0.207819,3.924136,0.51569,non
2021-08-03,1,RMS.PA,0.331233,0.999578,0.323259,non
2021-08-03,2,KER.PA,0.326615,-0.6932,0.26985,non
2021-08-03,3,SGO.PA,0.26275,0.680324,0.264616,non
2021-08-03,4,MT.AS,0.255213,0.792943,0.840893,non
2021-08-03,5,LR.PA,0.241212,0.154342,0.174281,non
2021-08-03,6,STLAP.PA,0.235913,-0.186601,-0.001107,non
2021-08-03,7,MC.PA,0.22745,-0.258443,0.260832,non
2021-08-03,8,OR.PA,0.226745,-0.38765,0.290214,non
2021-08-03,9,GLE.PA,0.222732,-0.052439,0.175008,non
2021-08-03,10,CAP.PA,0.211905,4.016283,0.591103,non
2021-08-04,1,RMS.PA,0.333374,1.035677,0.361098,non
2021-08-04,2,KER.PA,0.326073,-0.667588,0.336626,non
2021-08-04,3,SGO.PA,0.262374,1.996736,0.374585,non
2021-08-04,4,MT.AS,0.253529,0.756396,0.889736,non
2021-08-04,5,LR.PA,0.242207,0.332475,0.211177,non
2021-08-04,6,STLAP.PA,0.233846,0.269642,0.178758,non
2021-08-04,7,OR.PA,0.227012,-0.307937,0.335002,non
2021-08-04,8,MC.PA,0.226391,-0.387452,0.30412,non
2021-08-04,9,GLE.PA,0.219963,0.501591,0.33993,non
2021-08-04,10,CAP.PA,0.217052,4.158028,0.691218,non
2021-08-05,1,RMS.PA,0.335618,0.95823,0.349475,non
2021-08-05,2,KER.PA,0.325205,-0.768399,0.339353,non
2021-08-05,3,SGO.PA,0.261612,1.945562,0.445349,non
2021-08-05,4,MT.AS,0.251779,0.608968,0.863776,non
2021-08-05,5,LR.PA,0.243225,0.249222,0.218075,non
2021-08-05,6,STLAP.PA,0.231899,0.235414,0.297542,non
2021-08-05,7,OR.PA,0.227258,-0.080064,0.334577,non
2021-08-05,8,MC.PA,0.225601,-0.306451,0.294786,non
2021-08-05,9,CAP.PA,0.221632,3.523456,0.747694,non
2021-08-05,10,DSY.PA,0.219199,2.54177,0.598249,non
2021-08-06,1,RMS.PA,0.337501,0.957381,0.366686,non
2021-08-06,2,KER.PA,0.32167,-0.675392,0.375004,non
2021-08-06,3,SGO.PA,0.260393,1.893928,0.532571,non
2021-08-06,4,MT.AS,0.249723,0.691713,0.902682,non
2021-08-06,5,LR.PA,0.243811,-0.137748,0.231778,non
2021-08-06,6,STLAP.PA,0.22991,0.729104,0.480094,non
2021-08-06,7,OR.PA,0.227838,-0.096025,0.352348,non
2021-08-06,8,DSY.PA,0.227022,2.409449,0.619515,non
2021-08-06,9,CAP.PA,0.2255,3.200492,0.802926,non
2021-08-06,10,MC.PA,0.224297,-0.36613,0.327432,non
2021-08-09,1,RMS.PA,0.33907,0.524045,0.385406,non
2021-08-09,2,KER.PA,0.318505,-0.659593,0.411845,non
2021-08-09,3,SGO.PA,0.258792,1.846402,0.617063,non
2021-08-09,4,MT.AS,0.246688,0.774466,0.925027,non
2021-08-09,5,LR.PA,0.24387,-0.752935,0.238844,non
2021-08-09,6,DSY.PA,0.234628,2.181051,0.638088,non
2021-08-09,7,CAP.PA,0.229935,3.022282,0.857127,non
2021-08-09,8,STLAP.PA,0.228246,0.839597,0.658113,non
2021-08-09,9,OR.PA,0.228228,-0.1959,0.374265,non
2021-08-09,10,MC.PA,0.222744,-0.421206,0.360629,non
2021-08-10,1,RMS.PA,0.341393,0.132598,0.407451,non
2021-08-10,2,KER.PA,0.315109,-0.502471,0.46715,non
2021-08-10,3,SGO.PA,0.258012,1.886245,0.705174,non
2021-08-10,4,MT.AS,0.246108,1.408995,0.949125,non
2021-08-10,5,LR.PA,0.243994,-0.329096,0.269822,non
2021-08-10,6,DSY.PA,0.24247,2.151848,0.661735,non
2021-08-10,7,CAP.PA,0.234616,2.693351,0.891388,non
2021-08-10,8,OR.PA,0.228256,-0.404839,0.383948,non
2021-08-10,9,STLAP.PA,0.226609,0.787922,0.798137,non
2021-08-10,10,MC.PA,0.221823,-0.255948,0.406547,non
2021-08-11,1,RMS.PA,0.343101,0.092854,0.43007,non
2021-08-11,2,KER.PA,0.310995,-0.601916,0.524617,non
2021-08-11,3,SGO.PA,0.256945,1.903549,0.771848,non
2021-08-11,4,DSY.PA,0.248222,1.935559,0.67489,non
2021-08-11,5,MT.AS,0.245485,1.516293,0.995781,non
2021-08-11,6,LR.PA,0.243626,0.284513,0.300328,non
2021-08-11,7,CAP.PA,0.238111,2.393931,0.900243,non
2021-08-11,8,OR.PA,0.227717,-0.241729,0.39673,non
2021-08-11,9,STLAP.PA,0.224427,0.836948,0.927593,non
2021-08-11,10,MC.PA,0.221004,-0.14891,0.454164,non
2021-08-12,1,RMS.PA,0.344432,0.123556,0.450441,non
2021-08-12,2,KER.PA,0.306893,-0.502048,0.558635,non
2021-08-12,3,SGO.PA,0.255522,1.883138,0.82653,non
2021-08-12,4,DSY.PA,0.253071,1.865575,0.66636,non
2021-08-12,5,MT.AS,0.24363,1.300164,1.011398,non
2021-08-12,6,LR.PA,0.242851,0.43081,0.325383,non
2021-08-12,7,CAP.PA,0.241117,2.385116,0.885268,non
2021-08-12,8,OR.PA,0.227491,0.075648,0.401153,non
2021-08-12,9,STLAP.PA,0.223239,1.378226,1.053411,non
2021-08-12,10,MC.PA,0.220215,0.172249,0.489261,non
2021-08-13,1,RMS.PA,0.345565,0.273054,0.447801,non
2021-08-13,2,KER.PA,0.302579,-0.652627,0.559296,non
2021-08-13,3,DSY.PA,0.256868,1.524589,0.637501,non
2021-08-13,4,SGO.PA,0.254272,1.788734,0.841587,non
2021-08-13,5,CAP.PA,0.244062,2.18066,0.851593,non
2021-08-13,6,MT.AS,0.242938,1.525358,0.971153,non
2021-08-13,7,LR.PA,0.242078,0.499617,0.338734,non
2021-08-13,8,OR.PA,0.226447,-0.097806,0.395275,non
2021-08-13,9,STLAP.PA,0.222982,1.461671,1.134207,non
2021-08-13,10,MC.PA,0.218639,-0.010106,0.487945,non
2021-08-16,1,RMS.PA,0.345562,-0.995976,0.387668,non
2021-08-16,2,KER.PA,0.295998,-1.959243,0.438857,non
2021-08-16,3,DSY.PA,0.259723,1.263487,0.58916,non
2021-08-16,4,SGO.PA,0.252323,1.553272,0.78119,non
2021-08-16,5,CAP.PA,0.246141,2.009196,0.778806,non
2021-08-16,6,MT.AS,0.241545,0.973894,0.822612,non
2021-08-16,7,LR.PA,0.241283,0.417146,0.314352,non
2021-08-16,8,OR.PA,0.224681,-0.690443,0.356367,non
2021-08-16,9,STLAP.PA,0.221686,1.061574,1.11076,non
2021-08-16,10,MC.PA,0.215812,-0.862909,0.410323,non
2021-08-17,1,RMS.PA,0.345,-0.942412,0.332416,non
2021-08-17,2,KER.PA,0.288637,-2.181319,0.312537,oui
2021-08-17,3,DSY.PA,0.262302,1.25286,0.518015,non
2021-08-17,4,SGO.PA,0.250848,1.15867,0.707718,non
2021-08-17,5,CAP.PA,0.247677,1.82258,0.703178,non
2021-08-17,6,LR.PA,0.239704,0.053706,0.294404,non
2021-08-17,7,MT.AS,0.237751,0.600443,0.667478,non
2021-08-17,8,OR.PA,0.222405,-0.57133,0.327783,non
2021-08-17,9,STLAP.PA,0.218564,0.354717,1.025083,non
2021-08-17,10,MC.PA,0.212124,-1.12251,0.324333,non
2021-08-18,1,RMS.PA,0.342697,-3.334275,0.234555,non
2021-08-18,2,KER.PA,0.281021,-2.962932,0.148633,oui
2021-08-18,3,DSY.PA,0.264595,1.087864,0.432313,non
2021-08-18,4,CAP.PA,0.249857,1.673368,0.612345,non
2021-08-18,5,SGO.PA,0.248983,1.019545,0.643224,non
2021-08-18,6,LR.PA,0.238461,-0.02515,0.285198,non
2021-08-18,7,MT.AS,0.235063,0.688846,0.555914,non
2021-08-18,8,OR.PA,0.219535,-1.41132,0.27555,non
2021-08-18,9,STLAP.PA,0.216765,0.493234,0.975591,non
2021-08-18,10,MC.PA,0.20687,-2.947961,0.188295,oui
2021-08-19,1,RMS.PA,0.338067,-5.348548,0.074599,oui
2021-08-19,2,KER.PA,0.270094,-4.667732,-0.139718,non
2021-08-19,3,DSY.PA,0.266868,1.007663,0.372007,non
2021-08-19,4,CAP.PA,0.251784,1.419455,0.528792,non
2021-08-19,5,SGO.PA,0.245736,-0.302514,0.541384,non
2021-08-19,6,LR.PA,0.236605,-0.718209,0.274154,non
2021-08-19,7,MT.AS,0.229922,-0.974758,0.330325,non
2021-08-19,8,OR.PA,0.216403,-1.91696,0.202501,oui
2021-08-19,9,STLAP.PA,0.21318,-0.363157,0.847435,non
2021-08-19,10,VIE.PA,0.201935,0.71399,0.332197,non
2021-08-20,1,RMS.PA,0.333814,-4.418737,-0.035465,non
2021-08-20,2,DSY.PA,0.268845,1.032931,0.311583,non
2021-08-20,3,KER.PA,0.25899,-4.144109,-0.369917,non
2021-08-20,4,CAP.PA,0.253981,1.314799,0.44646,non
2021-08-20,5,SGO.PA,0.243621,-0.406505,0.457575,non
2021-08-20,6,LR.PA,0.234426,-0.705258,0.265686,non
2021-08-20,7,MT.AS,0.225334,-0.720698,0.153875,non
2021-08-20,8,OR.PA,0.213373,-1.500102,0.170905,oui
2021-08-20,9,STLAP.PA,0.208816,-0.650988,0.703045,non
2021-08-20,10,VIE.PA,0.201947,0.737402,0.31164,non
2021-08-23,1,RMS.PA,0.329927,-2.957484,-0.10802,non
2021-08-23,2,DSY.PA,0.270878,1.179337,0.251031,non
2021-08-23,3,CAP.PA,0.25587,1.330131,0.359806,non
2021-08-23,4,KER.PA,0.248437,-3.347283,-0.547157,non
2021-08-23,5,SGO.PA,0.241827,0.058922,0.388215,non
2021-08-23,6,LR.PA,0.232007,-0.768167,0.245258,non
2021-08-23,7,MT.AS,0.219814,-0.521063,0.049083,non
2021-08-23,8,OR.PA,0.210853,-1.227727,0.132375,oui
2021-08-23,9,STLAP.PA,0.204315,-0.586506,0.567837,non
2021-08-23,10,VIE.PA,0.201924,0.718547,0.295897,non
2021-08-24,1,RMS.PA,0.324387,-3.478174,-0.214074,non
2021-08-24,2,DSY.PA,0.272062,1.046061,0.196059,non
2021-08-24,3,CAP.PA,0.257002,1.220972,0.24726,non
2021-08-24,4,SGO.PA,0.239424,-0.470796,0.270548,non
2021-08-24,5,KER.PA,0.237166,-3.202751,-0.749096,non
2021-08-24,6,LR.PA,0.229651,-0.830647,0.211118,non
2021-08-24,7,MT.AS,0.215128,0.099259,-0.023793,non
2021-08-24,8,OR.PA,0.207727,-1.459248,0.082896,oui
2021-08-24,9,VIE.PA,0.202741,0.857828,0.287378,non
2021-08-24,10,STLAP.PA,0.199405,-0.514468,0.406954,non
2021-08-25,1,RMS.PA,0.319081,-3.26628,-0.285741,non
2021-08-25,2,DSY.PA,0.272833,0.987497,0.176653,non
2021-08-25,3,CAP.PA,0.25863,0.957601,0.167642,non
2021-08-25,4,SGO.PA,0.238663,-0.388281,0.16325,non
2021-08-25,5,LR.PA,0.22799,-1.433582,0.159338,non
2021-08-25,6,KER.PA,0.227031,-2.881993,-0.87417,non
2021-08-25,7,MT.AS,0.211933,0.157247,-0.083931,non
2021-08-25,8,OR.PA,0.204429,-1.486086,0.03852,oui
2021-08-25,9,VIE.PA,0.203552,0.743106,0.291791,non
2021-08-25,10,STLAP.PA,0.196396,-0.488803,0.249035,non
2021-08-26,1,RMS.PA,0.313503,-3.488362,-0.377775,non
2021-08-26,2,DSY.PA,0.274275,0.858136,0.138289,non
2021-08-26,3,CAP.PA,0.261444,0.986955,0.11944,non
2021-08-26,4,SGO.PA,0.237277,-0.254754,0.046697,non
2021-08-26,5,LR.PA,0.226584,-1.182732,0.114966,oui
2021-08-26,6,KER.PA,0.217222,-2.787187,-0.984258,non
2021-08-26,7,MT.AS,0.207708,-0.435968,-0.120337,non
2021-08-26,8,VIE.PA,0.20375,0.240813,0.309659,non
2021-08-26,9,OR.PA,0.201364,-1.37996,-0.008508,non
2021-08-26,10,STLAP.PA,0.193323,-0.813065,0.107988,non
2021-08-27,1,RMS.PA,0.308476,-3.229934,-0.458731,non
2021-08-27,2,DSY.PA,0.275888,0.919802,0.11926,non
2021-08-27,3,CAP.PA,0.263998,0.91844,0.07193,non
2021-08-27,4,SGO.PA,0.236768,-0.352649,-0.033999,non
2021-08-27,5,LR.PA,0.225526,-0.996249,0.102273,non
2021-08-27,6,KER.PA,0.208033,-2.724315,-1.093473,non
2021-08-27,7,VIE.PA,0.203949,0.123951,0.307082,non
2021-08-27,8,MT.AS,0.203925,0.218862,-0.126979,non
2021-08-27,9,OR.PA,0.19897,-1.450167,-0.056747,non
2021-08-27,10,STLAP.PA,0.191118,-0.687362,-0.043766,non
2021-08-30,1,RMS.PA,0.30459,-2.960555,-0.503072,non
2021-08-30,2,DSY.PA,0.278402,0.812881,0.107213,non
2021-08-30,3,CAP.PA,0.266909,0.80059,0.041407,non
2021-08-30,4,SGO.PA,0.23529,-0.892093,-0.135567,non
2021-08-30,5,LR.PA,0.224962,-0.972133,0.087432,non
2021-08-30,6,VIE.PA,0.204364,0.236894,0.319533,non
2021-08-30,7,MT.AS,0.20137,0.097086,-0.166886,non
2021-08-30,8,KER.PA,0.199549,-2.519324,-1.14179,non
2021-08-30,9,OR.PA,0.197135,-1.076307,-0.067807,non
2021-08-30,10,EL.PA,0.190737,-0.437139,-0.169855,non
2021-08-31,1,RMS.PA,0.300475,-2.907028,-0.522663,non
2021-08-31,2,DSY.PA,0.279184,0.477022,0.083958,non
2021-08-31,3,CAP.PA,0.269152,0.547209,0.019859,non
2021-08-31,4,SGO.PA,0.233716,-1.381303,-0.222029,non
2021-08-31,5,LR.PA,0.223447,-1.418566,0.069724,non
2021-08-31,6,VIE.PA,0.205492,0.476239,0.333835,non
2021-08-31,7,MT.AS,0.198388,-0.689547,-0.228201,non
2021-08-31,8,OR.PA,0.195234,-1.205424,-0.079245,non
2021-08-31,9,EL.PA,0.193359,0.591244,-0.117728,non
2021-08-31,10,KER.PA,0.191702,-2.348761,-1.159292,non
2021-09-01,1,RMS.PA,0.297401,-2.197161,-0.496758,non
2021-09-01,2,DSY.PA,0.280777,0.858227,0.094131,non
2021-09-01,3,CAP.PA,0.27117,0.58088,0.027107,non
2021-09-01,4,SGO.PA,0.231175,-1.511155,-0.257597,non
2021-09-01,5,LR.PA,0.221873,-1.167005,0.064152,oui
2021-09-01,6,VIE.PA,0.207484,1.238155,0.361587,non
2021-09-01,7,EL.PA,0.196072,0.840715,-0.054447,non
2021-09-01,8,MT.AS,0.195572,-0.728955,-0.285604,non
2021-09-01,9,OR.PA,0.19341,-0.885223,-0.073899,non
2021-09-01,10,STLAP.PA,0.185484,-1.159906,-0.383846,non
2021-09-02,1,RMS.PA,0.294668,-2.145512,-0.458086,non
2021-09-02,2,DSY.PA,0.282669,0.679932,0.110458,non
2021-09-02,3,CAP.PA,0.273226,0.5462,0.029404,non
2021-09-02,4,SGO.PA,0.228488,-1.302451,-0.276834,non
2021-09-02,5,LR.PA,0.220442,-1.08057,0.061954,oui
2021-09-02,6,VIE.PA,0.208696,1.076107,0.380237,non
2021-09-02,7,EL.PA,0.198283,1.138189,0.019811,non
2021-09-02,8,MT.AS,0.1934,-0.486878,-0.330051,non
2021-09-02,9,OR.PA,0.191733,-0.853233,-0.056455,non
2021-09-02,10,STLAP.PA,0.184496,-0.762062,-0.434227,non
2021-09-03,1,RMS.PA,0.291471,-2.521136,-0.424298,non
2021-09-03,2,DSY.PA,0.284101,0.455199,0.119544,non
2021-09-03,3,CAP.PA,0.274413,0.459193,0.031737,non
2021-09-03,4,SGO.PA,0.225429,-1.711864,-0.301531,non
2021-09-03,5,LR.PA,0.218347,-1.33904,0.049351,oui
2021-09-03,6,VIE.PA,0.208699,0.768182,0.373543,non
2021-09-03,7,EL.PA,0.198991,0.228597,0.067326,non
2021-09-03,8,OR.PA,0.18964,-1.455996,-0.05567,non
2021-09-03,9,MT.AS,0.18964,-0.875069,-0.385181,non
2021-09-03,10,STLAP.PA,0.183968,-0.775702,-0.445499,non
2021-09-06,1,RMS.PA,0.288709,-1.946997,-0.362045,non
2021-09-06,2,DSY.PA,0.285295,0.54602,0.132329,non
2021-09-06,3,CAP.PA,0.275702,0.481685,0.043536,non
2021-09-06,4,SGO.PA,0.223057,-1.584229,-0.312953,non
2021-09-06,5,LR.PA,0.215755,-1.405897,0.024599,oui
2021-09-06,6,VIE.PA,0.207554,0.418208,0.341443,non
2021-09-06,7,EL.PA,0.199984,0.946373,0.139183,non
2021-09-06,8,MT.AS,0.187566,-0.645748,-0.412105,non
2021-09-06,9,OR.PA,0.18711,-1.302692,-0.047679,non
2021-09-06,10,STLAP.PA,0.1848,-0.683407,-0.432227,non
2021-09-07,1,DSY.PA,0.286519,0.430306,0.147203,non
2021-09-07,2,RMS.PA,0.285197,-1.532449,-0.279079,non
2021-09-07,3,CAP.PA,0.276886,0.377582,0.050803,non
2021-09-07,4,SGO.PA,0.219908,-1.681739,-0.314665,non
2021-09-07,5,LR.PA,0.21295,-0.75834,0.022742,non
2021-09-07,6,VIE.PA,0.206599,0.423612,0.308873,non
2021-09-07,7,EL.PA,0.200202,0.833692,0.180021,non
2021-09-07,8,MT.AS,0.185111,-0.611084,-0.381859,non
2021-09-07,9,OR.PA,0.183898,-1.654764,-0.054331,non
2021-09-07,10,STLAP.PA,0.18373,-0.891433,-0.424206,non
2021-09-08,1,DSY.PA,0.287724,0.046556,0.141037,non
2021-09-08,2,RMS.PA,0.280824,-1.756006,-0.19749,non
2021-09-08,3,CAP.PA,0.277257,-0.184446,0.032291,non
2021-09-08,4,SGO.PA,0.216288,-2.051491,-0.317091,non
2021-09-08,5,LR.PA,0.209458,-2.045623,0.012423,non
2021-09-08,6,VIE.PA,0.204657,0.379071,0.275355,non
2021-09-08,7,EL.PA,0.199836,0.900836,0.220649,non
2021-09-08,8,MT.AS,0.181397,-0.802322,-0.339821,non
2021-09-08,9,STLAP.PA,0.180917,-1.537681,-0.442555,non
2021-09-08,10,OR.PA,0.180707,-1.53971,-0.046884,non
2021-09-09,1,DSY.PA,0.289511,0.2695,0.15459,non
2021-09-09,2,CAP.PA,0.277238,-0.275203,0.02248,non
2021-09-09,3,RMS.PA,0.276506,-1.640932,-0.097904,non
2021-09-09,4,SGO.PA,0.213134,-1.479016,-0.287173,non
2021-09-09,5,LR.PA,0.205853,-2.132643,0.008804,oui
2021-09-09,6,VIE.PA,0.201438,-0.040046,0.224098,non
2021-09-09,7,EL.PA,0.20007,0.990415,0.267618,non
2021-09-09,8,OR.PA,0.177882,-1.155506,-0.009709,non
2021-09-09,9,STLAP.PA,0.176881,-1.425455,-0.403746,non
2021-09-09,10,TEP.PA,0.176523,0.722692,0.300485,non
2021-09-10,1,DSY.PA,0.290116,-0.165601,0.136256,non
2021-09-10,2,CAP.PA,0.276891,-0.335397,0.013866,non
2021-09-10,3,RMS.PA,0.272344,-1.348762,0.032031,oui
2021-09-10,4,SGO.PA,0.210158,-1.588079,-0.252436,non
2021-09-10,5,LR.PA,0.202416,-1.967141,0.015259,oui
2021-09-10,6,EL.PA,0.200649,0.851377,0.318184,non
2021-09-10,7,VIE.PA,0.19748,-0.326122,0.175745,non
2021-09-10,8,TEP.PA,0.176644,0.382848,0.275789,non
2021-09-10,9,OR.PA,0.17458,-1.09807,0.029211,oui
2021-09-10,10,STLAP.PA,0.172749,-1.370189,-0.336381,non
2021-09-13,1,DSY.PA,0.290038,-0.552121,0.092264,non
2021-09-13,2,CAP.PA,0.276216,-0.47605,0.002999,non
2021-09-13,3,RMS.PA,0.267323,-1.876192,0.113842,oui
2021-09-13,4,SGO.PA,0.207243,-1.45374,-0.210118,non
2021-09-13,5,EL.PA,0.201415,0.430717,0.338776,non
2021-09-13,6,LR.PA,0.199502,-1.999048,0.024687,oui
2021-09-13,7,VIE.PA,0.193723,-0.148144,0.130976,non
2021-09-13,8,TEP.PA,0.176737,-0.085062,0.232765,non
2021-09-13,9,STMPA.PA,0.171878,1.062616,0.322439,non
2021-09-13,10,OR.PA,0.171564,-1.200103,0.048914,oui
2021-09-14,1,DSY.PA,0.291078,-0.095617,0.08088,non
2021-09-14,2,CAP.PA,0.276958,-0.118589,0.011025,non
2021-09-14,3,RMS.PA,0.261885,-2.058631,0.197045,oui
2021-09-14,4,SGO.PA,0.205111,-1.542556,-0.17404,non
2021-09-14,5,EL.PA,0.202269,0.539346,0.367221,non
2021-09-14,6,LR.PA,0.197494,-1.735258,0.035051,oui
2021-09-14,7,VIE.PA,0.189715,-0.018573,0.086189,non
2021-09-14,8,STMPA.PA,0.179371,1.678381,0.355117,non
2021-09-14,9,TEP.PA,0.177202,0.102998,0.202567,non
2021-09-14,10,OR.PA,0.168633,-1.091571,0.079009,oui
2021-09-15,1,DSY.PA,0.292185,0.004742,0.072899,non
2021-09-15,2,CAP.PA,0.277236,-0.551302,0.002919,non
2021-09-15,3,RMS.PA,0.255552,-2.486044,0.20007,oui
2021-09-15,4,EL.PA,0.203106,0.06841,0.365494,non
2021-09-15,5,SGO.PA,0.202463,-1.668527,-0.137965,non
2021-09-15,6,LR.PA,0.195467,-2.063917,0.041815,oui
2021-09-15,7,STMPA.PA,0.186337,1.63079,0.3945,non
2021-09-15,8,VIE.PA,0.185841,-0.103372,0.058359,non
2021-09-15,9,TEP.PA,0.17697,-0.522908,0.155345,non
2021-09-15,10,OR.PA,0.16531,-1.689387,0.061876,oui
2021-09-16,1,DSY.PA,0.293853,0.599837,0.097001,non
2021-09-16,2,CAP.PA,0.277903,0.087124,0.020906,non
2021-09-16,3,RMS.PA,0.249631,-2.142815,0.145554,oui
2021-09-16,4,EL.PA,0.204506,0.604407,0.353225,non
2021-09-16,5,SGO.PA,0.20063,-1.441872,-0.131753,non
2021-09-16,6,LR.PA,0.194114,-0.845192,0.057754,non
2021-09-16,7,STMPA.PA,0.193546,1.698505,0.408144,non
2021-09-16,8,VIE.PA,0.181836,0.178475,0.047275,non
2021-09-16,9,TEP.PA,0.176615,-0.336723,0.112186,non
2021-09-16,10,STLAP.PA,0.164846,-0.426318,-0.048886,non
2021-09-17,1,DSY.PA,0.295242,0.272919,0.109082,non
2021-09-17,2,CAP.PA,0.277993,-0.28919,0.024338,non
2021-09-17,3,RMS.PA,0.244006,-1.722354,0.122403,oui
2021-09-17,4,EL.PA,0.205758,0.181852,0.328729,non
2021-09-17,5,STMPA.PA,0.199999,1.03349,0.387206,non
2021-09-17,6,SGO.PA,0.196911,-2.29352,-0.158348,non
2021-09-17,7,LR.PA,0.192109,-2.227567,0.051603,non
2021-09-17,8,VIE.PA,0.176795,-0.884008,-0.00448,non
2021-09-17,9,TEP.PA,0.175817,-0.861724,0.052881,non
2021-09-17,10,SU.PA,0.165506,0.204442,0.076698,non
2021-09-20,1,ERF.PA,0.409235,0.445703,0.290166,non
2021-09-20,2,DSY.PA,0.297317,0.105784,0.126407,non
2021-09-20,3,CAP.PA,0.277844,-0.96225,0.007368,non
2021-09-20,4,RMS.PA,0.238031,-2.106049,0.118421,oui
2021-09-20,5,STMPA.PA,0.206359,0.640628,0.338185,non
2021-09-20,6,EL.PA,0.206346,-0.435213,0.30374,non
2021-09-20,7,SGO.PA,0.192398,-2.935417,-0.190424,non
2021-09-20,8,LR.PA,0.188801,-4.609437,-0.001021,non
2021-09-20,9,TEP.PA,0.174782,-1.264297,-0.008208,non
2021-09-20,10,VIE.PA,0.172013,-1.153981,-0.062088,non
2021-09-21,1,ERF.PA,0.413265,0.685238,0.284054,non
2021-09-21,2,DSY.PA,0.300223,0.608641,0.16784,non
2021-09-21,3,CAP.PA,0.278865,-0.239782,0.026929,non
2021-09-21,4,RMS.PA,0.232987,-1.553616,0.117797,oui
2021-09-21,5,STMPA.PA,0.213337,0.841238,0.308125,non
2021-09-21,6,EL.PA,0.207478,0.456359,0.287622,non
2021-09-21,7,SGO.PA,0.189475,-1.725924,-0.183355,non
2021-09-21,8,LR.PA,0.185158,-4.311566,-0.050638,non
2021-09-21,9,TEP.PA,0.175064,-0.199845,-0.02873,non
2021-09-21,10,VIE.PA,0.166597,-1.548193,-0.120715,non
2021-09-22,1,ERF.PA,0.415594,0.225838,0.248469,non
2021-09-22,2,DSY.PA,0.302014,0.07808,0.183163,non
2021-09-22,3,CAP.PA,0.279582,-0.406791,0.033749,non
2021-09-22,4,RMS.PA,0.227399,-1.47357,0.118619,oui
2021-09-22,5,STMPA.PA,0.220588,0.907015,0.286331,non
2021-09-22,6,EL.PA,0.207986,0.365947,0.266573,non
2021-09-22,7,SGO.PA,0.186705,-1.518292,-0.15907,non
2021-09-22,8,LR.PA,0.182076,-2.683202,-0.075169,non
2021-09-22,9,TEP.PA,0.174883,-0.466208,-0.061168,non
2021-09-22,10,SU.PA,0.166135,-0.13651,-0.045933,non
2021-09-23,1,ERF.PA,0.418021,-0.228871,0.188668,non
2021-09-23,2,DSY.PA,0.304529,0.172166,0.201329,non
2021-09-23,3,CAP.PA,0.280961,-0.075188,0.06358,non
2021-09-23,4,STMPA.PA,0.228312,1.14771,0.268675,non
2021-09-23,5,RMS.PA,0.223788,-0.767534,0.134997,non
2021-09-23,6,EL.PA,0.208777,0.800932,0.243697,non
2021-09-23,7,SGO.PA,0.183738,-1.636609,-0.129373,non
2021-09-23,8,LR.PA,0.179953,-2.37322,-0.086576,non
2021-09-23,9,TEP.PA,0.175626,-0.319286,-0.077489,non
2021-09-23,10,SU.PA,0.167625,-0.205614,-0.059496,non
2021-09-24,1,ERF.PA,0.419663,-0.906815,0.092416,non
2021-09-24,2,DSY.PA,0.306231,-0.561333,0.192974,non
2021-09-24,3,CAP.PA,0.281678,-0.725634,0.069248,non
2021-09-24,4,STMPA.PA,0.235871,0.941931,0.261121,non
2021-09-24,5,RMS.PA,0.219352,-1.413334,0.112752,non
2021-09-24,6,EL.PA,0.208502,-0.736376,0.183116,non
2021-09-24,7,SGO.PA,0.181194,-1.565381,-0.092906,non
2021-09-24,8,LR.PA,0.177372,-3.737324,-0.124501,non
2021-09-24,9,TEP.PA,0.175799,-0.810489,-0.101679,non
2021-09-24,10,SU.PA,0.168781,-0.737293,-0.090526,non
2021-09-27,1,ERF.PA,0.41849,-2.144066,-0.057358,non
2021-09-27,2,DSY.PA,0.305481,-1.768288,0.128841,non
2021-09-27,3,CAP.PA,0.282046,-1.081232,0.062864,non
2021-09-27,4,STMPA.PA,0.242378,0.902835,0.274625,non
2021-09-27,5,RMS.PA,0.213105,-2.338851,0.04105,oui
2021-09-27,6,EL.PA,0.20834,-1.24275,0.109915,non
2021-09-27,7,SGO.PA,0.178299,-1.7311,-0.076587,non
2021-09-27,8,TEP.PA,0.17482,-2.309109,-0.170328,non
2021-09-27,9,LR.PA,0.174515,-3.844855,-0.163665,non
2021-09-27,10,SU.PA,0.168672,-1.208812,-0.132366,non
2021-09-28,1,ERF.PA,0.416434,-2.808969,-0.240789,non
2021-09-28,2,DSY.PA,0.303158,-3.026255,-0.007785,non
2021-09-28,3,CAP.PA,0.280197,-3.049762,-0.03242,non
2021-09-28,4,STMPA.PA,0.24678,-0.367634,0.201276,non
2021-09-28,5,EL.PA,0.206503,-2.629307,0.031753,oui
2021-09-28,6,RMS.PA,0.205634,-3.169007,-0.086072,non
2021-09-28,7,SGO.PA,0.175081,-2.352956,-0.10122,non
2021-09-28,8,TEP.PA,0.173499,-3.212009,-0.273649,non
2021-09-28,9,LR.PA,0.171404,-3.991041,-0.215972,non
2021-09-28,10,SU.PA,0.167453,-2.048472,-0.221117,non
2021-09-29,1,ERF.PA,0.414188,-2.800485,-0.397637,non
2021-09-29,2,DSY.PA,0.300521,-3.054406,-0.114918,non
2021-09-29,3,CAP.PA,0.277784,-2.832512,-0.106927,non
2021-09-29,4,STMPA.PA,0.250924,-0.514046,0.133437,non
2021-09-29,5,EL.PA,0.205606,-1.563674,-0.004285,non
2021-09-29,6,RMS.PA,0.19877,-2.732974,-0.160443,non
2021-09-29,7,SGO.PA,0.171903,-2.117491,-0.117445,non
2021-09-29,8,TEP.PA,0.171275,-3.302691,-0.369997,non
2021-09-29,9,LR.PA,0.16798,-3.451936,-0.247211,non
2021-09-29,10,SU.PA,0.166138,-1.846011,-0.276695,non
2021-09-30,1,ERF.PA,0.412521,-2.756214,-0.515354,non
2021-09-30,2,DSY.PA,0.29794,-2.939016,-0.213554,non
2021-09-30,3,CAP.PA,0.275118,-2.909005,-0.177039,non
2021-09-30,4,STMPA.PA,0.254961,-0.44852,0.076953,non
2021-09-30,5,EL.PA,0.204542,-2.211119,-0.043438,non
2021-09-30,6,RMS.PA,0.191556,-2.828513,-0.240293,non
2021-09-30,7,TEP.PA,0.168358,-3.595307,-0.472601,non
2021-09-30,8,SGO.PA,0.167554,-2.756914,-0.154872,non
2021-09-30,9,SU.PA,0.165154,-2.039899,-0.319733,non
2021-09-30,10,LR.PA,0.164484,-3.540451,-0.277748,non
2021-10-01,1,ERF.PA,0.408774,-3.578523,-0.686511,non
2021-10-01,2,DSY.PA,0.294665,-3.211043,-0.329833,non
2021-10-01,3,CAP.PA,0.27204,-3.052518,-0.249184,non
2021-10-01,4,STMPA.PA,0.25846,-0.836942,0.003145,non
2021-10-01,5,EL.PA,0.203549,-1.749505,-0.089143,non
2021-10-01,6,RMS.PA,0.184832,-2.70225,-0.333255,non
2021-10-01,7,TEP.PA,0.165866,-3.55679,-0.56593,non
2021-10-01,8,SU.PA,0.164469,-2.320622,-0.371241,non
2021-10-01,9,SGO.PA,0.162491,-3.417689,-0.240262,non
2021-10-01,10,LR.PA,0.160542,-4.018,-0.329174,non
2021-10-04,1,ERF.PA,0.404615,-3.627015,-0.834986,non
2021-10-04,2,DSY.PA,0.290677,-3.47448,-0.448286,non
2021-10-04,3,CAP.PA,0.268615,-3.395447,-0.329073,non
2021-10-04,4,STMPA.PA,0.259365,-1.745026,-0.103634,non
2021-10-04,5,EL.PA,0.20231,-2.066291,-0.118808,non
2021-10-04,6,RMS.PA,0.177609,-2.665195,-0.398028,non
2021-10-04,7,SU.PA,0.163215,-2.665809,-0.422235,non
2021-10-04,8,TEP.PA,0.162844,-3.581197,-0.639456,non
2021-10-04,9,SGO.PA,0.157027,-3.347104,-0.318509,non
2021-10-04,10,LR.PA,0.156005,-4.147509,-0.388351,non
2021-10-05,1,ERF.PA,0.400507,-3.255038,-0.947345,non
2021-10-05,2,DSY.PA,0.286708,-3.107376,-0.540161,non
2021-10-05,3,CAP.PA,0.264539,-3.046769,-0.386216,non
2021-10-05,4,STMPA.PA,0.259694,-1.187121,-0.168266,non
2021-10-05,5,EL.PA,0.201326,-1.527929,-0.129713,non
2021-10-05,6,RMS.PA,0.170226,-2.396995,-0.421808,non
2021-10-05,7,SU.PA,0.162229,-2.12238,-0.437569,non
2021-10-05,8,TEP.PA,0.160591,-3.045386,-0.658827,non
2021-10-05,9,LR.PA,0.151778,-3.425754,-0.404911,non
2021-10-05,10,SGO.PA,0.151609,-2.763816,-0.366857,non
2021-10-06,1,ERF.PA,0.396258,-2.942008,-0.996899,non
2021-10-06,2,DSY.PA,0.283009,-3.024022,-0.637347,non
2021-10-06,3,CAP.PA,0.260289,-3.029585,-0.460897,non
2021-10-06,4,STMPA.PA,0.259545,-1.668092,-0.280211,non
2021-10-06,5,EL.PA,0.200035,-2.424803,-0.159028,non
2021-10-06,6,RMS.PA,0.163013,-2.458956,-0.457673,non
2021-10-06,7,SU.PA,0.160198,-2.586736,-0.506149,non
2021-10-06,8,TEP.PA,0.157509,-3.150126,-0.682682,non
2021-10-06,9,LR.PA,0.146796,-3.602972,-0.450806,non
2021-10-06,10,SGO.PA,0.145603,-2.854551,-0.434383,non
2021-10-07,1,ERF.PA,0.391655,-2.931041,-1.052162,non
2021-10-07,2,DSY.PA,0.280188,-2.693604,-0.687919,non
2021-10-07,3,STMPA.PA,0.260815,-1.351331,-0.363824,non
2021-10-07,4,CAP.PA,0.256724,-2.480747,-0.500245,non
2021-10-07,5,EL.PA,0.199539,-1.875132,-0.16128,non
2021-10-07,6,SU.PA,0.159448,-2.028203,-0.527682,non
2021-10-07,7,RMS.PA,0.157909,-1.630217,-0.425804,non
2021-10-07,8,TEP.PA,0.155076,-2.654574,-0.679409,non
2021-10-07,9,LR.PA,0.142603,-2.807077,-0.460872,non
2021-10-07,10,SGO.PA,0.141701,-1.732748,-0.411743,non
2021-10-08,1,ERF.PA,0.386441,-2.998602,-1.085056,non
2021-10-08,2,DSY.PA,0.27661,-3.016534,-0.773571,non
2021-10-08,3,STMPA.PA,0.261657,-2.000642,-0.451574,non
2021-10-08,4,CAP.PA,0.252369,-2.78046,-0.553789,non
2021-10-08,5,EL.PA,0.197585,-2.830633,-0.189576,non
2021-10-08,6,SU.PA,0.157989,-2.469967,-0.551302,non
2021-10-08,7,TEP.PA,0.152269,-2.790238,-0.68451,non
2021-10-08,8,RMS.PA,0.152156,-1.9052,-0.393871,non
2021-10-08,9,SGO.PA,0.138507,-1.254086,-0.361895,non
2021-10-08,10,LR.PA,0.137786,-3.099635,-0.476774,non
2021-10-11,1,ERF.PA,0.38086,-2.969755,-1.149445,non
2021-10-11,2,DSY.PA,0.272467,-3.008348,-0.871701,non
2021-10-11,3,STMPA.PA,0.262827,-2.136658,-0.539662,non
2021-10-11,4,CAP.PA,0.247687,-2.808661,-0.609323,non
2021-10-11,5,EL.PA,0.194426,-3.669219,-0.252291,non
2021-10-11,6,SU.PA,0.1557,-2.771241,-0.577972,non
2021-10-11,7,TEP.PA,0.148639,-2.840175,-0.70055,non
2021-10-11,8,RMS.PA,0.146625,-1.616422,-0.364057,non
2021-10-11,9,SGO.PA,0.135147,-1.175116,-0.300018,non
2021-10-11,10,LR.PA,0.132691,-3.087654,-0.488562,non
2021-10-12,1,ERF.PA,0.375173,-2.640992,-1.149468,non
2021-10-12,2,DSY.PA,0.268314,-2.850549,-0.92372,non
2021-10-12,3,STMPA.PA,0.263436,-2.614978,-0.586062,non
2021-10-12,4,CAP.PA,0.243091,-2.638148,-0.628442,non
2021-10-12,5,EL.PA,0.190838,-3.571249,-0.304766,non
2021-10-12,6,SU.PA,0.153834,-2.598305,-0.572031,non
2021-10-12,7,TEP.PA,0.145129,-2.743708,-0.692002,non
2021-10-12,8,RMS.PA,0.141462,-1.42665,-0.329738,non
2021-10-12,9,SGO.PA,0.131387,-1.310817,-0.246944,non
2021-10-12,10,AIR.PA,0.129604,-1.351955,0.005096,oui
2021-10-13,1,ERF.PA,0.36944,-2.238603,-1.100041,non
2021-10-13,2,DSY.PA,0.265587,-2.141936,-0.901004,non
2021-10-13,3,STMPA.PA,0.263577,-2.308326,-0.592708,non
2021-10-13,4,CAP.PA,0.240204,-1.704463,-0.594911,non
2021-10-13,5,EL.PA,0.187993,-3.028925,-0.344802,non
2021-10-13,6,SU.PA,0.15204,-2.286105,-0.549877,non
2021-10-13,7,TEP.PA,0.142146,-2.14274,-0.658632,non
2021-10-13,8,RMS.PA,0.137294,-0.83009,-0.279808,non
2021-10-13,9,SGO.PA,0.12792,-1.072505,-0.182785,non
2021-10-13,10,AIR.PA,0.12615,-1.535296,-0.0509,non
2021-10-14,1,ERF.PA,0.363714,-2.029642,-0.997516,non
2021-10-14,2,STMPA.PA,0.26499,-1.983311,-0.547402,non
2021-10-14,3,DSY.PA,0.26335,-1.882243,-0.808268,non
2021-10-14,4,CAP.PA,0.238706,-1.162251,-0.48505,non
2021-10-14,5,EL.PA,0.185058,-2.917134,-0.358854,non
2021-10-14,6,SU.PA,0.150583,-1.60461,-0.437083,non
2021-10-14,7,TEP.PA,0.140042,-1.548382,-0.568966,non
2021-10-14,8,RMS.PA,0.133785,-0.5203,-0.196298,non
2021-10-14,9,SGO.PA,0.124602,-0.514976,-0.075661,non
2021-10-14,10,AIR.PA,0.123266,-1.25854,-0.059425,non
2021-10-15,1,ERF.PA,0.357095,-2.195559,-0.88327,non
2021-10-15,2,STMPA.PA,0.264675,-1.91852,-0.52791,non
2021-10-15,3,DSY.PA,0.260718,-1.757842,-0.704938,non
2021-10-15,4,CAP.PA,0.236878,-1.089784,-0.377631,non
2021-10-15,5,EL.PA,0.182265,-1.911944,-0.337067,non
2021-10-15,6,SU.PA,0.14869,-1.561285,-0.35455,non
2021-10-15,7,TEP.PA,0.138011,-1.371473,-0.480357,non
2021-10-15,8,RMS.PA,0.129864,-0.443241,-0.089217,non
2021-10-15,9,SGO.PA,0.121766,-0.431144,-0.001709,non
2021-10-15,10,AIR.PA,0.120842,-0.872312,-0.072024,non
2021-10-18,1,ERF.PA,0.351026,-1.982259,-0.742106,non
2021-10-18,2,STMPA.PA,0.263834,-1.823804,-0.517406,non
2021-10-18,3,DSY.PA,0.258138,-1.666149,-0.58583,non
2021-10-18,4,CAP.PA,0.234729,-1.224112,-0.303123,non
2021-10-18,5,EL.PA,0.180175,-1.399609,-0.305601,non
2021-10-18,6,SU.PA,0.146742,-1.843195,-0.342833,non
2021-10-18,7,TEP.PA,0.135952,-1.515395,-0.411469,non
2021-10-18,8,RMS.PA,0.125609,-0.743949,-0.029248,non
2021-10-18,9,VIE.PA,0.1201,-1.018501,-0.01869,non
2021-10-18,10,SGO.PA,0.118451,-0.775814,0.015104,non
2021-10-19,1,ERF.PA,0.345136,-1.737687,-0.531956,non
2021-10-19,2,STMPA.PA,0.262436,-1.584637,-0.464611,non
2021-10-19,3,DSY.PA,0.254493,-1.530364,-0.409854,non
2021-10-19,4,CAP.PA,0.232542,-0.90257,-0.165706,non
2021-10-19,5,EL.PA,0.177828,-1.182292,-0.235066,non
2021-10-19,6,SU.PA,0.143944,-1.735357,-0.310451,non
2021-10-19,7,TEP.PA,0.133575,-1.266346,-0.273938,non
2021-10-19,8,RMS.PA,0.121343,-0.554348,0.071105,non
2021-10-19,9,VIE.PA,0.120137,-0.183201,0.035578,non
2021-10-19,10,SGO.PA,0.115354,-0.704117,0.08186,non
2021-10-20,1,ERF.PA,0.339482,-1.614565,-0.314552,non
2021-10-20,2,STMPA.PA,0.261643,-1.707491,-0.397684,non
2021-10-20,3,DSY.PA,0.251108,-1.544095,-0.244504,non
2021-10-20,4,CAP.PA,0.22964,-1.395488,-0.059372,non
2021-10-20,5,EL.PA,0.175846,-1.0129,-0.152736,non
2021-10-20,6,SU.PA,0.141903,-1.723631,-0.233117,non
2021-10-20,7,TEP.PA,0.131448,-1.30682,-0.139255,non
2021-10-20,8,VIE.PA,0.120485,0.421874,0.113215,non
2021-10-20,9,RMS.PA,0.118683,-0.058987,0.207382,non
2021-10-20,10,SGO.PA,0.114305,-0.541583,0.166119,non
2021-10-21,1,ERF.PA,0.330559,-2.566435,-0.207853,non
2021-10-21,2,STMPA.PA,0.260479,-1.349163,-0.275401,non
2021-10-21,3,DSY.PA,0.247566,-1.339887,-0.038909,non
2021-10-21,4,CAP.PA,0.226696,-1.529668,0.065647,oui
2021-10-21,5,EL.PA,0.174033,-0.818431,-0.042802,non
2021-10-21,6,SU.PA,0.139058,-2.05646,-0.168303,non
2021-10-21,7,TEP.PA,0.129283,-1.075269,0.028009,oui
2021-10-21,8,VIE.PA,0.120817,-0.003885,0.21685,non
2021-10-21,9,RMS.PA,0.116504,0.261987,0.40321,non
2021-10-21,10,SGO.PA,0.112693,-1.067461,0.214642,non
2021-10-22,1,ERF.PA,0.32119,-2.583048,-0.129888,non
2021-10-22,2,STMPA.PA,0.26083,-1.055865,-0.132787,non
2021-10-22,3,DSY.PA,0.243921,-1.443733,0.135389,oui
2021-10-22,4,CAP.PA,0.225041,-1.012149,0.208127,oui
2021-10-22,5,EL.PA,0.172924,-0.453493,0.045327,non
2021-10-22,6,SU.PA,0.136772,-1.793548,-0.101608,non
2021-10-22,7,TEP.PA,0.127924,-0.845361,0.199829,non
2021-10-22,8,VIE.PA,0.122166,0.572691,0.310702,non
2021-10-22,9,RMS.PA,0.115328,0.777449,0.593185,non
2021-10-22,10,SGO.PA,0.111323,-0.957573,0.273359,non
2021-10-25,1,ERF.PA,0.311289,-2.465938,-0.11391,non
2021-10-25,2,STMPA.PA,0.260382,-0.872724,0.033378,non
2021-10-25,3,DSY.PA,0.239667,-1.374567,0.259223,oui
2021-10-25,4,CAP.PA,0.222889,-1.153287,0.332907,oui
2021-10-25,5,EL.PA,0.171322,-0.604915,0.115597,non
2021-10-25,6,SU.PA,0.133659,-1.936558,-0.060062,non
2021-10-25,7,TEP.PA,0.12549,-1.054388,0.297145,non
2021-10-25,8,VIE.PA,0.123169,0.184891,0.382924,non
2021-10-25,9,RMS.PA,0.113068,0.512359,0.699261,non
2021-10-25,10,SGO.PA,0.109313,-1.146329,0.313492,non
2021-10-26,1,ERF.PA,0.301159,-2.396065,-0.136088,non
2021-10-26,2,STMPA.PA,0.259215,-0.479925,0.143716,non
2021-10-26,3,DSY.PA,0.235388,-1.221026,0.322606,oui
2021-10-26,4,CAP.PA,0.220225,-0.913473,0.380453,non
2021-10-26,5,EL.PA,0.169478,-0.243394,0.157502,non
2021-10-26,6,SU.PA,0.13056,-1.522293,-0.031161,non
2021-10-26,7,VIE.PA,0.123406,0.32345,0.402208,non
2021-10-26,8,TEP.PA,0.122595,-0.915484,0.358453,non
2021-10-26,9,RMS.PA,0.110471,0.607482,0.737301,non
2021-10-26,10,SGO.PA,0.106589,-1.026146,0.328113,oui
2021-10-27,1,ERF.PA,0.290381,-2.309812,-0.149794,non
2021-10-27,2,STMPA.PA,0.25701,-0.527431,0.244489,non
2021-10-27,3,DSY.PA,0.230517,-1.170536,0.37691,oui
2021-10-27,4,CAP.PA,0.21685,-1.098733,0.415515,non
2021-10-27,5,EL.PA,0.166812,-0.899914,0.200679,non
2021-10-27,6,SU.PA,0.128025,-0.939905,0.043135,non
2021-10-27,7,VIE.PA,0.123716,0.047158,0.404122,non
2021-10-27,8,TEP.PA,0.119008,-0.985619,0.397976,non
2021-10-27,9,RMS.PA,0.107034,0.343092,0.758479,non
2021-10-27,10,TTE.PA,0.10609,1.255841,0.293977,non
2021-10-28,1,ERF.PA,0.280283,-2.159482,-0.141715,non
2021-10-28,2,STMPA.PA,0.257873,1.17094,0.444077,non
2021-10-28,3,DSY.PA,0.22839,-0.096972,0.512598,non
2021-10-28,4,CAP.PA,0.216218,0.209683,0.52305,non
2021-10-28,5,EL.PA,0.164802,-0.238681,0.248188,non
2021-10-28,6,SU.PA,0.126158,-0.511164,0.131354,non
2021-10-28,7,VIE.PA,0.125087,0.684104,0.435337,non
2021-10-28,8,TEP.PA,0.115926,-0.770329,0.42025,non
2021-10-28,9,TTE.PA,0.110138,1.033109,0.208275,non
2021-10-28,10,RMS.PA,0.104809,0.874322,0.779786,non
2021-10-29,1,ERF.PA,0.269979,-2.175263,-0.208761,non
2021-10-29,2,STMPA.PA,0.258388,0.786759,0.593512,non
2021-10-29,3,DSY.PA,0.226611,0.02231,0.619506,non
2021-10-29,4,CAP.PA,0.216398,0.392521,0.615923,non
2021-10-29,5,EL.PA,0.164636,1.114547,0.354777,non
2021-10-29,6,VIE.PA,0.126293,-0.047038,0.434146,non
2021-10-29,7,SU.PA,0.125275,-0.524144,0.198614,non
2021-10-29,8,TTE.PA,0.115163,0.995962,0.116478,non
2021-10-29,9,TEP.PA,0.113082,-0.733238,0.427343,non
2021-10-29,10,RMS.PA,0.10308,0.992301,0.787544,non
2021-11-01,1,ERF.PA,0.260502,-1.914767,-0.264427,non
2021-11-01,2,STMPA.PA,0.258693,0.832781,0.680004,non
2021-11-01,3,DSY.PA,0.224538,0.087207,0.686107,non
2021-11-01,4,CAP.PA,0.216869,0.639643,0.681929,non
2021-11-01,5,EL.PA,0.165603,2.121734,0.481857,non
2021-11-01,6,VIE.PA,0.127189,0.486999,0.462544,non
2021-11-01,7,SU.PA,0.12402,-0.510601,0.239334,non
2021-11-01,8,TTE.PA,0.12032,0.996068,0.05256,non
2021-11-01,9,TEP.PA,0.110192,-0.65792,0.415886,non
2021-11-01,10,RMS.PA,0.101575,1.253421,0.78352,non
2021-11-02,1,STMPA.PA,0.259683,1.189722,0.807287,non
2021-11-02,2,ERF.PA,0.251603,-1.721974,-0.281234,non
2021-11-02,3,DSY.PA,0.22338,0.557675,0.783625,non
2021-11-02,4,CAP.PA,0.217971,0.944897,0.759145,non
2021-11-02,5,EL.PA,0.166601,2.18895,0.617549,non
2021-11-02,6,VIE.PA,0.128548,0.629504,0.513647,non
2021-11-02,7,TTE.PA,0.125401,0.9889,0.034057,non
2021-11-02,8,SU.PA,0.122914,-0.333298,0.310212,non
2021-11-02,9,TEP.PA,0.108408,-0.046039,0.452981,non
2021-11-02,10,RMS.PA,0.100182,1.495928,0.782006,non
2021-11-03,1,STMPA.PA,0.261163,1.534786,0.910282,non
2021-11-03,2,ERF.PA,0.241881,-1.822691,-0.298189,non
2021-11-03,3,DSY.PA,0.222847,0.971753,0.887703,non
2021-11-03,4,CAP.PA,0.21875,1.161136,0.822131,non
2021-11-03,5,EL.PA,0.167596,2.851657,0.740279,non
2021-11-03,6,VIE.PA,0.129476,0.698228,0.521308,non
2021-11-03,7,TTE.PA,0.128169,0.588116,-0.031948,non
2021-11-03,8,SU.PA,0.121208,0.034769,0.367008,non
2021-11-03,9,TEP.PA,0.105729,-0.157417,0.454791,non
2021-11-03,10,GLE.PA,0.099966,1.387483,0.184431,non
2021-11-04,1,STMPA.PA,0.263936,2.037497,1.045778,non
2021-11-04,2,ERF.PA,0.232959,-1.719843,-0.311733,non
2021-11-04,3,DSY.PA,0.223945,1.393457,1.016898,non
2021-11-04,4,CAP.PA,0.219948,1.272359,0.897505,non
2021-11-04,5,EL.PA,0.169507,2.773623,0.864831,non
2021-11-04,6,VIE.PA,0.13269,2.097229,0.584016,non
2021-11-04,7,TTE.PA,0.13135,0.685064,-0.089496,non
2021-11-04,8,SU.PA,0.120442,0.233408,0.453974,non
2021-11-04,9,GLE.PA,0.103822,1.563453,0.217076,non
2021-11-04,10,TEP.PA,0.103318,-0.521937,0.443075,non
2021-11-05,1,STMPA.PA,0.267275,2.310892,1.142254,non
2021-11-05,2,DSY.PA,0.224893,1.330947,1.084378,non
2021-11-05,3,ERF.PA,0.22231,-2.036316,-0.389348,non
2021-11-05,4,CAP.PA,0.220575,1.120537,0.917366,non
2021-11-05,5,EL.PA,0.17126,2.305188,0.926026,non
2021-11-05,6,TTE.PA,0.135072,0.696468,-0.120146,non
2021-11-05,7,VIE.PA,0.13495,1.232583,0.561177,non
2021-11-05,8,SU.PA,0.119669,0.09647,0.495488,non
2021-11-05,9,GLE.PA,0.108185,1.707194,0.257204,non
2021-11-05,10,CS.PA,0.102186,1.310366,0.432574,non
2021-11-08,1,STMPA.PA,0.271323,2.5164,1.224643,non
2021-11-08,2,DSY.PA,0.226215,1.388857,1.119612,non
2021-11-08,3,CAP.PA,0.221896,1.161318,0.908467,non
2021-11-08,4,ERF.PA,0.212892,-1.721675,-0.435217,non
2021-11-08,5,EL.PA,0.172842,2.133373,0.930481,non
2021-11-08,6,TTE.PA,0.138817,0.675662,-0.116829,non
2021-11-08,7,VIE.PA,0.137051,1.086214,0.539397,non
2021-11-08,8,SU.PA,0.119102,0.292889,0.514452,non
2021-11-08,9,GLE.PA,0.11207,1.434534,0.283406,non
2021-11-08,10,CS.PA,0.105327,1.333614,0.484208,non
2021-11-09,1,STMPA.PA,0.274748,2.068377,1.233868,non
2021-11-09,2,DSY.PA,0.227425,1.319866,1.124271,non
2021-11-09,3,CAP.PA,0.223335,1.119486,0.878194,non
2021-11-09,4,ERF.PA,0.203861,-1.606899,-0.446681,non
2021-11-09,5,EL.PA,0.173037,1.373604,0.880663,non
2021-11-09,6,TTE.PA,0.141724,0.634251,-0.128571,non
2021-11-09,7,VIE.PA,0.139055,1.017008,0.518146,non
2021-11-09,8,SU.PA,0.118255,0.221174,0.519775,non
2021-11-09,9,GLE.PA,0.115881,1.087161,0.284925,non
2021-11-09,10,CS.PA,0.107533,0.932353,0.501386,non
2021-11-10,1,STMPA.PA,0.276891,1.378733,1.199637,non
2021-11-10,2,DSY.PA,0.227747,0.916179,1.121542,non
2021-11-10,3,CAP.PA,0.223642,0.622459,0.852932,non
2021-11-10,4,ERF.PA,0.194337,-1.707772,-0.440735,non
2021-11-10,5,EL.PA,0.172962,0.826915,0.806212,non
2021-11-10,6,TTE.PA,0.145049,0.74476,-0.142548,non
2021-11-10,7,VIE.PA,0.141128,1.044365,0.500445,non
2021-11-10,8,GLE.PA,0.118523,0.910244,0.256056,non
2021-11-10,9,SU.PA,0.117216,0.149259,0.521636,non
2021-11-10,10,CS.PA,0.110062,1.267032,0.493872,non
2021-11-11,1,STMPA.PA,0.279952,1.764502,1.189231,non
2021-11-11,2,DSY.PA,0.227835,1.142722,1.131947,non
2021-11-11,3,CAP.PA,0.223897,1.036547,0.873649,non
2021-11-11,4,ERF.PA,0.186138,-1.2892,-0.355508,non
2021-11-11,5,EL.PA,0.17238,0.584238,0.706976,non
2021-11-11,6,TTE.PA,0.147737,0.663672,-0.141517,non
2021-11-11,7,VIE.PA,0.14244,0.766485,0.461918,non
2021-11-11,8,GLE.PA,0.122384,0.895688,0.241609,non
2021-11-11,9,SU.PA,0.116404,0.263329,0.556664,non
2021-11-11,10,CS.PA,0.113045,1.283062,0.490717,non
2021-11-12,1,STMPA.PA,0.283846,1.950318,1.174378,non
2021-11-12,2,DSY.PA,0.228652,1.272257,1.13856,non
2021-11-12,3,CAP.PA,0.224419,1.062402,0.886767,non
2021-11-12,4,ERF.PA,0.178605,-1.136311,-0.270421,non
2021-11-12,5,EL.PA,0.172323,0.83503,0.639964,non
2021-11-12,6,TTE.PA,0.149689,0.30219,-0.139816,non
2021-11-12,7,VIE.PA,0.14448,1.026733,0.431865,non
2021-11-12,8,GLE.PA,0.126001,0.640882,0.238719,non
2021-11-12,9,CS.PA,0.11663,1.218292,0.491079,non
2021-11-12,10,SU.PA,0.116173,0.429057,0.593251,non
2021-11-15,1,STMPA.PA,0.287561,1.85886,1.139918,non
2021-11-15,2,DSY.PA,0.229318,1.289856,1.130756,non
2021-11-15,3,CAP.PA,0.224681,1.089795,0.878582,non
2021-11-15,4,EL.PA,0.172245,1.039691,0.588483,non
2021-11-15,5,ERF.PA,0.171349,-1.045978,-0.155615,non
2021-11-15,6,TTE.PA,0.151744,0.46384,-0.11142,non
2021-11-15,7,VIE.PA,0.146361,1.135525,0.394126,non
2021-11-15,8,GLE.PA,0.130254,1.038384,0.252341,non
2021-11-15,9,CS.PA,0.119842,1.227216,0.483483,non
2021-11-15,10,SU.PA,0.115518,0.435798,0.600998,non
2021-11-16,1,STMPA.PA,0.291069,1.842736,1.097974,non
2021-11-16,2,DSY.PA,0.229215,1.075214,1.094686,non
2021-11-16,3,CAP.PA,0.22475,1.05078,0.873619,non
2021-11-16,4,EL.PA,0.172877,1.66135,0.559179,non
2021-11-16,5,ERF.PA,0.16219,-1.065762,-0.020207,non
2021-11-16,6,TTE.PA,0.154871,0.505949,-0.065766,non
2021-11-16,7,VIE.PA,0.148206,0.838343,0.371377,non
2021-11-16,8,GLE.PA,0.134869,0.917,0.259809,non
2021-11-16,9,CS.PA,0.12281,0.728463,0.449036,non
2021-11-16,10,SU.PA,0.114945,0.346341,0.595435,non
2021-11-17,1,STMPA.PA,0.294836,1.98647,1.039885,non
2021-11-17,2,DSY.PA,0.228826,1.055365,1.035028,non
2021-11-17,3,CAP.PA,0.224881,1.067996,0.823745,non
2021-11-17,4,EL.PA,0.173792,1.56876,0.521544,non
2021-11-17,5,TTE.PA,0.15848,0.301232,-0.025891,non
2021-11-17,6,ERF.PA,0.152429,-0.997175,0.138948,non
2021-11-17,7,VIE.PA,0.150003,0.940414,0.374455,non
2021-11-17,8,GLE.PA,0.139461,0.787466,0.254772,non
2021-11-17,9,CS.PA,0.125817,0.658583,0.409499,non
2021-11-17,10,BNP.PA,0.12082,1.04435,0.242226,non
2021-11-18,1,STMPA.PA,0.297491,1.678664,0.963599,non
2021-11-18,2,DSY.PA,0.22799,1.081726,0.971702,non
2021-11-18,3,CAP.PA,0.224053,0.960926,0.740472,non
2021-11-18,4,EL.PA,0.175858,2.392747,0.515107,non
2021-11-18,5,TTE.PA,0.161511,0.032156,-0.020139,non
2021-11-18,6,VIE.PA,0.151403,0.794154,0.350006,non
2021-11-18,7,GLE.PA,0.144002,0.596851,0.223931,non
2021-11-18,8,ERF.PA,0.143288,-0.805938,0.206087,non
2021-11-18,9,CS.PA,0.128422,0.392839,0.336833,non
2021-11-18,10,BNP.PA,0.126969,0.710534,0.216022,non
2021-11-19,1,STMPA.PA,0.300791,1.766773,0.892434,non
2021-11-19,2,DSY.PA,0.22798,1.307709,0.89661,non
2021-11-19,3,CAP.PA,0.223623,0.96378,0.673899,non
2021-11-19,4,EL.PA,0.177648,2.25857,0.506268,non
2021-11-19,5,TTE.PA,0.163256,-0.55179,-0.064133,non
2021-11-19,6,VIE.PA,0.15131,-0.344506,0.300104,non
2021-11-19,7,GLE.PA,0.146963,-0.20044,0.158927,non
2021-11-19,8,ERF.PA,0.135323,-0.54531,0.282046,non
2021-11-19,9,BNP.PA,0.13146,-0.082927,0.145005,non
2021-11-19,10,RMS.PA,0.131143,4.198905,0.953766,non
2021-11-22,1,STMPA.PA,0.303132,1.571024,0.803995,non
2021-11-22,2,DSY.PA,0.226589,0.919951,0.776515,non
2021-11-22,3,CAP.PA,0.221931,0.41624,0.550573,non
2021-11-22,4,EL.PA,0.179586,2.00448,0.471503,non
2021-11-22,5,TTE.PA,0.165232,-0.359853,-0.080806,non
2021-11-22,6,VIE.PA,0.151421,-0.451542,0.231025,non
2021-11-22,7,GLE.PA,0.150822,0.124623,0.123491,non
2021-11-22,8,RMS.PA,0.138154,3.402055,1.022083,non
2021-11-22,9,BNP.PA,0.136966,0.221888,0.109516,non
2021-11-22,10,CS.PA,0.133264,0.195312,0.174204,non
2021-11-23,1,STMPA.PA,0.303334,0.441304,0.655922,non
2021-11-23,2,DSY.PA,0.223613,0.101282,0.59071,non
2021-11-23,3,CAP.PA,0.218839,-0.294586,0.38682,non
2021-11-23,4,EL.PA,0.1803,0.826924,0.390577,non
2021-11-23,5,TTE.PA,0.167781,-0.178282,-0.082553,non
2021-11-23,6,GLE.PA,0.153899,0.03351,0.085165,non
2021-11-23,7,VIE.PA,0.150862,-0.595135,0.162085,non
2021-11-23,8,RMS.PA,0.144544,2.820221,1.040872,non
2021-11-23,9,BNP.PA,0.141925,0.253152,0.078177,non
2021-11-23,10,CS.PA,0.135915,0.257109,0.125244,non
2021-11-24,1,STMPA.PA,0.303511,0.245138,0.485328,non
2021-11-24,2,DSY.PA,0.219741,-0.34792,0.362788,non
2021-11-24,3,CAP.PA,0.214985,-0.5365,0.187733,non
2021-11-24,4,EL.PA,0.180935,0.928564,0.282845,non
2021-11-24,5,TTE.PA,0.170882,-0.124209,-0.077704,non
2021-11-24,6,GLE.PA,0.156722,-0.01109,0.037122,non
2021-11-24,7,RMS.PA,0.151372,2.748422,1.026529,non
2021-11-24,8,VIE.PA,0.150801,-0.325007,0.093602,non
2021-11-24,9,BNP.PA,0.146216,0.024667,0.027025,non
2021-11-24,10,CS.PA,0.137759,0.246565,0.070344,non
2021-11-25,1,STMPA.PA,0.303838,0.065348,0.383712,non
2021-11-25,2,DSY.PA,0.21649,0.016904,0.231045,non
2021-11-25,3,CAP.PA,0.212022,-0.290961,0.079221,non
2021-11-25,4,EL.PA,0.181444,0.89926,0.188764,non
2021-11-25,5,TTE.PA,0.173661,-0.192032,-0.084411,non
2021-11-25,6,GLE.PA,0.159927,-0.019755,-0.023068,non
2021-11-25,7,RMS.PA,0.158473,2.868601,1.039109,non
2021-11-25,8,VIE.PA,0.150547,-0.236174,0.055986,non
2021-11-25,9,BNP.PA,0.150485,0.03246,-0.030891,non
2021-11-25,10,CS.PA,0.139104,0.072565,0.005422,non
2021-11-26,1,STMPA.PA,0.302678,-0.894745,0.209791,non
2021-11-26,2,DSY.PA,0.21347,-0.088491,0.096751,non
2021-11-26,3,CAP.PA,0.208798,-0.933143,-0.055952,non
2021-11-26,4,EL.PA,0.180034,-0.929459,0.061266,non
2021-11-26,5,TTE.PA,0.174314,-1.451015,-0.172532,non
2021-11-26,6,RMS.PA,0.164125,2.071707,0.982343,non
2021-11-26,7,GLE.PA,0.159932,-2.248709,-0.162343,non
2021-11-26,8,BNP.PA,0.152317,-1.620374,-0.163556,non
2021-11-26,9,VIE.PA,0.148581,-1.890794,-0.080167,non
2021-11-26,10,CS.PA,0.138408,-1.787094,-0.089336,non
2021-11-29,1,STMPA.PA,0.302668,-0.33042,0.074884,non
2021-11-29,2,DSY.PA,0.211103,0.094712,-0.022662,non
2021-11-29,3,CAP.PA,0.206049,-0.746778,-0.159346,non
2021-11-29,4,EL.PA,0.178881,-0.679736,-0.013512,non
2021-11-29,5,TTE.PA,0.176208,-1.168507,-0.223034,non
2021-11-29,6,RMS.PA,0.170578,2.34345,0.951413,non
2021-11-29,7,GLE.PA,0.160242,-2.038346,-0.251662,non
2021-11-29,8,BNP.PA,0.15431,-1.648541,-0.240956,non
2021-11-29,9,VIE.PA,0.147416,-1.435688,-0.170837,non
2021-11-29,10,CS.PA,0.137805,-1.773007,-0.169391,non
2021-11-30,1,STMPA.PA,0.302527,-0.337764,-0.039711,non
2021-11-30,2,DSY.PA,0.208352,-0.021106,-0.118246,non
2021-11-30,3,CAP.PA,0.203582,-0.510101,-0.222426,non
2021-11-30,4,TTE.PA,0.177507,-1.493469,-0.280193,non
2021-11-30,5,RMS.PA,0.177386,2.329342,0.922008,non
2021-11-30,6,EL.PA,0.176653,-1.309622,-0.103417,non
2021-11-30,7,GLE.PA,0.160427,-1.995588,-0.332597,non
2021-11-30,8,BNP.PA,0.15609,-1.864213,-0.321705,non
2021-11-30,9,VIE.PA,0.146259,-1.251289,-0.242343,non
2021-11-30,10,CS.PA,0.137843,-1.627583,-0.219605,non
2021-12-01,1,STMPA.PA,0.30401,0.622105,-0.076165,non
2021-12-01,2,DSY.PA,0.206111,0.143211,-0.170113,non
2021-12-01,3,CAP.PA,0.201997,-0.102514,-0.238677,non
2021-12-01,4,RMS.PA,0.18442,2.338907,0.903667,non
2021-12-01,5,TTE.PA,0.180162,-0.890914,-0.310177,non
2021-12-01,6,EL.PA,0.175426,-0.483253,-0.119971,non
2021-12-01,7,GLE.PA,0.16091,-1.05847,-0.356465,non
2021-12-01,8,BNP.PA,0.158418,-1.195226,-0.34253,non
2021-12-01,9,VIE.PA,0.145869,-0.424986,-0.26974,non
2021-12-01,10,CS.PA,0.139334,-0.387666,-0.208654,non
2021-12-02,1,STMPA.PA,0.302521,-1.162614,-0.185037,non
2021-12-02,2,DSY.PA,0.202569,-0.420806,-0.224274,non
2021-12-02,3,CAP.PA,0.199811,-0.526827,-0.265091,non
2021-12-02,4,RMS.PA,0.189785,1.642008,0.838893,non
2021-12-02,5,TTE.PA,0.182617,-0.901198,-0.321339,non
2021-12-02,6,EL.PA,0.173412,-1.249234,-0.157007,non
2021-12-02,7,GLE.PA,0.161826,-1.038913,-0.356088,non
2021-12-02,8,BNP.PA,0.161055,-1.362151,-0.379846,non
2021-12-02,9,VIE.PA,0.143987,-1.235805,-0.266159,non
2021-12-02,10,CS.PA,0.140793,-0.65249,-0.208525,non
2021-12-03,1,STMPA.PA,0.299099,-1.211176,-0.267229,non
2021-12-03,2,DSY.PA,0.198451,-0.673359,-0.288454,non
2021-12-03,3,CAP.PA,0.195866,-0.872139,-0.311831,non
2021-12-03,4,RMS.PA,0.194726,1.426953,0.767247,non
2021-12-03,5,TTE.PA,0.184073,-0.785191,-0.311875,non
2021-12-03,6,EL.PA,0.171215,-1.344677,-0.200216,non
2021-12-03,7,BNP.PA,0.161451,-1.54195,-0.406006,non
2021-12-03,8,GLE.PA,0.161033,-1.218272,-0.341892,non
2021-12-03,9,VIE.PA,0.141791,-0.738905,-0.264921,non
2021-12-03,10,CS.PA,0.140485,-0.837635,-0.214542,non
2021-12-06,1,STMPA.PA,0.295364,-1.141206,-0.315083,non
2021-12-06,2,RMS.PA,0.19843,0.827177,0.647882,non
2021-12-06,3,DSY.PA,0.194356,-0.672809,-0.334503,non
2021-12-06,4,CAP.PA,0.191541,-1.002201,-0.35216,non
2021-12-06,5,TTE.PA,0.187017,-0.275288,-0.257948,non
2021-12-06,6,EL.PA,0.169649,-0.975043,-0.21875,non
2021-12-06,7,BNP.PA,0.162757,-0.982955,-0.397708,non
2021-12-06,8,GLE.PA,0.160303,-0.924839,-0.314924,non
2021-12-06,9,CS.PA,0.140462,-0.188856,-0.185853,non
2021-12-06,10,VIE.PA,0.140353,-0.097986,-0.233917,non
2021-12-07,1,STMPA.PA,0.294348,0.157253,-0.290038,non
2021-12-07,2,RMS.PA,0.203663,1.404989,0.547619,non
2021-12-07,3,DSY.PA,0.192131,0.075221,-0.318476,non
2021-12-07,4,TTE.PA,0.190974,0.092156,-0.17424,non
2021-12-07,5,CAP.PA,0.188693,-0.22048,-0.333342,non
2021-12-07,6,EL.PA,0.169549,0.255921,-0.20214,non
2021-12-07,7,BNP.PA,0.164771,-0.563872,-0.375105,non
2021-12-07,8,GLE.PA,0.159525,-0.605766,-0.281588,non
2021-12-07,9,CS.PA,0.14033,-0.004712,-0.1622,non
2021-12-07,10,VIE.PA,0.139459,0.192431,-0.187413,non
2021-12-08,1,STMPA.PA,0.291381,-0.577924,-0.336429,non
2021-12-08,2,RMS.PA,0.206814,0.865277,0.383505,non
2021-12-08,3,TTE.PA,0.194601,-0.007852,-0.080981,non
2021-12-08,4,DSY.PA,0.189603,0.014736,-0.326894,non
2021-12-08,5,CAP.PA,0.185358,-0.405415,-0.349006,non
2021-12-08,6,EL.PA,0.169581,-0.165926,-0.22175,non
2021-12-08,7,BNP.PA,0.166222,-0.698542,-0.345262,non
2021-12-08,8,GLE.PA,0.159106,-0.40408,-0.240644,non
2021-12-08,9,CS.PA,0.139481,-0.157076,-0.124824,non
2021-12-08,10,VIE.PA,0.138411,0.610549,-0.117115,non
2021-12-09,1,STMPA.PA,0.288558,-0.78488,-0.362609,non
2021-12-09,2,RMS.PA,0.210984,0.960145,0.231744,non
2021-12-09,3,TTE.PA,0.198794,-0.239455,7.1e-05,non
2021-12-09,4,DSY.PA,0.188012,0.089858,-0.304955,non
2021-12-09,5,CAP.PA,0.183356,-0.137568,-0.313647,non
2021-12-09,6,EL.PA,0.170502,0.066153,-0.237279,non
2021-12-09,7,BNP.PA,0.167551,-1.153107,-0.32273,non
2021-12-09,8,GLE.PA,0.159865,-0.418725,-0.193059,non
2021-12-09,9,RI.PA,0.1396,0.675012,-0.052417,non
2021-12-09,10,CS.PA,0.139053,-0.222742,-0.082242,non
2021-12-10,1,STMPA.PA,0.285173,-1.021957,-0.376932,non
2021-12-10,2,RMS.PA,0.214898,0.886377,0.10419,non
2021-12-10,3,TTE.PA,0.202691,-0.246823,0.059765,non
2021-12-10,4,DSY.PA,0.185584,-0.187469,-0.281988,non
2021-12-10,5,CAP.PA,0.180807,-0.398456,-0.282687,non
2021-12-10,6,EL.PA,0.171174,-0.113583,-0.247838,non
2021-12-10,7,BNP.PA,0.168573,-1.608647,-0.318165,non
2021-12-10,8,GLE.PA,0.160256,-0.622317,-0.162279,non
2021-12-10,9,RI.PA,0.142134,0.617838,-0.041425,non
2021-12-10,10,VIE.PA,0.138824,1.204503,0.07308,non
2021-12-13,1,STMPA.PA,0.28185,-1.005532,-0.37724,non
2021-12-13,2,RMS.PA,0.218132,0.709862,-0.02092,non
2021-12-13,3,TTE.PA,0.20462,-0.672925,0.112229,non
2021-12-13,4,DSY.PA,0.18317,-0.290972,-0.251476,non
2021-12-13,5,CAP.PA,0.177661,-0.569325,-0.249028,non
2021-12-13,6,EL.PA,0.170981,-0.551134,-0.265046,non
2021-12-13,7,BNP.PA,0.168041,-2.01244,-0.271749,non
2021-12-13,8,GLE.PA,0.158902,-1.113079,-0.123782,non
2021-12-13,9,RI.PA,0.14485,0.439149,-0.021607,non
2021-12-13,10,VIE.PA,0.138847,1.456636,0.189783,non
2021-12-14,1,STMPA.PA,0.277774,-1.435327,-0.386572,non
2021-12-14,2,RMS.PA,0.220831,0.404957,-0.138025,non
2021-12-14,3,TTE.PA,0.206532,-0.578173,0.182655,non
2021-12-14,4,DSY.PA,0.179156,-0.813554,-0.260455,non
2021-12-14,5,CAP.PA,0.173849,-0.960197,-0.229435,non
2021-12-14,6,EL.PA,0.170243,-1.104647,-0.273381,non
2021-12-14,7,BNP.PA,0.167809,-1.975122,-0.236025,non
2021-12-14,8,GLE.PA,0.158375,-0.830362,-0.06712,non
2021-12-14,9,RI.PA,0.146851,-0.022623,-0.015988,non
2021-12-14,10,VIE.PA,0.138861,1.082701,0.279068,non
2021-12-15,1,STMPA.PA,0.273828,-0.933097,-0.334749,non
2021-12-15,2,RMS.PA,0.224407,0.769482,-0.218043,non
2021-12-15,3,TTE.PA,0.20741,-0.888618,0.226923,non
2021-12-15,4,DSY.PA,0.175938,-0.355891,-0.224802,non
2021-12-15,5,CAP.PA,0.170558,-0.599436,-0.171983,non
2021-12-15,6,EL.PA,0.169926,-0.751246,-0.257487,non
2021-12-15,7,BNP.PA,0.166835,-2.073014,-0.195555,non
2021-12-15,8,GLE.PA,0.157127,-1.032919,-0.017429,non
2021-12-15,9,RI.PA,0.148789,-0.010746,-0.006879,non
2021-12-15,10,VIE.PA,0.139842,1.791284,0.405339,non
2021-12-16,1,STMPA.PA,0.269068,-1.335015,-0.306408,non
2021-12-16,2,RMS.PA,0.228171,0.945103,-0.23194,non
2021-12-16,3,TTE.PA,0.210216,-0.146819,0.300541,non
2021-12-16,4,DSY.PA,0.172174,-0.513551,-0.185931,non
2021-12-16,5,EL.PA,0.169305,-0.414986,-0.177883,non
2021-12-16,6,CAP.PA,0.168316,-0.216811,-0.085252,non
2021-12-16,7,BNP.PA,0.167066,-1.512588,-0.134698,non
2021-12-16,8,GLE.PA,0.157967,-0.463128,0.059642,non
2021-12-16,9,RI.PA,0.150862,0.168755,0.020543,non
2021-12-16,10,VIE.PA,0.141613,1.879505,0.529692,non
2021-12-17,1,STMPA.PA,0.264386,-1.607679,-0.268679,non
2021-12-17,2,RMS.PA,0.228812,-0.163584,-0.255115,non
2021-12-17,3,TTE.PA,0.211738,-0.817584,0.291231,non
2021-12-17,4,DSY.PA,0.168205,-0.745232,-0.130798,non
2021-12-17,5,EL.PA,0.167488,-1.146182,-0.119933,non
2021-12-17,6,BNP.PA,0.165868,-1.938161,-0.13648,non
2021-12-17,7,CAP.PA,0.165442,-0.564893,-0.008299,non
2021-12-17,8,GLE.PA,0.156739,-1.189138,0.064034,non
2021-12-17,9,RI.PA,0.152367,-0.03074,0.044842,non
2021-12-17,10,VIE.PA,0.143427,1.635367,0.590595,non
2021-12-20,1,STMPA.PA,0.259929,-1.591427,-0.21915,non
2021-12-20,2,RMS.PA,0.229895,-0.00346,-0.278983,non
2021-12-20,3,TTE.PA,0.212969,-1.055549,0.284607,non
2021-12-20,4,BNP.PA,0.16569,-1.817012,-0.102398,non
2021-12-20,5,EL.PA,0.165495,-1.188422,-0.056897,non
2021-12-20,6,DSY.PA,0.164072,-0.725397,-0.08817,non
2021-12-20,7,CAP.PA,0.162331,-0.649143,0.038218,non
2021-12-20,8,GLE.PA,0.155953,-1.524023,0.076789,oui
2021-12-20,9,RI.PA,0.15359,-0.074649,0.075663,non
2021-12-20,10,VIE.PA,0.144744,1.280165,0.624819,non
2021-12-21,1,STMPA.PA,0.255661,-1.319049,-0.204288,non
2021-12-21,2,RMS.PA,0.230735,-0.120779,-0.324852,non
2021-12-21,3,TTE.PA,0.214261,-0.485711,0.326728,non
2021-12-21,4,BNP.PA,0.165923,-0.517085,0.006113,non
2021-12-21,5,EL.PA,0.163585,-0.900442,-0.019508,non
2021-12-21,6,DSY.PA,0.160253,-0.844772,-0.106086,non
2021-12-21,7,CAP.PA,0.158916,-0.636563,0.044485,non
2021-12-21,8,GLE.PA,0.154952,-0.733271,0.130915,non
2021-12-21,9,RI.PA,0.154654,-0.160518,0.086902,non
2021-12-21,10,VIE.PA,0.146296,1.454051,0.653837,non
2021-12-22,1,STMPA.PA,0.252231,-0.952907,-0.166358,non
2021-12-22,2,RMS.PA,0.232252,-0.012726,-0.339814,non
2021-12-22,3,TTE.PA,0.215264,-0.356856,0.382067,non
2021-12-22,4,BNP.PA,0.165835,-0.293023,0.117215,non
2021-12-22,5,EL.PA,0.16334,-0.275559,0.060279,non
2021-12-22,6,DSY.PA,0.157753,-0.358552,-0.1197,non
2021-12-22,7,CAP.PA,0.157454,0.213381,0.087726,non
2021-12-22,8,RI.PA,0.156417,0.119021,0.105695,non
2021-12-22,9,GLE.PA,0.153984,-0.418693,0.203171,non
2021-12-22,10,VIE.PA,0.148076,1.572248,0.692869,non
2021-12-23,1,STMPA.PA,0.248121,-0.709422,-0.115074,non
2021-12-23,2,RMS.PA,0.232038,-0.238646,-0.336332,non
2021-12-23,3,TTE.PA,0.216135,-0.166639,0.44388,non
2021-12-23,4,BNP.PA,0.164968,0.023261,0.247509,non
2021-12-23,5,EL.PA,0.162532,-0.189683,0.150438,non
2021-12-23,6,RI.PA,0.157196,0.189095,0.165505,non
2021-12-23,7,CAP.PA,0.155913,0.421403,0.156423,non
2021-12-23,8,DSY.PA,0.155124,-0.377439,-0.105807,non
2021-12-23,9,GLE.PA,0.15225,-0.0275,0.297581,non
2021-12-23,10,VIE.PA,0.148944,1.444057,0.722975,non
2021-12-24,1,STMPA.PA,0.245565,-0.46394,-0.103597,non
2021-12-24,2,RMS.PA,0.232582,-0.302513,-0.375122,non
2021-12-24,3,TTE.PA,0.216888,-0.441142,0.392921,non
2021-12-24,4,BNP.PA,0.164712,-0.162352,0.271829,non
2021-12-24,5,EL.PA,0.161673,-0.461726,0.14876,non
2021-12-24,6,RI.PA,0.157791,-0.120803,0.172691,non
2021-12-24,7,CAP.PA,0.154458,0.261169,0.169001,non
2021-12-24,8,DSY.PA,0.152455,-0.359297,-0.095479,non
2021-12-24,9,GLE.PA,0.151876,0.036393,0.279342,non
2021-12-24,10,VIE.PA,0.15002,1.45392,0.671243,non
2021-12-27,1,STMPA.PA,0.243547,-0.271841,-0.043644,non
2021-12-27,2,RMS.PA,0.233718,-0.260465,-0.364724,non
2021-12-27,3,TTE.PA,0.2177,-0.390429,0.358151,non
2021-12-27,4,BNP.PA,0.16487,0.129277,0.302292,non
2021-12-27,5,EL.PA,0.161455,-0.304927,0.163897,non
2021-12-27,6,RI.PA,0.158511,-0.318286,0.171158,non
2021-12-27,7,CAP.PA,0.15372,0.533029,0.2035,non
2021-12-27,8,GLE.PA,0.1515,0.056875,0.262461,non
2021-12-27,9,VIE.PA,0.151258,1.220884,0.614679,non
2021-12-27,10,DSY.PA,0.150458,-0.205496,-0.057234,non
2021-12-28,1,STMPA.PA,0.241511,-0.252674,0.019774,non
2021-12-28,2,RMS.PA,0.235372,-0.227979,-0.325205,non
2021-12-28,3,TTE.PA,0.218363,-0.264456,0.299022,non
2021-12-28,4,BNP.PA,0.165051,0.311869,0.321928,non
2021-12-28,5,EL.PA,0.161791,-0.047811,0.158689,non
2021-12-28,6,RI.PA,0.15947,-0.31556,0.138359,non
2021-12-28,7,VIE.PA,0.153395,2.009292,0.589716,non
2021-12-28,8,CAP.PA,0.153132,0.645812,0.253992,non
2021-12-28,9,GLE.PA,0.150842,0.181063,0.243602,non
2021-12-28,10,DSY.PA,0.149057,-0.042084,-0.012992,non
2021-12-29,1,STMPA.PA,0.239885,-0.419723,0.13892,non
2021-12-29,2,RMS.PA,0.237003,-0.262012,-0.258682,non
2021-12-29,3,TTE.PA,0.218297,-0.628246,0.256444,non
2021-12-29,4,BNP.PA,0.165246,0.191837,0.365407,non
2021-12-29,5,EL.PA,0.161898,-0.199787,0.180362,non
2021-12-29,6,RI.PA,0.160522,-0.22288,0.115608,non
2021-12-29,7,VIE.PA,0.154756,1.543479,0.567304,non
2021-12-29,8,CAP.PA,0.151966,0.431944,0.314253,non
2021-12-29,9,GLE.PA,0.150407,0.274229,0.267158,non
2021-12-29,10,DSY.PA,0.147433,-0.196576,0.035691,non
2021-12-30,1,RMS.PA,0.238231,-0.398269,-0.239327,non
2021-12-30,2,STMPA.PA,0.237263,-0.474826,0.148174,non
2021-12-30,3,TTE.PA,0.217741,-0.580914,0.21243,non
2021-12-30,4,BNP.PA,0.164951,0.117584,0.393091,non
2021-12-30,5,RI.PA,0.161374,-0.266461,0.084119,non
2021-12-30,6,EL.PA,0.161121,-0.161446,0.165355,non
2021-12-30,7,VIE.PA,0.155088,1.295453,0.487316,non
2021-12-30,8,CAP.PA,0.150446,0.498243,0.347783,non
2021-12-30,9,GLE.PA,0.149915,0.191475,0.283036,non
2021-12-30,10,DSY.PA,0.144967,-0.410191,0.029516,non
2021-12-31,1,RMS.PA,0.238672,-0.450434,-0.224145,non
2021-12-31,2,STMPA.PA,0.233669,-0.688458,0.136315,non
2021-12-31,3,TTE.PA,0.216392,-0.78182,0.161393,non
2021-12-31,4,BNP.PA,0.163943,0.129364,0.404431,non
2021-12-31,5,RI.PA,0.162245,-0.47636,0.053678,non
2021-12-31,6,EL.PA,0.159664,-0.264639,0.134451,non
2021-12-31,7,VIE.PA,0.156071,1.387774,0.420834,non
2021-12-31,8,CAP.PA,0.148749,0.446793,0.348662,non
2021-12-31,9,GLE.PA,0.148282,0.123901,0.28015,non
2021-12-31,10,DSY.PA,0.142197,-0.568938,-0.007671,non
2022-01-03,1,RMS.PA,0.238579,-0.409945,-0.243849,non
2022-01-03,2,STMPA.PA,0.229621,-0.364024,0.145273,non
2022-01-03,3,TTE.PA,0.214425,-0.168688,0.175471,non
2022-01-03,4,RI.PA,0.161893,-0.822298,0.045627,non
2022-01-03,5,BNP.PA,0.161502,0.342556,0.446184,non
2022-01-03,6,EL.PA,0.157139,-0.294434,0.112934,non
2022-01-03,7,VIE.PA,0.1565,1.645102,0.383029,non
2022-01-03,8,CAP.PA,0.145977,0.190411,0.316772,non
2022-01-03,9,GLE.PA,0.145141,0.387822,0.295588,non
2022-01-03,10,DSY.PA,0.138137,-1.152302,-0.087286,non
2022-01-04,1,RMS.PA,0.239053,-0.26326,-0.185885,non
2022-01-04,2,STMPA.PA,0.224307,-0.79415,0.209183,non
2022-01-04,3,TTE.PA,0.212621,0.03216,0.224255,non
2022-01-04,4,RI.PA,0.162734,0.368434,0.099799,non
2022-01-04,5,BNP.PA,0.161054,1.423208,0.551858,non
2022-01-04,6,VIE.PA,0.156626,1.600845,0.346495,non
2022-01-04,7,EL.PA,0.155502,0.274338,0.170987,non
2022-01-04,8,GLE.PA,0.144465,1.956848,0.38923,non
2022-01-04,9,CAP.PA,0.144277,0.618109,0.352882,non
2022-01-04,10,DSY.PA,0.133594,-1.119883,-0.106047,non
2022-01-05,1,RMS.PA,0.240473,-0.091529,-0.146799,non
2022-01-05,2,STMPA.PA,0.220557,-0.586613,0.244953,non
2022-01-05,3,TTE.PA,0.212138,0.32126,0.282638,non
2022-01-05,4,RI.PA,0.163982,0.427187,0.116765,non
2022-01-05,5,BNP.PA,0.161634,1.374534,0.64227,non
2022-01-05,6,VIE.PA,0.156668,1.071184,0.296012,non
2022-01-05,7,EL.PA,0.15462,0.496614,0.219362,non
2022-01-05,8,GLE.PA,0.145242,2.194986,0.494234,non
2022-01-05,9,CAP.PA,0.14154,0.036905,0.339344,non
2022-01-05,10,SU.PA,0.132068,1.792375,0.379775,non
2022-01-06,1,RMS.PA,0.239778,-0.945683,-0.160479,non
2022-01-06,2,STMPA.PA,0.215855,-0.977892,0.243829,non
2022-01-06,3,TTE.PA,0.21132,0.278051,0.32356,non
2022-01-06,4,RI.PA,0.163636,-1.547161,0.093003,non
2022-01-06,5,BNP.PA,0.162458,1.74312,0.719563,non
2022-01-06,6,VIE.PA,0.157052,1.136532,0.274782,non
2022-01-06,7,EL.PA,0.151788,-1.191286,0.204626,non
2022-01-06,8,GLE.PA,0.146505,2.685846,0.612739,non
2022-01-06,9,CAP.PA,0.137518,-1.104175,0.277273,non
2022-01-06,10,SU.PA,0.132455,0.901994,0.378199,non
2022-01-07,1,RMS.PA,0.23816,-1.58674,-0.219137,non
2022-01-07,2,STMPA.PA,0.213497,-0.187336,0.276923,non
2022-01-07,3,TTE.PA,0.210818,0.550629,0.376841,non
2022-01-07,4,BNP.PA,0.163753,1.790721,0.76692,non
2022-01-07,5,RI.PA,0.162779,-2.699521,0.038847,oui
2022-01-07,6,VIE.PA,0.158597,1.863598,0.282522,non
2022-01-07,7,GLE.PA,0.148724,2.847063,0.720148,non
2022-01-07,8,EL.PA,0.148018,-2.13593,0.143966,oui
2022-01-07,9,CAP.PA,0.133109,-1.463384,0.180937,oui
2022-01-07,10,SU.PA,0.132773,0.477362,0.342587,non
2022-01-10,1,RMS.PA,0.234166,-2.330423,-0.342874,non
2022-01-10,2,TTE.PA,0.211247,0.65355,0.405859,non
2022-01-10,3,STMPA.PA,0.209156,-1.254119,0.2411,non
2022-01-10,4,BNP.PA,0.165354,1.407239,0.763546,non
2022-01-10,5,RI.PA,0.161691,-2.45871,-0.007437,non
2022-01-10,6,VIE.PA,0.159236,0.985886,0.257364,non
2022-01-10,7,GLE.PA,0.151121,2.470748,0.773758,non
2022-01-10,8,EL.PA,0.143218,-2.517235,0.049527,oui
2022-01-10,9,SU.PA,0.130638,-0.77728,0.233407,non
2022-01-10,10,CAP.PA,0.127522,-2.078359,0.039493,oui
2022-01-11,1,RMS.PA,0.229855,-2.235853,-0.468789,non
2022-01-11,2,TTE.PA,0.212304,1.108003,0.458205,non
2022-01-11,3,STMPA.PA,0.204294,-0.979796,0.192994,non
2022-01-11,4,BNP.PA,0.166682,1.492179,0.751024,non
2022-01-11,5,VIE.PA,0.160247,1.119596,0.222811,non
2022-01-11,6,RI.PA,0.160063,-2.944523,-0.080386,non
2022-01-11,7,GLE.PA,0.153023,2.374352,0.823159,non
2022-01-11,8,EL.PA,0.138329,-2.255879,-0.055507,non
2022-01-11,9,SU.PA,0.128795,-0.31048,0.117297,non
2022-01-11,10,ENGI.PA,0.123149,0.773673,0.218586,non
2022-01-12,1,RMS.PA,0.226201,-2.209869,-0.540942,non
2022-01-12,2,TTE.PA,0.21483,1.887902,0.524832,non
2022-01-12,3,STMPA.PA,0.199624,-1.141278,0.164323,non
2022-01-12,4,BNP.PA,0.168454,1.876267,0.735119,non
2022-01-12,5,VIE.PA,0.161216,0.640932,0.196389,non
2022-01-12,6,RI.PA,0.158291,-3.07485,-0.152823,non
2022-01-12,7,GLE.PA,0.155171,2.62035,0.86197,non
2022-01-12,8,EL.PA,0.133342,-2.256564,-0.142961,non
2022-01-12,9,SU.PA,0.12822,0.303194,0.058412,non
2022-01-12,10,ENGI.PA,0.12491,1.289552,0.276458,non
2022-01-13,1,RMS.PA,0.221013,-2.560656,-0.610009,non
2022-01-13,2,TTE.PA,0.21769,1.593974,0.610009,non
2022-01-13,3,STMPA.PA,0.198142,-0.439939,0.152267,non
2022-01-13,4,BNP.PA,0.171864,2.525335,0.761347,non
2022-01-13,5,VIE.PA,0.163668,0.905141,0.191933,non
2022-01-13,6,GLE.PA,0.158703,3.060852,0.939751,non
2022-01-13,7,RI.PA,0.156236,-3.567024,-0.2318,non
2022-01-13,8,EL.PA,0.128091,-2.388084,-0.218305,non
2022-01-13,9,SU.PA,0.127236,0.163541,0.016042,non
2022-01-13,10,ENGI.PA,0.127112,1.536833,0.343676,non
2022-01-14,1,TTE.PA,0.220195,1.89658,0.665375,non
2022-01-14,2,RMS.PA,0.215005,-2.738159,-0.781927,non
2022-01-14,3,STMPA.PA,0.195021,-0.967773,0.082376,non
2022-01-14,4,BNP.PA,0.174126,2.033028,0.727546,non
2022-01-14,5,VIE.PA,0.165283,0.589362,0.167328,non
2022-01-14,6,GLE.PA,0.161645,2.828662,0.95792,non
2022-01-14,7,RI.PA,0.153928,-3.299406,-0.302967,non
2022-01-14,8,ENGI.PA,0.127971,1.442205,0.395276,non
2022-01-14,9,SU.PA,0.125603,-0.519382,-0.085415,non
2022-01-14,10,EL.PA,0.123431,-2.684162,-0.340303,non
2022-01-17,1,TTE.PA,0.222572,1.837299,0.692601,non
2022-01-17,2,RMS.PA,0.210971,-2.203537,-0.867879,non
2022-01-17,3,STMPA.PA,0.192893,-0.619927,0.028614,non
2022-01-17,4,BNP.PA,0.175627,1.781578,0.670812,non
2022-01-17,5,VIE.PA,0.167447,0.788396,0.14071,non
2022-01-17,6,GLE.PA,0.16472,2.724592,0.938833,non
2022-01-17,7,RI.PA,0.152257,-2.570325,-0.341819,non
2022-01-17,8,ENGI.PA,0.128889,1.253866,0.408043,non
2022-01-17,9,CS.PA,0.125074,2.705148,0.596442,non
2022-01-17,10,SU.PA,0.124165,-0.4754,-0.191019,non
2022-01-18,1,TTE.PA,0.226439,2.108886,0.75488,non
2022-01-18,2,RMS.PA,0.207198,-2.218746,-0.950512,non
2022-01-18,3,STMPA.PA,0.189808,-1.140893,-0.046717,non
2022-01-18,4,BNP.PA,0.177226,1.642324,0.653479,non
2022-01-18,5,GLE.PA,0.169919,2.493056,0.929033,non
2022-01-18,6,VIE.PA,0.168769,0.369402,0.105084,non
2022-01-18,7,RI.PA,0.149593,-3.151813,-0.401682,non
2022-01-18,8,ENGI.PA,0.129825,0.911933,0.421537,non
2022-01-18,9,CS.PA,0.128332,2.574523,0.598875,non
2022-01-18,10,SU.PA,0.122264,-0.9664,-0.309487,non
2022-01-19,1,TTE.PA,0.230747,2.397926,0.83036,non
2022-01-19,2,RMS.PA,0.204518,-1.871666,-0.966583,non
2022-01-19,3,STMPA.PA,0.18575,-1.808875,-0.142895,non
2022-01-19,4,BNP.PA,0.178649,1.242454,0.618336,non
2022-01-19,5,GLE.PA,0.175144,1.802227,0.883196,non
2022-01-19,6,VIE.PA,0.169489,0.343121,0.078413,non
2022-01-19,7,RI.PA,0.147347,-2.829365,-0.432542,non
2022-01-19,8,CS.PA,0.130557,1.632833,0.560378,non
2022-01-19,9,ENGI.PA,0.12995,0.176728,0.388746,non
2022-01-19,10,SU.PA,0.121258,-1.016622,-0.411021,non
2022-01-20,1,TTE.PA,0.234318,1.906247,0.878432,non
2022-01-20,2,RMS.PA,0.201971,-1.817623,-0.980408,non
2022-01-20,3,STMPA.PA,0.181984,-1.722782,-0.21531,non
2022-01-20,4,GLE.PA,0.180163,1.715671,0.840176,non
2022-01-20,5,BNP.PA,0.17928,0.540932,0.557194,non
2022-01-20,6,VIE.PA,0.171242,0.965644,0.079653,non
2022-01-20,7,RI.PA,0.145155,-2.741202,-0.449709,non
2022-01-20,8,CS.PA,0.132756,1.289021,0.520207,non
2022-01-20,9,ENGI.PA,0.131057,0.724653,0.375797,non
2022-01-20,10,SU.PA,0.120582,-0.740905,-0.462347,non
2022-01-21,1,TTE.PA,0.236896,1.193922,0.863234,non
2022-01-21,2,RMS.PA,0.199381,-1.842204,-0.986766,non
2022-01-21,3,GLE.PA,0.184542,0.971446,0.751613,non
2022-01-21,4,BNP.PA,0.179762,-0.328598,0.443515,non
2022-01-21,5,STMPA.PA,0.177544,-2.048061,-0.289071,non
2022-01-21,6,VIE.PA,0.17127,-0.172784,0.031548,non
2022-01-21,7,RI.PA,0.142665,-2.843291,-0.473832,non
2022-01-21,8,CS.PA,0.134835,0.77653,0.454021,non
2022-01-21,9,ENGI.PA,0.131542,0.160587,0.33175,non
2022-01-21,10,SU.PA,0.118915,-1.229101,-0.538694,non
2022-01-24,1,TTE.PA,0.237517,0.163049,0.786874,non
2022-01-24,2,RMS.PA,0.195012,-2.281568,-1.024997,non
2022-01-24,3,GLE.PA,0.186304,-0.652965,0.573587,non
2022-01-24,4,BNP.PA,0.178646,-1.480273,0.287756,non
2022-01-24,5,STMPA.PA,0.171659,-2.913815,-0.405464,non
2022-01-24,6,VIE.PA,0.169593,-1.302546,-0.073556,non
2022-01-24,7,RI.PA,0.139218,-3.344756,-0.521942,non
2022-01-24,8,CS.PA,0.135751,-0.294907,0.353846,non
2022-01-24,9,ENGI.PA,0.130733,-0.879156,0.247118,non
2022-01-24,10,SU.PA,0.115288,-2.276575,-0.655878,non
2022-01-25,1,TTE.PA,0.238878,0.746179,0.744516,non
2022-01-25,2,RMS.PA,0.190358,-2.25062,-1.037757,non
2022-01-25,3,GLE.PA,0.188991,0.064925,0.438582,non
2022-01-25,4,BNP.PA,0.178668,-0.569859,0.187394,non
2022-01-25,5,VIE.PA,0.168277,-1.098327,-0.1224,non
2022-01-25,6,STMPA.PA,0.165581,-2.790799,-0.503822,non
2022-01-25,7,CS.PA,0.137313,0.150904,0.281032,non
2022-01-25,8,RI.PA,0.135256,-3.468397,-0.571241,non
2022-01-25,9,ENGI.PA,0.129803,-1.006174,0.179489,non
2022-01-25,10,MC.PA,0.115468,-2.055096,-0.521203,non
2022-01-26,1,TTE.PA,0.242402,1.708356,0.728924,non
2022-01-26,2,GLE.PA,0.193321,0.869388,0.346901,non
2022-01-26,3,RMS.PA,0.186154,-2.084691,-1.012241,non
2022-01-26,4,BNP.PA,0.180443,0.274905,0.123794,non
2022-01-26,5,VIE.PA,0.168195,-0.340272,-0.144033,non
2022-01-26,6,STMPA.PA,0.160414,-2.141535,-0.553329,non
2022-01-26,7,CS.PA,0.140337,0.987784,0.236035,non
2022-01-26,8,RI.PA,0.13123,-2.978604,-0.585395,non
2022-01-26,9,ENGI.PA,0.129983,-0.386645,0.140459,non
2022-01-26,10,MC.PA,0.117478,-1.502439,-0.522511,non
2022-01-27,1,TTE.PA,0.246466,1.919208,0.715934,non
2022-01-27,2,GLE.PA,0.197401,0.862374,0.245999,non
2022-01-27,3,BNP.PA,0.182134,0.464231,0.064169,non
2022-01-27,4,RMS.PA,0.181518,-2.197012,-0.993386,non
2022-01-27,5,VIE.PA,0.168876,0.069539,-0.15005,non
2022-01-27,6,STMPA.PA,0.156363,-1.707674,-0.563125,non
2022-01-27,7,CS.PA,0.144023,1.300831,0.200385,non
2022-01-27,8,ENGI.PA,0.13101,0.356425,0.121525,non
2022-01-27,9,RI.PA,0.127491,-2.630306,-0.573375,non
2022-01-27,10,MC.PA,0.120583,-1.195593,-0.488179,non
2022-01-28,1,TTE.PA,0.249694,1.5125,0.65681,non
2022-01-28,2,GLE.PA,0.200847,0.469842,0.116254,non
2022-01-28,3,BNP.PA,0.18253,-0.432204,-0.039988,non
2022-01-28,4,RMS.PA,0.177237,-2.101603,-0.946033,non
2022-01-28,5,VIE.PA,0.169111,-0.592838,-0.176305,non
2022-01-28,6,STMPA.PA,0.151608,-1.892844,-0.594031,non
2022-01-28,7,CS.PA,0.147566,0.906998,0.138373,non
2022-01-28,8,ENGI.PA,0.132004,-0.013731,0.077162,non
2022-01-28,9,MC.PA,0.1249,-0.416632,-0.406318,non
2022-01-28,10,RI.PA,0.123156,-2.968067,-0.578202,non
2022-01-31,1,TTE.PA,0.25125,0.862264,0.580599,non
2022-01-31,2,GLE.PA,0.203224,0.243488,-0.019435,non
2022-01-31,3,BNP.PA,0.182567,-0.373244,-0.133069,non
2022-01-31,4,RMS.PA,0.172937,-1.848849,-0.839554,non
2022-01-31,5,VIE.PA,0.169551,-0.368958,-0.170672,non
2022-01-31,6,CS.PA,0.150847,0.839615,0.08655,non
2022-01-31,7,STMPA.PA,0.148043,-1.304343,-0.547729,non
2022-01-31,8,ENGI.PA,0.132996,-0.084576,0.047085,non
2022-01-31,9,MC.PA,0.12863,-0.245822,-0.300392,non
2022-01-31,10,RI.PA,0.118484,-2.975948,-0.58713,non
2022-02-01,1,TTE.PA,0.253648,1.329605,0.532399,non
2022-02-01,2,GLE.PA,0.205455,0.735491,-0.066803,non
2022-02-01,3,BNP.PA,0.182591,0.168663,-0.152662,non
2022-02-01,4,VIE.PA,0.170242,-0.112221,-0.145647,non
2022-02-01,5,RMS.PA,0.169511,-1.599489,-0.661014,non
2022-02-01,6,CS.PA,0.154213,1.155513,0.071237,non
2022-02-01,7,STMPA.PA,0.144153,-1.17907,-0.512899,non
2022-02-01,8,ENGI.PA,0.13442,0.298618,0.048063,non
2022-02-01,9,MC.PA,0.132617,0.072473,-0.143755,non
2022-02-01,10,RI.PA,0.114396,-2.306393,-0.506597,non
2022-02-02,1,TTE.PA,0.254725,0.67692,0.454582,non
2022-02-02,2,GLE.PA,0.208209,0.941122,-0.090286,non
2022-02-02,3,BNP.PA,0.182296,-0.248256,-0.189333,non
2022-02-02,4,VIE.PA,0.172372,0.47579,-0.110458,non
2022-02-02,5,RMS.PA,0.164708,-1.502301,-0.42619,non
2022-02-02,6,CS.PA,0.158302,1.402724,0.064846,non
2022-02-02,7,STMPA.PA,0.140477,-1.19555,-0.459959,non
2022-02-02,8,ENGI.PA,0.136861,0.590647,0.05234,non
2022-02-02,9,MC.PA,0.134124,-0.108618,0.041366,non
2022-02-02,10,RI.PA,0.11087,-1.906717,-0.383784,non
2022-02-03,1,TTE.PA,0.253654,0.32605,0.34961,non
2022-02-03,2,GLE.PA,0.210366,1.355579,-0.066576,non
2022-02-03,3,BNP.PA,0.180933,-0.201464,-0.201497,non
2022-02-03,4,VIE.PA,0.174445,0.325382,-0.075071,non
2022-02-03,5,CS.PA,0.161011,0.917623,0.052619,non
2022-02-03,6,RMS.PA,0.15675,-1.793932,-0.295558,non
2022-02-03,7,ENGI.PA,0.139898,1.04714,0.062077,non
2022-02-03,8,STMPA.PA,0.134405,-1.881272,-0.484036,non
2022-02-03,9,MC.PA,0.131861,-0.86732,0.127439,non
2022-02-03,10,RI.PA,0.105023,-2.27868,-0.335536,non
2022-02-04,1,TTE.PA,0.253667,0.920875,0.286606,non
2022-02-04,2,GLE.PA,0.212019,1.056599,-0.042192,non
2022-02-04,3,BNP.PA,0.18001,0.077459,-0.189995,non
2022-02-04,4,VIE.PA,0.175843,-0.242185,-0.023288,non
2022-02-04,5,CS.PA,0.162462,-0.329349,0.004039,non
2022-02-04,6,RMS.PA,0.149274,-1.694935,-0.204007,non
2022-02-04,7,ENGI.PA,0.143558,1.064366,0.072668,non
2022-02-04,8,MC.PA,0.129604,-1.098615,0.179936,non
2022-02-04,9,STMPA.PA,0.127955,-2.179842,-0.472536,non
2022-02-04,10,ML.PA,0.102059,-0.21166,-0.278298,non
2022-02-07,1,TTE.PA,0.254276,0.969377,0.226877,non
2022-02-07,2,GLE.PA,0.214533,1.345208,-0.010904,non
2022-02-07,3,BNP.PA,0.180325,0.690573,-0.159135,non
2022-02-07,4,VIE.PA,0.176783,-0.614174,-0.020635,non
2022-02-07,5,CS.PA,0.16484,0.290579,-0.023634,non
2022-02-07,6,ENGI.PA,0.14705,0.970535,0.083943,non
2022-02-07,7,RMS.PA,0.14205,-1.860682,-0.214798,non
2022-02-07,8,MC.PA,0.128901,-0.687718,0.225057,non
2022-02-07,9,STMPA.PA,0.121722,-2.016959,-0.508424,non
2022-02-07,10,ML.PA,0.10474,-0.335606,-0.295673,non
2022-02-08,1,TTE.PA,0.254768,0.913012,0.183104,non
2022-02-08,2,GLE.PA,0.217881,1.73729,0.042444,non
2022-02-08,3,BNP.PA,0.180941,0.76538,-0.11659,non
2022-02-08,4,VIE.PA,0.178687,-0.114714,0.01963,non
2022-02-08,5,CS.PA,0.168135,1.12389,0.002566,non
2022-02-08,6,ENGI.PA,0.151184,1.354824,0.128263,non
2022-02-08,7,RMS.PA,0.133901,-1.863174,-0.22404,non
2022-02-08,8,MC.PA,0.126748,-1.105698,0.263595,non
2022-02-08,9,STMPA.PA,0.116011,-1.768871,-0.498794,non
2022-02-08,10,ML.PA,0.107467,0.200381,-0.274281,non
2022-02-09,1,TTE.PA,0.256191,1.390367,0.205865,non
2022-02-09,2,GLE.PA,0.22267,2.032159,0.129366,non
2022-02-09,3,BNP.PA,0.182652,1.017121,-0.038456,non
2022-02-09,4,VIE.PA,0.180637,-0.04176,0.046251,non
2022-02-09,5,CS.PA,0.171516,1.266223,0.037921,non
2022-02-09,6,ENGI.PA,0.154732,1.309443,0.192058,non
2022-02-09,7,RMS.PA,0.126454,-1.618938,-0.200279,non
2022-02-09,8,MC.PA,0.124997,-0.664156,0.32125,non
2022-02-09,9,STMPA.PA,0.111908,-1.097099,-0.434361,non
2022-02-09,10,ML.PA,0.110522,0.491227,-0.227959,non
2022-02-10,1,TTE.PA,0.256895,1.047284,0.197358,non
2022-02-10,2,GLE.PA,0.228393,2.778187,0.289194,non
2022-02-10,3,BNP.PA,0.183739,0.857681,0.072998,non
2022-02-10,4,VIE.PA,0.182091,0.036484,0.094383,non
2022-02-10,5,CS.PA,0.174378,0.925674,0.078255,non
2022-02-10,6,ENGI.PA,0.158415,1.917087,0.291284,non
2022-02-10,7,MC.PA,0.122504,-1.092667,0.313534,non
2022-02-10,8,RMS.PA,0.117231,-1.891447,-0.269948,non
2022-02-10,9,ML.PA,0.114438,0.902772,-0.14013,non
2022-02-10,10,STMPA.PA,0.107342,-1.134031,-0.31877,non
2022-02-11,1,TTE.PA,0.258063,1.114296,0.211456,non
2022-02-11,2,GLE.PA,0.232891,1.931036,0.40246,non
2022-02-11,3,BNP.PA,0.183371,-0.003385,0.132508,non
2022-02-11,4,VIE.PA,0.18269,-0.535133,0.107264,non
2022-02-11,5,CS.PA,0.176852,0.509148,0.111017,non
2022-02-11,6,ENGI.PA,0.161806,1.682055,0.379541,non
2022-02-11,7,MC.PA,0.118771,-1.922204,0.226381,oui
2022-02-11,8,ML.PA,0.116944,-0.291669,-0.102314,non
2022-02-11,9,RMS.PA,0.106824,-2.117556,-0.415403,non
2022-02-11,10,CA.PA,0.106416,0.160562,-0.242946,non
2022-02-14,1,TTE.PA,0.257924,0.456041,0.190567,non
2022-02-14,2,GLE.PA,0.233628,0.048952,0.422949,non
2022-02-14,3,VIE.PA,0.182183,-1.522257,0.093144,non
2022-02-14,4,BNP.PA,0.18038,-1.518925,0.119483,non
2022-02-14,5,CS.PA,0.17769,-0.947024,0.114336,non
2022-02-14,6,ENGI.PA,0.164455,0.867168,0.431769,non
2022-02-14,7,ML.PA,0.118346,-1.080776,-0.096123,non
2022-02-14,8,MC.PA,0.11421,-2.426686,0.131742,oui
2022-02-14,9,CA.PA,0.111831,0.181708,-0.201736,non
2022-02-14,10,ORA.PA,0.111068,2.51089,0.539209,non
2022-02-15,1,TTE.PA,0.257083,0.324896,0.185072,non
2022-02-15,2,GLE.PA,0.235705,0.546027,0.473838,non
2022-02-15,3,VIE.PA,0.183,-0.811353,0.099568,non
2022-02-15,4,BNP.PA,0.179011,-0.685504,0.155101,non
2022-02-15,5,CS.PA,0.17898,-0.151921,0.153962,non
2022-02-15,6,ENGI.PA,0.166941,0.560745,0.460982,non
2022-02-15,7,ML.PA,0.117539,-2.193449,-0.141395,non
2022-02-15,8,CA.PA,0.117297,0.239506,-0.168561,non
2022-02-15,9,ORA.PA,0.116547,2.354206,0.544715,non
2022-02-15,10,MC.PA,0.111137,-1.413034,0.05903,oui
2022-02-16,1,TTE.PA,0.256149,0.479597,0.215844,non
2022-02-16,2,GLE.PA,0.237316,-0.043324,0.467835,non
2022-02-16,3,VIE.PA,0.184886,-0.889135,0.108358,non
2022-02-16,4,CS.PA,0.180098,-0.448961,0.156369,non
2022-02-16,5,BNP.PA,0.177755,-1.077303,0.164176,non
2022-02-16,6,ENGI.PA,0.16942,0.161949,0.446198,non
2022-02-16,7,ORA.PA,0.121951,2.155459,0.53197,non
2022-02-16,8,CA.PA,0.119981,0.017502,-0.15573,non
2022-02-16,9,ML.PA,0.116399,-2.536646,-0.186807,non
2022-02-16,10,RNO.PA,0.115137,1.740461,0.42157,non
2022-02-17,1,TTE.PA,0.254755,0.02406,0.206515,non
2022-02-17,2,GLE.PA,0.237527,-0.855773,0.42608,non
2022-02-17,3,VIE.PA,0.186695,-0.903716,0.15584,non
2022-02-17,4,CS.PA,0.179676,-1.84929,0.107692,non
2022-02-17,5,BNP.PA,0.175896,-1.422711,0.131134,oui
2022-02-17,6,ENGI.PA,0.172076,0.879584,0.478369,non
2022-02-17,7,ORA.PA,0.127231,2.177039,0.508392,non
2022-02-17,8,CA.PA,0.124584,1.19545,-0.068673,non
2022-02-17,9,RNO.PA,0.119333,1.206473,0.425486,non
2022-02-17,10,ML.PA,0.115803,-2.212993,-0.215854,non
2022-02-18,1,TTE.PA,0.252848,-0.017841,0.164448,non
2022-02-18,2,GLE.PA,0.236168,-1.398326,0.325244,non
2022-02-18,3,VIE.PA,0.188415,-0.739515,0.162364,non
2022-02-18,4,CS.PA,0.178445,-2.285297,0.030716,oui
2022-02-18,5,ENGI.PA,0.174509,0.993089,0.489433,non
2022-02-18,6,BNP.PA,0.173204,-1.453577,0.059154,oui
2022-02-18,7,ORA.PA,0.132529,2.242289,0.478046,non
2022-02-18,8,CA.PA,0.128546,1.349699,0.032742,non
2022-02-18,9,RNO.PA,0.122613,1.128251,0.393656,non
2022-02-18,10,ML.PA,0.113688,-2.918679,-0.294462,non
2022-02-21,1,TTE.PA,0.250468,-0.430642,0.046292,non
2022-02-21,2,GLE.PA,0.234017,-1.903284,0.114119,oui
2022-02-21,3,VIE.PA,0.188566,-1.69505,0.073941,non
2022-02-21,4,CS.PA,0.176879,-2.793712,-0.103534,non
2022-02-21,5,ENGI.PA,0.176446,0.317907,0.429468,non
2022-02-21,6,BNP.PA,0.170005,-1.815634,-0.088883,non
2022-02-21,7,ORA.PA,0.137341,1.905459,0.43692,non
2022-02-21,8,CA.PA,0.13231,0.752058,0.085408,non
2022-02-21,9,RNO.PA,0.123987,0.308765,0.249465,non
2022-02-21,10,ML.PA,0.110927,-3.357382,-0.439719,non
2022-02-22,1,TTE.PA,0.247793,-0.490503,-0.04216,non
2022-02-22,2,GLE.PA,0.231568,-2.137063,-0.07013,non
2022-02-22,3,VIE.PA,0.188322,-2.058694,-0.021357,non
2022-02-22,4,ENGI.PA,0.17801,0.538818,0.363615,non
2022-02-22,5,CS.PA,0.174616,-3.09325,-0.229412,non
2022-02-22,6,BNP.PA,0.1666,-1.941711,-0.199546,non
2022-02-22,7,ORA.PA,0.14209,1.882282,0.410989,non
2022-02-22,8,CA.PA,0.135783,0.856757,0.151684,non
2022-02-22,9,RNO.PA,0.12304,-0.409128,0.088639,non
2022-02-22,10,ML.PA,0.107796,-3.538696,-0.572278,non
2022-02-23,1,TTE.PA,0.244269,-0.693938,-0.081982,non
2022-02-23,2,GLE.PA,0.227731,-2.34686,-0.218592,non
2022-02-23,3,VIE.PA,0.188391,-1.774991,-0.065802,non
2022-02-23,4,ENGI.PA,0.179869,0.390459,0.311122,non
2022-02-23,5,CS.PA,0.17154,-3.191577,-0.321976,non
2022-02-23,6,BNP.PA,0.161762,-2.350834,-0.286077,non
2022-02-23,7,ORA.PA,0.146893,1.788802,0.377319,non
2022-02-23,8,CA.PA,0.139675,0.948947,0.224835,non
2022-02-23,9,RNO.PA,0.119874,-1.158966,-0.042623,non
2022-02-23,10,SAN.PA,0.106238,0.045255,-0.005334,non
2022-02-24,1,TTE.PA,0.23856,-1.669816,-0.150757,non
2022-02-24,2,GLE.PA,0.219042,-4.70571,-0.517577,non
2022-02-24,3,VIE.PA,0.185208,-3.771051,-0.175762,non
2022-02-24,4,ENGI.PA,0.179435,-1.813381,0.214304,non
2022-02-24,5,CS.PA,0.165888,-4.848165,-0.471787,non
2022-02-24,6,BNP.PA,0.154,-3.936684,-0.451566,non
2022-02-24,7,ORA.PA,0.150009,0.874562,0.32029,non
2022-02-24,8,CA.PA,0.141839,0.211442,0.287184,non
2022-02-24,9,RNO.PA,0.112793,-2.576028,-0.278898,non
2022-02-24,10,SAN.PA,0.105413,-1.546734,-0.012635,non
2022-02-25,1,TTE.PA,0.232965,-1.318095,-0.204845,non
2022-02-25,2,GLE.PA,0.21189,-3.582247,-0.759796,non
2022-02-25,3,VIE.PA,0.184292,-1.646867,-0.215552,non
2022-02-25,4,ENGI.PA,0.180239,0.33473,0.174487,non
2022-02-25,5,CS.PA,0.160371,-4.098852,-0.602865,non
2022-02-25,6,ORA.PA,0.153259,1.281452,0.302799,non
2022-02-25,7,BNP.PA,0.146682,-3.042824,-0.600794,non
2022-02-25,8,CA.PA,0.143918,0.611894,0.379705,non
2022-02-25,9,RNO.PA,0.107261,-1.809398,-0.475459,non
2022-02-25,10,SAN.PA,0.105519,0.368611,0.033374,non
2022-02-28,1,TTE.PA,0.225898,-2.59739,-0.358831,non
2022-02-28,2,GLE.PA,0.201431,-4.784687,-1.119412,non
2022-02-28,3,VIE.PA,0.182833,-2.182468,-0.265893,non
2022-02-28,4,ENGI.PA,0.181162,-0.233948,0.110608,non
2022-02-28,5,ORA.PA,0.15631,0.960914,0.261582,non
2022-02-28,6,CS.PA,0.154476,-4.227888,-0.743225,non
2022-02-28,7,CA.PA,0.145576,0.485993,0.380968,non
2022-02-28,8,BNP.PA,0.137287,-4.234214,-0.831436,non
2022-02-28,9,SAN.PA,0.105156,0.105799,0.048095,non
2022-02-28,10,DG.PA,0.101089,-0.95065,-0.171086,non
2022-03-01,1,TTE.PA,0.21771,-3.039276,-0.502832,non
2022-03-01,2,GLE.PA,0.187094,-5.272264,-1.535633,non
2022-03-01,3,VIE.PA,0.179641,-3.429685,-0.360121,non
2022-03-01,4,ENGI.PA,0.17622,-5.412782,-0.131526,non
2022-03-01,5,ORA.PA,0.159042,0.808372,0.190938,non
2022-03-01,6,CS.PA,0.146553,-4.721661,-0.904945,non
2022-03-01,7,CA.PA,0.146084,0.018631,0.37761,non
2022-03-01,8,BNP.PA,0.125014,-4.817925,-1.096284,non
2022-03-01,9,SAN.PA,0.104173,-0.72336,0.01877,non
2022-03-01,10,DG.PA,0.098815,-1.762439,-0.30933,non
2022-03-02,1,TTE.PA,0.213424,-1.247197,-0.554292,non
2022-03-02,2,VIE.PA,0.17435,-4.418263,-0.478351,non
2022-03-02,3,GLE.PA,0.172818,-4.598107,-1.898627,non
2022-03-02,4,ENGI.PA,0.169586,-5.331109,-0.378074,non
2022-03-02,5,ORA.PA,0.161579,0.756534,0.130564,non
2022-03-02,6,CA.PA,0.14677,-0.003882,0.353485,non
2022-03-02,7,CS.PA,0.138788,-4.153335,-1.021645,non
2022-03-02,8,BNP.PA,0.113638,-4.032627,-1.323217,non
2022-03-02,9,SAN.PA,0.102635,-1.015865,-0.007734,non
2022-03-02,10,DG.PA,0.096431,-1.287441,-0.409437,non
2022-03-03,1,TTE.PA,0.207434,-2.055194,-0.66875,non
2022-03-03,2,VIE.PA,0.168377,-4.564699,-0.615457,non
2022-03-03,3,ORA.PA,0.163373,0.441376,0.065467,non
2022-03-03,4,ENGI.PA,0.160585,-5.856938,-0.665321,non
2022-03-03,5,GLE.PA,0.158541,-4.184378,-2.204944,non
2022-03-03,6,CA.PA,0.146878,0.095062,0.323425,non
2022-03-03,7,CS.PA,0.131397,-3.661709,-1.116609,non
2022-03-03,8,BNP.PA,0.103199,-3.480463,-1.497264,non
2022-03-03,9,SAN.PA,0.100578,-1.677175,-0.069826,non
2022-03-03,10,DG.PA,0.093874,-1.615131,-0.528968,non
2022-03-04,1,TTE.PA,0.199542,-2.713804,-0.783758,non
2022-03-04,2,ORA.PA,0.164029,-0.466452,-0.038102,non
2022-03-04,3,VIE.PA,0.158152,-5.427985,-0.86196,non
2022-03-04,4,ENGI.PA,0.150009,-5.783615,-0.986742,non
2022-03-04,5,CA.PA,0.145661,-0.411359,0.248334,non
2022-03-04,6,GLE.PA,0.140768,-4.559667,-2.596039,non
2022-03-04,7,CS.PA,0.121671,-4.229937,-1.301473,non
2022-03-04,8,SAN.PA,0.097332,-2.756672,-0.183123,non
2022-03-04,9,BNP.PA,0.089894,-4.056215,-1.716757,non
2022-03-04,10,DG.PA,0.087973,-2.922837,-0.712448,non
2022-03-07,1,TTE.PA,0.191391,-2.422098,-0.860618,non
2022-03-07,2,ORA.PA,0.163591,-0.958771,-0.152038,non
2022-03-07,3,VIE.PA,0.147007,-4.97433,-1.11848,non
2022-03-07,4,CA.PA,0.14309,-1.090409,0.145433,non
2022-03-07,5,ENGI.PA,0.13722,-5.661631,-1.347924,non
2022-03-07,6,GLE.PA,0.11974,-4.352974,-2.962285,non
2022-03-07,7,CS.PA,0.110695,-3.866075,-1.434052,non
2022-03-07,8,SAN.PA,0.094697,-2.18807,-0.230329,non
2022-03-07,9,DG.PA,0.080523,-3.674142,-0.931937,non
2022-03-07,10,HO.PA,0.079648,4.279419,1.802273,non
2022-03-08,1,TTE.PA,0.18475,-1.963666,-0.891504,non
2022-03-08,2,ORA.PA,0.163092,-0.99504,-0.233277,non
2022-03-08,3,CA.PA,0.141115,-0.879829,0.062847,non
2022-03-08,4,VIE.PA,0.136674,-3.970132,-1.272054,non
2022-03-08,5,ENGI.PA,0.125704,-4.495789,-1.611987,non
2022-03-08,6,CS.PA,0.100691,-3.332906,-1.479206,non
2022-03-08,7,GLE.PA,0.100199,-3.601943,-3.180028,non
2022-03-08,8,HO.PA,0.096833,3.949432,1.96203,non
2022-03-08,9,SAN.PA,0.093512,-0.672466,-0.212874,non
2022-03-08,10,DG.PA,0.074784,-2.879551,-1.052677,non
2022-03-09,1,TTE.PA,0.179359,-1.690746,-0.855521,non
2022-03-09,2,ORA.PA,0.163652,-0.432599,-0.271749,non
2022-03-09,3,CA.PA,0.140997,-0.212466,0.020121,non
2022-03-09,4,VIE.PA,0.130618,-2.02695,-1.230774,non
2022-03-09,5,ENGI.PA,0.116226,-3.227657,-1.749578,non
2022-03-09,6,HO.PA,0.111571,3.041733,2.01605,non
2022-03-09,7,CS.PA,0.094191,-1.969043,-1.374581,non
2022-03-09,8,SAN.PA,0.093649,0.53505,-0.15716,non
2022-03-09,9,GLE.PA,0.085316,-2.600579,-3.172353,non
2022-03-09,10,DG.PA,0.072283,-1.339944,-1.025143,non
2022-03-10,1,TTE.PA,0.173933,-1.86238,-0.830821,non
2022-03-10,2,ORA.PA,0.164247,-0.307359,-0.292304,non
2022-03-10,3,CA.PA,0.14189,0.020568,-0.004974,non
2022-03-10,4,HO.PA,0.126845,2.937597,2.072183,non
2022-03-10,5,VIE.PA,0.123808,-2.69746,-1.23318,non
2022-03-10,6,ENGI.PA,0.106639,-3.19724,-1.846094,non
2022-03-10,7,SAN.PA,0.093221,-0.087128,-0.131436,non
2022-03-10,8,CS.PA,0.087104,-2.337884,-1.291976,non
2022-03-10,9,GLE.PA,0.069572,-2.842888,-3.115957,non
2022-03-10,10,DG.PA,0.068589,-1.940935,-1.026599,non
2022-03-11,1,TTE.PA,0.168382,-1.846375,-0.779303,non
2022-03-11,2,ORA.PA,0.16456,-0.483443,-0.30451,non
2022-03-11,3,CA.PA,0.143584,0.234785,-0.02181,non
2022-03-11,4,HO.PA,0.142084,2.751234,2.089427,non
2022-03-11,5,VIE.PA,0.115985,-2.612659,-1.23924,non
2022-03-11,6,ENGI.PA,0.096881,-2.982098,-1.908093,non
2022-03-11,7,SAN.PA,0.092536,0.131393,-0.081811,non
2022-03-11,8,CS.PA,0.080956,-1.926512,-1.161603,non
2022-03-11,9,DG.PA,0.065128,-1.730539,-1.003407,non
2022-03-11,10,GLE.PA,0.054353,-2.651802,-3.015751,non
2022-03-14,1,ORA.PA,0.165643,-0.228995,-0.302025,non
2022-03-14,2,TTE.PA,0.164173,-1.725265,-0.737402,non
2022-03-14,3,HO.PA,0.156957,2.308435,2.012963,non
2022-03-14,4,CA.PA,0.145982,0.653913,-0.013995,non
2022-03-14,5,VIE.PA,0.109168,-2.103568,-1.2285,non
2022-03-14,6,SAN.PA,0.091508,-0.222441,-0.069941,non
2022-03-14,7,ENGI.PA,0.088687,-2.426732,-1.915791,non
2022-03-14,8,CS.PA,0.076642,-1.350599,-1.00859,non
2022-03-14,9,DG.PA,0.064521,-1.025933,-0.945887,non
2022-03-14,10,MT.AS,0.045031,-0.296074,0.092675,non
2022-03-15,1,HO.PA,0.171632,2.356713,1.942295,non
2022-03-15,2,ORA.PA,0.16679,-0.077531,-0.284967,non
2022-03-15,3,TTE.PA,0.160399,-1.676975,-0.682013,non
2022-03-15,4,CA.PA,0.1496,0.712414,0.000254,non
2022-03-15,5,VIE.PA,0.101479,-1.839661,-1.144111,non
2022-03-15,6,SAN.PA,0.090666,0.26189,-0.015641,non
2022-03-15,7,ENGI.PA,0.080401,-2.189622,-1.884581,non
2022-03-15,8,CS.PA,0.072134,-1.179268,-0.792224,non
2022-03-15,9,DG.PA,0.062621,-1.035603,-0.850983,non
2022-03-15,10,MT.AS,0.041307,-0.5247,0.087773,non
2022-03-16,1,HO.PA,0.185583,2.071554,1.821256,non
2022-03-16,2,ORA.PA,0.167488,-0.371299,-0.277642,non
2022-03-16,3,TTE.PA,0.155843,-1.713999,-0.602081,non
2022-03-16,4,CA.PA,0.152524,0.268452,-0.022937,non
2022-03-16,5,VIE.PA,0.094996,-1.33982,-0.994812,non
2022-03-16,6,SAN.PA,0.090735,0.259479,0.033971,non
2022-03-16,7,ENGI.PA,0.07266,-1.829965,-1.801899,non
2022-03-16,8,CS.PA,0.068945,-0.821575,-0.532675,non
2022-03-16,9,DG.PA,0.061839,-0.614673,-0.69325,non
2022-03-16,10,MT.AS,0.04028,0.258578,0.203525,non
2022-03-17,1,HO.PA,0.199978,2.138721,1.686716,non
2022-03-17,2,ORA.PA,0.16824,-0.153564,-0.245093,non
2022-03-17,3,CA.PA,0.154172,0.174643,0.018202,non
2022-03-17,4,TTE.PA,0.151913,-1.477821,-0.513188,non
2022-03-17,5,SAN.PA,0.090857,0.689051,0.099817,non
2022-03-17,6,VIE.PA,0.089817,-0.882875,-0.783417,non
2022-03-17,7,CS.PA,0.066026,-0.768794,-0.304682,non
2022-03-17,8,ENGI.PA,0.064969,-1.432404,-1.618714,non
2022-03-17,9,DG.PA,0.060939,-0.548631,-0.520676,non
2022-03-17,10,MT.AS,0.040345,0.33061,0.278257,non
2022-03-18,1,HO.PA,0.214633,2.038111,1.520963,non
2022-03-18,2,ORA.PA,0.167992,-0.613972,-0.216338,non
2022-03-18,3,CA.PA,0.155574,0.351814,0.085491,non
2022-03-18,4,TTE.PA,0.147409,-1.636738,-0.423814,non
2022-03-18,5,SAN.PA,0.089867,-0.213853,0.126212,non
2022-03-18,6,VIE.PA,0.084401,-0.9833,-0.559083,non
2022-03-18,7,CS.PA,0.062517,-0.827784,-0.090492,non
2022-03-18,8,DG.PA,0.059968,-0.726737,-0.365421,non
2022-03-18,9,ENGI.PA,0.05813,-1.387254,-1.395952,non
2022-03-18,10,MT.AS,0.037607,0.031162,0.308031,non
2022-03-21,1,HO.PA,0.230053,2.192698,1.334143,non
2022-03-21,2,ORA.PA,0.168382,-0.370191,-0.177311,non
2022-03-21,3,CA.PA,0.157835,0.494565,0.132888,non
2022-03-21,4,TTE.PA,0.143839,-1.48719,-0.332568,non
2022-03-21,5,SAN.PA,0.089011,-0.231736,0.137223,non
2022-03-21,6,VIE.PA,0.07775,-1.513496,-0.418763,non
2022-03-21,7,CS.PA,0.058981,-0.757553,0.11491,non
2022-03-21,8,DG.PA,0.058942,-0.781786,-0.227302,non
2022-03-21,9,ENGI.PA,0.051488,-1.337493,-1.16271,non
2022-03-21,10,MT.AS,0.036249,0.902459,0.363716,non
2022-03-22,1,HO.PA,0.245337,2.114957,1.121835,non
2022-03-22,2,ORA.PA,0.169067,-0.264244,-0.120637,non
2022-03-22,3,CA.PA,0.161023,0.715072,0.201539,non
2022-03-22,4,TTE.PA,0.142159,-1.120047,-0.201403,non
2022-03-22,5,SAN.PA,0.08861,0.108132,0.155833,non
2022-03-22,6,VIE.PA,0.072644,-1.090828,-0.240155,non
2022-03-22,7,DG.PA,0.058501,-0.508981,-0.084202,non
2022-03-22,8,CS.PA,0.056896,-0.435516,0.336831,non
2022-03-22,9,ENGI.PA,0.046115,-1.029526,-0.853786,non
2022-03-22,10,MT.AS,0.036592,1.229781,0.475047,non
2022-03-23,1,HO.PA,0.259684,2.016289,0.887438,non
2022-03-23,2,ORA.PA,0.169282,-0.326905,-0.058133,non
2022-03-23,3,CA.PA,0.165026,0.98302,0.29303,non
2022-03-23,4,TTE.PA,0.140184,-0.966193,-0.059531,non
2022-03-23,5,SAN.PA,0.087693,-0.128686,0.18358,non
2022-03-23,6,VIE.PA,0.065765,-1.326399,-0.061305,non
2022-03-23,7,DG.PA,0.056475,-0.8461,0.024387,non
2022-03-23,8,CS.PA,0.053436,-0.605622,0.532261,non
2022-03-23,9,ENGI.PA,0.039038,-1.322048,-0.554681,non
2022-03-23,10,VIV.PA,0.035413,0.741193,0.42214,non
2022-03-24,1,HO.PA,0.275064,2.08615,0.701733,non
2022-03-24,2,ORA.PA,0.169836,-0.309593,-0.030072,non
2022-03-24,3,CA.PA,0.168806,0.903377,0.340363,non
2022-03-24,4,TTE.PA,0.138394,-0.819965,0.036475,non
2022-03-24,5,SAN.PA,0.086991,-0.370077,0.153708,non
2022-03-24,6,VIE.PA,0.057875,-1.680055,-0.018213,non
2022-03-24,7,DG.PA,0.055041,-0.915512,0.069423,non
2022-03-24,8,CS.PA,0.050613,-0.6148,0.622621,non
2022-03-24,9,VIV.PA,0.034982,0.372708,0.443263,non
2022-03-24,10,MT.AS,0.034509,1.034281,0.476644,non
2022-03-25,1,HO.PA,0.291455,2.176696,0.561941,non
2022-03-25,2,CA.PA,0.173221,1.152113,0.421288,non
2022-03-25,3,ORA.PA,0.170786,-0.111751,0.035783,non
2022-03-25,4,TTE.PA,0.137953,-0.461038,0.18444,non
2022-03-25,5,SAN.PA,0.086341,-0.427268,0.180641,non
2022-03-25,6,DG.PA,0.053392,-0.84883,0.168884,non
2022-03-25,7,VIE.PA,0.048752,-1.728488,0.134,oui
2022-03-25,8,CS.PA,0.047791,-0.564512,0.723969,non
2022-03-25,9,VIV.PA,0.035266,0.730759,0.494565,non
2022-03-25,10,MT.AS,0.035249,1.541491,0.578342,non
2022-03-28,1,HO.PA,0.306557,1.811223,0.513755,non
2022-03-28,2,CA.PA,0.176415,1.137565,0.493636,non
2022-03-28,3,ORA.PA,0.171794,-0.043385,0.097258,non
2022-03-28,4,TTE.PA,0.137426,-0.840061,0.211296,non
2022-03-28,5,SAN.PA,0.086259,0.032322,0.216948,non
2022-03-28,6,DG.PA,0.052051,-0.753287,0.258651,non
2022-03-28,7,CS.PA,0.045234,-0.444379,0.795182,non
2022-03-28,8,VIE.PA,0.040592,-1.484467,0.296987,oui
2022-03-28,9,MT.AS,0.036274,1.026772,0.633533,non
2022-03-28,10,VIV.PA,0.035443,0.65462,0.53406,non
2022-03-29,1,HO.PA,0.3179,1.117125,0.447904,non
2022-03-29,2,CA.PA,0.179394,1.354605,0.547469,non
2022-03-29,3,ORA.PA,0.172341,-0.320931,0.145363,non
2022-03-29,4,TTE.PA,0.135574,-1.18511,0.162192,non
2022-03-29,5,SAN.PA,0.084584,-1.027469,0.194367,non
2022-03-29,6,DG.PA,0.051593,-0.031033,0.349728,non
2022-03-29,7,CS.PA,0.043813,0.183172,0.840301,non
2022-03-29,8,MT.AS,0.036863,0.806059,0.694604,non
2022-03-29,9,VIV.PA,0.035987,0.827206,0.539445,non
2022-03-29,10,VIE.PA,0.03437,-0.843831,0.457432,non
2022-03-30,1,HO.PA,0.329259,1.252453,0.329745,non
2022-03-30,2,CA.PA,0.182529,1.682479,0.610218,non
2022-03-30,3,ORA.PA,0.172579,-0.409737,0.193952,non
2022-03-30,4,TTE.PA,0.134308,-0.718873,0.266811,non
2022-03-30,5,SAN.PA,0.083571,-0.242303,0.186679,non
2022-03-30,6,DG.PA,0.050196,-0.387022,0.436948,non
2022-03-30,7,CS.PA,0.04101,0.007208,0.853716,non
2022-03-30,8,MT.AS,0.037269,0.610596,0.77895,non
2022-03-30,9,VIV.PA,0.035894,0.611359,0.533563,non
2022-03-30,10,VIE.PA,0.028285,-0.857961,0.53045,non
2022-03-31,1,HO.PA,0.340792,1.132914,0.248574,non
2022-03-31,2,CA.PA,0.186019,1.722122,0.673104,non
2022-03-31,3,ORA.PA,0.172779,-0.630491,0.223409,non
2022-03-31,4,TTE.PA,0.132622,-1.087314,0.28141,non
2022-03-31,5,SAN.PA,0.082284,-0.788427,0.136961,non
2022-03-31,6,DG.PA,0.048571,-0.540293,0.487734,non
2022-03-31,7,CS.PA,0.038505,0.040529,0.860328,non
2022-03-31,8,MT.AS,0.038182,0.356976,0.83335,non
2022-03-31,9,VIV.PA,0.035551,0.418964,0.499219,non
2022-03-31,10,VIE.PA,0.022158,-0.825221,0.554053,non
2022-04-01,1,HO.PA,0.351277,0.911268,0.153477,non
2022-04-01,2,CA.PA,0.18902,1.135892,0.670302,non
2022-04-01,3,ORA.PA,0.173326,-0.458499,0.219251,non
2022-04-01,4,TTE.PA,0.132136,-0.801706,0.259138,non
2022-04-01,5,SAN.PA,0.081534,0.015141,0.06903,non
2022-04-01,6,DG.PA,0.047725,-0.38657,0.449998,non
2022-04-01,7,MT.AS,0.040215,0.601757,0.777793,non
2022-04-01,8,CS.PA,0.036619,0.183293,0.780383,non
2022-04-01,9,VIV.PA,0.035923,0.614921,0.423251,non
2022-04-01,10,VIE.PA,0.016756,-0.563409,0.460734,non
2022-04-04,1,HO.PA,0.362567,1.174335,0.19413,non
2022-04-04,2,CA.PA,0.191043,0.958552,0.609912,non
2022-04-04,3,ORA.PA,0.17337,-0.72049,0.177281,non
2022-04-04,4,TTE.PA,0.131679,-0.852067,0.237445,non
2022-04-04,5,SAN.PA,0.080701,0.612485,0.026031,non
2022-04-04,6,DG.PA,0.045882,-0.705872,0.304309,non
2022-04-04,7,MT.AS,0.041916,0.482321,0.672898,non
2022-04-04,8,VIV.PA,0.037021,1.155615,0.354693,non
2022-04-04,9,CS.PA,0.03379,-0.161408,0.643898,non
2022-04-04,10,AI.PA,0.017092,1.887465,0.704295,non
2022-04-05,1,HO.PA,0.373101,1.144913,0.253183,non
2022-04-05,2,CA.PA,0.191504,0.350421,0.518047,non
2022-04-05,3,ORA.PA,0.173074,-0.77213,0.128211,non
2022-04-05,4,TTE.PA,0.131031,-0.99209,0.226187,non
2022-04-05,5,SAN.PA,0.080486,1.382574,0.048223,non
2022-04-05,6,DG.PA,0.042703,-1.491023,0.127036,non
2022-04-05,7,MT.AS,0.042047,-0.175793,0.489699,non
2022-04-05,8,VIV.PA,0.037481,0.327212,0.240901,non
2022-04-05,9,CS.PA,0.030193,-0.46335,0.481246,non
2022-04-05,10,AI.PA,0.017982,1.932736,0.632499,non
2022-04-06,1,HO.PA,0.383699,1.140851,0.253138,non
2022-04-06,2,CA.PA,0.192864,0.9534,0.483029,non
2022-04-06,3,ORA.PA,0.173893,-0.375435,0.123737,non
2022-04-06,4,TTE.PA,0.129796,-1.242004,0.207592,non
2022-04-06,5,SAN.PA,0.081645,1.976595,0.125441,non
2022-04-06,6,MT.AS,0.041926,-0.42627,0.320352,non
2022-04-06,7,DG.PA,0.038974,-1.865852,0.019581,oui
2022-04-06,8,VIV.PA,0.037082,-0.332463,0.157392,non
2022-04-06,9,CS.PA,0.02657,-0.470947,0.409464,non
2022-04-06,10,AI.PA,0.018572,1.556352,0.611019,non
2022-04-07,1,HO.PA,0.394366,1.105501,0.265747,non
2022-04-07,2,CA.PA,0.195589,1.441896,0.477457,non
2022-04-07,3,ORA.PA,0.174753,-0.41337,0.123943,non
2022-04-07,4,TTE.PA,0.127276,-1.50431,0.147902,oui
2022-04-07,5,SAN.PA,0.083156,2.570827,0.199102,non
2022-04-07,6,MT.AS,0.039807,-0.573116,0.119949,non
2022-04-07,7,VIV.PA,0.036953,-0.354309,0.090785,non
2022-04-07,8,DG.PA,0.035505,-1.638833,-0.119204,non
2022-04-07,9,CS.PA,0.022127,-0.591827,0.274044,non
2022-04-07,10,AI.PA,0.019029,1.528997,0.535087,non
2022-04-08,1,HO.PA,0.405388,1.213001,0.29701,non
2022-04-08,2,CA.PA,0.199003,1.91512,0.49997,non
2022-04-08,3,ORA.PA,0.176431,0.058558,0.136436,non
2022-04-08,4,TTE.PA,0.125012,-1.186863,0.108147,oui
2022-04-08,5,SAN.PA,0.087132,4.24596,0.337706,non
2022-04-08,6,MT.AS,0.038744,-0.257544,-0.00774,non
2022-04-08,7,VIV.PA,0.037391,-0.274208,0.039249,non
2022-04-08,8,DG.PA,0.032338,-1.343711,-0.228584,non
2022-04-08,9,AI.PA,0.019814,1.8739,0.478722,non
2022-04-08,10,CS.PA,0.018425,-0.371326,0.172775,non
2022-04-11,1,HO.PA,0.41724,1.42681,0.321922,non
2022-04-11,2,CA.PA,0.202993,2.116033,0.548702,non
2022-04-11,3,ORA.PA,0.177976,0.173817,0.165084,non
2022-04-11,4,TTE.PA,0.123671,-0.804267,0.101401,non
2022-04-11,5,SAN.PA,0.091932,4.411242,0.472483,non
2022-04-11,6,MT.AS,0.040042,-0.073159,-0.114064,non
2022-04-11,7,VIV.PA,0.037758,0.29496,0.03646,non
2022-04-11,8,DG.PA,0.02978,-0.847577,-0.251776,non
2022-04-11,9,AI.PA,0.020949,2.152826,0.463074,non
2022-04-11,10,CS.PA,0.015819,0.153724,0.150229,non
2022-04-12,1,HO.PA,0.429553,1.527967,0.378864,non
2022-04-12,2,CA.PA,0.20636,1.478457,0.563281,non
2022-04-12,3,ORA.PA,0.178746,0.127281,0.198289,non
2022-04-12,4,TTE.PA,0.121927,-0.875462,0.083654,non
2022-04-12,5,SAN.PA,0.095273,2.920948,0.558046,non
2022-04-12,6,MT.AS,0.043625,0.262075,-0.216406,non
2022-04-12,7,VIV.PA,0.0375,0.248467,0.007602,non
2022-04-12,8,DG.PA,0.028233,-0.708358,-0.266901,non
2022-04-12,9,AI.PA,0.021608,1.714777,0.417087,non
2022-04-12,10,CS.PA,0.014423,0.348828,0.145051,non
2022-04-13,1,HO.PA,0.441549,1.49135,0.408919,non
2022-04-13,2,CA.PA,0.20973,1.443496,0.548781,non
2022-04-13,3,ORA.PA,0.179818,0.165178,0.218238,non
2022-04-13,4,TTE.PA,0.120522,-0.656082,0.071654,non
2022-04-13,5,SAN.PA,0.09873,2.858598,0.636551,non
2022-04-13,6,MT.AS,0.047515,0.426312,-0.236036,non
2022-04-13,7,VIV.PA,0.037246,0.439753,0.005784,non
2022-04-13,8,DG.PA,0.02643,-0.815222,-0.259989,non
2022-04-13,9,AI.PA,0.022518,1.679168,0.389093,non
2022-04-13,10,CS.PA,0.012722,0.274429,0.153892,non
2022-04-14,1,HO.PA,0.453992,1.652243,0.47594,non
2022-04-14,2,CA.PA,0.213038,1.394849,0.520502,non
2022-04-14,3,ORA.PA,0.180873,0.452742,0.259099,non
2022-04-14,4,TTE.PA,0.118474,-0.764115,0.059627,non
2022-04-14,5,SAN.PA,0.101902,2.46117,0.707599,non
2022-04-14,6,MT.AS,0.052318,0.869794,-0.209543,non
2022-04-14,7,VIV.PA,0.037103,0.484129,0.012165,non
2022-04-14,8,DG.PA,0.024481,-0.855593,-0.248778,non
2022-04-14,9,AI.PA,0.023274,1.755811,0.371999,non
2022-04-14,10,CS.PA,0.011508,0.513968,0.177582,non
2022-04-19,1,HO.PA,0.465716,1.580994,0.531094,non
2022-04-19,2,CA.PA,0.217407,1.859957,0.518119,non
2022-04-19,3,ORA.PA,0.181433,0.10107,0.25979,non
2022-04-19,4,TTE.PA,0.117009,-0.510698,0.046449,non
2022-04-19,5,SAN.PA,0.104875,2.085439,0.728059,non
2022-04-19,6,MT.AS,0.057515,0.766276,-0.224783,non
2022-04-19,7,VIV.PA,0.037005,0.353184,-0.006727,non
2022-04-19,8,AI.PA,0.023578,1.324272,0.327691,non
2022-04-19,9,DG.PA,0.022532,-0.978549,-0.257499,non
2022-04-19,10,CS.PA,0.010782,0.223566,0.163033,non
2022-04-20,1,HO.PA,0.476474,1.315019,0.584493,non
2022-04-20,2,CA.PA,0.221256,1.387431,0.492096,non
2022-04-20,3,ORA.PA,0.182247,-0.072813,0.261971,non
2022-04-20,4,TTE.PA,0.115338,-0.629347,0.024795,non
2022-04-20,5,SAN.PA,0.108515,1.88142,0.731712,non
2022-04-20,6,MT.AS,0.062776,0.405088,-0.194754,non
2022-04-20,7,VIV.PA,0.036572,0.245375,-0.018332,non
2022-04-20,8,AI.PA,0.024275,1.449735,0.270773,non
2022-04-20,9,DG.PA,0.022449,-0.430145,-0.224694,non
2022-04-20,10,CS.PA,0.011143,0.608371,0.176659,non
2022-04-21,1,HO.PA,0.486178,0.965062,0.602332,non
2022-04-21,2,CA.PA,0.222915,0.403123,0.423492,non
2022-04-21,3,ORA.PA,0.182644,-0.309315,0.258154,non
2022-04-21,4,TTE.PA,0.113833,-0.584273,0.029921,non
2022-04-21,5,SAN.PA,0.113045,2.049314,0.746096,non
2022-04-21,6,MT.AS,0.067654,0.875688,-0.086834,non
2022-04-21,7,VIV.PA,0.035442,-0.04083,-0.029537,non
2022-04-21,8,AI.PA,0.02531,1.563609,0.206988,non
2022-04-21,9,DG.PA,0.023623,0.146958,-0.125916,non
2022-04-21,10,CS.PA,0.011804,0.545598,0.205534,non
2022-04-22,1,HO.PA,0.49544,0.794068,0.604642,non
2022-04-22,2,CA.PA,0.224111,0.131055,0.354928,non
2022-04-22,3,ORA.PA,0.182894,-0.300336,0.251252,non
2022-04-22,4,SAN.PA,0.116944,1.288364,0.713515,non
2022-04-22,5,TTE.PA,0.110424,-1.05542,0.004036,non
2022-04-22,6,MT.AS,0.070418,0.123135,-0.054374,non
2022-04-22,7,VIV.PA,0.032942,-0.89376,-0.066387,non
2022-04-22,8,AI.PA,0.026162,1.045433,0.145112,non
2022-04-22,9,DG.PA,0.023603,-0.222045,-0.083951,non
2022-04-22,10,CS.PA,0.011796,0.214565,0.185885,non
2022-04-25,1,HO.PA,0.504529,0.586557,0.610853,non
2022-04-25,2,CA.PA,0.225121,0.29383,0.29235,non
2022-04-25,3,ORA.PA,0.183049,-0.264974,0.246031,non
2022-04-25,4,SAN.PA,0.120272,1.014529,0.655339,non
2022-04-25,5,TTE.PA,0.105637,-1.702176,-0.065199,non
2022-04-25,6,MT.AS,0.069107,-1.368144,-0.146724,non
2022-04-25,7,VIV.PA,0.031209,-0.738085,-0.108068,non
2022-04-25,8,AI.PA,0.027196,0.841823,0.101963,non
2022-04-25,9,DG.PA,0.024234,0.020559,-0.031576,non
2022-04-25,10,CS.PA,0.01026,-0.374383,0.112327,non
2022-04-26,1,HO.PA,0.513967,0.475268,0.639183,non
2022-04-26,2,CA.PA,0.226695,0.581274,0.257582,non
2022-04-26,3,ORA.PA,0.184037,0.025846,0.262228,non
2022-04-26,4,SAN.PA,0.123107,1.064103,0.590451,non
2022-04-26,5,TTE.PA,0.101611,-1.380982,-0.07255,non
2022-04-26,6,MT.AS,0.067086,-1.362763,-0.173874,non
2022-04-26,7,VIV.PA,0.028923,-1.268197,-0.152443,non
2022-04-26,8,AI.PA,0.028806,1.136467,0.076578,non
2022-04-26,9,DG.PA,0.026321,0.201376,0.035245,non
2022-04-26,10,EN.PA,0.017,1.241066,0.127868,non
2022-04-27,1,HO.PA,0.522309,0.335679,0.627774,non
2022-04-27,2,CA.PA,0.227376,0.166985,0.203346,non
2022-04-27,3,ORA.PA,0.18502,0.140778,0.286297,non
2022-04-27,4,SAN.PA,0.126616,1.676877,0.558153,non
2022-04-27,5,TTE.PA,0.097964,-1.203676,-0.090093,non
2022-04-27,6,MT.AS,0.068008,-0.699653,-0.166903,non
2022-04-27,7,AI.PA,0.03082,1.295273,0.066446,non
2022-04-27,8,DG.PA,0.027791,0.043478,0.092226,non
2022-04-27,9,VIV.PA,0.026057,-1.200591,-0.191384,non
2022-04-27,10,EN.PA,0.021062,0.829073,0.195406,non
2022-04-28,1,HO.PA,0.530103,0.10197,0.51826,non
2022-04-28,2,CA.PA,0.229157,0.19496,0.164845,non
2022-04-28,3,ORA.PA,0.186129,0.092334,0.294778,non
2022-04-28,4,SAN.PA,0.129776,1.23151,0.46564,non
2022-04-28,5,TTE.PA,0.095772,-0.574374,-0.081371,non
2022-04-28,6,MT.AS,0.066931,-0.851638,-0.180607,non
2022-04-28,7,AI.PA,0.033258,1.47387,0.068279,non
2022-04-28,8,DG.PA,0.029441,0.197289,0.214457,non
2022-04-28,9,EN.PA,0.025308,1.065255,0.289131,non
2022-04-28,10,VIV.PA,0.023076,-1.292702,-0.220684,non
2022-04-29,1,HO.PA,0.537559,0.039289,0.430052,non
2022-04-29,2,CA.PA,0.232754,0.4872,0.162524,non
2022-04-29,3,ORA.PA,0.187816,-0.002224,0.293775,non
2022-04-29,4,SAN.PA,0.132859,0.700444,0.366546,non
2022-04-29,5,TTE.PA,0.094255,-0.406443,-0.022647,non
2022-04-29,6,MT.AS,0.0658,-0.633553,-0.181238,non
2022-04-29,7,AI.PA,0.036413,1.698904,0.084874,non
2022-04-29,8,DG.PA,0.031369,0.148088,0.306784,non
2022-04-29,9,EN.PA,0.028885,0.836531,0.361499,non
2022-04-29,10,VIV.PA,0.020553,-1.584773,-0.263807,non
2022-05-02,1,HO.PA,0.543582,-0.202601,0.31508,non
2022-05-02,2,CA.PA,0.236843,0.732208,0.180664,non
2022-05-02,3,ORA.PA,0.189235,-0.271206,0.270008,non
2022-05-02,4,SAN.PA,0.135813,0.55379,0.237847,non
2022-05-02,5,TTE.PA,0.092409,-0.493704,-0.004317,non
2022-05-02,6,MT.AS,0.064692,-1.265179,-0.253145,non
2022-05-02,7,AI.PA,0.038959,1.199488,0.070781,non
2022-05-02,8,DG.PA,0.031901,-0.243023,0.355922,non
2022-05-02,9,EN.PA,0.03138,0.089082,0.384798,non
2022-05-02,10,VIV.PA,0.01834,-1.627529,-0.310064,non
2022-05-03,1,HO.PA,0.550443,0.195272,0.221682,non
2022-05-03,2,CA.PA,0.241052,1.309894,0.201619,non
2022-05-03,3,ORA.PA,0.191349,0.276695,0.274123,non
2022-05-03,4,SAN.PA,0.138624,0.685437,0.131447,non
2022-05-03,5,TTE.PA,0.091485,0.176661,0.09167,non
2022-05-03,6,MT.AS,0.06395,-0.604929,-0.229326,non
2022-05-03,7,AI.PA,0.041815,1.293203,0.065523,non
2022-05-03,8,EN.PA,0.03436,0.639209,0.432208,non
2022-05-03,9,DG.PA,0.033118,0.100404,0.442329,non
2022-05-03,10,VIV.PA,0.017157,-0.996867,-0.314993,non
2022-05-04,1,HO.PA,0.556352,-0.167708,0.134352,non
2022-05-04,2,CA.PA,0.244554,0.61092,0.181115,non
2022-05-04,3,ORA.PA,0.193451,0.337237,0.265165,non
2022-05-04,4,SAN.PA,0.140907,-0.111054,0.007242,non
2022-05-04,5,TTE.PA,0.090902,0.170817,0.177618,non
2022-05-04,6,MT.AS,0.060335,-1.261604,-0.267421,non
2022-05-04,7,AI.PA,0.044295,1.157507,0.070306,non
2022-05-04,8,EN.PA,0.037972,0.691316,0.465112,non
2022-05-04,9,DG.PA,0.034079,-0.217375,0.477936,non
2022-05-04,10,VIV.PA,0.016141,-0.385798,-0.264328,non
2022-05-05,1,HO.PA,0.561433,-0.311175,0.043438,non
2022-05-05,2,CA.PA,0.24726,0.644379,0.131926,non
2022-05-05,3,ORA.PA,0.195647,0.570477,0.257655,non
2022-05-05,4,SAN.PA,0.143291,-0.082067,-0.093798,non
2022-05-05,5,TTE.PA,0.091031,0.405953,0.265299,non
2022-05-05,6,MT.AS,0.055898,-1.513719,-0.382914,non
2022-05-05,7,AI.PA,0.046572,1.16621,0.081694,non
2022-05-05,8,EN.PA,0.040887,0.503626,0.445868,non
2022-05-05,9,DG.PA,0.03483,-0.282402,0.441401,non
2022-05-05,10,VIV.PA,0.01358,-1.108628,-0.270626,non
2022-05-06,1,HO.PA,0.564979,-0.604239,-0.060165,non
2022-05-06,2,CA.PA,0.25014,0.580114,0.107084,non
2022-05-06,3,ORA.PA,0.19747,0.364602,0.255341,non
2022-05-06,4,SAN.PA,0.146205,0.191143,-0.164268,non
2022-05-06,5,TTE.PA,0.091722,0.777838,0.352583,non
2022-05-06,6,MT.AS,0.051981,-1.472387,-0.513701,non
2022-05-06,7,AI.PA,0.048127,0.555794,0.048241,non
2022-05-06,8,EN.PA,0.042933,0.217247,0.395449,non
2022-05-06,9,DG.PA,0.034874,-0.428739,0.350753,non
2022-05-06,10,VIV.PA,0.010534,-1.427113,-0.312931,non
2022-05-09,1,HO.PA,0.567379,-1.088121,-0.193984,non
2022-05-09,2,CA.PA,0.25225,0.487933,0.103948,non
2022-05-09,3,ORA.PA,0.19939,0.493052,0.253083,non
2022-05-09,4,SAN.PA,0.147681,-0.133214,-0.223538,non
2022-05-09,5,TTE.PA,0.089693,-0.147352,0.324203,non
2022-05-09,6,AI.PA,0.048671,-0.184314,-0.019903,non
2022-05-09,7,MT.AS,0.047446,-1.611635,-0.671226,non
2022-05-09,8,EN.PA,0.043948,0.036766,0.333497,non
2022-05-09,9,DG.PA,0.033724,-0.643759,0.246601,non
2022-05-09,10,VIV.PA,0.0071,-1.604384,-0.360305,non
2022-05-10,1,HO.PA,0.56788,-1.361516,-0.31973,non
2022-05-10,2,CA.PA,0.25448,0.492701,0.130512,non
2022-05-10,3,ORA.PA,0.200971,0.662937,0.275224,non
2022-05-10,4,SAN.PA,0.149956,0.334835,-0.194068,non
2022-05-10,5,TTE.PA,0.086524,-0.136247,0.311381,non
2022-05-10,6,AI.PA,0.049815,-0.0675,-0.058892,non
2022-05-10,7,EN.PA,0.044587,0.363411,0.292932,non
2022-05-10,8,MT.AS,0.041836,-1.54036,-0.789929,non
2022-05-10,9,DG.PA,0.031145,-0.721469,0.147465,non
2022-05-10,10,VIV.PA,0.003555,-1.558522,-0.39807,non
2022-05-11,1,HO.PA,0.568212,-1.31562,-0.392809,non
2022-05-11,2,CA.PA,0.256591,0.068762,0.158774,non
2022-05-11,3,ORA.PA,0.202974,0.358066,0.289866,non
2022-05-11,4,SAN.PA,0.152408,0.297754,-0.131274,non
2022-05-11,5,TTE.PA,0.085639,0.677206,0.389071,non
2022-05-11,6,AI.PA,0.05111,0.035185,-0.07001,non
2022-05-11,7,EN.PA,0.045894,0.751593,0.278151,non
2022-05-11,8,MT.AS,0.038409,-0.992615,-0.828642,non
2022-05-11,9,DG.PA,0.02993,-0.243799,0.1151,non
2022-05-11,10,VIV.PA,0.001338,-1.029323,-0.383926,non
2022-05-12,1,HO.PA,0.567281,-1.862215,-0.474544,non
2022-05-12,2,CA.PA,0.258687,0.145293,0.168361,non
2022-05-12,3,ORA.PA,0.205221,0.295126,0.299784,non
2022-05-12,4,SAN.PA,0.154092,0.004275,-0.115144,non
2022-05-12,5,TTE.PA,0.084199,0.296269,0.418606,non
2022-05-12,6,AI.PA,0.051638,-0.119674,-0.10102,non
2022-05-12,7,EN.PA,0.046638,0.31537,0.232482,non
2022-05-12,8,MT.AS,0.033672,-1.392739,-0.86705,non
2022-05-12,9,DG.PA,0.028877,-0.374194,0.077634,non
2022-05-13,1,HO.PA,0.566006,-1.957155,-0.537743,non
2022-05-13,2,CA.PA,0.260945,0.775813,0.20957,non
2022-05-13,3,ORA.PA,0.207219,0.133126,0.305377,non
2022-05-13,4,SAN.PA,0.15622,0.922596,-0.054995,non
2022-05-13,5,TTE.PA,0.084351,0.912546,0.507896,non
2022-05-13,6,AI.PA,0.053476,0.711787,-0.084273,non
2022-05-13,7,EN.PA,0.047716,0.628301,0.179776,non
2022-05-13,8,DG.PA,0.029257,0.087719,0.061036,non
2022-05-13,9,MT.AS,0.029232,-0.92998,-0.827028,non
2022-05-16,1,HO.PA,0.565261,-1.722827,-0.527218,non
2022-05-16,2,CA.PA,0.263035,0.889369,0.257665,non
2022-05-16,3,ORA.PA,0.209193,0.223485,0.327175,non
2022-05-16,4,SAN.PA,0.158006,0.906609,-0.00036,non
2022-05-16,5,TTE.PA,0.08489,1.110443,0.592059,non
2022-05-16,6,AI.PA,0.055245,0.711968,-0.05871,non
2022-05-16,7,EN.PA,0.04962,1.205462,0.157575,non
2022-05-16,8,DG.PA,0.029696,0.079252,0.031971,non
2022-05-16,9,MT.AS,0.025445,-0.519351,-0.684802,non
2022-05-17,1,HO.PA,0.562807,-1.571786,-0.478018,non
2022-05-17,2,CA.PA,0.264076,0.536787,0.320651,non
2022-05-17,3,ORA.PA,0.210062,0.136353,0.331005,non
2022-05-17,4,SAN.PA,0.158859,0.775571,0.04243,non
2022-05-17,5,TTE.PA,0.083543,1.3248,0.699546,non
2022-05-17,6,AI.PA,0.057057,1.251278,-0.023251,non
2022-05-17,7,EN.PA,0.050382,1.610033,0.156969,non
2022-05-17,8,DG.PA,0.026753,0.175936,-0.01126,non
2022-05-17,9,MT.AS,0.019561,-0.235877,-0.505253,non
2022-05-18,1,HO.PA,0.559432,-1.734281,-0.443695,non
2022-05-18,2,CA.PA,0.262119,-1.109469,0.297993,non
2022-05-18,3,ORA.PA,0.210372,-0.096619,0.318401,non
2022-05-18,4,SAN.PA,0.160292,1.104039,0.094826,non
2022-05-18,5,TTE.PA,0.082473,1.244139,0.775795,non
2022-05-18,6,AI.PA,0.058128,0.971973,0.004839,non
2022-05-18,7,EN.PA,0.050842,1.50903,0.177031,non
2022-05-18,8,DG.PA,0.02356,0.081311,-0.028403,non
2022-05-18,9,MT.AS,0.013823,-0.227917,-0.344763,non
2022-05-18,10,BN.PA,0.002081,1.286554,0.186876,non
2022-05-19,1,HO.PA,0.554623,-1.922157,-0.441157,non
2022-05-19,2,CA.PA,0.257236,-2.161542,0.185924,oui
2022-05-19,3,ORA.PA,0.209609,-0.683697,0.27396,non
2022-05-19,4,SAN.PA,0.160384,0.644024,0.144435,non
2022-05-19,5,TTE.PA,0.080139,0.99104,0.820661,non
2022-05-19,6,AI.PA,0.058111,0.546389,0.019364,non
2022-05-19,7,EN.PA,0.051049,1.251454,0.187515,non
2022-05-19,8,DG.PA,0.019321,-0.254795,-0.028434,non
2022-05-19,9,MT.AS,0.006602,-0.431207,-0.143562,non
2022-05-19,10,BN.PA,0.00157,0.683353,0.129176,non
2022-05-20,1,HO.PA,0.550007,-1.860939,-0.42901,non
2022-05-20,2,CA.PA,0.251857,-2.653939,0.040993,oui
2022-05-20,3,ORA.PA,0.209243,-0.628109,0.230861,non
2022-05-20,4,SAN.PA,0.162234,1.492758,0.1965,non
2022-05-20,5,TTE.PA,0.078964,1.041199,0.814354,non
2022-05-20,6,AI.PA,0.058716,0.607809,0.014691,non
2022-05-20,7,EN.PA,0.051666,1.118872,0.179454,non
2022-05-20,8,DG.PA,0.016313,-0.187129,-0.052103,non
2022-05-20,9,BN.PA,0.001883,0.991663,0.086041,non
2022-05-20,10,MT.AS,0.000744,-0.239517,0.019852,non
2022-05-23,1,HO.PA,0.545534,-1.613181,-0.395944,non
2022-05-23,2,CA.PA,0.24651,-2.180901,-0.069974,non
2022-05-23,3,ORA.PA,0.207896,-0.265732,0.19988,non
2022-05-23,4,SAN.PA,0.163783,1.943492,0.253296,non
2022-05-23,5,TTE.PA,0.079079,1.609411,0.774442,non
2022-05-23,6,AI.PA,0.059401,1.03127,0.021793,non
2022-05-23,7,EN.PA,0.052202,1.358663,0.19726,non
2022-05-23,8,DG.PA,0.01295,-0.40744,-0.073282,non
2022-05-23,9,BN.PA,0.0031,1.078467,0.072671,non
2022-05-24,1,HO.PA,0.541299,-1.587289,-0.35306,non
2022-05-24,2,CA.PA,0.240536,-2.436642,-0.173451,non
2022-05-24,3,ORA.PA,0.206488,0.107343,0.191883,non
2022-05-24,4,SAN.PA,0.164922,1.769103,0.304568,non
2022-05-24,5,TTE.PA,0.078557,1.252762,0.707359,non
2022-05-24,6,AI.PA,0.059551,0.665598,0.024286,non
2022-05-24,7,EN.PA,0.052604,1.455248,0.237798,non
2022-05-24,8,DG.PA,0.008433,-0.607411,-0.091332,non
2022-05-24,9,BN.PA,0.003338,0.730709,0.04322,non
2022-05-25,1,HO.PA,0.537374,-1.664943,-0.31355,non
2022-05-25,2,CA.PA,0.235819,-2.343673,-0.287386,non
2022-05-25,3,ORA.PA,0.204892,-0.156443,0.178221,non
2022-05-25,4,SAN.PA,0.16619,1.674295,0.379048,non
2022-05-25,5,TTE.PA,0.080135,1.762954,0.671987,non
2022-05-25,6,AI.PA,0.060422,0.666555,0.037597,non
2022-05-25,7,EN.PA,0.05411,1.756697,0.271885,non
2022-05-25,8,DG.PA,0.005021,-0.405865,-0.102453,non
2022-05-25,9,BN.PA,0.004141,0.953781,0.011832,non
2022-05-26,1,HO.PA,0.534064,-1.449873,-0.260745,non
2022-05-26,2,CA.PA,0.231047,-2.102134,-0.382362,non
2022-05-26,3,ORA.PA,0.203227,-0.141134,0.162598,non
2022-05-26,4,SAN.PA,0.167691,1.493005,0.430319,non
2022-05-26,5,TTE.PA,0.083278,2.102153,0.695765,non
2022-05-26,6,AI.PA,0.063304,0.796593,0.071661,non
2022-05-26,7,EN.PA,0.056109,2.014722,0.324768,non
2022-05-26,8,BN.PA,0.004404,0.76503,-0.001894,non
2022-05-26,9,DG.PA,0.003216,0.194438,-0.055321,non
2022-05-27,1,HO.PA,0.530475,-1.453182,-0.198552,non
2022-05-27,2,CA.PA,0.225273,-2.291087,-0.465556,non
2022-05-27,3,ORA.PA,0.200876,-0.474062,0.131542,non
2022-05-27,4,SAN.PA,0.168138,0.895063,0.437479,non
2022-05-27,5,TTE.PA,0.08598,1.915928,0.702118,non
2022-05-27,6,AI.PA,0.0671,1.364653,0.152656,non
2022-05-27,7,EN.PA,0.057698,1.906804,0.36256,non
2022-05-27,8,BN.PA,0.004907,0.82996,0.010838,non
2022-05-27,9,DG.PA,0.00118,0.356912,0.001255,non
2022-05-30,1,HO.PA,0.525799,-1.638257,-0.164674,non
2022-05-30,2,CA.PA,0.219748,-2.292754,-0.527513,non
2022-05-30,3,ORA.PA,0.197737,-0.921729,0.074566,non
2022-05-30,4,SAN.PA,0.167334,0.030364,0.406818,non
2022-05-30,5,TTE.PA,0.088511,1.933887,0.686441,non
2022-05-30,6,AI.PA,0.070543,1.175746,0.202453,non
2022-05-30,7,EN.PA,0.058452,1.373821,0.345803,non
2022-05-30,8,BN.PA,0.005363,0.822464,0.017335,non
2022-05-31,1,HO.PA,0.519423,-1.99785,-0.108289,non
2022-05-31,2,CA.PA,0.215094,-2.245821,-0.546404,non
2022-05-31,3,ORA.PA,0.194854,-0.748597,0.046353,non
2022-05-31,4,SAN.PA,0.167042,-0.453856,0.365824,non
2022-05-31,5,TTE.PA,0.091317,1.984687,0.714908,non
2022-05-31,6,AI.PA,0.07323,0.707982,0.236602,non
2022-05-31,7,EN.PA,0.058753,1.021728,0.333473,non
2022-05-31,8,BN.PA,0.005739,0.778104,0.026484,non
2022-06-01,1,HO.PA,0.51247,-1.878316,-0.057772,non
2022-06-01,2,CA.PA,0.211818,-1.833151,-0.56123,non
2022-06-01,3,ORA.PA,0.192029,-0.849592,0.020008,non
2022-06-01,4,SAN.PA,0.166619,-0.477043,0.294237,non
2022-06-01,5,TTE.PA,0.092119,1.398776,0.684879,non
2022-06-01,6,AI.PA,0.075157,0.089998,0.237687,non
2022-06-01,7,EN.PA,0.058184,0.729834,0.310231,non
2022-06-01,8,BN.PA,0.00579,0.742323,0.007574,non
2022-06-02,1,HO.PA,0.505269,-1.863319,-0.003311,non
2022-06-02,2,CA.PA,0.209357,-1.379948,-0.536806,non
2022-06-02,3,ORA.PA,0.189533,-1.189634,-0.004446,non
2022-06-02,4,SAN.PA,0.165583,-0.567358,0.220395,non
2022-06-02,5,TTE.PA,0.093026,1.364265,0.662529,non
2022-06-02,6,AI.PA,0.077133,0.490507,0.265103,non
2022-06-02,7,EN.PA,0.057479,0.685264,0.276939,non
2022-06-02,8,BN.PA,0.007404,1.385229,0.020337,non
2022-06-03,1,HO.PA,0.497394,-1.844021,0.039221,oui
2022-06-03,2,CA.PA,0.204903,-1.250945,-0.496531,non
2022-06-03,3,ORA.PA,0.186856,-1.177176,-0.031265,non
2022-06-03,4,SAN.PA,0.165297,-0.323061,0.166625,non
2022-06-03,5,TTE.PA,0.093636,1.42503,0.668589,non
2022-06-03,6,AI.PA,0.079231,0.3727,0.257795,non
2022-06-03,7,EN.PA,0.056851,0.773561,0.234174,non
2022-06-03,8,BN.PA,0.008591,1.177558,0.018832,non
2022-06-06,1,HO.PA,0.490021,-1.730333,0.058833,oui
2022-06-06,2,CA.PA,0.200232,-1.346233,-0.454393,non
2022-06-06,3,ORA.PA,0.183966,-1.452285,-0.057258,non
2022-06-06,4,SAN.PA,0.16512,-0.339797,0.100637,non
2022-06-06,5,TTE.PA,0.096122,1.704622,0.61501,non
2022-06-06,6,AI.PA,0.08184,0.553027,0.219732,non
2022-06-06,7,EN.PA,0.056854,0.848004,0.184259,non
2022-06-06,8,BN.PA,0.010507,1.132861,0.006771,non
2022-06-07,1,HO.PA,0.482927,-1.629803,0.069757,oui
2022-06-07,2,CA.PA,0.19632,-1.270046,-0.39567,non
2022-06-07,3,ORA.PA,0.181319,-1.417094,-0.069184,non
2022-06-07,4,SAN.PA,0.164637,-0.460782,0.047833,non
2022-06-07,5,TTE.PA,0.097729,1.709946,0.547486,non
2022-06-07,6,AI.PA,0.083547,0.278765,0.17035,non
2022-06-07,7,EN.PA,0.057134,0.68582,0.13674,non
2022-06-07,8,BN.PA,0.01243,0.922078,0.004275,non
2022-06-08,1,HO.PA,0.474569,-1.799428,0.071875,oui
2022-06-08,2,CA.PA,0.19181,-1.587489,-0.362521,non
2022-06-08,3,ORA.PA,0.177402,-2.334411,-0.117455,non
2022-06-08,4,SAN.PA,0.163655,-0.857156,-0.018422,non
2022-06-08,5,TTE.PA,0.099562,1.910754,0.546929,non
2022-06-08,6,AI.PA,0.083471,-0.35121,0.092845,non
2022-06-08,7,EN.PA,0.056484,0.469905,0.093561,non
2022-06-08,8,BN.PA,0.012002,0.286688,-0.035646,non
2022-06-09,1,HO.PA,0.466262,-1.879455,0.017572,oui
2022-06-09,2,CA.PA,0.186928,-1.892929,-0.331559,non
2022-06-09,3,ORA.PA,0.173725,-2.253268,-0.15797,non
2022-06-09,4,SAN.PA,0.162543,-1.226456,-0.105784,non
2022-06-09,5,TTE.PA,0.101393,1.559232,0.478852,non
2022-06-09,6,AI.PA,0.082713,-0.830599,-0.017086,non
2022-06-09,7,EN.PA,0.055729,0.172476,0.02268,non
2022-06-09,8,BN.PA,0.011148,0.023269,-0.094174,non
2022-06-10,1,HO.PA,0.457688,-2.011686,-0.060519,non
2022-06-10,2,CA.PA,0.180931,-2.231518,-0.277207,non
2022-06-10,3,ORA.PA,0.16986,-2.364942,-0.201301,non
2022-06-10,4,SAN.PA,0.160809,-1.777665,-0.177807,non
2022-06-10,5,TTE.PA,0.102289,1.095454,0.413018,non
2022-06-10,6,AI.PA,0.081247,-1.373287,-0.109318,non
2022-06-10,7,EN.PA,0.054572,-0.2618,-0.053457,non
2022-06-10,8,BN.PA,0.009885,-0.252982,-0.127711,non
2022-06-13,1,HO.PA,0.450032,-1.706432,-0.08049,non
2022-06-13,2,CA.PA,0.175362,-1.973174,-0.183286,non
2022-06-13,3,ORA.PA,0.166169,-1.954164,-0.218399,non
2022-06-13,4,SAN.PA,0.158688,-2.132709,-0.256739,non
2022-06-13,5,TTE.PA,0.102415,0.669346,0.326691,non
2022-06-13,6,AI.PA,0.07983,-1.513545,-0.201602,non
2022-06-13,7,EN.PA,0.053044,-0.948832,-0.131212,non
2022-06-13,8,BN.PA,0.009292,-0.010694,-0.124507,non
2022-06-14,1,HO.PA,0.441824,-1.733524,-0.087932,non
2022-06-14,2,CA.PA,0.170153,-1.549234,-0.060972,non
2022-06-14,3,ORA.PA,0.162359,-2.042915,-0.234345,non
2022-06-14,4,SAN.PA,0.15561,-2.691443,-0.355862,non
2022-06-14,5,TTE.PA,0.102716,0.883845,0.273352,non
2022-06-14,6,AI.PA,0.077154,-2.09907,-0.288201,non
2022-06-14,7,EN.PA,0.051132,-1.376354,-0.203801,non
2022-06-14,8,BN.PA,0.007352,-0.605478,-0.16992,non
2022-06-15,1,HO.PA,0.43378,-1.664829,-0.10081,non
2022-06-15,2,CA.PA,0.164938,-1.582849,-0.004372,non
2022-06-15,3,ORA.PA,0.158461,-1.932467,-0.247027,non
2022-06-15,4,SAN.PA,0.152696,-2.653475,-0.434184,non
2022-06-15,5,TTE.PA,0.102562,0.6666,0.196574,non
2022-06-15,6,AI.PA,0.075544,-1.685379,-0.355445,non
2022-06-15,7,EN.PA,0.05015,-0.499731,-0.237739,non
2022-06-15,8,BN.PA,0.005875,-0.738913,-0.227113,non
2022-06-16,1,HO.PA,0.425211,-1.785689,-0.147451,non
2022-06-16,2,CA.PA,0.15985,-1.631801,0.00148,oui
2022-06-16,3,ORA.PA,0.154774,-1.774095,-0.268967,non
2022-06-16,4,SAN.PA,0.14968,-2.687741,-0.522086,non
2022-06-16,5,TTE.PA,0.101227,0.120302,0.056395,non
2022-06-16,6,AI.PA,0.072717,-2.576166,-0.485598,non
2022-06-16,7,EN.PA,0.048967,-0.708837,-0.282962,non
2022-06-16,8,BN.PA,0.003709,-1.150423,-0.342189,non
2022-06-17,1,HO.PA,0.416188,-1.772523,-0.189299,non
2022-06-17,2,CA.PA,0.153967,-2.03015,-0.046418,non
2022-06-17,3,ORA.PA,0.151097,-1.659034,-0.280058,non
2022-06-17,4,SAN.PA,0.146847,-2.370766,-0.556227,non
2022-06-17,5,TTE.PA,0.097169,-0.761185,-0.149219,non
2022-06-17,6,AI.PA,0.069044,-2.842379,-0.621004,non
2022-06-17,7,EN.PA,0.048509,-0.334662,-0.312205,non
2022-06-17,8,BN.PA,0.002856,-0.458001,-0.381683,non
2022-06-20,1,HO.PA,0.408155,-1.409156,-0.164123,non
2022-06-20,2,CA.PA,0.148882,-1.538186,-0.044973,non
2022-06-20,3,ORA.PA,0.147657,-1.317441,-0.260388,non
2022-06-20,4,SAN.PA,0.144723,-1.830033,-0.535001,non
2022-06-20,5,TTE.PA,0.093916,-0.436911,-0.279111,non
2022-06-20,6,AI.PA,0.065049,-3.028162,-0.737305,non
2022-06-20,7,EN.PA,0.047412,-0.882316,-0.347934,non
2022-06-20,8,BN.PA,0.002184,-0.424444,-0.403652,non
2022-06-21,1,HO.PA,0.399756,-1.368166,-0.1311,non
2022-06-21,2,ORA.PA,0.143689,-1.629088,-0.23326,non
2022-06-21,3,CA.PA,0.143165,-1.909273,-0.084604,non
2022-06-21,4,SAN.PA,0.141773,-2.164471,-0.519951,non
2022-06-21,5,TTE.PA,0.091111,-0.115408,-0.400761,non
2022-06-21,6,AI.PA,0.06214,-2.238656,-0.81111,non
2022-06-21,7,EN.PA,0.046434,-0.927389,-0.373668,non
2022-06-21,8,BN.PA,0.001031,-0.533714,-0.447493,non
2022-06-22,1,HO.PA,0.39051,-1.63752,-0.137943,non
2022-06-22,2,ORA.PA,0.140341,-0.979788,-0.183616,non
2022-06-22,3,SAN.PA,0.139573,-1.753705,-0.472545,non
2022-06-22,4,CA.PA,0.134507,-3.35436,-0.221584,non
2022-06-22,5,TTE.PA,0.087858,-0.608845,-0.515692,non
2022-06-22,6,AI.PA,0.059281,-2.312885,-0.878154,non
2022-06-22,7,EN.PA,0.045264,-0.967799,-0.379138,non
2022-06-23,1,HO.PA,0.38137,-1.71352,-0.129958,non
2022-06-23,2,ORA.PA,0.136849,-1.239584,-0.137549,non
2022-06-23,3,SAN.PA,0.136833,-1.646798,-0.410907,non
2022-06-23,4,CA.PA,0.125428,-3.623,-0.373877,non
2022-06-23,5,TTE.PA,0.084063,-0.913647,-0.611989,non
2022-06-23,6,AI.PA,0.057137,-2.303054,-0.923028,non
2022-06-23,7,EN.PA,0.044244,-1.512646,-0.38277,non
2022-06-24,1,HO.PA,0.372615,-1.475456,-0.086872,non
2022-06-24,2,SAN.PA,0.136179,-0.09503,-0.284755,non
2022-06-24,3,ORA.PA,0.13333,-1.002835,-0.089028,non
2022-06-24,4,CA.PA,0.119525,-2.775606,-0.478495,non
2022-06-24,5,TTE.PA,0.081912,-0.396576,-0.657636,non
2022-06-24,6,AI.PA,0.057272,-1.426746,-0.858822,non
2022-06-24,7,EN.PA,0.044469,-0.609501,-0.338368,non
2022-06-24,8,BN.PA,0.000553,-0.105917,-0.508479,non
2022-06-27,1,HO.PA,0.364241,-1.310826,-0.038558,non
2022-06-27,2,SAN.PA,0.134934,-0.436229,-0.201526,non
2022-06-27,3,ORA.PA,0.129728,-0.899186,-0.049386,non
2022-06-27,4,CA.PA,0.116137,-2.637977,-0.574829,non
2022-06-27,5,TTE.PA,0.080086,-0.23901,-0.669234,non
2022-06-27,6,AI.PA,0.056272,-1.587907,-0.795201,non
2022-06-27,7,EN.PA,0.043868,-1.228481,-0.328035,non
2022-06-27,8,BN.PA,0.001813,-0.078759,-0.47654,non
2022-06-28,1,HO.PA,0.356483,-1.093633,-0.002574,non
2022-06-28,2,SAN.PA,0.133691,-0.527632,-0.137002,non
2022-06-28,3,ORA.PA,0.126585,-0.315887,0.018744,non
2022-06-28,4,CA.PA,0.113187,-2.364719,-0.648425,non
2022-06-28,5,TTE.PA,0.079182,-0.019159,-0.637792,non
2022-06-28,6,AI.PA,0.055222,-1.515871,-0.733064,non
2022-06-28,7,EN.PA,0.043881,-0.823701,-0.304398,non
2022-06-28,8,BN.PA,0.003071,-0.003121,-0.434503,non
2022-06-29,1,HO.PA,0.348725,-1.167289,0.028782,oui
2022-06-29,2,SAN.PA,0.133106,-0.065255,-0.049117,non
2022-06-29,3,ORA.PA,0.123965,-0.45907,0.079304,non
2022-06-29,4,CA.PA,0.108332,-2.416366,-0.703055,non
2022-06-29,5,TTE.PA,0.078702,0.077424,-0.628455,non
2022-06-29,6,AI.PA,0.053476,-1.81192,-0.709491,non
2022-06-29,7,EN.PA,0.043338,-1.365344,-0.306435,non
2022-06-29,8,BN.PA,0.004942,0.037345,-0.384734,non
2022-06-30,1,HO.PA,0.341068,-1.045939,0.070338,oui
2022-06-30,2,SAN.PA,0.130968,-1.535129,-0.032153,non
2022-06-30,3,ORA.PA,0.121327,-0.609167,0.123394,non
2022-06-30,4,CA.PA,0.103437,-2.50693,-0.734654,non
2022-06-30,5,TTE.PA,0.078385,-0.138373,-0.627115,non
2022-06-30,6,AI.PA,0.050841,-2.324427,-0.685973,non
2022-06-30,7,EN.PA,0.041701,-2.252358,-0.339408,non
2022-06-30,8,BN.PA,0.007087,0.111747,-0.275854,non
2022-07-01,1,HO.PA,0.33421,-0.722979,0.146027,non
2022-07-01,2,SAN.PA,0.12925,-1.144731,0.018734,oui
2022-07-01,3,ORA.PA,0.119029,-0.382886,0.17528,non
2022-07-01,4,CA.PA,0.098682,-2.336546,-0.736591,non
2022-07-01,5,TTE.PA,0.079074,-0.230005,-0.613815,non
2022-07-01,6,AI.PA,0.048313,-2.410572,-0.657146,non
2022-07-01,7,EN.PA,0.039534,-2.737697,-0.381133,non
2022-07-01,8,BN.PA,0.00915,0.107199,-0.168503,non
2022-07-04,1,HO.PA,0.326557,-0.917432,0.199876,non
2022-07-04,2,SAN.PA,0.127346,-0.879311,0.087373,non
2022-07-04,3,ORA.PA,0.117214,-0.32148,0.21822,non
2022-07-04,4,CA.PA,0.093986,-2.036596,-0.709252,non
2022-07-04,5,TTE.PA,0.081419,0.52983,-0.495284,non
2022-07-04,6,AI.PA,0.045722,-2.156443,-0.580211,non
2022-07-04,7,EN.PA,0.037583,-2.799311,-0.411691,non
2022-07-04,8,BN.PA,0.012094,0.252981,-0.041734,non
2022-07-05,1,HO.PA,0.31712,-1.552114,0.178671,non
2022-07-05,2,SAN.PA,0.125577,-1.26196,0.138283,non
2022-07-05,3,ORA.PA,0.115021,-0.966081,0.239351,non
2022-07-05,4,CA.PA,0.088032,-2.451725,-0.707305,non
2022-07-05,5,TTE.PA,0.081499,-0.652524,-0.457896,non
2022-07-05,6,AI.PA,0.041034,-2.833683,-0.552919,non
2022-07-05,7,EN.PA,0.034298,-3.568054,-0.476623,non
2022-07-05,8,BN.PA,0.01474,-0.103022,0.058233,non
2022-07-06,1,HO.PA,0.309562,-1.09609,0.193202,oui
2022-07-06,2,SAN.PA,0.124767,-1.020147,0.190798,oui
2022-07-06,3,ORA.PA,0.112149,-1.463762,0.207723,non
2022-07-06,4,CA.PA,0.082968,-2.166362,-0.689237,non
2022-07-06,5,TTE.PA,0.080494,-1.135769,-0.418717,non
2022-07-06,6,AI.PA,0.037764,-2.137944,-0.487423,non
2022-07-06,7,EN.PA,0.030999,-3.347443,-0.530761,non
2022-07-06,8,BN.PA,0.018011,0.136828,0.137624,non
2022-07-07,1,HO.PA,0.303099,-0.892794,0.215609,non
2022-07-07,2,SAN.PA,0.124414,-0.605813,0.25133,non
2022-07-07,3,ORA.PA,0.108292,-2.464593,0.139495,oui
2022-07-07,4,TTE.PA,0.081587,-0.543538,-0.329635,non
2022-07-07,5,CA.PA,0.077331,-2.088355,-0.677319,non
2022-07-07,6,AI.PA,0.034461,-1.87086,-0.414108,non
2022-07-07,7,EN.PA,0.028585,-2.758449,-0.555258,non
2022-07-07,8,BN.PA,0.020834,-0.031278,0.190139,non
2022-07-08,1,HO.PA,0.297229,-0.68179,0.236285,non
2022-07-08,2,SAN.PA,0.123863,-0.607925,0.288249,non
2022-07-08,3,ORA.PA,0.103735,-2.886066,0.046673,oui
2022-07-08,4,TTE.PA,0.083306,-0.599269,-0.263026,non
2022-07-08,5,CA.PA,0.072283,-1.638741,-0.641308,non
2022-07-08,6,AI.PA,0.032024,-1.705655,-0.348757,non
2022-07-08,7,EN.PA,0.026607,-2.190082,-0.556691,non
2022-07-08,8,BN.PA,0.023547,0.082263,0.230868,non
2022-07-11,1,HO.PA,0.291418,-0.610704,0.287041,non
2022-07-11,2,SAN.PA,0.124099,-0.384798,0.316623,non
2022-07-11,3,ORA.PA,0.099005,-2.718781,-0.028451,non
2022-07-11,4,TTE.PA,0.084245,-0.733144,-0.227868,non
2022-07-11,5,CA.PA,0.066827,-1.752251,-0.600097,non
2022-07-11,6,AI.PA,0.030054,-1.679552,-0.28287,non
2022-07-11,7,BN.PA,0.026428,-0.024813,0.281551,non
2022-07-11,8,EN.PA,0.023608,-2.48138,-0.596553,non
2022-07-12,1,HO.PA,0.285825,-0.340318,0.354936,non
2022-07-12,2,SAN.PA,0.123353,-0.432788,0.30896,non
2022-07-12,3,ORA.PA,0.094785,-2.006607,-0.08304,non
2022-07-12,4,TTE.PA,0.083734,-0.957842,-0.17741,non
2022-07-12,5,CA.PA,0.061578,-1.654145,-0.517327,non
2022-07-12,6,BN.PA,0.030438,0.415242,0.316001,non
2022-07-12,7,AI.PA,0.027372,-1.678313,-0.249624,non
2022-07-12,8,EN.PA,0.020195,-2.18801,-0.634389,non
2022-07-13,1,HO.PA,0.278729,-0.50786,0.394451,non
2022-07-13,2,SAN.PA,0.1211,-0.701386,0.276838,non
2022-07-13,3,ORA.PA,0.090633,-2.132863,-0.140941,non
2022-07-13,4,TTE.PA,0.081832,-0.912367,-0.125851,non
2022-07-13,5,CA.PA,0.055329,-1.8162,-0.446747,non
2022-07-13,6,BN.PA,0.032438,0.014045,0.308628,non
2022-07-13,7,AI.PA,0.022932,-1.85922,-0.206899,non
2022-07-13,8,EN.PA,0.015406,-2.411192,-0.64557,non
2022-07-14,1,HO.PA,0.271241,-0.645224,0.387595,non
2022-07-14,2,SAN.PA,0.119184,-0.936896,0.21914,non
2022-07-14,3,ORA.PA,0.086298,-2.694383,-0.216493,non
2022-07-14,4,TTE.PA,0.079036,-1.653393,-0.174754,non
2022-07-14,5,CA.PA,0.048559,-1.994021,-0.391202,non
2022-07-14,6,BN.PA,0.033899,-0.294695,0.244676,non
2022-07-14,7,AI.PA,0.018478,-1.959945,-0.229982,non
2022-07-14,8,EN.PA,0.010321,-2.458772,-0.662032,non
2022-07-15,1,HO.PA,0.265014,-0.40237,0.395622,non
2022-07-15,2,SAN.PA,0.11866,-0.409697,0.189511,non
2022-07-15,3,ORA.PA,0.08205,-2.494316,-0.281017,non
2022-07-15,4,TTE.PA,0.079152,-1.146083,-0.24866,non
2022-07-15,5,CA.PA,0.0419,-1.882638,-0.345921,non
2022-07-15,6,BN.PA,0.036036,-0.026768,0.239531,non
2022-07-15,7,AI.PA,0.014926,-1.545709,-0.243594,non
2022-07-15,8,EN.PA,0.00609,-1.963696,-0.623505,non
2022-07-18,1,HO.PA,0.258489,-0.370857,0.436008,non
2022-07-18,2,SAN.PA,0.119188,-0.556765,0.169011,non
2022-07-18,3,TTE.PA,0.080802,-0.776295,-0.258144,non
2022-07-18,4,ORA.PA,0.078221,-2.543334,-0.334205,non
2022-07-18,5,BN.PA,0.038514,-0.136716,0.226281,non
2022-07-18,6,CA.PA,0.036957,-1.459777,-0.215901,non
2022-07-18,7,AI.PA,0.011722,-1.487569,-0.279984,non
2022-07-18,8,EN.PA,0.002386,-1.643353,-0.579588,non
2022-07-18,9,ALO.PA,0.000345,0.626261,0.066512,non
2022-07-19,1,HO.PA,0.252004,-0.205038,0.488203,non
2022-07-19,2,SAN.PA,0.119865,-0.231975,0.139743,non
2022-07-19,3,TTE.PA,0.08243,-0.634674,-0.222443,non
2022-07-19,4,ORA.PA,0.075096,-2.273201,-0.387679,non
2022-07-19,5,BN.PA,0.040631,0.338502,0.228702,non
2022-07-19,6,CA.PA,0.032484,-1.277214,-0.086648,non
2022-07-19,7,ALO.PA,0.012138,0.308434,0.19421,non
2022-07-19,8,AI.PA,0.008549,-1.167293,-0.24571,non
2022-07-20,1,HO.PA,0.244402,-0.44105,0.463485,non
2022-07-20,2,SAN.PA,0.118891,-0.930288,0.087404,non
2022-07-20,3,TTE.PA,0.083279,-0.610634,-0.225871,non
2022-07-20,4,ORA.PA,0.071312,-2.524839,-0.42541,non
2022-07-20,5,BN.PA,0.042294,0.032552,0.191231,non
2022-07-20,6,CA.PA,0.026135,-1.128272,-0.057781,non
2022-07-20,7,ALO.PA,0.022293,-0.024014,0.234837,non
2022-07-20,8,AI.PA,0.005315,-1.178774,-0.226473,non
2022-07-21,1,HO.PA,0.236953,-0.486395,0.406276,non
2022-07-21,2,SAN.PA,0.11687,-1.269611,0.017453,non
2022-07-21,3,TTE.PA,0.083948,-1.077919,-0.298565,non
2022-07-21,4,ORA.PA,0.066469,-2.780083,-0.481633,non
2022-07-21,5,BN.PA,0.043653,-0.079,0.124431,non
2022-07-21,6,ALO.PA,0.031501,-0.173337,0.215151,non
2022-07-21,7,CA.PA,0.020183,-1.153615,-0.082862,non
2022-07-21,8,AI.PA,0.00234,-1.115009,-0.209412,non
2022-07-22,1,HO.PA,0.227644,-0.66779,0.341039,non
2022-07-22,2,SAN.PA,0.114928,-1.362057,0.016083,oui
2022-07-22,3,TTE.PA,0.084294,-0.849722,-0.304973,non
2022-07-22,4,ORA.PA,0.061302,-3.147339,-0.54383,non
2022-07-22,5,BN.PA,0.045546,-0.14924,0.106187,non
2022-07-22,6,ALO.PA,0.041777,-0.289607,0.209719,non
2022-07-22,7,CA.PA,0.01343,-1.219366,-0.07159,non
2022-07-22,8,AI.PA,0.000115,-1.000135,-0.121044,non
2022-07-25,1,HO.PA,0.217532,-0.797796,0.269641,non
2022-07-25,2,SAN.PA,0.112789,-1.130012,0.014042,oui
2022-07-25,3,TTE.PA,0.084651,-0.658073,-0.27763,non
2022-07-25,4,ORA.PA,0.057013,-2.524943,-0.568151,non
2022-07-25,5,ALO.PA,0.051895,-0.257312,0.242692,non
2022-07-25,6,BN.PA,0.047262,0.066562,0.101233,non
2022-07-25,7,CA.PA,0.006726,-1.073429,-0.04767,non
2022-07-26,1,HO.PA,0.207464,-0.522071,0.247697,non
2022-07-26,2,SAN.PA,0.110803,-0.645968,0.033213,non
2022-07-26,3,TTE.PA,0.086161,-0.640112,-0.223757,non
2022-07-26,4,ALO.PA,0.058247,-0.669792,0.252165,non
2022-07-26,5,ORA.PA,0.052676,-2.48366,-0.562591,non
2022-07-26,6,BN.PA,0.049235,0.37022,0.117152,non
2022-07-27,1,HO.PA,0.197905,-0.376365,0.223196,non
2022-07-27,2,SAN.PA,0.109587,-0.909396,0.064084,non
2022-07-27,3,TTE.PA,0.088356,-0.471664,-0.13932,non
2022-07-27,4,ALO.PA,0.06372,-0.682218,0.229605,non
2022-07-27,5,BN.PA,0.051374,0.083953,0.117276,non
2022-07-27,6,ORA.PA,0.048318,-2.543375,-0.556892,non
2022-07-28,1,HO.PA,0.189405,-0.121639,0.229977,non
2022-07-28,2,SAN.PA,0.108501,-0.959961,0.023218,non
2022-07-28,3,TTE.PA,0.089218,-1.07254,-0.118489,non
2022-07-28,4,ALO.PA,0.070927,-0.164555,0.149808,non
2022-07-28,5,BN.PA,0.05278,-0.439696,0.09243,non
2022-07-28,6,ORA.PA,0.04385,-2.997,-0.572944,non
2022-07-29,1,HO.PA,0.180255,-0.418723,0.237163,non
2022-07-29,2,SAN.PA,0.106664,-1.367859,-0.022255,non
2022-07-29,3,TTE.PA,0.092457,-0.507956,-0.048585,non
2022-07-29,4,ALO.PA,0.078266,-0.346623,0.060456,non
2022-07-29,5,BN.PA,0.054328,-0.269051,0.079237,non
2022-07-29,6,ORA.PA,0.03988,-2.648215,-0.552795,non
2022-08-01,1,HO.PA,0.172973,0.041898,0.261127,non
2022-08-01,2,SAN.PA,0.103366,-2.115698,-0.093508,non
2022-08-01,3,TTE.PA,0.094633,-0.8297,0.072875,non
2022-08-01,4,ALO.PA,0.085538,-0.444204,-0.021324,non
2022-08-01,5,BN.PA,0.055405,-0.328351,0.074862,non
2022-08-01,6,ORA.PA,0.03594,-2.583866,-0.51585,non
2022-08-02,1,HO.PA,0.165949,0.1958,0.204608,non
2022-08-02,2,SAN.PA,0.101488,-1.351553,-0.142927,non
2022-08-02,3,TTE.PA,0.096514,-1.114235,0.075234,non
2022-08-02,4,ALO.PA,0.092914,-0.408106,-0.148703,non
2022-08-02,5,BN.PA,0.057079,-0.226543,0.054684,non
2022-08-02,6,ORA.PA,0.032725,-2.176837,-0.466789,non
2022-08-03,1,HO.PA,0.157825,0.04786,0.170364,non
2022-08-03,2,ALO.PA,0.099335,-0.375844,-0.210562,non
2022-08-03,3,SAN.PA,0.098782,-1.373167,-0.182452,non
2022-08-03,4,TTE.PA,0.097809,-0.97954,0.045642,non
2022-08-03,5,BN.PA,0.05827,-0.2408,0.050894,non
2022-08-03,6,ORA.PA,0.028888,-2.377682,-0.43949,non
2022-08-03,7,ENGI.PA,0.000591,0.941856,0.838461,non
2022-08-04,1,HO.PA,0.149613,-0.045886,0.139539,non
2022-08-04,2,ALO.PA,0.10763,-0.310634,-0.160455,non
2022-08-04,3,TTE.PA,0.099004,-0.996565,0.069243,non
2022-08-04,4,SAN.PA,0.096538,-1.464988,-0.20475,non
2022-08-04,5,BN.PA,0.059772,-0.229794,0.038612,non
2022-08-04,6,ORA.PA,0.025056,-2.283154,-0.439243,non
2022-08-04,7,ENGI.PA,0.00976,0.946797,0.837529,non
2022-08-05,1,HO.PA,0.141144,-0.087275,0.122024,non
2022-08-05,2,ALO.PA,0.116023,-0.274494,-0.08207,non
2022-08-05,3,TTE.PA,0.100784,-0.925921,0.099058,non
2022-08-05,4,SAN.PA,0.094606,-1.099464,-0.204389,non
2022-08-05,5,BN.PA,0.061138,-0.466647,0.022295,non
2022-08-05,6,ORA.PA,0.021931,-1.744632,-0.422583,non
2022-08-05,7,ENGI.PA,0.01877,0.930483,0.845966,non
2022-08-05,8,RNO.PA,0.011402,1.625969,1.474919,non
2022-08-08,1,HO.PA,0.132284,-0.106424,0.105128,non
2022-08-08,2,ALO.PA,0.124169,-0.158955,-0.017179,non
2022-08-08,3,TTE.PA,0.102695,-0.599836,0.145855,non
2022-08-08,4,SAN.PA,0.092402,-1.26457,-0.19797,non
2022-08-08,5,BN.PA,0.062503,-0.526548,-0.001073,non
2022-08-08,6,RNO.PA,0.039354,1.744986,1.476522,non
2022-08-08,7,ENGI.PA,0.029148,1.005617,0.839335,non
2022-08-08,8,ORA.PA,0.018842,-1.795829,-0.405563,non
2022-08-09,1,ALO.PA,0.131708,-0.331394,0.053682,non
2022-08-09,2,HO.PA,0.123717,0.116171,0.135079,non
2022-08-09,3,TTE.PA,0.105466,-0.243804,0.198425,non
2022-08-09,4,SAN.PA,0.089315,-1.609239,-0.207873,non
2022-08-09,5,RNO.PA,0.066535,1.507479,1.431322,non
2022-08-09,6,BN.PA,0.064185,-0.571897,0.006181,non
2022-08-09,7,ENGI.PA,0.039996,1.000498,0.824674,non
2022-08-09,8,ORA.PA,0.01654,-1.455382,-0.33761,non
2022-08-09,9,MC.PA,0.001184,1.877089,0.777295,non
2022-08-10,1,ALO.PA,0.139818,0.575797,0.168919,non
2022-08-10,2,HO.PA,0.113879,-0.091603,0.123162,non
2022-08-10,3,TTE.PA,0.107334,-0.393368,0.236386,non
2022-08-10,4,RNO.PA,0.093204,1.924456,1.375471,non
2022-08-10,5,SAN.PA,0.082506,-3.535969,-0.339717,non
2022-08-10,6,BN.PA,0.06546,-0.596778,-0.008261,non
2022-08-10,7,ENGI.PA,0.050791,1.117703,0.806013,non
2022-08-10,8,ORA.PA,0.013722,-1.565188,-0.279599,non
2022-08-10,9,MC.PA,0.01063,2.041417,0.756164,non
2022-08-11,1,ALO.PA,0.147548,0.508643,0.256922,non
2022-08-11,2,RNO.PA,0.117641,1.881139,1.244844,non
2022-08-11,3,TTE.PA,0.110342,0.128934,0.236434,non
2022-08-11,4,HO.PA,0.104225,0.065872,0.099325,non
2022-08-11,5,SAN.PA,0.074418,-3.913342,-0.511086,non
2022-08-11,6,BN.PA,0.066116,-0.623078,-0.041662,non
2022-08-11,7,ENGI.PA,0.062197,1.135257,0.772595,non
2022-08-11,8,MC.PA,0.020078,2.022143,0.724258,non
2022-08-11,9,ORA.PA,0.011076,-1.505993,-0.241442,non
2022-08-12,1,ALO.PA,0.151962,-0.310036,0.30037,non
2022-08-12,2,RNO.PA,0.140119,1.986858,1.180047,non
2022-08-12,3,TTE.PA,0.112937,0.059576,0.263021,non
2022-08-12,4,HO.PA,0.093809,-0.324773,0.073494,non
2022-08-12,5,ENGI.PA,0.073938,1.200174,0.747619,non
2022-08-12,6,BN.PA,0.06775,-1.088413,-0.08005,non
2022-08-12,7,SAN.PA,0.067122,-3.431551,-0.624735,non
2022-08-12,8,MC.PA,0.029308,1.936851,0.679742,non
2022-08-12,9,ORA.PA,0.008567,-1.415229,-0.191745,non
2022-08-12,10,DG.PA,0.002432,1.576762,0.330688,non
2022-08-15,1,RNO.PA,0.157335,1.84758,1.106865,non
2022-08-15,2,ALO.PA,0.15378,-0.286557,0.410593,non
2022-08-15,3,TTE.PA,0.112813,-0.434049,0.276897,non
2022-08-15,4,HO.PA,0.084857,-0.194684,0.058683,non
2022-08-15,5,ENGI.PA,0.083201,1.05973,0.715797,non
2022-08-15,6,BN.PA,0.068109,-0.59569,-0.094611,non
2022-08-15,7,SAN.PA,0.058457,-3.253727,-0.727766,non
2022-08-15,8,MC.PA,0.036772,1.952518,0.641111,non
2022-08-15,9,DG.PA,0.005534,1.653257,0.316904,non
2022-08-15,10,ORA.PA,0.005188,-1.252315,-0.136976,non
2022-08-16,1,RNO.PA,0.177105,1.917527,1.075583,non
2022-08-16,2,ALO.PA,0.156849,-0.53782,0.461297,non
2022-08-16,3,TTE.PA,0.113841,-0.151297,0.321588,non
2022-08-16,4,ENGI.PA,0.095333,1.186331,0.719545,non
2022-08-16,5,HO.PA,0.078123,0.538442,0.102264,non
2022-08-16,6,BN.PA,0.07034,-0.399782,-0.065216,non
2022-08-16,7,SAN.PA,0.051986,-2.731901,-0.767389,non
2022-08-16,8,MC.PA,0.046209,1.834597,0.615734,non
2022-08-16,9,RMS.PA,0.011234,2.023755,0.939569,non
2022-08-16,10,DG.PA,0.010221,1.80443,0.341353,non
2022-08-17,1,RNO.PA,0.19211,1.421235,0.981902,non
2022-08-17,2,ALO.PA,0.156419,-1.719469,0.368087,non
2022-08-17,3,TTE.PA,0.112533,-0.145943,0.363151,non
2022-08-17,4,ENGI.PA,0.106894,1.091793,0.697645,non
2022-08-17,5,HO.PA,0.075548,0.823389,0.129977,non
2022-08-17,6,BN.PA,0.071197,-0.449329,-0.053356,non
2022-08-17,7,MC.PA,0.05523,1.772074,0.572212,non
2022-08-17,8,SAN.PA,0.043264,-3.505622,-0.897146,non
2022-08-17,9,RMS.PA,0.02229,1.950292,0.871695,non
2022-08-17,10,DG.PA,0.013825,1.378486,0.322405,non
2022-08-18,1,RNO.PA,0.201826,1.476763,0.859186,non
2022-08-18,2,ALO.PA,0.152887,-1.735915,0.258291,oui
2022-08-18,3,ENGI.PA,0.111853,0.978096,0.648652,non
2022-08-18,4,TTE.PA,0.111108,0.334016,0.390906,non
2022-08-18,5,HO.PA,0.07435,0.550725,0.134129,non
2022-08-18,6,BN.PA,0.071153,-0.673326,-0.058154,non
2022-08-18,7,MC.PA,0.06227,1.829351,0.544049,non
2022-08-18,8,SAN.PA,0.033974,-3.22879,-1.019123,non
2022-08-18,9,RMS.PA,0.032128,1.966058,0.819895,non
2022-08-18,10,DG.PA,0.016078,1.360202,0.298547,non
2022-08-19,1,RNO.PA,0.210544,0.833082,0.68885,non
2022-08-19,2,ALO.PA,0.148161,-1.950254,0.11894,oui
2022-08-19,3,ENGI.PA,0.115705,0.936962,0.583181,non
2022-08-19,4,TTE.PA,0.112562,0.252856,0.421459,non
2022-08-19,5,HO.PA,0.07131,0.675934,0.116072,non
2022-08-19,6,BN.PA,0.070328,-0.687074,-0.065966,non
2022-08-19,7,MC.PA,0.069461,1.526244,0.485511,non
2022-08-19,8,RMS.PA,0.042852,1.770805,0.744565,non
2022-08-19,9,SAN.PA,0.024466,-3.012935,-1.124005,non
2022-08-19,10,WLN.PA,0.023468,1.297278,0.593262,non
2022-08-22,1,RNO.PA,0.214424,-0.025936,0.470065,non
2022-08-22,2,ALO.PA,0.14223,-2.24723,-0.037528,non
2022-08-22,3,ENGI.PA,0.116746,0.853583,0.52624,non
2022-08-22,4,TTE.PA,0.112676,0.361268,0.466942,non
2022-08-22,5,MC.PA,0.074099,1.074688,0.387496,non
2022-08-22,6,HO.PA,0.069563,0.695539,0.074931,non
2022-08-22,7,BN.PA,0.068036,-0.885384,-0.069483,non
2022-08-22,8,RMS.PA,0.051771,1.528188,0.6345,non
2022-08-22,9,WLN.PA,0.032907,0.984208,0.357924,non
2022-08-22,10,STLAP.PA,0.026433,0.556999,0.507705,non
2022-08-23,1,RNO.PA,0.2161,-0.151166,0.204871,non
2022-08-23,2,ALO.PA,0.132601,-2.182229,-0.238977,non
2022-08-23,3,ENGI.PA,0.11566,0.851898,0.437393,non
2022-08-23,4,TTE.PA,0.112664,1.000316,0.551179,non
2022-08-23,5,MC.PA,0.075736,0.963721,0.246093,non
2022-08-23,6,HO.PA,0.067779,0.532771,0.048321,non
2022-08-23,7,BN.PA,0.063871,-0.996536,-0.056462,non
2022-08-23,8,RMS.PA,0.058298,1.337146,0.471846,non
2022-08-23,9,WLN.PA,0.038178,0.865316,0.091829,non
2022-08-23,10,STLAP.PA,0.027825,0.740197,0.316055,non
2022-08-24,1,RNO.PA,0.215874,-0.026024,-0.029963,non
2022-08-24,2,ALO.PA,0.121076,-2.019024,-0.424613,non
2022-08-24,3,ENGI.PA,0.112283,0.878946,0.367011,non
2022-08-24,4,TTE.PA,0.111899,0.532411,0.604551,non
2022-08-24,5,MC.PA,0.077023,1.093835,0.133216,non
2022-08-24,6,HO.PA,0.068136,0.292302,0.022111,non
2022-08-24,7,RMS.PA,0.065149,1.524128,0.337392,non
2022-08-24,8,BN.PA,0.059211,-0.670689,-0.038343,non
2022-08-24,9,WLN.PA,0.042412,0.964357,0.008177,non
2022-08-24,10,STLAP.PA,0.026978,0.895421,0.142891,non
2022-08-25,1,RNO.PA,0.21476,0.062146,-0.205939,non
2022-08-25,2,TTE.PA,0.112043,0.654904,0.604828,non
2022-08-25,3,ALO.PA,0.110479,-2.172315,-0.555983,non
2022-08-25,4,ENGI.PA,0.109909,0.815229,0.316479,non
2022-08-25,5,MC.PA,0.077009,1.084773,0.073592,non
2022-08-25,6,RMS.PA,0.069317,1.413683,0.22118,non
2022-08-25,7,HO.PA,0.069146,0.535425,0.033808,non
2022-08-25,8,BN.PA,0.053935,-0.704223,-0.051647,non
2022-08-25,9,WLN.PA,0.045067,0.872798,-0.069748,non
2022-08-25,10,STLAP.PA,0.025835,0.792088,0.019392,non
2022-08-26,1,RNO.PA,0.216139,-0.555476,-0.35798,non
2022-08-26,2,TTE.PA,0.112402,0.58691,0.637826,non
2022-08-26,3,ENGI.PA,0.109417,0.534221,0.240051,non
2022-08-26,4,ALO.PA,0.102411,-2.315183,-0.715914,non
2022-08-26,5,MC.PA,0.079193,0.58907,-0.002236,non
2022-08-26,6,RMS.PA,0.074749,0.930488,0.144102,non
2022-08-26,7,HO.PA,0.068022,0.288682,-0.000788,non
2022-08-26,8,BN.PA,0.050621,-1.201631,-0.078792,non
2022-08-26,9,WLN.PA,0.049984,0.413905,-0.151437,non
2022-08-26,10,STLAP.PA,0.028054,0.34782,-0.104513,non
2022-08-29,1,RNO.PA,0.216657,-0.2263,-0.410551,non
2022-08-29,2,TTE.PA,0.112549,0.723428,0.644916,non
2022-08-29,3,ENGI.PA,0.106278,-0.337546,0.138913,non
2022-08-29,4,ALO.PA,0.092028,-2.17763,-0.8644,non
2022-08-29,5,MC.PA,0.079882,0.415382,-0.059071,non
2022-08-29,6,RMS.PA,0.077852,0.760664,0.06571,non
2022-08-29,7,HO.PA,0.066493,-0.208309,-0.013769,non
2022-08-29,8,WLN.PA,0.054909,0.413704,-0.225498,non
2022-08-29,9,BN.PA,0.046753,-1.183055,-0.105794,non
2022-08-29,10,STLAP.PA,0.027301,0.352159,-0.212204,non
2022-08-30,1,RNO.PA,0.216587,-0.143771,-0.445211,non
2022-08-30,2,TTE.PA,0.11085,-0.062801,0.561003,non
2022-08-30,3,ENGI.PA,0.102743,-0.456786,0.041919,non
2022-08-30,4,ALO.PA,0.082925,-1.880515,-0.967042,non
2022-08-30,5,MC.PA,0.080884,0.3634,-0.134147,non
2022-08-30,6,RMS.PA,0.080586,0.666063,-0.03789,non
2022-08-30,7,HO.PA,0.064847,-0.292064,-0.012276,non
2022-08-30,8,WLN.PA,0.061438,0.880434,-0.228689,non
2022-08-30,9,BN.PA,0.043118,-1.245139,-0.126461,non
2022-08-30,10,SAF.PA,0.027053,0.084663,-0.155087,non
2022-08-31,1,RNO.PA,0.21735,0.090317,-0.464784,non
2022-08-31,2,TTE.PA,0.107753,-0.735972,0.431079,non
2022-08-31,3,ENGI.PA,0.099462,-0.837112,-0.095869,non
2022-08-31,4,RMS.PA,0.083031,0.385458,-0.157428,non
2022-08-31,5,MC.PA,0.081119,-0.001157,-0.22056,non
2022-08-31,6,ALO.PA,0.074966,-2.04029,-1.073165,non
2022-08-31,7,WLN.PA,0.069028,0.933737,-0.223843,non
2022-08-31,8,HO.PA,0.061805,-0.619955,-0.038513,non
2022-08-31,9,BN.PA,0.0413,-1.023843,-0.132294,non
2022-08-31,10,SAF.PA,0.028973,-0.151877,-0.245622,non
2022-09-01,1,RNO.PA,0.218474,-0.094634,-0.512556,non
2022-09-01,2,TTE.PA,0.104187,-0.902751,0.282559,non
2022-09-01,3,ENGI.PA,0.096294,-0.898076,-0.227965,non
2022-09-01,4,RMS.PA,0.082972,0.102857,-0.258702,non
2022-09-01,5,MC.PA,0.079731,-0.359411,-0.313211,non
2022-09-01,6,WLN.PA,0.075221,0.814617,-0.227949,non
2022-09-01,7,ALO.PA,0.065084,-2.123655,-1.167517,non
2022-09-01,8,HO.PA,0.058417,-1.242732,-0.101374,non
2022-09-01,9,BN.PA,0.038848,-1.235526,-0.14392,non
2022-09-01,10,SAF.PA,0.029027,-0.573863,-0.367512,non
2022-09-02,1,RNO.PA,0.224062,0.453647,-0.478881,non
2022-09-02,2,TTE.PA,0.101471,-0.364901,0.174363,non
2022-09-02,3,ENGI.PA,0.095133,-0.334038,-0.30883,non
2022-09-02,4,RMS.PA,0.08658,0.252267,-0.364111,non
2022-09-02,5,WLN.PA,0.084638,1.110865,-0.214803,non
2022-09-02,6,MC.PA,0.08172,-0.093371,-0.392988,non
2022-09-02,7,ALO.PA,0.05906,-1.669187,-1.188571,non
2022-09-02,8,HO.PA,0.05546,-0.541697,-0.131465,non
2022-09-02,9,BN.PA,0.036791,-1.082688,-0.156828,non
2022-09-02,10,SAF.PA,0.032302,-0.094772,-0.458422,non
2022-09-05,1,RNO.PA,0.224642,-0.611429,-0.502243,non
2022-09-05,2,TTE.PA,0.100378,0.259395,0.131297,non
2022-09-05,3,ENGI.PA,0.095154,-0.249414,-0.365844,non
2022-09-05,4,WLN.PA,0.091867,0.680173,-0.233705,non
2022-09-05,5,RMS.PA,0.08984,0.09475,-0.46896,non
2022-09-05,6,MC.PA,0.083112,-0.345387,-0.4696,non
2022-09-05,7,HO.PA,0.054054,0.166441,-0.129364,non
2022-09-05,8,ALO.PA,0.050118,-2.168567,-1.237995,non
2022-09-05,9,SAF.PA,0.034465,-0.395235,-0.547659,non
2022-09-05,10,BN.PA,0.03424,-1.582325,-0.195482,non
2022-09-06,1,RNO.PA,0.225823,-0.28493,-0.518251,non
2022-09-06,2,WLN.PA,0.101266,1.070089,-0.221785,non
2022-09-06,3,TTE.PA,0.097547,-0.316901,0.070024,non
2022-09-06,4,ENGI.PA,0.094695,-0.429077,-0.426325,non
2022-09-06,5,RMS.PA,0.094118,0.204462,-0.566129,non
2022-09-06,6,MC.PA,0.085349,-0.292007,-0.550152,non
2022-09-06,7,HO.PA,0.052682,0.164375,-0.110446,non
2022-09-06,8,ALO.PA,0.043215,-1.805744,-1.239774,non
2022-09-06,9,SAF.PA,0.036697,-0.346323,-0.613685,non
2022-09-06,10,BN.PA,0.031669,-1.7075,-0.23829,non
2022-09-07,1,RNO.PA,0.227616,0.06523,-0.442065,non
2022-09-07,2,WLN.PA,0.110219,0.859928,-0.183511,non
2022-09-07,3,RMS.PA,0.098225,0.204962,-0.616165,non
2022-09-07,4,ENGI.PA,0.09622,0.485911,-0.394873,non
2022-09-07,5,TTE.PA,0.093283,-1.044961,-0.055239,non
2022-09-07,6,MC.PA,0.087372,-0.23298,-0.590653,non
2022-09-07,7,HO.PA,0.051654,-0.245636,-0.129544,non
2022-09-07,8,SAF.PA,0.03833,-0.09448,-0.623085,non
2022-09-07,9,ALO.PA,0.036995,-1.595882,-1.099722,non
2022-09-07,10,STLAP.PA,0.028171,-0.399078,-0.803887,non
2022-09-08,1,RNO.PA,0.22985,-0.028015,-0.365322,non
2022-09-08,2,WLN.PA,0.120519,1.20224,-0.056756,non
2022-09-08,3,RMS.PA,0.102957,0.248576,-0.635043,non
2022-09-08,4,ENGI.PA,0.098603,0.495294,-0.351816,non
2022-09-08,5,MC.PA,0.090246,-0.209983,-0.60767,non
2022-09-08,6,TTE.PA,0.089201,-1.240151,-0.151005,non
2022-09-08,7,HO.PA,0.049859,-0.913932,-0.170239,non
2022-09-08,8,SAF.PA,0.040533,-0.11968,-0.621464,non
2022-09-08,9,ALO.PA,0.030752,-1.610391,-0.9333,non
2022-09-08,10,STLAP.PA,0.029374,-0.415071,-0.816172,non
2022-09-09,1,RNO.PA,0.231735,0.223221,-0.242701,non
2022-09-09,2,WLN.PA,0.131383,1.897109,0.133484,non
2022-09-09,3,RMS.PA,0.107956,0.423408,-0.617626,non
2022-09-09,4,ENGI.PA,0.099856,0.486498,-0.294437,non
2022-09-09,5,MC.PA,0.092348,-0.01697,-0.592245,non
2022-09-09,6,TTE.PA,0.08589,-0.962223,-0.22374,non
2022-09-09,7,HO.PA,0.047401,-1.425262,-0.262525,non
2022-09-09,8,SAF.PA,0.04297,0.067415,-0.595513,non
2022-09-09,9,STLAP.PA,0.030451,-0.214626,-0.775327,non
2022-09-09,10,OR.PA,0.030436,-0.0609,-0.41369,non
2022-09-12,1,RNO.PA,0.235078,0.96223,-0.05699,non
2022-09-12,2,WLN.PA,0.141629,1.721075,0.30909,non
2022-09-12,3,RMS.PA,0.113101,0.456663,-0.571345,non
2022-09-12,4,ENGI.PA,0.100812,0.629426,-0.229203,non
2022-09-12,5,MC.PA,0.094868,0.116525,-0.541138,non
2022-09-12,6,TTE.PA,0.083447,-0.647507,-0.306158,non
2022-09-12,7,HO.PA,0.046493,-0.779585,-0.314294,non
2022-09-12,8,SAF.PA,0.046368,0.413879,-0.498646,non
2022-09-12,9,OR.PA,0.032489,0.307767,-0.359914,non
2022-09-12,10,STLAP.PA,0.032385,0.298015,-0.661515,non
2022-09-13,1,RNO.PA,0.236975,0.292947,0.091494,non
2022-09-13,2,WLN.PA,0.149688,1.152279,0.410638,non
2022-09-13,3,RMS.PA,0.118245,0.259017,-0.535918,non
2022-09-13,4,ENGI.PA,0.102902,1.161667,-0.105712,non
2022-09-13,5,MC.PA,0.096905,-0.111085,-0.499434,non
2022-09-13,6,TTE.PA,0.081246,-0.857754,-0.380733,non
2022-09-13,7,SAF.PA,0.048939,0.039636,-0.411636,non
2022-09-13,8,HO.PA,0.04653,-0.669109,-0.318156,non
2022-09-13,9,OR.PA,0.033951,0.055656,-0.32105,non
2022-09-13,10,STLAP.PA,0.033846,0.070509,-0.554233,non
2022-09-14,1,RNO.PA,0.240151,0.804948,0.248471,non
2022-09-14,2,WLN.PA,0.157292,1.19378,0.511305,non
2022-09-14,3,RMS.PA,0.123757,0.19645,-0.488478,non
2022-09-14,4,ENGI.PA,0.104302,0.817507,-0.010464,non
2022-09-14,5,MC.PA,0.099783,-0.060638,-0.435755,non
2022-09-14,6,TTE.PA,0.079247,-0.366258,-0.415428,non
2022-09-14,7,SAF.PA,0.050737,-0.171025,-0.338719,non
2022-09-14,8,HO.PA,0.044908,-1.241164,-0.328819,non
2022-09-14,9,KER.PA,0.038928,-0.17608,-0.399749,non
2022-09-14,10,STLAP.PA,0.035656,0.181879,-0.44198,non
2022-09-15,1,RNO.PA,0.248993,1.250421,0.457208,non
2022-09-15,2,WLN.PA,0.168301,0.847112,0.565075,non
2022-09-15,3,RMS.PA,0.130011,-0.270239,-0.468116,non
2022-09-15,4,ENGI.PA,0.106007,0.562981,0.064547,non
2022-09-15,5,MC.PA,0.104264,-0.43007,-0.373807,non
2022-09-15,6,TTE.PA,0.075434,-0.821411,-0.44593,non
2022-09-15,7,SAF.PA,0.054732,-0.450496,-0.271329,non
2022-09-15,8,KER.PA,0.04457,-0.680937,-0.331705,non
2022-09-15,9,HO.PA,0.040661,-1.574967,-0.362041,non
2022-09-15,10,STLAP.PA,0.040369,0.181106,-0.294632,non
2022-09-16,1,RNO.PA,0.256765,1.487744,0.632838,non
2022-09-16,2,WLN.PA,0.176431,0.009597,0.525325,non
2022-09-16,3,RMS.PA,0.135511,-0.469943,-0.463094,non
2022-09-16,4,MC.PA,0.107874,-0.517768,-0.320911,non
2022-09-16,5,ENGI.PA,0.107206,0.372579,0.130274,non
2022-09-16,6,TTE.PA,0.072325,-0.89484,-0.47901,non
2022-09-16,7,SAF.PA,0.056636,-1.059367,-0.257899,non
2022-09-16,8,KER.PA,0.048441,-1.034325,-0.287849,non
2022-09-16,9,STLAP.PA,0.04345,-0.223363,-0.216467,non
2022-09-16,10,OR.PA,0.041284,-0.528938,-0.22304,non
2022-09-19,1,RNO.PA,0.262208,1.112864,0.701696,non
2022-09-19,2,WLN.PA,0.181934,0.156399,0.474201,non
2022-09-19,3,RMS.PA,0.141167,-0.369606,-0.443145,non
2022-09-19,4,MC.PA,0.110839,-0.512288,-0.288311,non
2022-09-19,5,ENGI.PA,0.107973,0.395525,0.198198,non
2022-09-19,6,TTE.PA,0.067997,-1.042545,-0.506624,non
2022-09-19,7,SAF.PA,0.058516,-0.966063,-0.251077,non
2022-09-19,8,KER.PA,0.051479,-1.09433,-0.28117,non
2022-09-19,9,STLAP.PA,0.045889,-0.081601,-0.179483,non
2022-09-19,10,OR.PA,0.042792,-0.883993,-0.216199,non
2022-09-20,1,RNO.PA,0.267194,0.771383,0.726545,non
2022-09-20,2,WLN.PA,0.187222,0.117773,0.412535,non
2022-09-20,3,RMS.PA,0.146173,-0.38125,-0.421833,non
2022-09-20,4,MC.PA,0.113361,-0.727895,-0.268126,non
2022-09-20,5,ENGI.PA,0.107661,-0.059314,0.23733,non
2022-09-20,6,TTE.PA,0.063879,-1.167593,-0.483557,non
2022-09-20,7,SAF.PA,0.059279,-1.462846,-0.280497,non
2022-09-20,8,KER.PA,0.054771,-1.053356,-0.259689,non
2022-09-20,9,STLAP.PA,0.047246,-0.508353,-0.153715,non
2022-09-20,10,OR.PA,0.044949,-0.847055,-0.228023,non
2022-09-21,1,RNO.PA,0.271146,-0.011488,0.698581,non
2022-09-21,2,WLN.PA,0.19501,0.694783,0.41293,non
2022-09-21,3,RMS.PA,0.153183,-0.192165,-0.320075,non
2022-09-21,4,MC.PA,0.117501,-0.518292,-0.198975,non
2022-09-21,5,ENGI.PA,0.108237,0.247587,0.306558,non
2022-09-21,6,SAF.PA,0.060297,-1.308142,-0.277152,non
2022-09-21,7,TTE.PA,0.060252,-0.842885,-0.455519,non
2022-09-21,8,KER.PA,0.059508,-0.903716,-0.192975,non
2022-09-21,9,STLAP.PA,0.049365,-0.358337,-0.087599,non
2022-09-21,10,OR.PA,0.047972,-0.690347,-0.187659,non
2022-09-22,1,RNO.PA,0.271891,-0.276466,0.656297,non
2022-09-22,2,WLN.PA,0.199364,-0.225594,0.330989,non
2022-09-22,3,RMS.PA,0.158662,-0.807181,-0.280668,non
2022-09-22,4,MC.PA,0.120232,-1.064569,-0.158661,non
2022-09-22,5,ENGI.PA,0.107556,0.029773,0.358744,non
2022-09-22,6,KER.PA,0.063786,-1.166065,-0.130505,non
2022-09-22,7,SAF.PA,0.059257,-1.594443,-0.286971,non
2022-09-22,8,TTE.PA,0.056282,-0.815045,-0.403404,non
2022-09-22,9,OR.PA,0.050386,-1.260956,-0.180002,non
2022-09-22,10,STLAP.PA,0.048877,-0.757771,-0.055554,non
2022-09-23,1,RNO.PA,0.267795,-1.687617,0.456511,non
2022-09-23,2,WLN.PA,0.20061,-0.878286,0.152959,non
2022-09-23,3,RMS.PA,0.162007,-1.174314,-0.32449,non
2022-09-23,4,MC.PA,0.119886,-1.651847,-0.197479,non
2022-09-23,5,ENGI.PA,0.106024,-0.277023,0.37182,non
2022-09-23,6,KER.PA,0.064453,-1.806891,-0.150587,non
2022-09-23,7,SAF.PA,0.056106,-2.112949,-0.360702,non
2022-09-23,8,OR.PA,0.051598,-1.414108,-0.199899,non
2022-09-23,9,TTE.PA,0.049726,-1.688537,-0.410029,non
2022-09-23,10,STLAP.PA,0.044915,-1.357194,-0.107987,non
2022-09-26,1,RNO.PA,0.263701,-1.464664,0.301139,oui
2022-09-26,2,WLN.PA,0.202005,-0.672608,-0.0048,non
2022-09-26,3,RMS.PA,0.165032,-1.174529,-0.36614,non
2022-09-26,4,MC.PA,0.118965,-1.533738,-0.228066,non
2022-09-26,5,ENGI.PA,0.102245,-0.928183,0.269479,non
2022-09-26,6,KER.PA,0.064169,-1.926307,-0.204129,non
2022-09-26,7,OR.PA,0.053346,-1.250287,-0.222541,non
2022-09-26,8,SAF.PA,0.052986,-1.970375,-0.433787,non
2022-09-26,9,TTE.PA,0.042954,-1.423206,-0.367614,non
2022-09-26,10,STLAP.PA,0.041246,-1.007371,-0.118553,non
2022-09-27,1,RNO.PA,0.26041,-0.989302,0.190049,non
2022-09-27,2,WLN.PA,0.202825,-0.404887,-0.088257,non
2022-09-27,3,RMS.PA,0.169097,-1.108829,-0.387896,non
2022-09-27,4,MC.PA,0.118415,-1.589912,-0.254267,non
2022-09-27,5,ENGI.PA,0.098405,-1.003049,0.150796,non
2022-09-27,6,KER.PA,0.063035,-2.384927,-0.292144,non
2022-09-27,7,OR.PA,0.054876,-1.45453,-0.269899,non
2022-09-27,8,SAF.PA,0.049843,-2.103158,-0.512739,non
2022-09-27,9,STLAP.PA,0.038596,-0.845484,-0.121077,non
2022-09-27,10,TTE.PA,0.037449,-1.051877,-0.342033,non
2022-09-28,1,RNO.PA,0.258536,-0.556249,0.132902,non
2022-09-28,2,WLN.PA,0.201476,-1.030851,-0.208714,non
2022-09-28,3,RMS.PA,0.172653,-0.867963,-0.399986,non
2022-09-28,4,MC.PA,0.117663,-1.331514,-0.28186,non
2022-09-28,5,ENGI.PA,0.094399,-0.879712,0.009002,non
2022-09-28,6,KER.PA,0.061039,-2.164942,-0.390583,non
2022-09-28,7,OR.PA,0.055991,-1.499809,-0.309558,non
2022-09-28,8,SAF.PA,0.047215,-1.888948,-0.583166,non
2022-09-28,9,STLAP.PA,0.036338,-0.837529,-0.150509,non
2022-09-28,10,TTE.PA,0.032136,-1.266223,-0.379254,non
2022-09-29,1,RNO.PA,0.253354,-1.88827,-0.040658,non
2022-09-29,2,WLN.PA,0.197265,-1.900203,-0.403413,non
2022-09-29,3,RMS.PA,0.176448,-0.950865,-0.450091,non
2022-09-29,4,MC.PA,0.117328,-1.463897,-0.349565,non
2022-09-29,5,ENGI.PA,0.089444,-1.13437,-0.162877,non
2022-09-29,6,KER.PA,0.05822,-2.337351,-0.533854,non
2022-09-29,7,OR.PA,0.056613,-1.609996,-0.372449,non
2022-09-29,8,SAF.PA,0.044656,-1.738747,-0.670591,non
2022-09-29,9,STLAP.PA,0.032034,-1.524952,-0.265741,non
2022-09-29,10,TTE.PA,0.026756,-1.155218,-0.418812,non
2022-09-30,1,RNO.PA,0.249113,-1.473703,-0.127976,non
2022-09-30,2,WLN.PA,0.193735,-1.271606,-0.501599,non
2022-09-30,3,RMS.PA,0.180117,-0.890334,-0.457949,non
2022-09-30,4,MC.PA,0.117386,-1.395202,-0.377055,non
2022-09-30,5,ENGI.PA,0.084863,-1.144605,-0.294736,non
2022-09-30,6,OR.PA,0.057836,-1.185647,-0.368731,non
2022-09-30,7,KER.PA,0.055316,-2.136359,-0.644349,non
2022-09-30,8,SAF.PA,0.042761,-1.516849,-0.688605,non
2022-09-30,9,STLAP.PA,0.028326,-1.396699,-0.323691,non
2022-09-30,10,RI.PA,0.025337,0.22929,-0.063034,non
2022-10-03,1,RNO.PA,0.24537,-1.162647,-0.27118,non
2022-10-03,2,WLN.PA,0.190552,-1.342196,-0.636081,non
2022-10-03,3,RMS.PA,0.185408,-0.828762,-0.466484,non
2022-10-03,4,MC.PA,0.117712,-1.460161,-0.425773,non
2022-10-03,5,ENGI.PA,0.081268,-0.707853,-0.384534,non
2022-10-03,6,OR.PA,0.058958,-1.421174,-0.38841,non
2022-10-03,7,KER.PA,0.052804,-2.183422,-0.761179,non
2022-10-03,8,SAF.PA,0.041773,-1.454033,-0.71646,non
2022-10-03,9,RI.PA,0.027482,-0.531888,-0.102432,non
2022-10-03,10,STLAP.PA,0.02561,-1.080842,-0.420997,non
2022-10-04,1,RNO.PA,0.243919,-0.502805,-0.335048,non
2022-10-04,2,RMS.PA,0.191547,-0.111996,-0.36374,non
2022-10-04,3,WLN.PA,0.188932,-0.592622,-0.654939,non
2022-10-04,4,MC.PA,0.120192,-0.432951,-0.371373,non
2022-10-04,5,ENGI.PA,0.078425,-0.369204,-0.461996,non
2022-10-04,6,OR.PA,0.060231,-0.699048,-0.342544,non
2022-10-04,7,KER.PA,0.052143,-1.313967,-0.77344,non
2022-10-04,8,SAF.PA,0.042427,-0.583463,-0.654295,non
2022-10-04,9,RI.PA,0.029525,0.078008,-0.09733,non
2022-10-04,10,STLAP.PA,0.025221,-0.570409,-0.447289,non
2022-10-05,1,RNO.PA,0.241647,-0.865362,-0.39836,non
2022-10-05,2,RMS.PA,0.197807,-0.235123,-0.268175,non
2022-10-05,3,WLN.PA,0.187828,-0.546173,-0.677914,non
2022-10-05,4,MC.PA,0.122594,-0.727002,-0.33269,non
2022-10-05,5,ENGI.PA,0.076261,-0.49716,-0.477781,non
2022-10-05,6,OR.PA,0.061541,-0.88273,-0.313048,non
2022-10-05,7,KER.PA,0.051239,-1.799275,-0.789221,non
2022-10-05,8,SAF.PA,0.044369,-0.479566,-0.555083,non
2022-10-05,9,RI.PA,0.032272,-0.064543,-0.104103,non
2022-10-05,10,CS.PA,0.024414,-0.04163,-0.624703,non
2022-10-06,1,RNO.PA,0.240781,-0.708046,-0.450848,non
2022-10-06,2,RMS.PA,0.204304,-0.289148,-0.163461,non
2022-10-06,3,WLN.PA,0.187076,-0.502864,-0.65077,non
2022-10-06,4,MC.PA,0.125613,-0.829033,-0.292831,non
2022-10-06,5,ENGI.PA,0.073612,-0.911142,-0.516035,non
2022-10-06,6,OR.PA,0.063625,-0.999504,-0.288306,non
2022-10-06,7,KER.PA,0.050658,-2.041613,-0.804859,non
2022-10-06,8,SAF.PA,0.048016,-0.581268,-0.457223,non
2022-10-06,9,RI.PA,0.034587,-0.4226,-0.113258,non
2022-10-06,10,CS.PA,0.028455,-0.337842,-0.673298,non
2022-10-07,1,RNO.PA,0.241369,0.160263,-0.409824,non
2022-10-07,2,RMS.PA,0.208883,-0.686529,-0.065573,non
2022-10-07,3,WLN.PA,0.186664,-0.179245,-0.507562,non
2022-10-07,4,MC.PA,0.126594,-1.320204,-0.267721,non
2022-10-07,5,ENGI.PA,0.070657,-0.879443,-0.542062,non
2022-10-07,6,OR.PA,0.064025,-1.399163,-0.269186,non
2022-10-07,7,SAF.PA,0.050734,-0.581172,-0.333197,non
2022-10-07,8,KER.PA,0.047684,-2.169021,-0.800294,non
2022-10-07,9,RI.PA,0.036127,-0.705019,-0.122839,non
2022-10-07,10,CS.PA,0.03171,-0.404904,-0.684517,non
2022-10-10,1,RNO.PA,0.242693,0.569816,-0.273081,non
2022-10-10,2,RMS.PA,0.211106,-0.899979,0.02985,non
2022-10-10,3,WLN.PA,0.185931,-0.18325,-0.356475,non
2022-10-10,4,MC.PA,0.125436,-1.519247,-0.23549,non
2022-10-10,5,ENGI.PA,0.068047,-1.208583,-0.571537,non
2022-10-10,6,OR.PA,0.062669,-1.586635,-0.223513,non
2022-10-10,7,SAF.PA,0.052085,-0.676209,-0.174719,non
2022-10-10,8,KER.PA,0.042409,-2.243967,-0.765627,non
2022-10-10,9,RI.PA,0.036,-1.565219,-0.157833,non
2022-10-10,10,CS.PA,0.033656,-0.374842,-0.640344,non
2022-10-11,1,RNO.PA,0.241142,0.09124,-0.223587,non
2022-10-11,2,RMS.PA,0.213204,-0.792791,0.124219,non
2022-10-11,3,WLN.PA,0.183979,-0.57946,-0.274022,non
2022-10-11,4,MC.PA,0.124186,-1.498708,-0.211452,non
2022-10-11,5,ENGI.PA,0.064521,-1.388176,-0.55745,non
2022-10-11,6,OR.PA,0.061211,-1.374639,-0.172887,non
2022-10-11,7,SAF.PA,0.053824,-0.748201,-0.040101,non
2022-10-11,8,KER.PA,0.037437,-2.089364,-0.720396,non
2022-10-11,9,RI.PA,0.036651,-1.390396,-0.189146,non
2022-10-11,10,CS.PA,0.035598,-0.545915,-0.597522,non
2022-10-12,1,RNO.PA,0.239365,-0.10691,-0.144001,non
2022-10-12,2,RMS.PA,0.21677,-0.580465,0.245884,non
2022-10-12,3,WLN.PA,0.182799,-0.532196,-0.163628,non
2022-10-12,4,MC.PA,0.124322,-1.181788,-0.142874,non
2022-10-12,5,OR.PA,0.060929,-1.289871,-0.123929,non
2022-10-12,6,ENGI.PA,0.05987,-1.38764,-0.550505,non
2022-10-12,7,SAF.PA,0.054668,-1.028208,0.064194,non
2022-10-12,8,RI.PA,0.037899,-1.236412,-0.199344,non
2022-10-12,9,CS.PA,0.036555,-0.876249,-0.578081,non
2022-10-12,10,KER.PA,0.032531,-1.989333,-0.662047,non
2022-10-13,1,RNO.PA,0.238823,0.046466,-0.004428,non
2022-10-13,2,RMS.PA,0.219383,-0.952263,0.271084,non
2022-10-13,3,WLN.PA,0.184252,-0.525271,-0.066461,non
2022-10-13,4,MC.PA,0.124208,-1.303745,-0.108695,non
2022-10-13,5,OR.PA,0.060398,-1.796882,-0.112972,non
2022-10-13,6,SAF.PA,0.057928,-0.185207,0.225896,non
2022-10-13,7,ENGI.PA,0.056548,-1.027245,-0.515922,non
2022-10-13,8,CS.PA,0.038614,-0.343697,-0.490806,non
2022-10-13,9,RI.PA,0.037732,-1.854744,-0.255243,non
2022-10-13,10,PUB.PA,0.035879,1.083706,0.328035,non
2022-10-14,1,RNO.PA,0.239059,-0.018972,0.166056,non
2022-10-14,2,RMS.PA,0.222547,-0.767439,0.293561,non
2022-10-14,3,WLN.PA,0.185772,-0.360028,-0.019693,non
2022-10-14,4,MC.PA,0.124756,-1.097033,-0.055657,non
2022-10-14,5,OR.PA,0.060855,-1.405541,-0.083262,non
2022-10-14,6,SAF.PA,0.060323,-0.174739,0.337908,non
2022-10-14,7,ENGI.PA,0.0538,-0.710707,-0.45553,non
2022-10-14,8,PUB.PA,0.044626,1.059699,0.440465,non
2022-10-14,9,CS.PA,0.041129,0.051958,-0.372098,non
2022-10-14,10,RI.PA,0.039294,-1.425912,-0.272628,non
2022-10-17,1,RNO.PA,0.240344,0.68327,0.378581,non
2022-10-17,2,RMS.PA,0.225513,-0.430021,0.367435,non
2022-10-17,3,WLN.PA,0.18819,0.104257,0.086985,non
2022-10-17,4,MC.PA,0.125212,-0.758597,0.033547,non
2022-10-17,5,SAF.PA,0.06256,0.417198,0.501511,non
2022-10-17,6,OR.PA,0.060506,-1.252448,-0.06703,non
2022-10-17,7,PUB.PA,0.054089,1.580292,0.572663,non
2022-10-17,8,ENGI.PA,0.051416,-0.394382,-0.354872,non
2022-10-17,9,CS.PA,0.043531,0.204269,-0.240865,non
2022-10-17,10,RI.PA,0.041449,-1.008718,-0.245714,non
2022-10-18,1,RNO.PA,0.243201,0.761054,0.580208,non
2022-10-18,2,RMS.PA,0.227677,-0.40622,0.442434,non
2022-10-18,3,WLN.PA,0.191527,0.155672,0.200407,non
2022-10-18,4,MC.PA,0.125105,-0.811528,0.102062,non
2022-10-18,5,SAF.PA,0.065647,0.61392,0.629498,non
2022-10-18,6,PUB.PA,0.065473,1.893436,0.7079,non
2022-10-18,7,OR.PA,0.059544,-1.126854,-0.036715,non
2022-10-18,8,ENGI.PA,0.049357,-0.382535,-0.280524,non
2022-10-18,9,CS.PA,0.046527,0.208771,-0.106372,non
2022-10-18,10,RI.PA,0.044228,-0.912707,-0.240286,non
2022-10-19,1,RNO.PA,0.244804,0.593478,0.711966,non
2022-10-19,2,RMS.PA,0.228501,-0.530751,0.533177,non
2022-10-19,3,WLN.PA,0.193311,-0.346793,0.33272,non
2022-10-19,4,MC.PA,0.123735,-1.114049,0.169203,non
2022-10-19,5,PUB.PA,0.077118,1.870937,0.840533,non
2022-10-19,6,SAF.PA,0.067591,0.427863,0.742662,non
2022-10-19,7,OR.PA,0.057812,-1.259952,-4.6e-05,non
2022-10-19,8,CS.PA,0.049892,0.654334,0.066328,non
2022-10-19,9,ENGI.PA,0.047781,-0.20417,-0.158639,non
2022-10-19,10,RI.PA,0.04554,-1.219609,-0.22697,non
2022-10-20,1,RNO.PA,0.245659,0.957891,0.848358,non
2022-10-20,2,RMS.PA,0.228888,-0.320718,0.562249,non
2022-10-20,3,WLN.PA,0.195472,0.161788,0.436473,non
2022-10-20,4,MC.PA,0.121576,-0.851108,0.21366,non
2022-10-20,5,PUB.PA,0.088358,1.828637,0.923866,non
2022-10-20,6,SAF.PA,0.069407,0.66469,0.834982,non
2022-10-20,7,OR.PA,0.056202,-1.130763,0.004307,oui
2022-10-20,8,CS.PA,0.052029,0.426446,0.210248,non
2022-10-20,9,RI.PA,0.046244,-1.544758,-0.234281,non
2022-10-20,10,ENGI.PA,0.045696,-0.224685,-0.048392,non
2022-10-21,1,RNO.PA,0.247045,0.907398,0.857492,non
2022-10-21,2,RMS.PA,0.227165,-0.588147,0.506769,non
2022-10-21,3,WLN.PA,0.19734,-0.0292,0.46639,non
2022-10-21,4,MC.PA,0.11835,-0.902509,0.194615,non
2022-10-21,5,PUB.PA,0.097557,1.775878,0.963793,non
2022-10-21,6,SAF.PA,0.070688,0.747791,0.865808,non
2022-10-21,7,CS.PA,0.0534,0.341133,0.311301,non
2022-10-21,8,OR.PA,0.050596,-2.228381,-0.086676,non
2022-10-21,9,EL.PA,0.044731,0.025726,0.639836,non
2022-10-21,10,RI.PA,0.043561,-2.28847,-0.300612,non
2022-10-24,1,RNO.PA,0.245977,0.394281,0.824416,non
2022-10-24,2,RMS.PA,0.223908,-0.731383,0.426027,non
2022-10-24,3,WLN.PA,0.197505,0.093011,0.518894,non
2022-10-24,4,MC.PA,0.114004,-0.75907,0.188021,non
2022-10-24,5,PUB.PA,0.105778,1.949237,1.00766,non
2022-10-24,6,SAF.PA,0.071091,0.965292,0.896773,non
2022-10-24,7,CS.PA,0.054776,0.865957,0.41218,non
2022-10-24,8,EL.PA,0.047675,0.960155,0.629055,non
2022-10-24,9,OR.PA,0.044268,-1.769453,-0.130071,non
2022-10-24,10,ENGI.PA,0.041376,0.464672,0.130893,non
2022-10-25,1,RNO.PA,0.244281,0.237404,0.801886,non
2022-10-25,2,RMS.PA,0.222619,-0.024016,0.414306,non
2022-10-25,3,WLN.PA,0.195788,-0.473727,0.54498,non
2022-10-25,4,PUB.PA,0.114435,1.942998,1.021893,non
2022-10-25,5,MC.PA,0.111476,-0.142179,0.217983,non
2022-10-25,6,SAF.PA,0.071879,1.085247,0.895392,non
2022-10-25,7,CS.PA,0.056731,0.943005,0.497424,non
2022-10-25,8,EL.PA,0.049757,1.625869,0.651936,non
2022-10-25,9,ENGI.PA,0.04081,0.997391,0.246763,non
2022-10-25,10,OR.PA,0.039177,-1.36429,-0.15803,non
2022-10-26,1,RNO.PA,0.24328,0.200207,0.801323,non
2022-10-26,2,RMS.PA,0.222921,0.085602,0.431384,non
2022-10-26,3,WLN.PA,0.195458,0.013157,0.553688,non
2022-10-26,4,PUB.PA,0.122517,1.411812,0.973535,non
2022-10-26,5,MC.PA,0.11078,-0.01713,0.268869,non
2022-10-26,6,SAF.PA,0.074565,1.329091,0.901808,non
2022-10-26,7,CS.PA,0.05926,0.76449,0.534157,non
2022-10-26,8,EL.PA,0.052765,1.692508,0.681693,non
2022-10-26,9,ENGI.PA,0.041001,0.89254,0.350833,non
2022-10-26,10,RI.PA,0.036015,-1.521896,-0.334996,non
2022-10-27,1,RNO.PA,0.241148,0.127801,0.677427,non
2022-10-27,2,RMS.PA,0.221557,-0.207498,0.39905,non
2022-10-27,3,WLN.PA,0.194383,-0.435024,0.43682,non
2022-10-27,4,PUB.PA,0.12964,1.149695,0.846277,non
2022-10-27,5,MC.PA,0.108969,-0.23409,0.277322,non
2022-10-27,6,SAF.PA,0.075866,1.106095,0.874956,non
2022-10-27,7,CS.PA,0.061443,0.859179,0.531439,non
2022-10-27,8,EL.PA,0.05421,1.124115,0.63839,non
2022-10-27,9,ENGI.PA,0.040503,0.935511,0.422557,non
2022-10-27,10,RI.PA,0.034019,-1.569021,-0.339215,non
2022-10-28,1,RNO.PA,0.239963,-0.218857,0.542835,non
2022-10-28,2,RMS.PA,0.220544,-0.508218,0.336838,non
2022-10-28,3,WLN.PA,0.194315,-0.403874,0.362445,non
2022-10-28,4,PUB.PA,0.13773,0.951274,0.735515,non
2022-10-28,5,MC.PA,0.10776,-0.409392,0.266858,non
2022-10-28,6,SAF.PA,0.07927,1.513609,0.873218,non
2022-10-28,7,CS.PA,0.064114,0.76713,0.518212,non
2022-10-28,8,EL.PA,0.05654,0.920069,0.558682,non
2022-10-28,9,ENGI.PA,0.041088,1.005524,0.482785,non
2022-10-28,10,RI.PA,0.033373,-1.502466,-0.294907,non
2022-10-31,1,RNO.PA,0.238392,-0.331033,0.411853,non
2022-10-31,2,RMS.PA,0.218899,-0.632039,0.266352,non
2022-10-31,3,WLN.PA,0.193435,-0.346912,0.274924,non
2022-10-31,4,PUB.PA,0.146406,1.034046,0.632939,non
2022-10-31,5,MC.PA,0.105378,-0.688201,0.218229,non
2022-10-31,6,SAF.PA,0.082127,1.266618,0.833186,non
2022-10-31,7,CS.PA,0.066894,0.770803,0.476797,non
2022-10-31,8,EL.PA,0.058417,0.717949,0.469344,non
2022-10-31,9,ENGI.PA,0.042715,1.051826,0.568412,non
2022-10-31,10,RI.PA,0.03385,-1.233657,-0.273025,non
2022-11-01,1,RNO.PA,0.238715,0.084275,0.356026,non
2022-11-01,2,RMS.PA,0.219332,-0.201559,0.32118,non
2022-11-01,3,WLN.PA,0.193381,-0.496097,0.232225,non
2022-11-01,4,PUB.PA,0.156335,1.259497,0.610033,non
2022-11-01,5,MC.PA,0.104729,-0.36587,0.285955,non
2022-11-01,6,SAF.PA,0.086044,1.317722,0.85261,non
2022-11-01,7,CS.PA,0.071222,1.026102,0.544428,non
2022-11-01,8,EL.PA,0.060905,0.805472,0.473181,non
2022-11-01,9,ENGI.PA,0.047227,1.347762,0.695327,non
2022-11-01,10,RI.PA,0.034193,-1.014717,-0.192593,non
2022-11-02,1,RNO.PA,0.237615,-0.192987,0.24448,non
2022-11-02,2,RMS.PA,0.218593,-0.313427,0.354351,non
2022-11-02,3,WLN.PA,0.191258,-0.755926,0.169788,non
2022-11-02,4,PUB.PA,0.164674,0.902522,0.566414,non
2022-11-02,5,MC.PA,0.102306,-0.748006,0.297438,non
2022-11-02,6,SAF.PA,0.088712,0.887643,0.83488,non
2022-11-02,7,CS.PA,0.074727,0.724656,0.563067,non
2022-11-02,8,EL.PA,0.061576,0.474241,0.471388,non
2022-11-02,9,ENGI.PA,0.051741,1.140303,0.786068,non
2022-11-02,10,RI.PA,0.033318,-1.099845,-0.117395,non
2022-11-03,1,RNO.PA,0.235132,-0.958752,0.082264,non
2022-11-03,2,RMS.PA,0.216088,-0.717295,0.346052,non
2022-11-03,3,WLN.PA,0.190004,-0.829243,0.104685,non
2022-11-03,4,PUB.PA,0.172485,0.816383,0.51438,non
2022-11-03,5,MC.PA,0.098705,-0.910617,0.288609,non
2022-11-03,6,SAF.PA,0.090721,0.968885,0.805005,non
2022-11-03,7,CS.PA,0.078852,1.364438,0.596606,non
2022-11-03,8,EL.PA,0.061751,0.358966,0.438215,non
2022-11-03,9,ENGI.PA,0.056607,1.087554,0.827568,non
2022-11-03,10,RI.PA,0.030628,-1.280229,-0.068548,non
2022-11-04,1,RNO.PA,0.232859,-0.852848,-0.004415,non
2022-11-04,2,RMS.PA,0.214285,-0.170084,0.349712,non
2022-11-04,3,WLN.PA,0.189315,-0.727765,0.077053,non
2022-11-04,4,PUB.PA,0.18113,1.084619,0.462392,non
2022-11-04,5,MC.PA,0.096569,0.093434,0.319122,non
2022-11-04,6,SAF.PA,0.093273,1.178489,0.779565,non
2022-11-04,7,CS.PA,0.08311,1.327447,0.613341,non
2022-11-04,8,EL.PA,0.062999,0.787481,0.399296,non
2022-11-04,9,ENGI.PA,0.062769,1.352347,0.878001,non
2022-11-04,10,RI.PA,0.02907,-0.414312,0.018275,non
2022-11-07,1,RNO.PA,0.232218,-0.162873,-0.001085,non
2022-11-07,2,RMS.PA,0.212194,-0.291557,0.313171,non
2022-11-07,3,PUB.PA,0.190549,1.466897,0.434215,non
2022-11-07,4,WLN.PA,0.189535,-0.59408,0.063186,non
2022-11-07,5,SAF.PA,0.095641,1.073319,0.724817,non
2022-11-07,6,MC.PA,0.093952,-0.188397,0.296346,non
2022-11-07,7,CS.PA,0.088835,1.744366,0.649064,non
2022-11-07,8,ENGI.PA,0.069468,1.197215,0.872969,non
2022-11-07,9,EL.PA,0.065734,1.210311,0.383186,non
2022-11-07,10,TTE.PA,0.032351,2.513882,0.705774,non
2022-11-08,1,RNO.PA,0.229275,-0.830972,-0.080883,non
2022-11-08,2,RMS.PA,0.21023,-0.089531,0.300991,non
2022-11-08,3,PUB.PA,0.19764,1.893289,0.429509,non
2022-11-08,4,WLN.PA,0.188968,-0.564186,0.017939,non
2022-11-08,5,SAF.PA,0.096251,1.058223,0.648662,non
2022-11-08,6,CS.PA,0.094485,1.707786,0.657613,non
2022-11-08,7,MC.PA,0.090714,-0.139255,0.266373,non
2022-11-08,8,ENGI.PA,0.074941,1.017451,0.820269,non
2022-11-08,9,EL.PA,0.067723,1.193446,0.360869,non
2022-11-08,10,TTE.PA,0.037794,1.999009,0.68957,non
2022-11-09,1,RNO.PA,0.225301,-1.568212,-0.228659,non
2022-11-09,2,RMS.PA,0.207322,-0.248044,0.291196,non
2022-11-09,3,PUB.PA,0.205247,2.014302,0.413385,non
2022-11-09,4,WLN.PA,0.188763,-0.715325,-0.036963,non
2022-11-09,5,CS.PA,0.100401,1.544829,0.617397,non
2022-11-09,6,SAF.PA,0.098009,1.091741,0.537881,non
2022-11-09,7,MC.PA,0.087347,-0.116865,0.254929,non
2022-11-09,8,ENGI.PA,0.080887,0.894258,0.738115,non
2022-11-09,9,EL.PA,0.069925,1.167892,0.322758,non
2022-11-09,10,TTE.PA,0.044012,1.734627,0.623821,non
2022-11-10,1,RNO.PA,0.22507,-0.520854,-0.277168,non
2022-11-10,2,PUB.PA,0.21429,2.263475,0.433361,non
2022-11-10,3,RMS.PA,0.207694,0.637274,0.322577,non
2022-11-10,4,WLN.PA,0.19336,0.506756,0.007695,non
2022-11-10,5,CS.PA,0.107022,1.553811,0.600442,non
2022-11-10,6,SAF.PA,0.100526,0.724375,0.451516,non
2022-11-10,7,ENGI.PA,0.088409,1.611124,0.719433,non
2022-11-10,8,MC.PA,0.087096,0.674758,0.287412,non
2022-11-10,9,EL.PA,0.074119,1.966232,0.333221,non
2022-11-10,10,TTE.PA,0.050962,1.573343,0.580276,non
2022-11-11,1,RNO.PA,0.226449,0.292224,-0.264962,non
2022-11-11,2,PUB.PA,0.22392,2.400737,0.453355,non
2022-11-11,3,RMS.PA,0.210591,0.965455,0.392917,non
2022-11-11,4,WLN.PA,0.198513,0.679869,0.074738,non
2022-11-11,5,CS.PA,0.114068,1.434826,0.591617,non
2022-11-11,6,SAF.PA,0.102788,0.435789,0.337238,non
2022-11-11,7,ENGI.PA,0.096005,1.649641,0.709899,non
2022-11-11,8,MC.PA,0.08947,1.165311,0.364526,non
2022-11-11,9,EL.PA,0.078995,1.675878,0.358929,non
2022-11-11,10,TTE.PA,0.05808,1.670582,0.562136,non
2022-11-14,1,PUB.PA,0.23339,2.146322,0.493883,non
2022-11-14,2,RNO.PA,0.228777,0.370526,-0.191354,non
2022-11-14,3,RMS.PA,0.214163,0.673226,0.459559,non
2022-11-14,4,WLN.PA,0.2014,-0.011007,0.124206,non
2022-11-14,5,CS.PA,0.120948,1.441312,0.584623,non
2022-11-14,6,SAF.PA,0.104541,0.14473,0.24115,non
2022-11-14,7,ENGI.PA,0.103835,1.918115,0.72839,non
2022-11-14,8,MC.PA,0.092388,0.952847,0.440833,non
2022-11-14,9,EL.PA,0.084172,1.493356,0.381578,non
2022-11-14,10,TTE.PA,0.065296,1.539939,0.55119,non
2022-11-15,1,PUB.PA,0.241276,1.84914,0.540076,non
2022-11-15,2,RNO.PA,0.231383,0.616668,-0.086525,non
2022-11-15,3,RMS.PA,0.216866,0.687078,0.523108,non
2022-11-15,4,WLN.PA,0.202253,-0.339107,0.156742,non
2022-11-15,5,CS.PA,0.1265,1.284369,0.560337,non
2022-11-15,6,ENGI.PA,0.111738,1.97258,0.735169,non
2022-11-15,7,SAF.PA,0.105832,0.522352,0.188654,non
2022-11-15,8,MC.PA,0.094651,0.996493,0.505556,non
2022-11-15,9,EL.PA,0.088838,1.495856,0.410213,non
2022-11-15,10,TTE.PA,0.073481,1.766327,0.526216,non
2022-11-16,1,PUB.PA,0.24856,1.401708,0.556579,non
2022-11-16,2,RNO.PA,0.233068,-0.207044,-0.050387,non
2022-11-16,3,RMS.PA,0.218575,0.488823,0.548104,non
2022-11-16,4,WLN.PA,0.201719,-0.961321,0.103908,non
2022-11-16,5,CS.PA,0.13204,1.252773,0.557407,non
2022-11-16,6,ENGI.PA,0.119143,1.715834,0.720669,non
2022-11-16,7,SAF.PA,0.107396,0.579025,0.125607,non
2022-11-16,8,MC.PA,0.096473,0.793384,0.515255,non
2022-11-16,9,EL.PA,0.092986,1.447126,0.417938,non
2022-11-16,10,TTE.PA,0.080775,1.830064,0.511901,non
2022-11-17,1,PUB.PA,0.255685,1.298102,0.566243,non
2022-11-17,2,RNO.PA,0.235765,0.191987,0.053279,non
2022-11-17,3,RMS.PA,0.221263,0.557328,0.593037,non
2022-11-17,4,WLN.PA,0.201254,-1.189884,0.081809,non
2022-11-17,5,CS.PA,0.137326,1.104599,0.525351,non
2022-11-17,6,ENGI.PA,0.126458,1.699843,0.687987,non
2022-11-17,7,SAF.PA,0.109488,0.548043,0.076218,non
2022-11-17,8,MC.PA,0.098761,0.695963,0.526134,non
2022-11-17,9,EL.PA,0.097553,1.114797,0.413967,non
2022-11-17,10,TTE.PA,0.087376,1.4339,0.472336,non
2022-11-18,1,PUB.PA,0.262913,1.435754,0.584571,non
2022-11-18,2,RNO.PA,0.237881,0.293906,0.170531,non
2022-11-18,3,RMS.PA,0.224155,0.685115,0.615196,non
2022-11-18,4,WLN.PA,0.201233,-0.850952,0.080112,non
2022-11-18,5,CS.PA,0.14332,1.426145,0.500673,non
2022-11-18,6,ENGI.PA,0.133978,1.672821,0.636077,non
2022-11-18,7,SAF.PA,0.111632,0.914614,0.060098,non
2022-11-18,8,EL.PA,0.103208,1.553367,0.381458,non
2022-11-18,9,MC.PA,0.101102,0.6873,0.519685,non
2022-11-18,10,TTE.PA,0.094132,1.337779,0.420663,non
2022-11-21,1,PUB.PA,0.270709,1.369721,0.617481,non
2022-11-21,2,RNO.PA,0.241608,0.434817,0.264804,non
2022-11-21,3,RMS.PA,0.227356,0.705608,0.612739,non
2022-11-21,4,WLN.PA,0.201731,-0.981746,0.085919,non
2022-11-21,5,CS.PA,0.149747,1.243124,0.49193,non
2022-11-21,6,ENGI.PA,0.142243,1.758103,0.628934,non
2022-11-21,7,SAF.PA,0.114618,0.855418,0.054087,non
2022-11-21,8,EL.PA,0.108982,1.647104,0.407432,non
2022-11-21,9,MC.PA,0.103728,0.668558,0.511173,non
2022-11-21,10,TTE.PA,0.100239,0.596084,0.328294,non
2022-11-22,1,PUB.PA,0.27836,1.66423,0.674208,non
2022-11-22,2,RNO.PA,0.24477,0.344093,0.34183,non
2022-11-22,3,RMS.PA,0.229362,0.486823,0.648421,non
2022-11-22,4,WLN.PA,0.202375,-0.933477,0.054925,non
2022-11-22,5,CS.PA,0.155989,1.317497,0.488842,non
2022-11-22,6,ENGI.PA,0.150294,1.61883,0.641845,non
2022-11-22,7,SAF.PA,0.117465,0.937257,0.063527,non
2022-11-22,8,EL.PA,0.114011,1.393825,0.457223,non
2022-11-22,9,TTE.PA,0.108432,1.46286,0.284687,non
2022-11-22,10,MC.PA,0.105802,0.585154,0.538355,non
2022-11-23,1,PUB.PA,0.284639,1.422808,0.675476,non
2022-11-23,2,RNO.PA,0.249074,0.164115,0.404954,non
2022-11-23,3,RMS.PA,0.231446,0.697484,0.709924,non
2022-11-23,4,WLN.PA,0.203594,-0.612412,0.09313,non
2022-11-23,5,CS.PA,0.161412,1.186383,0.46278,non
2022-11-23,6,ENGI.PA,0.157466,1.371244,0.622872,non
2022-11-23,7,SAF.PA,0.120664,1.013593,0.09958,non
2022-11-23,8,EL.PA,0.118855,1.494024,0.521642,non
2022-11-23,9,TTE.PA,0.116862,1.205572,0.207978,non
2022-11-23,10,MC.PA,0.107577,0.651751,0.5767,non
2022-11-24,1,PUB.PA,0.290324,1.407201,0.653609,non
2022-11-24,2,RNO.PA,0.254418,0.752015,0.504291,non
2022-11-24,3,RMS.PA,0.232449,0.642287,0.731643,non
2022-11-24,4,WLN.PA,0.205658,-0.136407,0.134117,non
2022-11-24,5,CS.PA,0.167092,1.229035,0.440975,non
2022-11-24,6,ENGI.PA,0.164656,1.366358,0.599602,non
2022-11-24,7,TTE.PA,0.12475,1.212421,0.168175,non
2022-11-24,8,EL.PA,0.122535,1.353025,0.540194,non
2022-11-24,9,SAF.PA,0.122499,0.967382,0.117262,non
2022-11-24,10,MC.PA,0.108308,0.623299,0.588726,non
2022-11-25,1,PUB.PA,0.294274,1.367348,0.610342,non
2022-11-25,2,RNO.PA,0.257509,0.35163,0.545687,non
2022-11-25,3,RMS.PA,0.232082,0.499862,0.702176,non
2022-11-25,4,WLN.PA,0.20561,-0.069808,0.180139,non
2022-11-25,5,CS.PA,0.171114,1.126454,0.403368,non
2022-11-25,6,ENGI.PA,0.170936,1.236523,0.566649,non
2022-11-25,7,TTE.PA,0.132076,1.382643,0.138293,non
2022-11-25,8,EL.PA,0.125138,1.331459,0.541403,non
2022-11-25,9,SAF.PA,0.123074,1.053751,0.174426,non
2022-11-25,10,SU.PA,0.110681,1.231632,0.594145,non
2022-11-28,1,PUB.PA,0.297078,1.182804,0.558511,non
2022-11-28,2,RNO.PA,0.256913,0.048094,0.552273,non
2022-11-28,3,RMS.PA,0.230532,0.6632,0.662686,non
2022-11-28,4,WLN.PA,0.203421,-0.158008,0.220229,non
2022-11-28,5,ENGI.PA,0.176342,1.058527,0.520744,non
2022-11-28,6,CS.PA,0.17385,0.873141,0.347496,non
2022-11-28,7,TTE.PA,0.137824,0.999367,0.095224,non
2022-11-28,8,EL.PA,0.126254,1.349192,0.525331,non
2022-11-28,9,SAF.PA,0.121348,0.703473,0.189051,non
2022-11-28,10,SU.PA,0.113968,0.998324,0.531709,non
2022-11-29,1,PUB.PA,0.299099,0.898174,0.504301,non
2022-11-29,2,RNO.PA,0.256426,0.252174,0.601655,non
2022-11-29,3,RMS.PA,0.22748,0.498761,0.63694,non
2022-11-29,4,WLN.PA,0.196984,-0.789207,0.197135,non
2022-11-29,5,ENGI.PA,0.181068,0.953139,0.488611,non
2022-11-29,6,CS.PA,0.17736,1.032132,0.314644,non
2022-11-29,7,TTE.PA,0.145019,1.424896,0.113798,non
2022-11-29,8,EL.PA,0.126497,1.250487,0.501769,non
2022-11-29,9,SAF.PA,0.120063,0.885766,0.22499,non
2022-11-29,10,SU.PA,0.115507,0.65449,0.449534,non
2022-11-30,1,PUB.PA,0.300864,0.559084,0.40313,non
2022-11-30,2,RNO.PA,0.258842,0.847781,0.667452,non
2022-11-30,3,RMS.PA,0.226302,1.131471,0.645825,non
2022-11-30,4,WLN.PA,0.191771,-0.719888,0.154662,non
2022-11-30,5,ENGI.PA,0.187046,1.113082,0.451692,non
2022-11-30,6,CS.PA,0.181368,0.613771,0.23732,non
2022-11-30,7,TTE.PA,0.152731,1.907644,0.152303,non
2022-11-30,8,EL.PA,0.127399,1.416287,0.461004,non
2022-11-30,9,SAF.PA,0.120194,1.003166,0.239141,non
2022-11-30,10,SU.PA,0.117975,0.611385,0.355527,non
2022-12-01,1,PUB.PA,0.301886,0.869219,0.311645,non
2022-12-01,2,RNO.PA,0.258663,0.895389,0.666399,non
2022-12-01,3,RMS.PA,0.223844,0.980732,0.586537,non
2022-12-01,4,ENGI.PA,0.189655,0.977178,0.399682,non
2022-12-01,5,WLN.PA,0.186499,-0.461798,0.120001,non
2022-12-01,6,CS.PA,0.185002,0.878431,0.214591,non
2022-12-01,7,TTE.PA,0.158224,1.341609,0.172235,non
2022-12-01,8,EL.PA,0.127821,1.445231,0.404511,non
2022-12-01,9,SU.PA,0.120134,0.857315,0.253672,non
2022-12-01,10,SAF.PA,0.119006,0.824424,0.244613,non
2022-12-02,1,PUB.PA,0.302883,0.702197,0.225641,non
2022-12-02,2,RNO.PA,0.25823,0.574248,0.636623,non
2022-12-02,3,RMS.PA,0.220853,0.81261,0.546883,non
2022-12-02,4,ENGI.PA,0.191737,0.851481,0.358095,non
2022-12-02,5,CS.PA,0.188318,0.8034,0.187296,non
2022-12-02,6,WLN.PA,0.181486,-0.923055,0.054653,non
2022-12-02,7,TTE.PA,0.161134,1.083506,0.200723,non
2022-12-02,8,EL.PA,0.130121,1.677518,0.382581,non
2022-12-02,9,SU.PA,0.121404,0.725993,0.177606,non
2022-12-02,10,SAF.PA,0.118459,0.898955,0.273026,non
2022-12-05,1,PUB.PA,0.303774,0.101581,0.130161,non
2022-12-05,2,RNO.PA,0.261676,0.779102,0.66356,non
2022-12-05,3,RMS.PA,0.21766,0.658384,0.470586,non
2022-12-05,4,ENGI.PA,0.194489,0.749837,0.299486,non
2022-12-05,5,CS.PA,0.191759,0.634484,0.181547,non
2022-12-05,6,WLN.PA,0.176317,-1.30082,-0.028858,non
2022-12-05,7,TTE.PA,0.164532,0.939533,0.234031,non
2022-12-05,8,EL.PA,0.131644,1.144764,0.34584,non
2022-12-05,9,SU.PA,0.121621,0.559868,0.09569,non
2022-12-05,10,SAF.PA,0.119656,0.7548,0.286147,non
2022-12-06,1,PUB.PA,0.304901,0.044045,0.066383,non
2022-12-06,2,RNO.PA,0.264387,0.4735,0.610315,non
2022-12-06,3,RMS.PA,0.215018,0.724976,0.406884,non
2022-12-06,4,ENGI.PA,0.19707,0.765946,0.228759,non
2022-12-06,5,CS.PA,0.195157,0.697369,0.183836,non
2022-12-06,6,WLN.PA,0.17145,-1.674643,-0.137007,non
2022-12-06,7,TTE.PA,0.168508,0.835446,0.236707,non
2022-12-06,8,EL.PA,0.133457,1.255467,0.313802,non
2022-12-06,9,SU.PA,0.121466,0.362261,0.018932,non
2022-12-06,10,SAF.PA,0.120101,0.629807,0.291016,non
2022-12-07,1,PUB.PA,0.304911,-0.25365,0.004034,non
2022-12-07,2,RNO.PA,0.266309,0.254894,0.472248,non
2022-12-07,3,RMS.PA,0.212476,0.683875,0.314187,non
2022-12-07,4,ENGI.PA,0.199788,0.680956,0.142409,non
2022-12-07,5,CS.PA,0.197693,0.415298,0.166831,non
2022-12-07,6,TTE.PA,0.170223,0.235516,0.194129,non
2022-12-07,7,WLN.PA,0.166758,-1.844999,-0.268243,non
2022-12-07,8,EL.PA,0.134725,1.178884,0.272446,non
2022-12-07,9,SU.PA,0.120374,0.249107,-0.073193,non
2022-12-07,10,SAF.PA,0.119789,0.571332,0.29744,non
2022-12-08,1,PUB.PA,0.302523,-0.638274,-0.050879,non
2022-12-08,2,RNO.PA,0.266213,-0.035557,0.380757,non
2022-12-08,3,RMS.PA,0.210419,0.6632,0.292012,non
2022-12-08,4,ENGI.PA,0.201308,0.305355,0.083473,non
2022-12-08,5,CS.PA,0.198842,0.095776,0.139796,non
2022-12-08,6,TTE.PA,0.171237,0.302341,0.151046,non
2022-12-08,7,WLN.PA,0.163001,-1.546853,-0.268066,non
2022-12-08,8,EL.PA,0.136393,1.137073,0.281401,non
2022-12-08,9,SAF.PA,0.119026,0.689035,0.286687,non
2022-12-08,10,SU.PA,0.118415,0.042304,-0.115839,non
2022-12-09,1,PUB.PA,0.301523,-0.512962,-0.071122,non
2022-12-09,2,RNO.PA,0.265461,0.08127,0.353073,non
2022-12-09,3,RMS.PA,0.209542,0.753027,0.308284,non
2022-12-09,4,ENGI.PA,0.202622,0.391178,0.039592,non
2022-12-09,5,CS.PA,0.201299,0.357087,0.126149,non
2022-12-09,6,TTE.PA,0.172908,0.006018,0.105707,non
2022-12-09,7,WLN.PA,0.158279,-2.144333,-0.284148,non
2022-12-09,8,EL.PA,0.139613,1.222389,0.283671,non
2022-12-09,9,BNP.PA,0.120912,0.747139,-0.001355,non
2022-12-09,10,SAF.PA,0.119318,0.720222,0.255574,non
2022-12-12,1,PUB.PA,0.300072,-0.778272,-0.105952,non
2022-12-12,2,RNO.PA,0.264833,-0.215381,0.312626,non
2022-12-12,3,RMS.PA,0.208485,0.801193,0.304693,non
2022-12-12,4,ENGI.PA,0.203871,0.347174,0.020313,non
2022-12-12,5,CS.PA,0.202296,-0.046679,0.097704,non
2022-12-12,6,TTE.PA,0.175085,0.093555,0.065025,non
2022-12-12,7,WLN.PA,0.152859,-1.98065,-0.324987,non
2022-12-12,8,EL.PA,0.142266,1.371418,0.287752,non
2022-12-12,9,BNP.PA,0.125439,0.600801,-0.016816,non
2022-12-12,10,SU.PA,0.118579,0.136902,-0.13122,non
2022-12-13,1,PUB.PA,0.299537,-0.326034,-0.11687,non
2022-12-13,2,RNO.PA,0.264394,-0.511492,0.274982,non
2022-12-13,3,RMS.PA,0.208152,1.063194,0.323742,non
2022-12-13,4,ENGI.PA,0.205232,0.221397,0.008232,non
2022-12-13,5,CS.PA,0.204229,0.27403,0.083352,non
2022-12-13,6,TTE.PA,0.178671,0.599413,0.077745,non
2022-12-13,7,WLN.PA,0.147706,-1.814016,-0.366406,non
2022-12-13,8,EL.PA,0.145537,1.524747,0.304831,non
2022-12-13,9,BNP.PA,0.130783,0.904499,0.000727,non
2022-12-13,10,SU.PA,0.119734,0.622362,-0.105675,non
2022-12-14,1,PUB.PA,0.298279,-0.308571,-0.144319,non
2022-12-14,2,RNO.PA,0.261818,-0.451004,0.183707,non
2022-12-14,3,RMS.PA,0.208307,1.195647,0.333731,non
2022-12-14,4,ENGI.PA,0.206075,0.157587,-0.014873,non
2022-12-14,5,CS.PA,0.204955,-0.130051,0.0515,non
2022-12-14,6,TTE.PA,0.182063,0.32847,0.089875,non
2022-12-14,7,EL.PA,0.148273,1.459328,0.315262,non
2022-12-14,8,WLN.PA,0.141177,-2.000032,-0.46721,non
2022-12-14,9,BNP.PA,0.135183,0.786439,0.000328,non
2022-12-14,10,SU.PA,0.119577,0.38624,-0.123442,non
2022-12-15,1,PUB.PA,0.296003,-0.960325,-0.207349,non
2022-12-15,2,RNO.PA,0.257353,-0.840598,0.095734,non
2022-12-15,3,RMS.PA,0.20553,0.216846,0.267932,non
2022-12-15,4,ENGI.PA,0.20418,-0.436874,-0.067591,non
2022-12-15,5,CS.PA,0.20351,-1.062753,-0.031679,non
2022-12-15,6,TTE.PA,0.184038,-0.232833,0.053161,non
2022-12-15,7,EL.PA,0.148563,0.35178,0.226611,non
2022-12-15,8,BNP.PA,0.136382,0.008973,-0.041339,non
2022-12-15,9,WLN.PA,0.1302,-2.930987,-0.669102,non
2022-12-15,10,SAF.PA,0.117971,0.372999,0.085738,non
2022-12-16,1,PUB.PA,0.292754,-1.366161,-0.2739,non
2022-12-16,2,RNO.PA,0.252831,-1.189875,-0.004048,non
2022-12-16,3,ENGI.PA,0.202611,-0.61059,-0.12057,non
2022-12-16,4,RMS.PA,0.202117,0.04976,0.20342,non
2022-12-16,5,CS.PA,0.201754,-1.264996,-0.096359,non
2022-12-16,6,TTE.PA,0.185127,-0.652462,-0.003565,non
2022-12-16,7,EL.PA,0.147957,-0.148459,0.137195,non
2022-12-16,8,BNP.PA,0.138168,0.313381,-0.033175,non
2022-12-16,9,WLN.PA,0.118251,-3.125017,-0.861858,non
2022-12-16,10,SAF.PA,0.117041,0.334088,0.053674,non
2022-12-19,1,PUB.PA,0.288936,-1.375644,-0.331492,non
2022-12-19,2,RNO.PA,0.248124,-1.038461,-0.076902,non
2022-12-19,3,ENGI.PA,0.200389,-0.528548,-0.148178,non
2022-12-19,4,CS.PA,0.200364,-1.042794,-0.148765,non
2022-12-19,5,RMS.PA,0.198246,-0.05839,0.137682,non
2022-12-19,6,TTE.PA,0.188757,-0.262371,-0.08152,non
2022-12-19,7,EL.PA,0.146331,-0.069302,0.069517,non
2022-12-19,8,BNP.PA,0.139532,0.135412,-0.052662,non
2022-12-19,9,SAF.PA,0.116186,0.443171,0.029549,non
2022-12-19,10,SU.PA,0.10766,-0.588304,-0.326717,non
2022-12-20,1,PUB.PA,0.282645,-1.609489,-0.370527,non
2022-12-20,2,RNO.PA,0.239779,-1.714774,-0.194269,non
2022-12-20,3,CS.PA,0.196547,-0.909742,-0.179917,non
2022-12-20,4,ENGI.PA,0.195105,-1.23973,-0.218702,non
2022-12-20,5,RMS.PA,0.193642,-0.215807,0.045401,non
2022-12-20,6,TTE.PA,0.19004,-0.005128,-0.082191,non
2022-12-20,7,EL.PA,0.144162,-0.234098,-0.016838,non
2022-12-20,8,BNP.PA,0.140174,0.393892,-0.056256,non
2022-12-20,9,SAF.PA,0.114067,0.486758,0.018103,non
2022-12-20,10,SU.PA,0.103178,-0.735059,-0.383082,non
2022-12-21,1,PUB.PA,0.278241,-1.099573,-0.375122,non
2022-12-21,2,RNO.PA,0.231843,-1.321119,-0.288487,non
2022-12-21,3,CS.PA,0.193614,-0.606519,-0.192628,non
2022-12-21,4,RMS.PA,0.191478,0.128104,0.005322,non
2022-12-21,5,TTE.PA,0.191322,0.753541,-0.05362,non
2022-12-21,6,ENGI.PA,0.189791,-0.876477,-0.267529,non
2022-12-21,7,EL.PA,0.1434,-0.011685,-0.070673,non
2022-12-21,8,BNP.PA,0.141164,0.778202,-0.023056,non
2022-12-21,9,SAF.PA,0.114205,0.9109,0.048292,non
2022-12-21,10,SU.PA,0.100978,-0.296104,-0.381268,non
2022-12-22,1,PUB.PA,0.273318,-1.225019,-0.372775,non
2022-12-22,2,RNO.PA,0.224155,-2.06645,-0.382776,non
2022-12-22,3,TTE.PA,0.193853,0.670628,-0.025428,non
2022-12-22,4,CS.PA,0.19129,-0.747326,-0.200904,non
2022-12-22,5,RMS.PA,0.187291,-0.261802,-0.064935,non
2022-12-22,6,ENGI.PA,0.184832,-1.025142,-0.313227,non
2022-12-22,7,BNP.PA,0.142823,0.639712,0.015391,non
2022-12-22,8,EL.PA,0.142163,-0.13081,-0.132792,non
2022-12-22,9,SAF.PA,0.114919,0.580314,0.054923,non
2022-12-22,10,SU.PA,0.09769,-0.7007,-0.395052,non
2022-12-23,1,PUB.PA,0.269425,-1.21213,-0.354969,non
2022-12-23,2,RNO.PA,0.217463,-1.88438,-0.478743,non
2022-12-23,3,TTE.PA,0.196301,0.686194,0.018947,non
2022-12-23,4,CS.PA,0.189262,-0.911254,-0.213331,non
2022-12-23,5,RMS.PA,0.181785,-0.523791,-0.162367,non
2022-12-23,6,ENGI.PA,0.180329,-1.060954,-0.356015,non
2022-12-23,7,BNP.PA,0.145151,0.578474,0.054867,non
2022-12-23,8,EL.PA,0.140645,-0.333782,-0.201417,non
2022-12-23,9,SAF.PA,0.115668,0.48689,0.066345,non
2022-12-23,10,SU.PA,0.094789,-0.640225,-0.397446,non
2022-12-27,1,PUB.PA,0.264919,-1.142913,-0.327523,non
2022-12-27,2,RNO.PA,0.208793,-1.852163,-0.583407,non
2022-12-27,3,TTE.PA,0.198621,0.80318,0.050088,non
2022-12-27,4,CS.PA,0.186934,-0.844477,-0.226994,non
2022-12-27,5,RMS.PA,0.177149,-0.152244,-0.210099,non
2022-12-27,6,ENGI.PA,0.17563,-0.988697,-0.39255,non
2022-12-27,7,BNP.PA,0.146188,0.609443,0.082498,non
2022-12-27,8,EL.PA,0.139946,-0.162322,-0.246991,non
2022-12-27,9,SAF.PA,0.11656,0.758169,0.073277,non
2022-12-27,10,AIR.PA,0.092775,0.437654,0.132982,non
2022-12-28,1,PUB.PA,0.260541,-1.398675,-0.318809,non
2022-12-28,2,RNO.PA,0.20034,-1.884409,-0.667238,non
2022-12-28,3,TTE.PA,0.200038,0.593166,0.099517,non
2022-12-28,4,CS.PA,0.184769,-1.012047,-0.230792,non
2022-12-28,5,RMS.PA,0.173083,-0.281695,-0.277603,non
2022-12-28,6,ENGI.PA,0.1704,-1.286971,-0.443548,non
2022-12-28,7,BNP.PA,0.14657,0.392613,0.117876,non
2022-12-28,8,EL.PA,0.138888,-0.402759,-0.307775,non
2022-12-28,9,SAF.PA,0.117967,0.474512,0.074411,non
2022-12-28,10,AIR.PA,0.094202,0.233164,0.112527,non
2022-12-29,1,PUB.PA,0.255999,-1.141246,-0.300633,non
2022-12-29,2,TTE.PA,0.201353,0.519689,0.182336,non
2022-12-29,3,RNO.PA,0.191433,-1.644888,-0.678671,non
2022-12-29,4,CS.PA,0.181829,-0.961833,-0.245857,non
2022-12-29,5,RMS.PA,0.169341,0.000464,-0.260657,non
2022-12-29,6,ENGI.PA,0.165449,-1.077325,-0.454849,non
2022-12-29,7,BNP.PA,0.146132,0.49767,0.158479,non
2022-12-29,8,EL.PA,0.138446,-0.161253,-0.329741,non
2022-12-29,9,SAF.PA,0.119159,0.441289,0.086549,non
2022-12-29,10,AIR.PA,0.096043,0.261505,0.09422,non
