DATE,TICKER,EXECUTION,CLOSE_AJUSTE,CLOSE_REEL,VAL_120,S_120,ECART_S,TAUX_120,TAUX_20,SOUS_BAS,AU_DESSUS,SEUIL_4_FRANCHI,ACHETABLE_SANS_VETO,ACHETABLE_AVEC_VETO,SIGNAL
2022-01-07,ENGI.PA,2022-01-10,8.954,8.954,8.935,0.238,0.0798,0.1222,0.1678,non,non,non,non,non,dans la bande
2022-01-07,AC.PA,2022-01-10,27.1755,27.1755,25.6839,1.5047,0.9913,-0.0271,0.9539,non,non,non,non,non,dans la bande
2022-01-07,EN.PA,2022-01-10,24.82,24.82,23.9413,1.2218,0.7192,-0.1202,0.4095,non,non,non,non,non,dans la bande
2022-01-07,TTE.PA,2022-01-10,35.9286,35.9286,35.2649,1.2053,0.5506,0.2108,0.3768,non,non,non,non,non,dans la bande
2022-01-07,SAF.PA,2022-01-10,106.9822,106.9822,103.5255,5.1851,0.6667,-0.0132,0.6862,non,non,non,non,non,dans la bande
2022-01-07,AIR.PA,2022-01-10,107.9821,107.9821,99.4347,3.849,2.2207,-0.0558,0.9178,non,oui,non,non,non,au-dessus du bord haut
2022-01-07,PUB.PA,2022-01-10,49.2511,49.2511,48.4766,0.9392,0.8246,0.0794,0.3945,non,non,non,non,non,dans la bande
2022-01-07,SGO.PA,2022-01-10,56.2541,56.2541,51.9177,1.6308,2.6591,-0.021,0.5922,non,oui,non,non,non,au-dessus du bord haut
2022-01-07,MC.PA,2022-01-10,652.5025,652.5025,653.1134,27.4929,-0.0222,0.1,0.2678,non,non,non,non,non,dans la bande
2022-01-07,CAP.PA,2022-01-10,180.1562,180.1562,190.7502,7.2394,-1.4634,0.1331,0.1809,oui,non,non,oui,oui,candidate à l'achat
2022-01-14,ENGI.PA,2022-01-17,9.3838,9.3838,9.0311,0.2446,1.4422,0.128,0.3953,non,oui,non,non,non,au-dessus du bord haut
2022-01-14,AC.PA,2022-01-17,28.525,28.525,26.0148,1.56,1.6091,-0.0087,0.885,non,oui,non,non,non,au-dessus du bord haut
2022-01-14,EN.PA,2022-01-17,25.1587,25.1587,23.7548,1.1182,1.2556,-0.1322,0.4092,non,oui,non,non,non,au-dessus du bord haut
2022-01-14,TTE.PA,2022-01-17,38.3066,38.3066,35.9047,1.2664,1.8966,0.2202,0.6654,non,oui,non,non,non,au-dessus du bord haut
2022-01-14,SAF.PA,2022-01-17,107.5926,107.5926,104.2972,5.1192,0.6437,0.0009,0.526,non,non,non,non,non,dans la bande
2022-01-14,AIR.PA,2022-01-17,107.6518,107.6518,100.4604,4.1902,1.7163,-0.0413,0.5821,non,oui,non,non,non,au-dessus du bord haut
2022-01-14,PUB.PA,2022-01-17,49.1377,49.1377,48.6952,0.9385,0.4715,0.0788,0.3432,non,non,non,non,non,dans la bande
2022-01-14,SGO.PA,2022-01-17,57.4052,57.4052,52.4947,1.862,2.6372,-0.0105,0.6596,non,oui,non,non,non,au-dessus du bord haut
2022-01-14,MC.PA,2022-01-17,615.6752,615.6752,656.063,26.8424,-1.5046,0.1056,-0.1009,oui,non,non,oui,non,candidate à l'achat
2022-01-14,CAP.PA,2022-01-17,178.8957,178.8957,189.7216,7.4724,-1.4488,0.1147,-0.3144,oui,non,non,oui,non,candidate à l'achat
2022-01-21,ENGI.PA,2022-01-24,9.1541,9.1541,9.1143,0.2474,0.1606,0.1315,0.3318,non,non,non,non,non,dans la bande
2022-01-21,AC.PA,2022-01-24,28.7469,28.7469,26.3665,1.6286,1.4616,0.0067,0.7758,non,oui,non,non,non,au-dessus du bord haut
2022-01-21,EN.PA,2022-01-24,24.4043,24.4043,23.5869,1.0302,0.7934,-0.142,0.2419,non,non,non,non,non,dans la bande
2022-01-21,TTE.PA,2022-01-24,38.3723,38.3723,36.7354,1.3711,1.1939,0.2369,0.8632,non,oui,non,non,non,au-dessus du bord haut
2022-01-21,SAF.PA,2022-01-24,106.0093,106.0093,104.8642,5.1238,0.2235,0.0092,0.2856,non,non,non,non,non,dans la bande
2022-01-21,AIR.PA,2022-01-24,104.0371,104.0371,101.2086,4.3093,0.6564,-0.0288,0.1198,non,non,non,non,non,dans la bande
2022-01-21,PUB.PA,2022-01-24,49.0081,49.0081,48.9229,0.9373,0.0909,0.078,0.1819,non,non,non,non,non,dans la bande
2022-01-21,SGO.PA,2022-01-24,54.8002,54.8002,53.1735,1.9648,0.8279,0.0083,0.354,non,non,non,non,non,dans la bande
2022-01-21,MC.PA,2022-01-24,635.5474,635.5474,659.3323,25.1677,-0.9451,0.1144,-0.4049,non,non,non,non,non,dans la bande
2022-01-21,CAP.PA,2022-01-24,182.9472,182.9472,190.0362,7.5362,-0.9407,0.1116,-0.4129,non,non,non,non,non,dans la bande
2022-01-28,ENGI.PA,2022-01-31,9.1622,9.1622,9.1656,0.2476,-0.0137,0.132,0.0772,non,non,non,non,non,dans la bande
2022-01-28,AC.PA,2022-01-31,28.4362,28.4362,26.6035,1.6617,1.1029,0.0151,0.3463,non,oui,non,non,non,au-dessus du bord haut
2022-01-28,EN.PA,2022-01-31,24.2349,24.2349,23.3325,0.951,0.9489,-0.1536,-0.1364,non,non,non,non,non,dans la bande
2022-01-28,TTE.PA,2022-01-31,39.6251,39.6251,37.4765,1.4206,1.5125,0.2497,0.6568,non,oui,non,non,non,au-dessus du bord haut
2022-01-28,SAF.PA,2022-01-31,99.1416,99.1416,104.4218,5.1829,-1.0188,0.0044,-0.2435,oui,non,non,oui,non,candidate à l'achat
2022-01-28,AIR.PA,2022-01-31,102.1839,102.1839,101.2957,4.3399,0.2047,-0.0248,-0.3828,non,non,non,non,non,dans la bande
2022-01-28,PUB.PA,2022-01-31,48.3762,48.3762,48.793,1.0,-0.4168,0.0686,-0.1337,non,non,non,non,non,dans la bande
2022-01-28,SGO.PA,2022-01-31,50.2912,50.2912,53.0163,1.932,-1.4105,0.0104,-0.5119,oui,non,non,oui,non,candidate à l'achat
2022-01-28,MC.PA,2022-01-31,653.0496,653.0496,662.4645,22.5978,-0.4166,0.1249,-0.4063,non,non,non,non,non,dans la bande
2022-01-28,CAP.PA,2022-01-31,173.7638,173.7638,188.5627,8.2351,-1.797,0.0971,-0.459,oui,non,non,oui,non,candidate à l'achat
2022-02-04,ENGI.PA,2022-02-07,9.5311,9.5311,9.2774,0.2384,1.0644,0.1436,0.0727,non,oui,non,non,non,au-dessus du bord haut
2022-02-04,AC.PA,2022-02-07,28.0811,28.0811,26.841,1.6904,0.7336,0.021,0.1435,non,non,non,non,non,dans la bande
2022-02-04,EN.PA,2022-02-07,24.0809,24.0809,23.1964,0.9445,0.9365,-0.1555,-0.2738,non,non,non,non,non,dans la bande
2022-02-04,TTE.PA,2022-02-07,39.4163,39.4163,38.0901,1.4402,0.9209,0.2537,0.2866,non,non,non,non,non,dans la bande
2022-02-04,SAF.PA,2022-02-07,101.2592,101.2592,104.0037,5.1546,-0.5325,-0.0038,-0.2857,non,non,non,non,non,dans la bande
2022-02-04,AIR.PA,2022-02-07,101.2114,101.2114,101.4025,4.3506,-0.0439,-0.0231,-0.3378,non,non,non,non,non,dans la bande
2022-02-04,PUB.PA,2022-02-07,51.7947,51.7947,48.9813,0.9912,2.8383,0.0662,0.0404,non,oui,non,non,non,au-dessus du bord haut
2022-02-04,SGO.PA,2022-02-07,51.2172,51.2172,53.1155,1.8649,-1.0179,0.017,-0.708,oui,non,non,oui,non,candidate à l'achat
2022-02-04,MC.PA,2022-02-07,643.6603,643.6603,666.9936,21.2388,-1.0986,0.1296,0.1799,oui,non,non,oui,oui,candidate à l'achat
2022-02-04,CAP.PA,2022-02-07,173.8989,173.8989,188.0437,8.4778,-1.6684,0.089,-0.1393,oui,non,non,oui,non,candidate à l'achat
2022-02-11,ENGI.PA,2022-02-14,9.8244,9.8244,9.437,0.2303,1.6821,0.1618,0.3795,non,oui,non,non,non,au-dessus du bord haut
2022-02-11,AC.PA,2022-02-14,29.9366,29.9366,27.2497,1.7622,1.5247,0.0373,0.2413,non,oui,non,non,non,au-dessus du bord haut
2022-02-11,EN.PA,2022-02-14,25.0048,25.0048,23.2415,0.9992,1.7647,-0.1458,-0.0193,non,oui,non,non,non,au-dessus du bord haut
2022-02-11,TTE.PA,2022-02-14,40.4062,40.4062,38.7597,1.4776,1.1143,0.2581,0.2115,non,oui,non,non,non,au-dessus du bord haut
2022-02-11,SAF.PA,2022-02-14,109.7101,109.7101,104.1316,5.1656,1.0799,-0.0054,0.0404,non,oui,non,non,non,au-dessus du bord haut
2022-02-11,AIR.PA,2022-02-14,108.7161,108.7161,102.241,4.4823,1.4446,-0.0109,0.1009,non,oui,non,non,non,au-dessus du bord haut
2022-02-11,PUB.PA,2022-02-14,52.3293,52.3293,49.5737,1.1696,2.356,0.0752,0.4626,non,oui,non,non,non,au-dessus du bord haut
2022-02-11,SGO.PA,2022-02-14,53.9174,53.9174,53.3071,1.8254,0.3343,0.0247,-0.2898,non,non,non,non,non,dans la bande
2022-02-11,MC.PA,2022-02-14,624.4262,624.4262,666.3833,21.8276,-1.9222,0.1188,0.2264,oui,non,non,oui,oui,candidate à l'achat
2022-02-11,CAP.PA,2022-02-14,177.4552,177.4552,187.2793,8.7307,-1.1252,0.0793,-0.1273,oui,non,non,oui,non,candidate à l'achat
2022-02-18,ENGI.PA,2022-02-21,9.7852,9.7852,9.5704,0.2163,0.9931,0.1745,0.4894,non,non,non,non,non,dans la bande
2022-02-18,AC.PA,2022-02-21,29.1997,29.1997,27.6755,1.8241,0.8356,0.0537,0.4019,non,non,non,non,non,dans la bande
2022-02-18,EN.PA,2022-02-21,25.1741,25.1741,23.3469,1.0571,1.7286,-0.1323,0.2918,non,oui,non,non,non,au-dessus du bord haut
2022-02-18,TTE.PA,2022-02-21,39.1766,39.1766,39.2029,1.4743,-0.0178,0.2528,0.1644,non,non,non,non,non,dans la bande
2022-02-18,SAF.PA,2022-02-21,108.2031,108.2031,104.5942,5.206,0.6932,-0.0029,0.4985,non,non,non,non,non,dans la bande
2022-02-18,AIR.PA,2022-02-21,105.505,105.505,103.2229,4.5225,0.5046,0.0047,0.3652,non,non,non,non,non,dans la bande
2022-02-18,PUB.PA,2022-02-21,50.693,50.693,50.0042,1.2108,0.5688,0.0813,0.595,non,non,non,non,non,dans la bande
2022-02-18,SGO.PA,2022-02-21,53.528,53.528,53.5002,1.8002,0.0154,0.0306,0.3749,non,non,non,non,non,dans la bande
2022-02-18,MC.PA,2022-02-21,625.6113,625.6113,662.6746,23.3685,-1.586,0.1032,-0.0327,oui,non,non,oui,non,candidate à l'achat
2022-02-18,CAP.PA,2022-02-21,167.4165,167.4165,184.9777,9.4985,-1.8488,0.0592,-0.1675,oui,non,oui,oui,non,candidate à l'achat
2022-02-25,ENGI.PA,2022-02-28,9.742,9.742,9.6716,0.2102,0.3347,0.1802,0.1745,non,non,non,non,non,dans la bande
2022-02-25,AC.PA,2022-02-28,27.8236,27.8236,27.7566,1.8264,0.0367,0.051,-0.0612,non,non,non,non,non,dans la bande
2022-02-25,EN.PA,2022-02-28,24.5274,24.5274,23.4158,1.0728,1.0362,-0.119,0.0957,non,oui,non,non,non,au-dessus du bord haut
2022-02-25,TTE.PA,2022-02-28,37.3284,37.3284,39.2773,1.4786,-1.3181,0.233,-0.2048,oui,non,non,oui,non,candidate à l'achat
2022-02-25,SAF.PA,2022-02-28,109.2523,109.2523,104.3811,5.0624,0.9622,-0.0115,0.2515,non,non,non,non,non,dans la bande
2022-02-25,AIR.PA,2022-02-28,106.3491,106.3491,103.5388,4.5067,0.6236,0.0109,0.0301,non,non,non,non,non,dans la bande
2022-02-25,PUB.PA,2022-02-28,48.6193,48.6193,50.0461,1.2425,-1.1483,0.0775,-0.0858,oui,non,non,oui,non,candidate à l'achat
2022-02-25,SGO.PA,2022-02-28,50.1441,50.1441,53.2292,1.9077,-1.6172,0.0248,-0.1436,oui,non,non,oui,non,candidate à l'achat
2022-02-25,MC.PA,2022-02-28,607.6533,607.6533,656.6339,26.1965,-1.8697,0.0858,-0.5638,oui,non,non,oui,non,candidate à l'achat
2022-02-25,CAP.PA,2022-02-28,170.2975,170.2975,182.4109,10.141,-1.1945,0.0371,-0.513,oui,non,oui,oui,non,candidate à l'achat
2022-03-04,ENGI.PA,2022-03-07,7.2524,7.2524,9.5235,0.3927,-5.7836,0.15,-0.9867,oui,non,non,oui,non,candidate à l'achat
2022-03-04,AC.PA,2022-03-07,23.1804,23.1804,27.3579,1.8876,-2.2132,0.0258,-0.9543,oui,non,non,oui,non,candidate à l'achat
2022-03-04,EN.PA,2022-03-07,23.1648,23.1648,23.4465,1.0691,-0.2635,-0.1074,-0.2224,non,non,non,non,non,dans la bande
2022-03-04,TTE.PA,2022-03-07,34.4129,34.4129,38.9036,1.6548,-2.7138,0.1995,-0.7838,oui,non,oui,oui,non,candidate à l'achat
2022-03-04,SAF.PA,2022-03-07,92.522,92.522,103.1865,5.0378,-2.1169,-0.0311,-0.3759,oui,non,non,oui,non,candidate à l'achat
2022-03-04,AIR.PA,2022-03-07,89.0829,89.0829,102.7691,4.7714,-2.8684,0.0029,-0.6121,oui,non,non,oui,non,candidate à l'achat
2022-03-04,PUB.PA,2022-03-07,40.9076,40.9076,49.3855,1.686,-5.0284,0.0554,-0.9797,oui,non,oui,oui,non,candidate à l'achat
2022-03-04,SGO.PA,2022-03-07,43.4628,43.4628,52.2768,2.3351,-3.7746,0.003,-0.8618,oui,non,oui,oui,non,candidate à l'achat
2022-03-04,MC.PA,2022-03-07,526.7057,526.7057,643.5037,31.1607,-3.7483,0.0516,-0.8138,oui,non,non,oui,non,candidate à l'achat
2022-03-04,CAP.PA,2022-03-07,154.1816,154.1816,179.529,10.7597,-2.3558,0.0133,-0.498,oui,non,oui,oui,non,candidate à l'achat
2022-03-11,ENGI.PA,2022-03-14,7.4808,7.4808,9.2196,0.5831,-2.9821,0.0969,-1.9081,oui,non,non,oui,non,candidate à l'achat
2022-03-11,AC.PA,2022-03-14,24.4855,24.4855,26.6506,2.0762,-1.0428,-0.0101,-1.662,oui,non,non,oui,non,candidate à l'achat
2022-03-11,EN.PA,2022-03-14,24.3812,24.3812,23.462,1.0561,0.8704,-0.0964,-0.3032,non,non,non,non,non,dans la bande
2022-03-11,TTE.PA,2022-03-14,35.2559,35.2559,38.5235,1.7698,-1.8464,0.1684,-0.7793,oui,non,oui,oui,non,candidate à l'achat
2022-03-11,SAF.PA,2022-03-14,99.3324,99.3324,101.632,5.26,-0.4372,-0.0498,-0.8574,non,non,non,non,non,dans la bande
2022-03-11,AIR.PA,2022-03-14,95.0096,95.0096,101.1006,5.3204,-1.1449,-0.0146,-1.0612,oui,non,non,oui,non,candidate à l'achat
2022-03-11,PUB.PA,2022-03-14,44.8282,44.8282,48.3871,2.1611,-1.6468,0.0255,-1.2582,oui,non,oui,oui,non,candidate à l'achat
2022-03-11,SGO.PA,2022-03-14,47.34,47.34,51.2148,2.6996,-1.4353,-0.0222,-1.0952,oui,non,oui,oui,non,candidate à l'achat
2022-03-11,MC.PA,2022-03-14,542.2936,542.2936,624.3856,37.4017,-2.1949,0.0058,-1.054,oui,non,non,oui,non,candidate à l'achat
2022-03-11,CAP.PA,2022-03-14,157.5579,157.5579,175.5856,11.6247,-1.5508,-0.0171,-0.4683,oui,non,oui,oui,non,candidate à l'achat
2022-03-18,ENGI.PA,2022-03-21,8.158,8.158,9.0233,0.6238,-1.3873,0.0581,-1.396,oui,non,non,oui,non,candidate à l'achat
2022-03-18,AC.PA,2022-03-21,25.3733,25.3733,26.4431,2.0954,-0.5105,-0.0145,-0.9338,non,non,non,non,non,dans la bande
2022-03-18,EN.PA,2022-03-21,25.1895,25.1895,23.7755,1.056,1.339,-0.0686,0.1773,non,oui,non,non,non,au-dessus du bord haut
2022-03-18,TTE.PA,2022-03-21,35.1901,35.1901,38.264,1.8781,-1.6367,0.1474,-0.4238,oui,non,oui,oui,non,candidate à l'achat
2022-03-18,SAF.PA,2022-03-21,101.6216,101.6216,101.2024,5.2485,0.0799,-0.0533,-0.4118,non,non,non,non,non,dans la bande
2022-03-18,AIR.PA,2022-03-21,97.3766,97.3766,100.6611,5.3323,-0.616,-0.0154,-0.5244,non,non,non,non,non,dans la bande
2022-03-18,PUB.PA,2022-03-21,46.8371,46.8371,48.0429,2.2175,-0.5437,0.0144,-0.4953,non,non,oui,non,non,dans la bande
2022-03-18,SGO.PA,2022-03-21,49.9969,49.9969,50.7225,2.6931,-0.2694,-0.036,-0.2048,non,non,non,non,non,dans la bande
2022-03-18,MC.PA,2022-03-21,582.8586,582.8586,610.1841,37.2921,-0.7327,-0.0319,-0.5363,non,non,non,non,non,dans la bande
2022-03-18,CAP.PA,2022-03-21,175.6995,175.6995,172.9024,11.2246,0.2492,-0.0439,-0.0135,non,non,non,non,non,dans la bande
2022-03-25,ENGI.PA,2022-03-28,7.9728,7.9728,8.8528,0.6355,-1.3849,0.0237,0.0172,oui,non,non,oui,oui,candidate à l'achat
2022-03-25,AC.PA,2022-03-28,25.1425,25.1425,26.3027,2.1012,-0.5522,-0.0174,0.1417,non,non,non,non,non,dans la bande
2022-03-25,EN.PA,2022-03-28,25.0971,25.0971,24.0377,1.0427,1.016,-0.0455,0.3797,non,oui,non,non,non,au-dessus du bord haut
2022-03-25,TTE.PA,2022-03-28,37.3487,37.3487,38.2337,1.9194,-0.461,0.138,0.1844,non,non,non,non,non,dans la bande
2022-03-25,SAF.PA,2022-03-28,99.6376,99.6376,100.5867,5.2314,-0.1814,-0.0586,0.0391,non,non,non,non,non,dans la bande
2022-03-25,AIR.PA,2022-03-28,98.661,98.661,100.3904,5.3361,-0.3241,-0.0157,0.1737,non,non,non,non,non,dans la bande
2022-03-25,PUB.PA,2022-03-28,45.7841,45.7841,47.6826,2.2455,-0.8455,0.0022,0.2693,non,non,oui,non,non,dans la bande
2022-03-25,SGO.PA,2022-03-28,47.4785,47.4785,50.0593,2.6193,-0.9853,-0.056,0.4481,non,non,oui,non,non,dans la bande
2022-03-25,MC.PA,2022-03-28,570.6435,570.6435,598.0871,34.976,-0.7846,-0.065,0.1753,non,non,non,non,non,dans la bande
2022-03-25,CAP.PA,2022-03-28,173.0436,173.0436,170.554,9.9992,0.249,-0.0713,0.4594,non,non,non,non,non,dans la bande
2022-04-01,ENGI.PA,2022-04-04,8.0593,8.0593,8.6714,0.625,-0.9792,-0.0133,0.6472,non,non,non,non,non,dans la bande
2022-04-01,AC.PA,2022-04-04,25.7373,25.7373,26.3102,2.0926,-0.2738,-0.0121,0.7969,non,non,non,non,non,dans la bande
2022-04-01,EN.PA,2022-04-04,24.412,24.412,24.1447,1.0249,0.2608,-0.0335,0.1829,non,non,non,non,non,dans la bande
2022-04-01,TTE.PA,2022-04-04,36.6857,36.6857,38.2465,1.9469,-0.8017,0.1321,0.2591,non,non,non,non,non,dans la bande
2022-04-01,SAF.PA,2022-04-04,102.0413,102.0413,100.6854,5.2437,0.2586,-0.0526,0.4031,non,non,non,non,non,dans la bande
2022-04-01,AIR.PA,2022-04-04,101.8536,101.8536,100.6886,5.3327,0.2185,-0.009,0.7179,non,non,non,non,non,dans la bande
2022-04-01,PUB.PA,2022-04-04,44.6176,44.6176,47.2889,2.2678,-1.1779,-0.0102,0.4266,oui,non,oui,oui,oui,candidate à l'achat
2022-04-01,SGO.PA,2022-04-04,46.7602,46.7602,49.5026,2.6393,-1.0391,-0.0683,0.2994,oui,non,oui,oui,oui,candidate à l'achat
2022-04-01,MC.PA,2022-04-04,592.1566,592.1566,591.002,32.6737,0.0353,-0.0847,0.7455,non,non,non,non,non,dans la bande
2022-04-01,CAP.PA,2022-04-04,179.9311,179.9311,169.5348,8.9503,1.1615,-0.087,0.9034,non,oui,non,non,non,au-dessus du bord haut
2022-04-08,ENGI.PA,2022-04-11,7.8485,7.8485,8.4821,0.6151,-1.0302,-0.0487,-0.0251,oui,non,non,oui,non,candidate à l'achat
2022-04-08,AC.PA,2022-04-11,24.2547,24.2547,26.0644,2.1186,-0.8542,-0.0213,0.0116,non,non,non,non,non,dans la bande
2022-04-08,EN.PA,2022-04-11,23.7114,23.7114,24.1378,0.9936,-0.4292,-0.0264,-0.4314,non,non,non,non,non,dans la bande
2022-04-08,TTE.PA,2022-04-11,35.8265,35.8265,38.1893,1.9907,-1.1869,0.125,0.1081,oui,non,oui,oui,oui,candidate à l'achat
2022-04-08,SAF.PA,2022-04-11,97.0051,97.0051,99.8802,5.2653,-0.5461,-0.0605,-0.1291,non,non,non,non,non,dans la bande
2022-04-08,AIR.PA,2022-04-11,94.8628,94.8628,100.0009,5.4181,-0.9483,-0.0161,0.0253,non,non,non,non,non,dans la bande
2022-04-08,PUB.PA,2022-04-11,44.65,44.65,46.7601,2.3203,-0.9094,-0.0249,-0.2183,non,non,oui,non,non,dans la bande
2022-04-08,SGO.PA,2022-04-11,44.4494,44.4494,48.4747,2.7824,-1.4467,-0.0918,-0.6181,oui,non,oui,oui,non,candidate à l'achat
2022-04-08,MC.PA,2022-04-11,575.8394,575.8394,582.8071,30.1273,-0.2313,-0.1059,0.2962,non,non,non,non,non,dans la bande
2022-04-08,CAP.PA,2022-04-11,170.7927,170.7927,168.2152,8.0788,0.319,-0.1024,0.3589,non,non,non,non,non,dans la bande
2022-04-14,ENGI.PA,2022-04-19,7.8755,7.8755,8.3311,0.6082,-0.7491,-0.0748,-0.2618,non,non,non,non,non,dans la bande
2022-04-14,AC.PA,2022-04-19,25.7994,25.7994,25.909,2.1293,-0.0515,-0.0268,-0.1975,non,non,non,non,non,dans la bande
2022-04-14,EN.PA,2022-04-19,23.9809,23.9809,24.1973,0.9398,-0.2303,-0.0163,-0.4006,non,non,non,non,non,dans la bande
2022-04-14,TTE.PA,2022-04-19,36.6347,36.6347,38.1713,2.0109,-0.7641,0.1185,0.0596,non,non,non,non,non,dans la bande
2022-04-14,SAF.PA,2022-04-19,99.0844,99.0844,99.2998,5.26,-0.0409,-0.0654,-0.2016,non,non,non,non,non,dans la bande
2022-04-14,AIR.PA,2022-04-19,97.3582,97.3582,99.3849,5.4471,-0.3721,-0.0238,-0.1919,non,non,non,non,non,dans la bande
2022-04-14,PUB.PA,2022-04-19,45.055,45.055,46.2548,2.3098,-0.5194,-0.041,-0.3173,non,non,oui,non,non,dans la bande
2022-04-14,SGO.PA,2022-04-19,44.9168,44.9168,47.7214,2.8156,-0.9961,-0.1091,-0.6995,non,non,oui,non,non,dans la bande
2022-04-14,MC.PA,2022-04-19,583.4056,583.4056,575.5289,28.0198,0.2811,-0.1232,-0.0243,non,non,non,non,non,dans la bande
2022-04-14,CAP.PA,2022-04-19,172.0982,172.0982,166.6618,7.2853,0.7462,-0.1166,-0.0971,non,non,non,non,non,dans la bande
2022-04-22,ENGI.PA,2022-04-25,8.162,8.162,8.228,0.5929,-0.1113,-0.093,-0.0327,non,non,non,non,non,dans la bande
2022-04-22,AC.PA,2022-04-25,26.7938,26.7938,26.0834,2.1367,0.3325,-0.0148,0.2096,non,non,non,non,non,dans la bande
2022-04-22,EN.PA,2022-04-25,24.7122,24.7122,24.4086,0.8109,0.3745,0.0039,-0.0915,non,non,non,non,non,dans la bande
2022-04-22,TTE.PA,2022-04-25,35.9913,35.9913,38.1325,2.0288,-1.0554,0.1104,0.004,oui,non,non,oui,oui,candidate à l'achat
2022-04-22,SAF.PA,2022-04-25,102.0222,102.0222,99.4736,5.2637,0.4842,-0.0581,-0.0724,non,non,non,non,non,dans la bande
2022-04-22,AIR.PA,2022-04-25,97.3954,97.3954,99.0679,5.4444,-0.3072,-0.0279,-0.1963,non,non,non,non,non,dans la bande
2022-04-22,PUB.PA,2022-04-25,46.9829,46.9829,46.1443,2.3011,0.3644,-0.0444,0.0709,non,non,oui,non,non,dans la bande
2022-04-22,SGO.PA,2022-04-25,48.0237,48.0237,47.2445,2.8104,0.2773,-0.1186,-0.2956,non,non,oui,non,non,dans la bande
2022-04-22,MC.PA,2022-04-25,583.0408,583.0408,570.7978,26.6383,0.4596,-0.1333,-0.0535,non,non,non,non,non,dans la bande
2022-04-22,CAP.PA,2022-04-25,172.9535,172.9535,166.2425,7.2763,0.9223,-0.1169,-0.2011,non,non,non,non,non,dans la bande
2022-04-29,ENGI.PA,2022-05-02,8.2303,8.2303,8.147,0.5797,0.1437,-0.106,0.2253,non,non,non,non,non,dans la bande
2022-04-29,AC.PA,2022-05-02,27.9923,27.9923,26.478,2.0614,0.7346,0.0155,0.6124,non,non,non,non,non,dans la bande
2022-04-29,EN.PA,2022-05-02,25.2896,25.2896,24.7289,0.6702,0.8365,0.0289,0.3615,non,non,non,non,non,dans la bande
2022-04-29,TTE.PA,2022-05-02,37.0545,37.0545,37.903,2.0877,-0.4064,0.0943,-0.0226,non,non,non,non,non,dans la bande
2022-04-29,SAF.PA,2022-05-02,98.4167,98.4167,99.9,4.942,-0.3001,-0.0415,0.0394,non,non,non,non,non,dans la bande
2022-04-29,AIR.PA,2022-05-02,98.2143,98.2143,98.6638,5.4307,-0.0828,-0.0287,-0.1259,non,non,non,non,non,dans la bande
2022-04-29,PUB.PA,2022-05-02,46.6427,46.6427,45.9373,2.2691,0.3109,-0.0511,0.3269,non,non,oui,non,non,dans la bande
2022-04-29,SGO.PA,2022-05-02,48.7507,48.7507,46.8984,2.792,0.6634,-0.1237,0.3149,non,non,non,non,non,dans la bande
2022-04-29,MC.PA,2022-05-02,571.2136,571.2136,563.7273,25.8039,0.2901,-0.145,-0.2222,non,non,non,non,non,dans la bande
2022-04-29,CAP.PA,2022-05-02,176.5549,176.5549,166.0717,7.4132,1.4141,-0.1118,-0.2581,non,oui,non,non,non,au-dessus du bord haut
2022-05-06,ENGI.PA,2022-05-09,8.0966,8.0966,8.0941,0.5776,0.0043,-0.1101,0.329,non,non,non,non,non,dans la bande
2022-05-06,AC.PA,2022-05-09,27.0779,27.0779,26.842,2.0244,0.1165,0.0397,0.7534,non,non,non,non,non,dans la bande
2022-05-06,EN.PA,2022-05-09,25.0646,25.0646,24.9316,0.6121,0.2172,0.0429,0.3954,non,non,non,non,non,dans la bande
2022-05-06,TTE.PA,2022-05-09,39.7027,39.7027,38.0762,2.0909,0.7778,0.0917,0.3526,non,non,non,non,non,dans la bande
2022-05-06,SAF.PA,2022-05-09,91.015,91.015,99.5397,4.6584,-1.83,-0.0336,-0.2023,oui,non,non,oui,non,candidate à l'achat
2022-05-06,AIR.PA,2022-05-09,100.0383,100.0383,98.7505,5.4147,0.2378,-0.023,0.1912,non,non,non,non,non,dans la bande
2022-05-06,PUB.PA,2022-05-09,44.1964,44.1964,45.7993,2.2751,-0.7045,-0.0523,0.2224,non,non,oui,non,non,dans la bande
2022-05-06,SGO.PA,2022-05-09,46.3274,46.3274,46.5322,2.7692,-0.074,-0.1294,0.4489,non,non,oui,non,non,dans la bande
2022-05-06,MC.PA,2022-05-09,518.1032,518.1032,554.8299,25.943,-1.4157,-0.1576,-0.3845,oui,non,non,oui,non,candidate à l'achat
2022-05-06,CAP.PA,2022-05-09,165.4358,165.4358,166.2462,7.452,-0.1088,-0.102,0.0006,non,non,non,non,non,dans la bande
2022-05-13,ENGI.PA,2022-05-16,8.258,8.258,8.023,0.5731,0.41,-0.1182,0.0345,non,non,non,non,non,dans la bande
2022-05-13,AC.PA,2022-05-16,27.2465,27.2465,26.8746,2.0253,0.1837,0.041,0.0008,non,non,non,non,non,dans la bande
2022-05-13,EN.PA,2022-05-16,25.4397,25.4397,25.0556,0.6114,0.6283,0.0477,0.1798,non,non,non,non,non,dans la bande
2022-05-13,TTE.PA,2022-05-16,40.0793,40.0793,38.1919,2.0682,0.9125,0.0844,0.5079,non,non,non,non,non,dans la bande
2022-05-13,SAF.PA,2022-05-16,92.0737,92.0737,98.2134,4.9388,-1.2431,-0.0435,-0.7425,oui,non,non,oui,non,candidate à l'achat
2022-05-13,AIR.PA,2022-05-16,98.9774,98.9774,98.5333,5.4147,0.082,-0.0243,0.0712,non,non,non,non,non,dans la bande
2022-05-13,PUB.PA,2022-05-16,44.5042,44.5042,45.3073,2.3229,-0.3457,-0.062,-0.3685,non,non,oui,non,non,dans la bande
2022-05-13,SGO.PA,2022-05-16,46.4313,46.4313,45.9218,2.7494,0.1853,-0.1408,-0.0606,non,non,oui,non,non,dans la bande
2022-05-13,MC.PA,2022-05-16,535.991,535.991,543.9901,26.7644,-0.2989,-0.1729,-0.7558,non,non,non,non,non,dans la bande
2022-05-13,CAP.PA,2022-05-16,165.886,165.886,164.9114,7.4455,0.1309,-0.1045,-0.3369,non,non,non,non,non,dans la bande
2022-05-20,ENGI.PA,2022-05-23,9.1899,9.1899,8.081,0.5949,1.8641,-0.1082,0.4506,non,oui,non,non,non,au-dessus du bord haut
2022-05-20,AC.PA,2022-05-23,27.1134,27.1134,26.8346,1.9884,0.1402,0.0303,-0.0805,non,non,non,non,non,dans la bande
2022-05-20,EN.PA,2022-05-23,25.9289,25.9289,25.2275,0.6269,1.1189,0.0517,0.1795,non,oui,non,non,non,au-dessus du bord haut
2022-05-20,TTE.PA,2022-05-23,40.5736,40.5736,38.4732,2.0173,1.0412,0.079,0.8144,non,oui,non,non,non,au-dessus du bord haut
2022-05-20,SAF.PA,2022-05-23,91.5777,91.5777,96.6972,4.8379,-1.0582,-0.0647,-0.517,oui,non,non,oui,non,candidate à l'achat
2022-05-20,AIR.PA,2022-05-23,99.4986,99.4986,97.9595,5.0799,0.303,-0.0378,0.2264,non,non,non,non,non,dans la bande
2022-05-20,PUB.PA,2022-05-23,44.2288,44.2288,44.9236,2.2926,-0.3031,-0.072,-0.337,non,non,oui,non,non,dans la bande
2022-05-20,SGO.PA,2022-05-23,44.9687,44.9687,45.2383,2.5837,-0.1044,-0.1584,-0.2956,non,non,oui,non,non,dans la bande
2022-05-20,MC.PA,2022-05-23,513.2162,513.2162,534.3408,25.9408,-0.8143,-0.1885,-0.4798,non,non,non,non,non,dans la bande
2022-05-20,CAP.PA,2022-05-23,162.7348,162.7348,163.7616,7.4218,-0.1383,-0.1084,-0.3305,non,non,non,non,non,dans la bande
2022-05-27,ENGI.PA,2022-05-30,9.2321,9.2321,8.1964,0.6343,1.6326,-0.0891,0.9049,non,oui,non,non,non,au-dessus du bord haut
2022-05-27,AC.PA,2022-05-30,27.2377,27.2377,26.6748,1.9452,0.2894,0.0131,-0.1392,non,non,non,non,non,dans la bande
2022-05-27,EN.PA,2022-05-30,26.7117,26.7117,25.4476,0.6629,1.9068,0.0577,0.3626,non,oui,non,non,non,au-dessus du bord haut
2022-05-27,TTE.PA,2022-05-30,43.0609,43.0609,39.0366,2.1005,1.9159,0.086,0.7021,non,oui,non,non,non,au-dessus du bord haut
2022-05-27,SAF.PA,2022-05-30,94.9448,94.9448,95.1333,4.7368,-0.0398,-0.0861,-0.0541,non,non,non,non,non,dans la bande
2022-05-27,AIR.PA,2022-05-30,104.0957,104.0957,97.3827,4.798,1.3991,-0.0509,0.1378,non,oui,non,non,non,au-dessus du bord haut
2022-05-27,PUB.PA,2022-05-30,41.9282,41.9282,44.1032,2.3098,-0.9416,-0.0945,-0.4784,non,non,oui,non,non,dans la bande
2022-05-27,SGO.PA,2022-05-30,47.7381,47.7381,44.78,2.4976,1.1844,-0.1676,-0.1043,non,oui,oui,non,non,au-dessus du bord haut
2022-05-27,MC.PA,2022-05-30,547.1479,547.1479,524.6528,25.1456,0.8946,-0.2036,-0.1746,non,non,non,non,non,dans la bande
2022-05-27,CAP.PA,2022-05-30,168.0017,168.0017,162.9606,7.4072,0.6806,-0.1094,-0.1644,non,non,non,non,non,dans la bande
2022-06-03,ENGI.PA,2022-06-06,9.0678,9.0678,8.2753,0.6545,1.2107,-0.0761,0.7262,non,oui,non,non,non,au-dessus du bord haut
2022-06-03,AC.PA,2022-06-06,26.7316,26.7316,26.4855,1.8365,0.134,-0.0084,0.0835,non,non,non,non,non,dans la bande
2022-06-03,EN.PA,2022-06-06,26.0757,26.0757,25.565,0.6602,0.7736,0.0569,0.2342,non,non,non,non,non,dans la bande
2022-06-03,TTE.PA,2022-06-06,42.747,42.747,39.6293,2.1879,1.425,0.0936,0.6686,non,oui,non,non,non,au-dessus du bord haut
2022-06-03,SAF.PA,2022-06-06,92.2109,92.2109,93.749,4.3621,-0.3526,-0.1068,0.2175,non,non,non,non,non,dans la bande
2022-06-03,AIR.PA,2022-06-06,101.1364,101.1364,97.1208,4.5099,0.8904,-0.0601,0.237,non,non,non,non,non,dans la bande
2022-06-03,PUB.PA,2022-06-06,41.3612,41.3612,43.2576,2.2611,-0.8387,-0.1181,-0.3599,non,non,oui,non,non,dans la bande
2022-06-03,SGO.PA,2022-06-06,49.1488,49.1488,44.7098,2.5206,1.7611,-0.1663,0.4086,non,oui,non,non,non,au-dessus du bord haut
2022-06-03,MC.PA,2022-06-06,561.6241,561.6241,522.617,25.7805,1.513,-0.2,0.4168,non,oui,non,non,non,au-dessus du bord haut
2022-06-03,CAP.PA,2022-06-06,164.1978,164.1978,162.1419,7.4145,0.2773,-0.1095,0.0737,non,non,non,non,non,dans la bande
2022-06-10,ENGI.PA,2022-06-13,8.9108,8.9108,8.3446,0.67,0.8449,-0.0653,0.0673,non,non,non,non,non,dans la bande
2022-06-10,AC.PA,2022-06-13,25.8882,25.8882,26.2473,1.7136,-0.2095,-0.0308,-0.0985,non,non,non,non,non,dans la bande
2022-06-10,EN.PA,2022-06-13,25.4641,25.4641,25.6359,0.656,-0.2618,0.0546,-0.0535,non,non,non,non,non,dans la bande
2022-06-10,TTE.PA,2022-06-13,42.7627,42.7627,40.2632,2.2817,1.0955,0.1023,0.413,non,oui,non,non,non,au-dessus du bord haut
2022-06-10,SAF.PA,2022-06-13,87.8779,87.8779,92.1739,3.8081,-1.1281,-0.1303,-0.0036,oui,non,non,oui,non,candidate à l'achat
2022-06-10,AIR.PA,2022-06-13,94.9201,94.9201,96.6291,4.235,-0.4035,-0.0705,0.0397,non,non,non,non,non,dans la bande
2022-06-10,PUB.PA,2022-06-13,38.2425,38.2425,42.2361,2.1794,-1.8324,-0.147,-0.637,oui,non,oui,oui,non,candidate à l'achat
2022-06-10,SGO.PA,2022-06-13,46.948,46.948,44.7077,2.5709,0.8714,-0.1637,0.4411,non,non,non,non,non,dans la bande
2022-06-10,MC.PA,2022-06-13,528.2458,528.2458,520.052,26.2826,0.3118,-0.1977,0.3301,non,non,non,non,non,dans la bande
2022-06-10,CAP.PA,2022-06-13,154.9819,154.9819,161.3712,7.4236,-0.8607,-0.1079,-0.1475,non,non,non,non,non,dans la bande
2022-06-17,ENGI.PA,2022-06-20,8.1809,8.1809,8.3317,0.672,-0.2244,-0.0661,-0.4858,non,non,non,non,non,dans la bande
2022-06-17,AC.PA,2022-06-20,24.6187,24.6187,25.7511,1.6758,-0.6758,-0.0604,-0.4938,non,non,non,non,non,dans la bande
2022-06-17,EN.PA,2022-06-20,25.3744,25.3744,25.5971,0.6653,-0.3347,0.0485,-0.3122,non,non,non,non,non,dans la bande
2022-06-17,TTE.PA,2022-06-20,38.714,38.714,40.4514,2.2825,-0.7612,0.0972,-0.1492,non,non,non,non,non,dans la bande
2022-06-17,SAF.PA,2022-06-20,87.3698,87.3698,90.1336,3.7233,-0.7423,-0.1548,-0.369,non,non,oui,non,non,dans la bande
2022-06-17,AIR.PA,2022-06-20,87.587,87.587,94.8864,4.4445,-1.6423,-0.0903,-0.6974,oui,non,non,oui,non,candidate à l'achat
2022-06-17,PUB.PA,2022-06-20,36.9545,36.9545,40.916,2.2823,-1.7358,-0.1806,-0.7713,oui,non,oui,oui,non,candidate à l'achat
2022-06-17,SGO.PA,2022-06-20,40.8177,40.8177,43.8968,2.5998,-1.1844,-0.1776,-0.4669,oui,non,non,oui,non,candidate à l'achat
2022-06-17,MC.PA,2022-06-20,502.2438,502.2438,512.4927,26.3735,-0.3886,-0.2028,-0.2212,non,non,non,non,non,dans la bande
2022-06-17,CAP.PA,2022-06-20,153.75,153.75,160.0757,7.2666,-0.8705,-0.1053,-0.4789,non,non,non,non,non,dans la bande
2022-06-24,ENGI.PA,2022-06-27,8.2478,8.2478,8.2974,0.6715,-0.0739,-0.0683,-0.6357,non,non,non,non,non,dans la bande
2022-06-24,AC.PA,2022-06-27,25.0359,25.0359,25.4114,1.6391,-0.2291,-0.0788,-0.6376,non,non,non,non,non,dans la bande
2022-06-24,EN.PA,2022-06-27,25.1461,25.1461,25.5592,0.6777,-0.6095,0.0445,-0.3384,non,non,non,non,non,dans la bande
2022-06-24,TTE.PA,2022-06-27,39.4002,39.4002,40.3019,2.2738,-0.3966,0.0819,-0.6576,non,non,non,non,non,dans la bande
2022-06-24,SAF.PA,2022-06-27,91.0701,91.0701,89.1965,3.6251,0.5168,-0.1619,-0.3188,non,non,non,non,non,dans la bande
2022-06-24,AIR.PA,2022-06-27,86.0795,86.0795,93.3476,4.625,-1.5715,-0.1035,-1.1672,oui,non,non,oui,non,candidate à l'achat
2022-06-24,PUB.PA,2022-06-27,37.7565,37.7565,39.8454,2.2895,-0.9124,-0.2055,-0.7561,non,non,oui,non,non,dans la bande
2022-06-24,SGO.PA,2022-06-27,38.5323,38.5323,42.712,2.752,-1.5188,-0.1986,-1.5268,oui,non,non,oui,non,candidate à l'achat
2022-06-24,MC.PA,2022-06-27,541.6155,541.6155,509.7386,26.016,1.2253,-0.1941,-0.5964,non,oui,non,non,non,au-dessus du bord haut
2022-06-24,CAP.PA,2022-06-27,162.7378,162.7378,160.0774,6.7599,0.3936,-0.0916,-0.3052,non,non,non,non,non,dans la bande
2022-07-01,ENGI.PA,2022-07-04,8.1373,8.1373,8.2613,0.6713,-0.1847,-0.0686,-0.6795,non,non,non,non,non,dans la bande
2022-07-01,AC.PA,2022-07-04,23.0206,23.0206,25.013,1.665,-1.1966,-0.0952,-0.6629,oui,non,non,oui,non,candidate à l'achat
2022-07-01,EN.PA,2022-07-04,23.4991,23.4991,25.4648,0.718,-2.7377,0.0395,-0.3811,oui,non,non,oui,non,candidate à l'achat
2022-07-01,TTE.PA,2022-07-04,39.8733,39.8733,40.3951,2.2689,-0.23,0.0791,-0.6138,non,non,non,non,non,dans la bande
2022-07-01,SAF.PA,2022-07-04,91.166,91.166,88.5503,3.6327,0.72,-0.1628,-0.035,non,non,non,non,non,dans la bande
2022-07-01,AIR.PA,2022-07-04,88.6293,88.6293,92.1539,4.7273,-0.7456,-0.1096,-0.9024,non,non,non,non,non,dans la bande
2022-07-01,PUB.PA,2022-07-04,37.7322,37.7322,38.9364,2.2688,-0.5308,-0.2243,-0.408,non,non,oui,non,non,dans la bande
2022-07-01,SGO.PA,2022-07-04,36.5676,36.5676,41.6048,2.8803,-1.7489,-0.2129,-1.8106,oui,non,oui,oui,non,candidate à l'achat
2022-07-01,MC.PA,2022-07-04,534.7924,534.7924,510.1138,26.5732,0.9287,-0.1809,-0.0863,non,non,non,non,non,dans la bande
2022-07-01,CAP.PA,2022-07-04,147.5909,147.5909,158.7487,6.8973,-1.6177,-0.0949,-0.232,oui,non,non,oui,non,candidate à l'achat
2022-07-08,ENGI.PA,2022-07-11,7.8756,7.8756,8.1859,0.6742,-0.4602,-0.0713,-0.6257,non,non,non,non,non,dans la bande
2022-07-08,AC.PA,2022-07-11,24.157,24.157,24.6392,1.7012,-0.2835,-0.1061,-0.409,non,non,non,non,non,dans la bande
2022-07-08,EN.PA,2022-07-11,23.3034,23.3034,25.1786,0.8562,-2.1901,0.0266,-0.5567,oui,non,non,oui,non,candidate à l'achat
2022-07-08,TTE.PA,2022-07-11,39.1736,39.1736,40.5265,2.2575,-0.5993,0.0833,-0.263,non,non,non,non,non,dans la bande
2022-07-08,SAF.PA,2022-07-11,95.3073,95.3073,88.3976,3.7556,1.8398,-0.1556,0.3949,non,oui,non,non,non,au-dessus du bord haut
2022-07-08,AIR.PA,2022-07-11,89.3738,89.3738,90.9882,4.828,-0.3344,-0.1162,-0.1599,non,non,non,non,non,dans la bande
2022-07-08,PUB.PA,2022-07-11,37.792,37.792,38.0323,2.2844,-0.1052,-0.241,-0.0824,non,non,oui,non,non,dans la bande
2022-07-08,SGO.PA,2022-07-11,38.3006,38.3006,40.6508,2.9402,-0.7993,-0.2204,-0.9919,non,non,non,non,non,dans la bande
2022-07-08,MC.PA,2022-07-11,559.5957,559.5957,510.8519,27.7337,1.7576,-0.1704,0.593,non,oui,non,non,non,au-dessus du bord haut
2022-07-08,CAP.PA,2022-07-11,152.8376,152.8376,156.4994,7.2298,-0.5065,-0.1035,-0.2779,non,non,non,non,non,dans la bande
2022-07-15,ENGI.PA,2022-07-18,8.0195,8.0195,8.1276,0.6748,-0.1601,-0.0738,-0.4125,non,non,non,non,non,dans la bande
2022-07-15,AC.PA,2022-07-18,23.8818,23.8818,24.3871,1.7042,-0.2965,-0.111,-0.3644,non,non,non,non,non,dans la bande
2022-07-15,EN.PA,2022-07-18,22.9365,22.9365,24.8195,0.9589,-1.9637,0.0061,-0.6235,oui,non,non,oui,non,candidate à l'achat
2022-07-15,TTE.PA,2022-07-18,37.7941,37.7941,40.4141,2.286,-1.1461,0.0792,-0.2487,oui,non,non,oui,non,candidate à l'achat
2022-07-15,SAF.PA,2022-07-18,99.6403,99.6403,88.8628,4.0717,2.647,-0.1432,0.4462,non,oui,non,non,non,au-dessus du bord haut
2022-07-15,AIR.PA,2022-07-18,96.5207,96.5207,90.7196,4.8268,1.2019,-0.1147,0.3933,non,oui,non,non,non,au-dessus du bord haut
2022-07-15,PUB.PA,2022-07-18,37.8261,37.8261,37.2187,2.1833,0.2782,-0.2581,-0.099,non,non,oui,non,non,dans la bande
2022-07-15,SGO.PA,2022-07-18,37.1155,37.1155,39.5686,2.9675,-0.8266,-0.2391,-0.3493,non,non,oui,non,non,dans la bande
2022-07-15,MC.PA,2022-07-18,560.9788,560.9788,514.2253,29.2916,1.5961,-0.1534,0.529,non,oui,non,non,non,au-dessus du bord haut
2022-07-15,CAP.PA,2022-07-18,150.6933,150.6933,154.6178,7.2345,-0.5425,-0.1117,-0.4403,non,non,non,non,non,dans la bande
2022-07-22,ENGI.PA,2022-07-25,8.2987,8.2987,8.1581,0.67,0.2099,-0.0602,0.0931,non,non,non,non,non,dans la bande
2022-07-22,AC.PA,2022-07-25,24.8406,24.8406,24.4171,1.6972,0.2495,-0.0997,0.2852,non,non,non,non,non,dans la bande
2022-07-22,EN.PA,2022-07-25,23.5072,23.5072,24.551,0.988,-1.0565,-0.01,-0.2609,oui,non,non,oui,non,candidate à l'achat
2022-07-22,TTE.PA,2022-07-25,38.5932,38.5932,40.5015,2.2458,-0.8497,0.0843,-0.305,non,non,non,non,non,dans la bande
2022-07-22,SAF.PA,2022-07-25,99.2185,99.2185,89.7335,4.5364,2.0909,-0.1258,0.6676,non,oui,non,non,non,au-dessus du bord haut
2022-07-22,AIR.PA,2022-07-25,98.2516,98.2516,91.3527,5.0138,1.376,-0.0995,0.8319,non,oui,non,non,non,au-dessus du bord haut
2022-07-22,PUB.PA,2022-07-25,42.9248,42.9248,37.0908,2.2971,2.5397,-0.2522,0.5054,non,oui,oui,non,non,au-dessus du bord haut
2022-07-22,SGO.PA,2022-07-25,38.5991,38.5991,38.8188,2.9538,-0.0744,-0.2496,0.2211,non,non,non,non,non,dans la bande
2022-07-22,MC.PA,2022-07-25,585.2288,585.2288,524.0352,30.2557,2.0226,-0.1154,0.4758,non,oui,non,non,non,au-dessus du bord haut
2022-07-22,CAP.PA,2022-07-25,156.1225,156.1225,153.804,7.1826,0.3228,-0.1102,-0.0304,non,non,non,non,non,dans la bande
2022-07-29,ENGI.PA,2022-08-01,8.7668,8.7668,8.2743,0.6483,0.7598,-0.029,0.6793,non,non,non,non,non,dans la bande
2022-07-29,AC.PA,2022-08-01,22.4436,22.4436,24.3345,1.6924,-1.1173,-0.0931,0.2665,oui,non,non,oui,oui,candidate à l'achat
2022-07-29,EN.PA,2022-08-01,24.0535,24.0535,24.3719,0.9923,-0.3208,-0.0203,0.2426,non,non,non,non,non,dans la bande
2022-07-29,TTE.PA,2022-08-01,39.5632,39.5632,40.6699,2.1787,-0.508,0.0925,-0.0486,non,non,non,non,non,dans la bande
2022-07-29,SAF.PA,2022-08-01,102.5545,102.5545,90.8085,4.966,2.3653,-0.1049,0.5704,non,oui,non,non,non,au-dessus du bord haut
2022-07-29,AIR.PA,2022-08-01,97.6002,97.6002,92.0632,5.1271,1.0799,-0.0828,0.7742,non,oui,non,non,non,au-dessus du bord haut
2022-07-29,PUB.PA,2022-08-01,44.3255,44.3255,37.6956,2.568,2.5817,-0.2176,1.1449,non,oui,non,non,non,au-dessus du bord haut
2022-07-29,SGO.PA,2022-08-01,40.3856,40.3856,38.2819,2.9567,0.7115,-0.2519,0.4592,non,non,non,non,non,dans la bande
2022-07-29,MC.PA,2022-08-01,622.3876,622.3876,537.0615,31.384,2.7188,-0.0703,0.6062,non,oui,non,non,non,au-dessus du bord haut
2022-07-29,CAP.PA,2022-08-01,169.1251,169.1251,153.7181,7.3058,2.1089,-0.1035,0.521,non,oui,non,non,non,au-dessus du bord haut
2022-08-05,ENGI.PA,2022-08-08,9.0518,9.0518,8.4858,0.6083,0.9305,0.0188,0.846,non,non,non,non,non,dans la bande
2022-08-05,AC.PA,2022-08-08,23.2958,23.2958,24.2529,1.5954,-0.5999,-0.0802,-0.281,non,non,non,non,non,dans la bande
2022-08-05,EN.PA,2022-08-08,24.0454,24.0454,24.28,0.9952,-0.2357,-0.0237,0.2936,non,non,non,non,non,dans la bande
2022-08-05,TTE.PA,2022-08-08,38.8715,38.8715,40.8095,2.0931,-0.9259,0.1008,0.0991,non,non,non,non,non,dans la bande
2022-08-05,SAF.PA,2022-08-08,101.6726,101.6726,92.826,5.2015,1.7008,-0.0652,0.3607,non,oui,non,non,non,au-dessus du bord haut
2022-08-05,AIR.PA,2022-08-08,97.5071,97.5071,92.9857,4.9584,0.9119,-0.0585,0.1993,non,non,non,non,non,dans la bande
2022-08-05,PUB.PA,2022-08-08,41.9512,41.9512,38.4387,2.6343,1.3334,-0.1754,0.9363,non,oui,non,non,non,au-dessus du bord haut
2022-08-05,SGO.PA,2022-08-08,40.4747,40.4747,38.2331,2.9427,0.7617,-0.2356,0.5111,non,non,non,non,non,dans la bande
2022-08-05,MC.PA,2022-08-08,629.0264,629.0264,554.4477,34.4009,2.1679,-0.0187,0.7864,non,oui,non,non,non,au-dessus du bord haut
2022-08-05,CAP.PA,2022-08-08,171.8624,171.8624,155.7441,8.0176,2.0104,-0.0822,0.8777,non,oui,non,non,non,au-dessus du bord haut
2022-08-12,ENGI.PA,2022-08-15,9.3775,9.3775,8.7404,0.5308,1.2002,0.0739,0.7476,non,oui,non,non,non,au-dessus du bord haut
2022-08-12,AC.PA,2022-08-15,23.7397,23.7397,24.2669,1.5098,-0.3491,-0.065,-0.4228,non,non,non,non,non,dans la bande
2022-08-12,EN.PA,2022-08-15,25.0646,25.0646,24.313,0.9983,0.7529,-0.0214,0.3589,non,non,non,non,non,dans la bande
2022-08-12,TTE.PA,2022-08-15,41.2885,41.2885,41.168,2.0221,0.0596,0.1129,0.263,non,non,non,non,non,dans la bande
2022-08-12,SAF.PA,2022-08-15,105.2004,105.2004,95.0636,5.352,1.894,-0.024,0.3413,non,oui,non,non,non,au-dessus du bord haut
2022-08-12,AIR.PA,2022-08-15,100.8944,100.8944,94.2919,4.9652,1.3297,-0.0322,0.1093,non,oui,non,non,non,au-dessus du bord haut
2022-08-12,PUB.PA,2022-08-15,43.386,43.386,39.1395,2.7077,1.5683,-0.1377,0.4081,non,oui,non,non,non,au-dessus du bord haut
2022-08-12,SGO.PA,2022-08-15,40.8088,40.8088,38.3337,2.9385,0.8423,-0.2153,0.4034,non,non,non,non,non,dans la bande
2022-08-12,MC.PA,2022-08-15,640.3679,640.3679,571.3165,35.6513,1.9369,0.0293,0.6797,non,oui,non,non,non,au-dessus du bord haut
2022-08-12,CAP.PA,2022-08-15,171.5887,171.5887,157.3344,8.5865,1.6601,-0.0682,0.8477,non,oui,non,non,non,au-dessus du bord haut
2022-08-19,ENGI.PA,2022-08-22,9.4051,9.4051,8.9645,0.4702,0.937,0.1157,0.5832,non,non,non,non,non,dans la bande
2022-08-19,AC.PA,2022-08-22,22.5146,22.5146,24.0868,1.5094,-1.0416,-0.068,-0.1591,oui,non,non,oui,non,candidate à l'achat
2022-08-19,EN.PA,2022-08-22,24.8526,24.8526,24.3322,0.9954,0.5228,-0.0219,0.3554,non,non,non,non,non,dans la bande
2022-08-19,TTE.PA,2022-08-22,41.8928,41.8928,41.3845,2.0103,0.2529,0.1126,0.4215,non,non,non,non,non,dans la bande
2022-08-19,SAF.PA,2022-08-22,105.3729,105.3729,97.4746,5.4775,1.4419,0.0165,0.4159,non,oui,non,non,non,au-dessus du bord haut
2022-08-19,AIR.PA,2022-08-22,98.8658,98.8658,95.5422,4.9851,0.6667,-0.0098,0.252,non,non,non,non,non,dans la bande
2022-08-19,PUB.PA,2022-08-22,43.4543,43.4543,39.7327,2.819,1.3202,-0.1085,0.0826,non,oui,non,non,non,au-dessus du bord haut
2022-08-19,SGO.PA,2022-08-22,38.5189,38.5189,38.0069,2.9359,0.1744,-0.2165,0.1883,non,non,non,non,non,dans la bande
2022-08-19,MC.PA,2022-08-22,643.8716,643.8716,587.2481,37.0999,1.5262,0.0695,0.4855,non,oui,non,non,non,au-dessus du bord haut
2022-08-19,CAP.PA,2022-08-22,169.9007,169.9007,158.7167,8.9576,1.2485,-0.0557,0.4932,non,oui,non,non,non,au-dessus du bord haut
2022-08-26,ENGI.PA,2022-08-29,9.2699,9.2699,9.0258,0.4569,0.5342,0.1094,0.2401,non,non,non,non,non,dans la bande
2022-08-26,AC.PA,2022-08-29,21.3693,21.3693,23.3769,1.3493,-1.4878,-0.1127,-0.3103,oui,non,non,oui,non,candidate à l'achat
2022-08-26,EN.PA,2022-08-29,23.8252,23.8252,24.1683,0.9357,-0.3666,-0.0351,0.0914,non,non,non,non,non,dans la bande
2022-08-26,TTE.PA,2022-08-29,42.9025,42.9025,41.7211,2.013,0.5869,0.1124,0.6378,non,non,non,non,non,dans la bande
2022-08-26,SAF.PA,2022-08-29,100.4647,100.4647,98.2501,5.5001,0.4026,0.0243,0.0254,non,non,non,non,non,dans la bande
2022-08-26,AIR.PA,2022-08-29,94.8456,94.8456,95.0234,4.7193,-0.0377,-0.0228,-0.0023,non,non,non,non,non,dans la bande
2022-08-26,PUB.PA,2022-08-29,42.1647,42.1647,39.5672,2.7366,0.9492,-0.1156,-0.1323,non,non,non,non,non,dans la bande
2022-08-26,SGO.PA,2022-08-29,36.3493,36.3493,37.015,2.7309,-0.2438,-0.2442,-0.5078,non,non,oui,non,non,dans la bande
2022-08-26,MC.PA,2022-08-29,616.8554,616.8554,594.7246,37.5691,0.5891,0.0792,-0.0022,non,non,non,non,non,dans la bande
2022-08-26,CAP.PA,2022-08-29,162.7834,162.7834,158.2438,8.5678,0.5298,-0.0639,-0.2197,non,non,non,non,non,dans la bande
2022-09-02,ENGI.PA,2022-09-05,8.8482,8.8482,9.0005,0.4557,-0.334,0.0951,-0.3088,non,non,non,non,non,dans la bande
2022-09-02,AC.PA,2022-09-05,21.396,21.396,22.6758,1.2947,-0.9885,-0.1514,-0.7848,non,non,non,non,non,dans la bande
2022-09-02,EN.PA,2022-09-05,24.1269,24.1269,24.0656,0.9264,0.0662,-0.0396,-0.2324,non,non,non,non,non,dans la bande
2022-09-02,TTE.PA,2022-09-05,40.9943,40.9943,41.7281,2.0109,-0.3649,0.1015,0.1744,non,non,non,non,non,dans la bande
2022-09-02,SAF.PA,2022-09-05,98.1257,98.1257,98.639,5.4162,-0.0948,0.0323,-0.4584,non,non,non,non,non,dans la bande
2022-09-02,AIR.PA,2022-09-05,92.0911,92.0911,94.1612,4.7132,-0.4392,-0.0355,-0.5833,non,non,non,non,non,dans la bande
2022-09-02,PUB.PA,2022-09-05,42.2587,42.2587,39.6599,2.7615,0.9411,-0.107,-0.2827,non,non,non,non,non,dans la bande
2022-09-02,SGO.PA,2022-09-05,36.5141,36.5141,36.2746,2.7029,0.0886,-0.2566,-0.8313,non,non,oui,non,non,dans la bande
2022-09-02,MC.PA,2022-09-05,594.3572,594.3572,597.8611,37.5273,-0.0934,0.0817,-0.393,non,non,non,non,non,dans la bande
2022-09-02,CAP.PA,2022-09-05,160.9129,160.9129,157.001,8.2743,0.4728,-0.0755,-0.5322,non,non,non,non,non,dans la bande
2022-09-09,ENGI.PA,2022-09-12,9.2873,9.2873,9.0652,0.4565,0.4865,0.0999,-0.2944,non,non,non,non,non,dans la bande
2022-09-09,AC.PA,2022-09-12,21.2805,21.2805,22.0679,1.2658,-0.622,-0.1813,-0.7204,non,non,oui,non,non,dans la bande
2022-09-09,EN.PA,2022-09-12,24.2492,24.2492,24.0293,0.9264,0.2373,-0.0388,-0.226,non,non,non,non,non,dans la bande
2022-09-09,TTE.PA,2022-09-12,39.6228,39.6228,41.5658,2.0193,-0.9622,0.0859,-0.2237,non,non,non,non,non,dans la bande
2022-09-09,SAF.PA,2022-09-12,99.5061,99.5061,99.15,5.2827,0.0674,0.043,-0.5955,non,non,non,non,non,dans la bande
2022-09-09,AIR.PA,2022-09-12,89.3365,89.3365,93.285,4.7793,-0.8262,-0.0449,-0.7799,non,non,non,non,non,dans la bande
2022-09-09,PUB.PA,2022-09-12,44.0351,44.0351,40.1152,2.799,1.4005,-0.0828,-0.1095,non,oui,non,non,non,au-dessus du bord haut
2022-09-09,SGO.PA,2022-09-12,36.9685,36.9685,35.7874,2.7034,0.4369,-0.2566,-0.638,non,non,oui,non,non,dans la bande
2022-09-09,MC.PA,2022-09-12,601.457,601.457,602.0808,36.7568,-0.017,0.0923,-0.5922,non,non,non,non,non,dans la bande
2022-09-09,CAP.PA,2022-09-12,163.6959,163.6959,157.176,8.2902,0.7865,-0.0683,-0.4411,non,non,non,non,non,dans la bande
2022-09-16,ENGI.PA,2022-09-19,9.3367,9.3367,9.1646,0.4619,0.3726,0.1072,0.1303,non,non,non,non,non,dans la bande
2022-09-16,AC.PA,2022-09-19,21.8931,21.8931,21.6923,1.205,0.1666,-0.1973,-0.0027,non,non,non,non,non,dans la bande
2022-09-16,EN.PA,2022-09-19,23.4502,23.4502,24.0313,0.934,-0.6223,-0.0378,0.0453,non,non,non,non,non,dans la bande
2022-09-16,TTE.PA,2022-09-19,39.5751,39.5751,41.3918,2.0302,-0.8948,0.0723,-0.479,non,non,non,non,non,dans la bande
2022-09-16,SAF.PA,2022-09-19,94.4541,94.4541,99.8121,5.0577,-1.0594,0.0566,-0.2579,oui,non,non,oui,non,candidate à l'achat
2022-09-16,AIR.PA,2022-09-19,85.3722,85.3722,92.6117,4.8208,-1.5017,-0.0487,-0.4998,oui,non,non,oui,non,candidate à l'achat
2022-09-16,PUB.PA,2022-09-19,44.1547,44.1547,40.8674,2.9101,1.1296,-0.0512,0.4481,non,oui,non,non,non,au-dessus du bord haut
2022-09-16,SGO.PA,2022-09-19,35.9305,35.9305,35.4399,2.7096,0.181,-0.2542,-0.0457,non,non,oui,non,non,dans la bande
2022-09-16,MC.PA,2022-09-19,589.6546,589.6546,607.8666,35.174,-0.5178,0.1079,-0.3209,non,non,non,non,non,dans la bande
2022-09-16,CAP.PA,2022-09-19,151.697,151.697,157.6036,8.2269,-0.718,-0.0573,-0.1875,non,non,non,non,non,dans la bande
2022-09-23,ENGI.PA,2022-09-26,9.0838,9.0838,9.2118,0.4622,-0.277,0.106,0.3718,non,non,non,non,non,dans la bande
2022-09-23,AC.PA,2022-09-26,18.6083,18.6083,21.0833,1.1496,-2.1531,-0.2267,-0.1521,oui,non,oui,oui,non,candidate à l'achat
2022-09-23,EN.PA,2022-09-26,22.1782,22.1782,23.6816,0.9241,-1.627,-0.0583,-0.286,oui,non,oui,oui,non,candidate à l'achat
2022-09-23,TTE.PA,2022-09-26,37.5088,37.5088,40.969,2.0493,-1.6885,0.0497,-0.41,oui,non,non,oui,non,candidate à l'achat
2022-09-23,SAF.PA,2022-09-26,88.7215,88.7215,99.4409,5.0732,-2.1129,0.0561,-0.3607,oui,non,oui,oui,non,candidate à l'achat
2022-09-23,AIR.PA,2022-09-26,85.5956,85.5956,91.4762,4.9347,-1.1917,-0.0595,-0.4113,oui,non,non,oui,non,candidate à l'achat
2022-09-23,PUB.PA,2022-09-26,41.695,41.695,41.1801,2.9201,0.1763,-0.0357,0.2207,non,non,non,non,non,dans la bande
2022-09-23,SGO.PA,2022-09-26,33.2307,33.2307,34.7066,2.6651,-0.5538,-0.2682,-0.1809,non,non,oui,non,non,dans la bande
2022-09-23,MC.PA,2022-09-26,556.1841,556.1841,611.3216,33.3793,-1.6518,0.1199,-0.1975,oui,non,non,oui,non,candidate à l'achat
2022-09-23,CAP.PA,2022-09-26,141.3862,141.3862,156.5285,8.0881,-1.8722,-0.0545,-0.4717,oui,non,non,oui,non,candidate à l'achat
2022-09-30,ENGI.PA,2022-10-03,8.6084,8.6084,9.142,0.4662,-1.1446,0.0849,-0.2947,oui,non,non,oui,non,candidate à l'achat
2022-09-30,AC.PA,2022-10-03,19.1853,19.1853,20.2242,0.9525,-1.0907,-0.2731,-0.709,oui,non,oui,oui,non,candidate à l'achat
2022-09-30,EN.PA,2022-10-03,21.8928,21.8928,23.1805,0.9048,-1.4233,-0.0875,-0.7188,oui,non,oui,oui,non,candidate à l'achat
2022-09-30,TTE.PA,2022-10-03,38.9322,38.9322,40.4175,2.0254,-0.7333,0.0226,-0.3806,non,non,non,non,non,dans la bande
2022-09-30,SAF.PA,2022-10-03,90.1211,90.1211,98.3384,5.4174,-1.5168,0.0428,-0.6886,oui,non,non,oui,non,candidate à l'achat
2022-09-30,AIR.PA,2022-10-03,82.72,82.72,89.6514,5.1052,-1.3577,-0.0835,-0.5315,oui,non,non,oui,non,candidate à l'achat
2022-09-30,PUB.PA,2022-10-03,41.7633,41.7633,41.2572,2.9076,0.1741,-0.028,-0.2882,non,non,non,non,non,dans la bande
2022-09-30,SGO.PA,2022-10-03,33.0124,33.0124,33.6358,2.5766,-0.242,-0.2955,-0.6369,non,non,oui,non,non,dans la bande
2022-09-30,MC.PA,2022-10-03,562.8229,562.8229,609.9607,33.7856,-1.3952,0.1174,-0.3771,oui,non,non,oui,non,candidate à l'achat
2022-09-30,CAP.PA,2022-10-03,151.0127,151.0127,154.7425,8.3368,-0.4474,-0.0626,-0.731,non,non,non,non,non,dans la bande
2022-10-07,ENGI.PA,2022-10-10,8.6898,8.6898,9.101,0.4676,-0.8794,0.0707,-0.5421,non,non,non,non,non,dans la bande
2022-10-07,AC.PA,2022-10-10,18.8568,18.8568,19.6948,0.91,-0.9208,-0.2922,-0.8859,non,non,oui,non,non,dans la bande
2022-10-07,EN.PA,2022-10-10,21.3302,21.3302,22.7691,0.8925,-1.6123,-0.1087,-0.7812,oui,non,oui,oui,non,candidate à l'achat
2022-10-07,TTE.PA,2022-10-10,42.4202,42.4202,40.3922,1.9562,1.0367,0.0133,0.1798,non,oui,non,non,non,au-dessus du bord haut
2022-10-07,SAF.PA,2022-10-10,95.4702,95.4702,98.5186,5.2452,-0.5812,0.0507,-0.3332,non,non,non,non,non,dans la bande
2022-10-07,AIR.PA,2022-10-10,85.9213,85.9213,88.6739,5.1429,-0.5352,-0.0924,-0.3027,non,non,non,non,non,dans la bande
2022-10-07,PUB.PA,2022-10-10,44.5475,44.5475,42.0,2.8279,0.9008,0.0054,-0.1596,non,non,non,non,non,dans la bande
2022-10-07,SGO.PA,2022-10-10,33.4534,33.4534,33.0764,2.5489,0.1479,-0.302,-0.5581,non,non,oui,non,non,dans la bande
2022-10-07,MC.PA,2022-10-10,570.015,570.015,612.8571,32.4511,-1.3202,0.1266,-0.2677,oui,non,non,oui,non,candidate à l'achat
2022-10-07,CAP.PA,2022-10-10,149.644,149.644,154.7786,8.2504,-0.6224,-0.0546,-0.2665,non,non,non,non,non,dans la bande
2022-10-14,ENGI.PA,2022-10-17,8.6825,8.6825,9.024,0.4805,-0.7107,0.0538,-0.4555,non,non,non,non,non,dans la bande
2022-10-14,AC.PA,2022-10-17,19.3895,19.3895,19.2203,0.8979,0.1884,-0.3059,-0.4104,non,non,oui,non,non,dans la bande
2022-10-14,EN.PA,2022-10-17,21.6971,21.6971,22.4015,0.9068,-0.7768,-0.1241,-0.3384,non,non,oui,non,non,dans la bande
2022-10-14,TTE.PA,2022-10-17,42.0976,42.0976,40.1874,1.7464,1.0938,-0.0047,0.4853,non,oui,non,non,non,au-dessus du bord haut
2022-10-14,SAF.PA,2022-10-17,98.0106,98.0106,98.8973,5.0742,-0.1747,0.0603,0.3379,non,non,non,non,non,dans la bande
2022-10-14,AIR.PA,2022-10-17,89.8856,89.8856,87.9578,5.1098,0.3773,-0.0997,0.1997,non,non,non,non,non,dans la bande
2022-10-14,PUB.PA,2022-10-17,45.7603,45.7603,42.9228,2.6776,1.0597,0.0446,0.4405,non,oui,non,non,non,au-dessus du bord haut
2022-10-14,SGO.PA,2022-10-17,34.5895,34.5895,32.7484,2.5591,0.7194,-0.2965,-0.0655,non,non,oui,non,non,dans la bande
2022-10-14,MC.PA,2022-10-17,576.4693,576.4693,612.369,32.7243,-1.097,0.1248,-0.0557,oui,non,non,oui,non,candidate à l'achat
2022-10-14,CAP.PA,2022-10-17,147.3172,147.3172,153.7156,8.2161,-0.7788,-0.0555,0.1025,non,non,non,non,non,dans la bande
2022-10-21,ENGI.PA,2022-10-24,8.8831,8.8831,8.9965,0.4771,-0.2376,0.043,0.0405,non,non,non,non,non,dans la bande
2022-10-21,AC.PA,2022-10-24,19.7358,19.7358,19.0049,0.9104,0.8028,-0.3026,0.2379,non,non,oui,non,non,dans la bande
2022-10-21,EN.PA,2022-10-24,22.2842,22.2842,22.1696,0.8888,0.1289,-0.1325,0.0553,non,non,oui,non,non,dans la bande
2022-10-21,TTE.PA,2022-10-24,42.7185,42.7185,40.3761,1.745,1.3424,-0.004,0.5993,non,oui,non,non,non,au-dessus du bord haut
2022-10-21,SAF.PA,2022-10-24,103.6665,103.6665,99.8628,5.0867,0.7478,0.0707,0.8658,non,non,non,non,non,dans la bande
2022-10-21,AIR.PA,2022-10-24,93.915,93.915,88.4017,5.211,1.058,-0.0882,0.7209,non,oui,non,non,non,au-dessus du bord haut
2022-10-21,PUB.PA,2022-10-24,48.9374,48.9374,44.351,2.5826,1.7759,0.0976,0.9638,non,oui,non,non,non,au-dessus du bord haut
2022-10-21,SGO.PA,2022-10-24,34.9325,34.9325,32.7183,2.6108,0.8481,-0.2802,0.3865,non,non,oui,non,non,dans la bande
2022-10-21,MC.PA,2022-10-24,582.2783,582.2783,612.0718,33.012,-0.9025,0.1184,0.1946,non,non,non,non,non,dans la bande
2022-10-21,CAP.PA,2022-10-24,150.0546,150.0546,153.4123,8.0802,-0.4155,-0.0501,0.1063,non,non,non,non,non,dans la bande
2022-10-28,ENGI.PA,2022-10-31,9.5199,9.5199,9.043,0.4743,1.0055,0.0411,0.4828,non,oui,non,non,non,au-dessus du bord haut
2022-10-28,AC.PA,2022-10-31,21.245,21.245,18.8987,0.9668,2.427,-0.2961,0.4895,non,oui,oui,non,non,au-dessus du bord haut
2022-10-28,EN.PA,2022-10-31,23.4175,23.4175,22.1195,0.9022,1.4387,-0.1302,0.3685,non,oui,non,non,non,au-dessus du bord haut
2022-10-28,TTE.PA,2022-10-31,44.025,44.025,40.6874,1.793,1.8614,0.001,0.3534,non,oui,non,non,non,au-dessus du bord haut
2022-10-28,SAF.PA,2022-10-31,108.9966,108.9966,101.0869,5.2257,1.5136,0.0793,0.8732,non,oui,non,non,non,au-dessus du bord haut
2022-10-28,AIR.PA,2022-10-31,102.3648,102.3648,89.6345,5.5739,2.2839,-0.0662,0.9214,non,oui,non,non,non,au-dessus du bord haut
2022-10-28,PUB.PA,2022-10-31,48.0492,48.0492,45.608,2.5662,0.9513,0.1377,0.7355,non,non,non,non,non,dans la bande
2022-10-28,SGO.PA,2022-10-31,36.7057,36.7057,32.8571,2.7368,1.4062,-0.2612,0.4247,non,oui,oui,non,non,au-dessus du bord haut
2022-10-28,MC.PA,2022-10-31,598.6908,598.6908,612.1464,32.867,-0.4094,0.1078,0.2669,non,non,non,non,non,dans la bande
2022-10-28,CAP.PA,2022-10-31,156.9893,156.9893,153.5271,8.0995,0.4275,-0.0467,0.1223,non,non,non,non,non,dans la bande
2022-11-04,ENGI.PA,2022-11-07,9.8412,9.8412,9.1904,0.4813,1.3523,0.0628,0.878,non,oui,non,non,non,au-dessus du bord haut
2022-11-04,AC.PA,2022-11-07,21.4847,21.4847,19.016,1.0876,2.2699,-0.2728,0.7641,non,oui,non,non,non,au-dessus du bord haut
2022-11-04,EN.PA,2022-11-07,24.078,24.078,22.2556,0.9555,1.9073,-0.1145,0.6352,non,oui,non,non,non,au-dessus du bord haut
2022-11-04,TTE.PA,2022-11-07,46.5815,46.5815,41.4801,2.0194,2.5263,0.0253,0.6449,non,oui,non,non,non,au-dessus du bord haut
2022-11-04,SAF.PA,2022-11-07,108.9007,108.9007,102.5716,5.3706,1.1785,0.0933,0.7796,non,oui,non,non,non,au-dessus du bord haut
2022-11-04,AIR.PA,2022-11-07,106.0871,106.0871,91.9232,6.1746,2.2939,-0.0283,1.0891,non,oui,non,non,non,au-dessus du bord haut
2022-11-04,PUB.PA,2022-11-07,49.3473,49.3473,46.8921,2.2637,1.0846,0.1811,0.4624,non,oui,non,non,non,au-dessus du bord haut
2022-11-04,SGO.PA,2022-11-07,37.1645,37.1645,33.1209,2.8305,1.4286,-0.2356,0.4546,non,oui,non,non,non,au-dessus du bord haut
2022-11-04,MC.PA,2022-11-07,614.2736,614.2736,611.1921,32.9799,0.0934,0.0966,0.3191,non,non,non,non,non,dans la bande
2022-11-04,CAP.PA,2022-11-07,146.2679,146.2679,152.6081,8.1396,-0.7789,-0.0496,0.1127,non,non,non,non,non,dans la bande
2022-11-11,ENGI.PA,2022-11-14,10.1698,10.1698,9.3942,0.4701,1.6496,0.096,0.7099,non,oui,non,non,non,au-dessus du bord haut
2022-11-11,AC.PA,2022-11-14,22.5057,22.5057,19.2113,1.2131,2.7157,-0.2455,0.5973,non,oui,non,non,non,au-dessus du bord haut
2022-11-11,EN.PA,2022-11-14,24.7058,24.7058,22.5771,1.0191,2.0889,-0.0864,0.6215,non,oui,non,non,non,au-dessus du bord haut
2022-11-11,TTE.PA,2022-11-14,45.9928,45.9928,42.4382,2.1278,1.6706,0.0581,0.5621,non,oui,non,non,non,au-dessus du bord haut
2022-11-11,SAF.PA,2022-11-14,106.2165,106.2165,103.8438,5.4446,0.4358,0.1028,0.3372,non,non,non,non,non,dans la bande
2022-11-11,AIR.PA,2022-11-14,105.1565,105.1565,94.3754,6.5455,1.6471,0.0114,0.8155,non,oui,non,non,non,au-dessus du bord haut
2022-11-11,PUB.PA,2022-11-14,53.8909,53.8909,48.4593,2.2625,2.4007,0.2239,0.4534,non,oui,non,non,non,au-dessus du bord haut
2022-11-11,SGO.PA,2022-11-14,40.39,40.39,33.8183,2.9606,2.2197,-0.1927,0.5073,non,oui,non,non,non,au-dessus du bord haut
2022-11-11,MC.PA,2022-11-14,651.1558,651.1558,613.0902,32.6657,1.1653,0.0895,0.3645,non,oui,non,non,non,au-dessus du bord haut
2022-11-11,CAP.PA,2022-11-14,165.9771,165.9771,152.9942,8.2276,1.578,-0.041,0.0944,non,oui,non,non,non,au-dessus du bord haut
2022-11-18,ENGI.PA,2022-11-21,10.4533,10.4533,9.6548,0.4773,1.6728,0.134,0.6361,non,oui,non,non,non,au-dessus du bord haut
2022-11-18,AC.PA,2022-11-21,21.7244,21.7244,19.5333,1.2982,1.6878,-0.2081,0.4056,non,oui,non,non,non,au-dessus du bord haut
2022-11-18,EN.PA,2022-11-21,23.5562,23.5562,22.8639,1.0474,0.6609,-0.061,0.3454,non,non,non,non,non,dans la bande
2022-11-18,TTE.PA,2022-11-21,46.2912,46.2912,43.4716,2.1076,1.3378,0.0941,0.4207,non,oui,non,non,non,au-dessus du bord haut
2022-11-18,SAF.PA,2022-11-21,109.9935,109.9935,104.9877,5.4732,0.9146,0.1116,0.0601,non,non,non,non,non,dans la bande
2022-11-18,AIR.PA,2022-11-21,106.6827,106.6827,97.046,6.5584,1.4694,0.0561,0.4698,non,oui,non,non,non,au-dessus du bord haut
2022-11-18,PUB.PA,2022-11-21,53.1222,53.1222,50.0035,2.1722,1.4358,0.2629,0.5846,non,oui,non,non,non,au-dessus du bord haut
2022-11-18,SGO.PA,2022-11-21,39.4857,39.4857,34.9205,2.8208,1.6184,-0.1291,0.517,non,oui,non,non,non,au-dessus du bord haut
2022-11-18,MC.PA,2022-11-21,643.7794,643.7794,621.0106,33.1278,0.6873,0.1011,0.5197,non,non,non,non,non,dans la bande
2022-11-18,CAP.PA,2022-11-21,162.4641,162.4641,154.7528,8.4439,0.9132,-0.0223,0.3589,non,non,non,non,non,dans la bande
2022-11-25,ENGI.PA,2022-11-28,10.4882,10.4882,9.9173,0.4617,1.2365,0.1709,0.5666,non,oui,non,non,non,au-dessus du bord haut
2022-11-25,AC.PA,2022-11-28,22.0085,22.0085,19.8389,1.3074,1.6595,-0.1713,0.1388,non,oui,non,non,non,au-dessus du bord haut
2022-11-25,EN.PA,2022-11-28,24.29,24.29,23.1117,1.0274,1.1469,-0.0383,0.0658,non,oui,non,non,non,au-dessus du bord haut
2022-11-25,TTE.PA,2022-11-28,47.1299,47.1299,44.5254,1.8837,1.3826,0.1321,0.1383,non,oui,non,non,non,au-dessus du bord haut
2022-11-25,SAF.PA,2022-11-28,112.3709,112.3709,106.5093,5.5627,1.0538,0.1231,0.1744,non,oui,non,non,non,au-dessus du bord haut
2022-11-25,AIR.PA,2022-11-28,105.9196,105.9196,99.5149,6.3688,1.0056,0.0957,0.1143,non,oui,non,non,non,au-dessus du bord haut
2022-11-25,PUB.PA,2022-11-28,54.3179,54.3179,51.4745,2.0795,1.3673,0.2943,0.6103,non,oui,non,non,non,au-dessus du bord haut
2022-11-25,SGO.PA,2022-11-28,40.3678,40.3678,36.2311,2.2819,1.8128,-0.0549,0.5383,non,oui,non,non,non,au-dessus du bord haut
2022-11-25,MC.PA,2022-11-28,645.6235,645.6235,627.5732,33.2781,0.5424,0.1078,0.5717,non,non,non,non,non,dans la bande
2022-11-25,CAP.PA,2022-11-28,164.1521,164.1521,156.2745,8.5318,0.9233,-0.0066,0.6597,non,non,non,non,non,dans la bande
2022-12-02,ENGI.PA,2022-12-05,10.5071,10.5071,10.1188,0.456,0.8515,0.1917,0.3581,non,non,non,non,non,dans la bande
2022-12-02,AC.PA,2022-12-05,22.3814,22.3814,20.0735,1.386,1.6651,-0.1468,0.1141,non,oui,non,non,non,au-dessus du bord haut
2022-12-02,EN.PA,2022-12-05,24.396,24.396,23.3316,1.0254,1.038,-0.0202,-0.0869,non,oui,non,non,non,au-dessus du bord haut
2022-12-02,TTE.PA,2022-12-05,47.4928,47.4928,45.5336,1.8082,1.0835,0.1611,0.2007,non,oui,non,non,non,au-dessus du bord haut
2022-12-02,SAF.PA,2022-12-05,112.3134,112.3134,107.3767,5.4916,0.899,0.1185,0.273,non,non,non,non,non,dans la bande
2022-12-02,AIR.PA,2022-12-05,103.2768,103.2768,100.2825,6.3741,0.4698,0.0992,-0.1886,non,non,non,non,non,dans la bande
2022-12-02,PUB.PA,2022-12-05,53.9934,53.9934,52.5178,2.1014,0.7022,0.3029,0.2256,non,non,non,non,non,dans la bande
2022-12-02,SGO.PA,2022-12-05,40.7108,40.7108,37.0389,2.1752,1.6881,-0.0135,0.219,non,oui,non,non,non,au-dessus du bord haut
2022-12-02,MC.PA,2022-12-05,664.0498,664.0498,631.4801,32.1945,1.0117,0.0991,0.3978,non,oui,non,non,non,au-dessus du bord haut
2022-12-02,CAP.PA,2022-12-05,162.0991,162.0991,156.4824,8.5311,0.6584,-0.0076,0.2184,non,non,non,non,non,dans la bande
2022-12-09,ENGI.PA,2022-12-12,10.4562,10.4562,10.278,0.4557,0.3912,0.2026,0.0396,non,non,non,non,non,dans la bande
2022-12-09,AC.PA,2022-12-12,23.1183,23.1183,20.4228,1.4446,1.866,-0.1131,0.1807,non,oui,non,non,non,au-dessus du bord haut
2022-12-09,EN.PA,2022-12-12,24.0046,24.0046,23.4952,1.0039,0.5075,-0.0056,-0.0969,non,non,non,non,non,dans la bande
2022-12-09,TTE.PA,2022-12-12,46.182,46.182,46.1712,1.7817,0.006,0.1729,0.1057,non,non,non,non,non,dans la bande
2022-12-09,SAF.PA,2022-12-12,112.3326,112.3326,108.366,5.5075,0.7202,0.1193,0.2556,non,non,non,non,non,dans la bande
2022-12-09,AIR.PA,2022-12-12,103.8909,103.8909,100.9191,6.36,0.4673,0.0986,-0.2403,non,non,non,non,non,dans la bande
2022-12-09,PUB.PA,2022-12-12,52.1315,52.1315,53.2032,2.0892,-0.513,0.3015,-0.0711,non,non,non,non,non,dans la bande
2022-12-09,SGO.PA,2022-12-12,41.6998,41.6998,37.7513,2.2688,1.7403,0.0146,0.2028,non,oui,non,non,non,au-dessus du bord haut
2022-12-09,MC.PA,2022-12-12,668.6915,668.6915,635.4698,31.1487,1.0666,0.092,0.2298,non,oui,non,non,non,au-dessus du bord haut
2022-12-09,CAP.PA,2022-12-12,156.8981,156.8981,156.3349,8.5146,0.0661,-0.008,-0.3333,non,non,non,non,non,dans la bande
2022-12-16,ENGI.PA,2022-12-19,10.0986,10.0986,10.3768,0.4556,-0.6106,0.2026,-0.1206,non,non,non,non,non,dans la bande
2022-12-16,AC.PA,2022-12-19,21.2539,21.2539,20.6262,1.4698,0.4271,-0.0923,0.1207,non,non,non,non,non,dans la bande
2022-12-16,EN.PA,2022-12-19,23.0425,23.0425,23.5602,0.9872,-0.5244,0.0014,-0.1518,non,non,non,non,non,dans la bande
2022-12-16,TTE.PA,2022-12-19,45.6651,45.6651,46.7772,1.7046,-0.6525,0.1851,-0.0036,non,non,non,non,non,dans la bande
2022-12-16,SAF.PA,2022-12-19,111.0289,111.0289,109.1945,5.4906,0.3341,0.117,0.0537,non,non,non,non,non,dans la bande
2022-12-16,AIR.PA,2022-12-19,102.3462,102.3462,101.602,6.3584,0.117,0.0974,-0.0827,non,non,non,non,non,dans la bande
2022-12-16,PUB.PA,2022-12-19,50.7651,50.7651,53.6591,2.1184,-1.3662,0.2928,-0.2739,oui,non,non,oui,non,candidate à l'achat
2022-12-16,SGO.PA,2022-12-19,39.7485,39.7485,38.3065,2.3503,0.6135,0.0324,0.2098,non,non,non,non,non,dans la bande
2022-12-16,MC.PA,2022-12-19,644.0902,644.0902,639.4043,30.8714,0.1518,0.0879,0.155,non,non,non,non,non,dans la bande
2022-12-16,CAP.PA,2022-12-19,145.4923,145.4923,155.6633,8.462,-1.202,-0.0147,-0.4178,oui,non,non,oui,non,candidate à l'achat
2022-12-23,ENGI.PA,2022-12-27,9.8732,9.8732,10.3544,0.4536,-1.061,0.1803,-0.356,oui,non,non,oui,non,candidate à l'achat
2022-12-23,AC.PA,2022-12-27,21.0586,21.0586,20.6466,1.4692,0.2804,-0.0847,-0.294,non,non,non,non,non,dans la bande
2022-12-23,EN.PA,2022-12-27,23.2219,23.2219,23.4124,0.9822,-0.194,-0.0092,-0.3369,non,non,non,non,non,dans la bande
2022-12-23,TTE.PA,2022-12-27,48.5776,48.5776,47.447,1.6477,0.6862,0.1963,0.0189,non,non,non,non,non,dans la bande
2022-12-23,SAF.PA,2022-12-27,112.6969,112.6969,110.0357,5.4656,0.4869,0.1157,0.0663,non,non,non,non,non,dans la bande
2022-12-23,AIR.PA,2022-12-27,103.984,103.984,102.0696,6.3049,0.3036,0.0923,0.1567,non,non,non,non,non,dans la bande
2022-12-23,PUB.PA,2022-12-27,51.0725,51.0725,53.7073,2.1737,-1.2121,0.2694,-0.355,oui,non,non,oui,non,candidate à l'achat
2022-12-23,SGO.PA,2022-12-27,41.1118,41.1118,38.685,2.3779,1.0206,0.0417,0.1264,non,oui,non,non,non,au-dessus du bord haut
2022-12-23,MC.PA,2022-12-27,625.5232,625.5232,638.4871,30.0916,-0.4308,0.0748,-0.2348,non,non,non,non,non,dans la bande
2022-12-23,CAP.PA,2022-12-27,141.9793,141.9793,152.4836,8.2856,-1.2678,-0.0471,-0.6903,oui,non,non,oui,non,candidate à l'achat
2022-12-30,ENGI.PA,2023-01-02,9.7322,9.7322,10.3113,0.4535,-1.2771,0.16,-0.4743,oui,non,non,oui,non,candidate à l'achat
2022-12-30,AC.PA,2023-01-02,20.7301,20.7301,20.6856,1.4616,0.0304,-0.0753,-0.4738,non,non,non,non,non,dans la bande
2022-12-30,EN.PA,2023-01-02,22.8631,22.8631,23.3023,0.9695,-0.4531,-0.0176,-0.304,non,non,non,non,non,dans la bande
2022-12-30,TTE.PA,2023-01-02,48.1182,48.1182,47.9361,1.6456,0.1106,0.2001,0.2188,non,non,non,non,non,dans la bande
2022-12-30,SAF.PA,2023-01-02,112.0833,112.0833,110.8894,5.4869,0.2176,0.1197,0.0727,non,non,non,non,non,dans la bande
2022-12-30,AIR.PA,2023-01-02,103.314,103.314,102.7298,6.3036,0.0927,0.0967,0.0727,non,non,non,non,non,dans la bande
2022-12-30,PUB.PA,2023-01-02,50.748,50.748,53.6968,2.2067,-1.3363,0.2502,-0.2633,oui,non,non,oui,non,candidate à l'achat
2022-12-30,SGO.PA,2023-01-02,40.6752,40.6752,39.0365,2.4093,0.6801,0.0509,-0.0184,non,non,non,non,non,dans la bande
2022-12-30,MC.PA,2023-01-02,631.1862,631.1862,638.4894,29.6978,-0.2459,0.0673,-0.3247,non,non,non,non,non,dans la bande
2022-12-30,CAP.PA,2023-01-02,142.2986,142.2986,150.1209,8.0646,-0.9699,-0.0703,-0.7254,non,non,non,non,non,dans la bande
2023-01-06,ENGI.PA,2023-01-09,9.4109,9.4109,10.2503,0.4648,-1.8058,0.1374,-0.4689,oui,non,oui,oui,non,candidate à l'achat
2023-01-06,AC.PA,2023-01-09,22.6833,22.6833,20.9754,1.3931,1.226,-0.0436,-0.1916,non,oui,non,non,non,au-dessus du bord haut
2023-01-06,EN.PA,2023-01-09,24.3471,24.3471,23.3134,0.9707,1.0649,-0.0183,0.0259,non,oui,non,non,non,au-dessus du bord haut
2023-01-06,TTE.PA,2023-01-09,48.7159,48.7159,48.4975,1.6462,0.1327,0.2035,0.301,non,non,non,non,non,dans la bande
2023-01-06,SAF.PA,2023-01-09,117.3367,117.3367,112.2939,5.4736,0.9213,0.1317,0.1229,non,non,non,non,non,dans la bande
2023-01-06,AIR.PA,2023-01-09,108.4508,108.4508,104.3517,6.2128,0.6598,0.1173,0.1651,non,non,non,non,non,dans la bande
2023-01-06,PUB.PA,2023-01-09,53.0027,53.0027,53.9433,2.2148,-0.4247,0.2375,0.0194,non,non,non,non,non,dans la bande
2023-01-06,SGO.PA,2023-01-09,46.6718,46.6718,40.1171,2.6014,2.5196,0.0869,0.4909,non,oui,non,non,non,au-dessus du bord haut
2023-01-06,MC.PA,2023-01-09,695.1495,695.1495,644.0855,30.3004,1.6853,0.071,0.0491,non,oui,non,non,non,au-dessus du bord haut
2023-01-06,CAP.PA,2023-01-09,151.1495,151.1495,148.3706,7.7269,0.3596,-0.0871,-0.3266,non,non,non,non,non,dans la bande
2023-01-13,ENGI.PA,2023-01-16,9.6857,9.6857,10.191,0.4752,-1.0632,0.1176,-0.2418,oui,non,non,oui,non,candidate à l'achat
2023-01-13,AC.PA,2023-01-16,24.9294,24.9294,21.6112,1.3739,2.4152,0.008,0.7902,non,oui,non,non,non,au-dessus du bord haut
2023-01-13,EN.PA,2023-01-16,24.4368,24.4368,23.5199,1.0138,0.9044,-0.0071,0.5228,non,non,non,non,non,dans la bande
2023-01-13,TTE.PA,2023-01-16,49.5876,49.5876,49.0287,1.6371,0.3414,0.206,0.2259,non,non,non,non,non,dans la bande
2023-01-13,SAF.PA,2023-01-16,121.3054,121.3054,114.2193,5.5358,1.28,0.1487,0.3564,non,oui,non,non,non,au-dessus du bord haut
2023-01-13,AIR.PA,2023-01-16,108.73,108.73,106.0351,6.0385,0.4463,0.1385,0.2896,non,non,non,non,non,dans la bande
2023-01-13,PUB.PA,2023-01-16,53.4126,53.4126,54.447,2.1871,-0.4729,0.2389,0.2777,non,non,non,non,non,dans la bande
2023-01-13,SGO.PA,2023-01-16,47.4469,47.4469,41.5253,2.8292,2.093,0.1321,1.0642,non,oui,non,non,non,au-dessus du bord haut
2023-01-13,MC.PA,2023-01-16,729.0344,729.0344,657.053,32.9707,2.1832,0.0914,0.7825,non,oui,non,non,non,au-dessus du bord haut
2023-01-13,CAP.PA,2023-01-16,155.94,155.94,147.5471,7.5162,1.1166,-0.0948,0.4223,non,oui,non,non,non,au-dessus du bord haut
2023-01-20,ENGI.PA,2023-01-23,9.1027,9.1027,10.0887,0.5158,-1.9119,0.098,-0.4081,oui,non,oui,oui,non,candidate à l'achat
2023-01-20,AC.PA,2023-01-23,25.8527,25.8527,22.3217,1.4958,2.3606,0.0552,1.279,non,oui,non,non,non,au-dessus du bord haut
2023-01-20,EN.PA,2023-01-23,24.2981,24.2981,23.6749,1.027,0.6068,0.0025,0.3979,non,non,non,non,non,dans la bande
2023-01-20,TTE.PA,2023-01-23,48.857,48.857,49.4773,1.6359,-0.3792,0.2048,0.0582,non,non,non,non,non,dans la bande
2023-01-20,SAF.PA,2023-01-23,124.0663,124.0663,116.9035,5.5071,1.3006,0.1769,0.5643,non,oui,non,non,non,au-dessus du bord haut
2023-01-20,AIR.PA,2023-01-23,110.6656,110.6656,107.6851,5.8874,0.5063,0.1569,0.291,non,non,non,non,non,dans la bande
2023-01-20,PUB.PA,2023-01-23,53.1052,53.1052,54.9915,2.1447,-0.8795,0.2416,0.2848,non,non,non,non,non,dans la bande
2023-01-20,SGO.PA,2023-01-23,47.0638,47.0638,43.1486,2.8568,1.3705,0.1873,0.9838,non,oui,non,non,non,au-dessus du bord haut
2023-01-20,MC.PA,2023-01-23,726.7135,726.7135,675.4253,34.458,1.4884,0.1285,0.9532,non,oui,non,non,non,au-dessus du bord haut
2023-01-20,CAP.PA,2023-01-23,155.8487,155.8487,148.9938,7.6188,0.8997,-0.0735,0.6409,non,non,non,non,non,dans la bande
2023-01-27,ENGI.PA,2023-01-30,9.4472,9.4472,10.039,0.5322,-1.1119,0.0875,-0.267,oui,non,non,oui,non,candidate à l'achat
2023-01-27,AC.PA,2023-01-30,26.5097,26.5097,23.2205,1.5331,2.1454,0.116,1.2114,non,oui,non,non,non,au-dessus du bord haut
2023-01-27,EN.PA,2023-01-30,24.6651,24.6651,23.8962,1.0136,0.7586,0.0183,0.1593,non,non,non,non,non,dans la bande
2023-01-27,TTE.PA,2023-01-30,48.6661,48.6661,49.8636,1.6239,-0.7374,0.2041,0.0015,non,non,non,non,non,dans la bande
2023-01-27,SAF.PA,2023-01-30,126.7313,126.7313,119.9688,5.3441,1.2654,0.2091,0.6406,non,oui,non,non,non,au-dessus du bord haut
2023-01-27,AIR.PA,2023-01-30,108.5253,108.5253,109.7828,5.509,-0.2283,0.1832,0.2457,non,non,non,non,non,dans la bande
2023-01-27,PUB.PA,2023-01-30,55.0524,55.0524,55.5695,2.1244,-0.2434,0.2427,0.2832,non,non,non,non,non,dans la bande
2023-01-27,SGO.PA,2023-01-30,48.2845,48.2845,44.6939,2.6213,1.3698,0.2398,0.4522,non,oui,non,non,non,au-dessus du bord haut
2023-01-27,MC.PA,2023-01-30,743.6095,743.6095,693.7716,34.0658,1.463,0.1647,0.6252,non,oui,non,non,non,au-dessus du bord haut
2023-01-27,CAP.PA,2023-01-30,157.8561,157.8561,150.7124,7.4453,0.9595,-0.0486,0.4411,non,non,non,non,non,dans la bande
2023-02-03,ENGI.PA,2023-02-06,9.5199,9.5199,10.0145,0.5402,-0.9155,0.0825,-0.0576,non,non,non,non,non,dans la bande
2023-02-03,AC.PA,2023-02-06,27.6017,27.6017,24.2098,1.4766,2.297,0.1808,0.8058,non,oui,non,non,non,au-dessus du bord haut
2023-02-03,EN.PA,2023-02-06,25.1054,25.1054,24.2231,0.965,0.9143,0.0416,0.041,non,non,non,non,non,dans la bande
2023-02-03,TTE.PA,2023-02-06,46.7816,46.7816,49.9561,1.7048,-1.8621,0.1974,-0.2655,oui,non,non,oui,non,candidate à l'achat
2023-02-03,SAF.PA,2023-02-06,126.923,126.923,123.1684,4.5633,0.8228,0.2447,0.4336,non,non,non,non,non,dans la bande
2023-02-03,AIR.PA,2023-02-06,108.9906,108.9906,111.4664,4.7486,-0.5214,0.2063,0.065,non,non,non,non,non,dans la bande
2023-02-03,PUB.PA,2023-02-06,64.0712,64.0712,56.7401,2.2249,3.2951,0.2587,0.6942,non,oui,non,non,non,au-dessus du bord haut
2023-02-03,SGO.PA,2023-02-06,49.4785,49.4785,46.2477,2.2253,1.4519,0.29,0.1653,non,oui,non,non,non,au-dessus du bord haut
2023-02-03,MC.PA,2023-02-06,769.9748,769.9748,713.7448,31.0559,1.8106,0.205,0.3023,non,oui,non,non,non,au-dessus du bord haut
2023-02-03,CAP.PA,2023-02-06,172.4555,172.4555,153.6219,7.4823,2.5171,-0.014,0.4859,non,oui,non,non,non,au-dessus du bord haut
2023-02-10,ENGI.PA,2023-02-13,9.5999,9.5999,9.9922,0.5473,-0.7169,0.0779,0.1949,non,non,non,non,non,dans la bande
2023-02-10,AC.PA,2023-02-13,26.1812,26.1812,25.0757,1.4544,0.7601,0.2289,0.4879,non,non,non,non,non,dans la bande
2023-02-10,EN.PA,2023-02-13,24.8771,24.8771,24.4902,0.9166,0.4221,0.0594,0.1413,non,non,non,non,non,dans la bande
2023-02-10,TTE.PA,2023-02-13,49.2722,49.2722,50.2462,1.666,-0.5846,0.1996,-0.2477,non,non,non,non,non,dans la bande
2023-02-10,SAF.PA,2023-02-13,124.6031,124.6031,125.5926,3.8317,-0.2583,0.2664,0.1103,non,non,non,non,non,dans la bande
2023-02-10,AIR.PA,2023-02-13,105.8452,105.8452,112.2966,4.4836,-1.4389,0.2131,-0.2119,oui,non,non,oui,non,candidate à l'achat
2023-02-10,PUB.PA,2023-02-13,63.2684,63.2684,58.3645,2.4862,1.9725,0.2795,1.1601,non,oui,non,non,non,au-dessus du bord haut
2023-02-10,SGO.PA,2023-02-13,46.7341,46.7341,47.3125,1.9897,-0.2907,0.3146,-0.0447,non,non,non,non,non,dans la bande
2023-02-10,MC.PA,2023-02-13,740.4531,740.4531,731.4515,26.8535,0.3352,0.2374,0.1404,non,non,non,non,non,dans la bande
2023-02-10,CAP.PA,2023-02-13,167.072,167.072,156.8612,7.594,1.3446,0.0201,0.5024,non,oui,non,non,non,au-dessus du bord haut
2023-02-17,ENGI.PA,2023-02-20,9.8136,9.8136,9.9503,0.5445,-0.251,0.0642,0.1855,non,non,non,non,non,dans la bande
2023-02-17,AC.PA,2023-02-20,26.6784,26.6784,25.7669,1.4186,0.6425,0.2602,0.1939,non,non,non,non,non,dans la bande
2023-02-17,EN.PA,2023-02-20,25.9044,25.9044,24.8198,0.906,1.1972,0.0776,0.2593,non,oui,non,non,non,au-dessus du bord haut
2023-02-17,TTE.PA,2023-02-20,48.6993,48.6993,50.6967,1.6045,-1.2449,0.2027,0.1194,oui,non,non,oui,oui,candidate à l'achat
2023-02-17,SAF.PA,2023-02-20,131.1985,131.1985,127.7999,3.5402,0.96,0.2785,0.0668,non,non,non,non,non,dans la bande
2023-02-17,AIR.PA,2023-02-20,116.9378,116.9378,113.6321,4.3946,0.7522,0.22,0.0291,non,non,non,non,non,dans la bande
2023-02-17,PUB.PA,2023-02-20,64.5495,64.5495,59.8952,2.6814,1.7358,0.2941,1.1338,non,oui,non,non,non,au-dessus du bord haut
2023-02-17,SGO.PA,2023-02-20,48.5785,48.5785,48.2167,1.8337,0.1973,0.3287,-0.0184,non,non,non,non,non,dans la bande
2023-02-17,MC.PA,2023-02-20,759.7628,759.7628,747.1119,24.4281,0.5179,0.259,0.1668,non,non,non,non,non,dans la bande
2023-02-17,CAP.PA,2023-02-20,169.7181,169.7181,159.6103,7.8279,1.2913,0.0449,0.5097,non,oui,non,non,non,au-dessus du bord haut
2023-02-24,ENGI.PA,2023-02-27,10.1916,10.1916,9.9975,0.5438,0.3569,0.0635,0.4798,non,non,non,non,non,dans la bande
2023-02-24,AC.PA,2023-02-27,28.1699,28.1699,26.4178,1.3638,1.2848,0.2865,0.0652,non,oui,non,non,non,au-dessus du bord haut
2023-02-24,EN.PA,2023-02-27,26.1898,26.1898,25.1821,0.8646,1.1656,0.0979,0.2804,non,oui,non,non,non,au-dessus du bord haut
2023-02-24,TTE.PA,2023-02-27,48.3091,48.3091,50.8487,1.6399,-1.5486,0.1944,0.2843,oui,non,non,oui,oui,candidate à l'achat
2023-02-24,SAF.PA,2023-02-27,127.7858,127.7858,129.8178,3.3126,-0.6134,0.2862,0.1519,non,non,non,non,non,dans la bande
2023-02-24,AIR.PA,2023-02-27,113.476,113.476,114.9825,4.3536,-0.346,0.2235,0.4642,non,non,non,non,non,dans la bande
2023-02-24,PUB.PA,2023-02-27,64.3616,64.3616,61.3096,2.7897,1.094,0.3051,0.6405,non,oui,non,non,non,au-dessus du bord haut
2023-02-24,SGO.PA,2023-02-27,49.8349,49.8349,49.0865,1.7,0.4402,0.3394,0.0389,non,non,non,non,non,dans la bande
2023-02-24,MC.PA,2023-02-27,721.6075,721.6075,757.9581,23.0111,-1.5797,0.2676,0.0052,oui,non,non,oui,oui,candidate à l'achat
2023-02-24,CAP.PA,2023-02-27,160.5479,160.5479,161.5696,7.6822,-0.133,0.0635,0.066,non,non,non,non,non,dans la bande
2023-03-03,ENGI.PA,2023-03-06,10.0768,10.0768,10.0452,0.5424,0.0582,0.0674,0.4348,non,non,non,non,non,dans la bande
2023-03-03,AC.PA,2023-03-06,27.5129,27.5129,27.1493,1.2077,0.3011,0.3195,0.1021,non,non,non,non,non,dans la bande
2023-03-03,EN.PA,2023-03-06,26.5894,26.5894,25.6779,0.7304,1.2479,0.1273,0.3947,non,oui,non,non,non,au-dessus du bord haut
2023-03-03,TTE.PA,2023-03-06,48.9899,48.9899,50.8803,1.6921,-1.1172,0.1806,0.1176,oui,non,non,oui,oui,candidate à l'achat
2023-03-03,SAF.PA,2023-03-06,129.6263,129.6263,131.6812,2.9744,-0.6909,0.2927,0.2034,non,non,non,non,non,dans la bande
2023-03-03,AIR.PA,2023-03-06,115.5419,115.5419,116.124,4.3304,-0.1344,0.223,0.5289,non,non,non,non,non,dans la bande
2023-03-03,PUB.PA,2023-03-06,66.2576,66.2576,62.8303,2.8166,1.2168,0.3216,0.2206,non,oui,non,non,non,au-dessus du bord haut
2023-03-03,SGO.PA,2023-03-06,51.8753,51.8753,50.3489,1.4366,1.0626,0.3625,0.4636,non,oui,non,non,non,au-dessus du bord haut
2023-03-03,MC.PA,2023-03-06,756.6992,756.6992,767.4655,20.9777,-0.5132,0.2745,-0.081,non,non,non,non,non,dans la bande
2023-03-03,CAP.PA,2023-03-06,164.9277,164.9277,163.2954,7.1286,0.229,0.082,-0.2655,non,non,non,non,non,dans la bande
2023-03-10,ENGI.PA,2023-03-13,10.2512,10.2512,10.1051,0.5431,0.2691,0.0706,0.3048,non,non,non,non,non,dans la bande
2023-03-10,AC.PA,2023-03-13,27.2998,27.2998,27.8146,1.0618,-0.4848,0.3431,0.236,non,non,non,non,non,dans la bande
2023-03-10,EN.PA,2023-03-13,26.2877,26.2877,26.0241,0.7117,0.3703,0.1405,0.2737,non,non,non,non,non,dans la bande
2023-03-10,TTE.PA,2023-03-13,48.1846,48.1846,50.7523,1.6923,-1.5173,0.1601,-0.0946,oui,non,non,oui,non,candidate à l'achat
2023-03-10,SAF.PA,2023-03-13,127.92,127.92,132.8248,3.0284,-1.6196,0.2835,0.0903,oui,non,non,oui,oui,candidate à l'achat
2023-03-10,AIR.PA,2023-03-13,113.1782,113.1782,116.6967,4.283,-0.8215,0.2102,0.1916,non,non,non,non,non,dans la bande
2023-03-10,PUB.PA,2023-03-13,63.6442,63.6442,64.0011,2.8422,-0.1256,0.3241,0.122,non,non,non,non,non,dans la bande
2023-03-10,SGO.PA,2023-03-13,49.5676,49.5676,51.3036,1.3097,-1.3255,0.37,0.4767,oui,non,non,oui,oui,candidate à l'achat
2023-03-10,MC.PA,2023-03-13,745.0948,745.0948,776.1717,20.2477,-1.5348,0.2761,-0.0547,oui,non,non,oui,non,candidate à l'achat
2023-03-10,CAP.PA,2023-03-13,161.1866,161.1866,163.9742,7.0997,-0.3926,0.0826,-0.2642,non,non,non,non,non,dans la bande
2023-03-17,ENGI.PA,2023-03-20,9.7642,9.7642,10.0739,0.5314,-0.5829,0.0562,-0.0774,non,non,non,non,non,dans la bande
2023-03-17,AC.PA,2023-03-20,25.3733,25.3733,27.8822,1.1459,-2.1896,0.323,-0.2603,oui,non,non,oui,non,candidate à l'achat
2023-03-17,EN.PA,2023-03-20,25.4152,25.4152,26.1041,0.7155,-0.9627,0.1343,-0.0118,non,non,non,non,non,dans la bande
2023-03-17,TTE.PA,2023-03-20,44.1166,44.1166,49.8168,1.787,-3.1897,0.1149,-0.4597,oui,non,oui,oui,non,candidate à l'achat
2023-03-17,SAF.PA,2023-03-20,123.0693,123.0693,132.3455,3.179,-2.9179,0.2512,-0.197,oui,non,oui,oui,non,candidate à l'achat
2023-03-17,AIR.PA,2023-03-20,108.6369,108.6369,116.0183,4.1429,-1.7817,0.1795,-0.214,oui,non,non,oui,non,candidate à l'achat
2023-03-17,PUB.PA,2023-03-20,59.9035,59.9035,64.1628,2.8566,-1.4911,0.2985,-0.2838,oui,non,non,oui,non,candidate à l'achat
2023-03-17,SGO.PA,2023-03-20,45.5402,45.5402,51.2293,1.6419,-3.465,0.3397,-0.1934,oui,non,oui,oui,non,candidate à l'achat
2023-03-17,MC.PA,2023-03-20,730.8911,730.8911,777.4063,22.344,-2.0818,0.2582,-0.0832,oui,non,non,oui,non,candidate à l'achat
2023-03-17,CAP.PA,2023-03-20,152.5182,152.5182,162.537,7.2331,-1.3851,0.0622,-0.4072,oui,non,non,oui,non,candidate à l'achat
2023-03-24,ENGI.PA,2023-03-27,9.8674,9.8674,10.0303,0.5113,-0.3186,0.0398,-0.0788,non,non,non,non,non,dans la bande
2023-03-24,AC.PA,2023-03-27,24.9294,24.9294,27.9567,1.219,-2.4834,0.3052,-0.5222,oui,non,non,oui,non,candidate à l'achat
2023-03-24,EN.PA,2023-03-27,24.7221,24.7221,26.1158,0.7262,-1.9192,0.1243,-0.283,oui,non,non,oui,non,candidate à l'achat
2023-03-24,TTE.PA,2023-03-27,43.5568,43.5568,49.028,1.8933,-2.8898,0.0798,-0.6483,oui,non,oui,oui,non,candidate à l'achat
2023-03-24,SAF.PA,2023-03-27,127.7858,127.7858,132.488,3.0705,-1.5314,0.2293,-0.1149,oui,non,non,oui,non,candidate à l'achat
2023-03-24,AIR.PA,2023-03-27,109.2511,109.2511,115.3752,3.7568,-1.6301,0.1503,-0.2679,oui,non,non,oui,non,candidate à l'achat
2023-03-24,PUB.PA,2023-03-27,58.6395,58.6395,64.2583,2.9162,-1.9268,0.2754,-0.5145,oui,non,non,oui,non,candidate à l'achat
2023-03-24,SGO.PA,2023-03-27,43.9274,43.9274,51.0499,1.9687,-3.6179,0.3099,-0.7375,oui,non,oui,oui,non,candidate à l'achat
2023-03-24,MC.PA,2023-03-27,755.1211,755.1211,781.8954,22.8576,-1.1713,0.2485,0.0464,oui,non,non,oui,oui,candidate à l'achat
2023-03-24,CAP.PA,2023-03-27,151.1952,151.1952,161.7899,7.4044,-1.4309,0.055,-0.4618,oui,non,non,oui,non,candidate à l'achat
2023-03-31,ENGI.PA,2023-04-03,10.5943,10.5943,10.0052,0.4602,1.2802,0.0222,0.07,non,oui,non,non,non,au-dessus du bord haut
2023-03-31,AC.PA,2023-04-03,26.6073,26.6073,27.8814,1.2961,-0.983,0.2764,-0.4548,non,non,non,non,non,dans la bande
2023-03-31,EN.PA,2023-04-03,25.35,25.35,25.9926,0.7082,-0.9075,0.1047,-0.3353,non,non,non,non,non,dans la bande
2023-03-31,TTE.PA,2023-04-03,45.7006,45.7006,48.2702,1.8637,-1.3787,0.0466,-0.4768,oui,non,non,oui,non,candidate à l'achat
2023-03-31,SAF.PA,2023-04-03,130.8917,130.8917,132.8732,2.7849,-0.7115,0.211,0.1072,non,non,non,non,non,dans la bande
2023-03-31,AIR.PA,2023-04-03,114.723,114.723,114.8063,3.1503,-0.0265,0.1235,-0.1131,non,non,non,non,non,dans la bande
2023-03-31,PUB.PA,2023-04-03,61.3041,61.3041,64.2367,2.9902,-0.9807,0.2517,-0.4469,non,non,non,non,non,dans la bande
2023-03-31,SGO.PA,2023-04-03,46.6183,46.6183,50.6987,2.2052,-1.8504,0.2739,-0.6192,oui,non,oui,oui,non,candidate à l'achat
2023-03-31,MC.PA,2023-04-03,783.9,783.9,785.5778,22.9149,-0.0732,0.2344,0.1545,non,non,non,non,non,dans la bande
2023-03-31,CAP.PA,2023-04-03,155.8031,155.8031,160.2847,7.5833,-0.591,0.0368,-0.4248,non,non,non,non,non,dans la bande
2023-04-06,ENGI.PA,2023-04-11,10.952,10.952,10.051,0.447,2.0157,0.0186,0.4451,non,oui,non,non,non,au-dessus du bord haut
2023-04-06,AC.PA,2023-04-11,26.847,26.847,27.8977,1.3303,-0.7897,0.2599,0.0037,non,non,non,non,non,dans la bande
2023-04-06,EN.PA,2023-04-11,25.7006,25.7006,25.9547,0.6931,-0.3666,0.094,-0.1323,non,non,non,non,non,dans la bande
2023-04-06,TTE.PA,2023-04-11,48.3404,48.3404,48.0975,1.7412,0.1395,0.0334,0.2149,non,non,non,non,non,dans la bande
2023-04-06,SAF.PA,2023-04-11,130.7767,130.7767,133.2184,2.7782,-0.8789,0.2004,0.281,non,non,non,non,non,dans la bande
2023-04-06,AIR.PA,2023-04-11,117.4217,117.4217,115.0395,2.8461,0.837,0.1136,0.276,non,non,non,non,non,dans la bande
2023-04-06,PUB.PA,2023-04-11,61.1504,61.1504,64.333,3.0455,-1.045,0.2391,-0.1123,oui,non,non,oui,non,candidate à l'achat
2023-04-06,SGO.PA,2023-04-11,43.7046,43.7046,50.3167,2.4187,-2.7337,0.2449,-0.3081,oui,non,oui,oui,non,candidate à l'achat
2023-04-06,MC.PA,2023-04-11,769.6961,769.6961,790.0701,22.813,-0.8931,0.2269,0.3891,non,non,non,non,non,dans la bande
2023-04-06,CAP.PA,2023-04-11,155.1644,155.1644,159.495,7.5949,-0.5702,0.0264,-0.0726,non,non,non,non,non,dans la bande
2023-04-14,ENGI.PA,2023-04-17,10.9636,10.9636,10.1357,0.4583,1.8066,0.022,0.7055,non,oui,non,non,non,au-dessus du bord haut
2023-04-14,AC.PA,2023-04-17,27.5928,27.5928,28.0185,1.3338,-0.3191,0.2491,0.3257,non,non,non,non,non,dans la bande
2023-04-14,EN.PA,2023-04-17,26.2958,26.2958,25.9927,0.6767,0.4479,0.0883,0.0904,non,non,non,non,non,dans la bande
2023-04-14,TTE.PA,2023-04-17,49.3661,49.3661,48.0587,1.6246,0.8047,0.0245,0.6477,non,non,non,non,non,dans la bande
2023-04-14,SAF.PA,2023-04-17,131.2368,131.2368,133.8358,2.7941,-0.9302,0.1948,0.2566,non,non,non,non,non,dans la bande
2023-04-14,AIR.PA,2023-04-17,117.5148,117.5148,115.4042,2.6554,0.7948,0.107,0.4058,non,non,non,non,non,dans la bande
2023-04-14,PUB.PA,2023-04-17,62.7731,62.7731,64.5772,3.0808,-0.5856,0.2322,0.0882,non,non,non,non,non,dans la bande
2023-04-14,SGO.PA,2023-04-17,45.9589,45.9589,49.9386,2.5475,-1.5622,0.2168,-0.1393,oui,non,oui,oui,non,candidate à l'achat
2023-04-14,MC.PA,2023-04-17,828.8321,828.8321,796.3928,22.9803,1.4116,0.2229,0.4676,non,oui,non,non,non,au-dessus du bord haut
2023-04-14,CAP.PA,2023-04-17,153.8869,153.8869,158.9611,7.6192,-0.666,0.0203,0.0765,non,non,non,non,non,dans la bande
2023-04-21,ENGI.PA,2023-04-24,11.2486,11.2486,10.2829,0.4946,1.9527,0.0351,0.6491,non,oui,non,non,non,au-dessus du bord haut
2023-04-21,AC.PA,2023-04-24,27.8591,27.8591,28.315,1.333,-0.342,0.2474,0.5875,non,non,non,non,non,dans la bande
2023-04-21,EN.PA,2023-04-24,26.4997,26.4997,26.2034,0.6878,0.4307,0.0929,0.4148,non,non,non,non,non,dans la bande
2023-04-21,TTE.PA,2023-04-24,48.5086,48.5086,48.0146,1.5221,0.3245,0.0158,0.6202,non,non,non,non,non,dans la bande
2023-04-21,SAF.PA,2023-04-24,136.5668,136.5668,135.3598,2.7863,0.4332,0.1979,0.3039,non,non,non,non,non,dans la bande
2023-04-21,AIR.PA,2023-04-24,118.4826,118.4826,116.5142,2.7096,0.7265,0.1117,0.4538,non,non,non,non,non,dans la bande
2023-04-21,PUB.PA,2023-04-24,64.652,64.652,65.186,3.0785,-0.1735,0.2273,0.4738,non,non,non,non,non,dans la bande
2023-04-21,SGO.PA,2023-04-24,45.7094,45.7094,49.5658,2.6344,-1.4638,0.1869,0.0357,oui,non,oui,oui,oui,candidate à l'achat
2023-04-21,MC.PA,2023-04-24,836.5375,836.5375,806.7433,23.2152,1.2834,0.2225,0.5421,non,oui,non,non,non,au-dessus du bord haut
2023-04-21,CAP.PA,2023-04-24,147.6822,147.6822,157.4811,7.8519,-1.248,0.0073,-0.0983,oui,non,non,oui,non,candidate à l'achat
2023-04-28,ENGI.PA,2023-05-02,11.6068,11.6068,10.4474,0.5292,2.191,0.0516,0.3559,non,oui,non,non,non,au-dessus du bord haut
2023-04-28,AC.PA,2023-05-02,28.5161,28.5161,28.5664,1.3359,-0.0377,0.2428,0.4182,non,non,non,non,non,dans la bande
2023-04-28,EN.PA,2023-05-02,27.0704,27.0704,26.4156,0.6821,0.9599,0.0994,0.3407,non,non,non,non,non,dans la bande
2023-04-28,TTE.PA,2023-05-02,48.7103,48.7103,48.0562,1.5103,0.4331,0.0136,0.1843,non,non,non,non,non,dans la bande
2023-04-28,SAF.PA,2023-05-02,135.1097,135.1097,136.4847,2.7957,-0.4918,0.196,0.2713,non,non,non,non,non,dans la bande
2023-04-28,AIR.PA,2023-05-02,119.9994,119.9994,117.6685,2.654,0.8782,0.12,0.1969,non,non,non,non,non,dans la bande
2023-04-28,PUB.PA,2023-05-02,63.3026,63.3026,65.5253,3.0927,-0.7187,0.2178,0.3175,non,non,non,non,non,dans la bande
2023-04-28,SGO.PA,2023-05-02,46.7074,46.7074,49.058,2.6647,-0.8821,0.153,-0.0002,non,non,oui,non,non,dans la bande
2023-04-28,MC.PA,2023-05-02,814.9183,814.9183,814.7818,22.8352,0.006,0.2164,0.4046,non,non,non,non,non,dans la bande
2023-04-28,CAP.PA,2023-05-02,150.4652,150.4652,155.259,7.7652,-0.6173,-0.0168,-0.3385,non,non,non,non,non,dans la bande
2023-05-05,ENGI.PA,2023-05-08,11.6372,11.6372,10.6311,0.5588,1.8006,0.0734,0.3306,non,oui,non,non,non,au-dessus du bord haut
2023-05-05,AC.PA,2023-05-08,28.5605,28.5605,28.8059,1.3303,-0.1845,0.2428,0.3461,non,non,non,non,non,dans la bande
2023-05-05,EN.PA,2023-05-08,27.2754,27.2754,26.6622,0.6452,0.9504,0.1105,0.2894,non,non,non,non,non,dans la bande
2023-05-05,TTE.PA,2023-05-08,47.1887,47.1887,47.7542,1.5106,-0.3744,0.0024,-0.257,non,non,non,non,non,dans la bande
2023-05-05,SAF.PA,2023-05-08,132.0038,132.0038,136.7756,2.8665,-1.6647,0.1869,0.1027,oui,non,non,oui,oui,candidate à l'achat
2023-05-05,AIR.PA,2023-05-08,115.3368,115.3368,118.2208,2.6143,-1.1031,0.1223,-0.0075,oui,non,non,oui,non,candidate à l'achat
2023-05-05,PUB.PA,2023-05-08,60.1426,60.1426,65.5375,3.2021,-1.6848,0.2101,-0.0359,oui,non,non,oui,non,candidate à l'achat
2023-05-05,SGO.PA,2023-05-08,46.4223,46.4223,48.79,2.7044,-0.8755,0.1346,0.1559,non,non,oui,non,non,dans la bande
2023-05-05,MC.PA,2023-05-08,820.4384,820.4384,821.1685,22.6513,-0.0322,0.2152,0.2461,non,non,non,non,non,dans la bande
2023-05-05,CAP.PA,2023-05-08,152.792,152.792,154.7014,7.7244,-0.2472,-0.0192,-0.2043,non,non,non,non,non,dans la bande
2023-05-12,ENGI.PA,2023-05-15,11.8882,11.8882,10.9115,0.5739,1.7019,0.1098,0.415,non,oui,non,non,non,au-dessus du bord haut
2023-05-12,AC.PA,2023-05-15,27.7526,27.7526,29.0542,1.3335,-0.976,0.2385,0.1339,non,non,non,non,non,dans la bande
2023-05-12,EN.PA,2023-05-15,27.2754,27.2754,26.9841,0.6225,0.468,0.122,0.2169,non,non,non,non,non,dans la bande
2023-05-12,TTE.PA,2023-05-15,46.8776,46.8776,47.4711,1.4813,-0.4007,-0.0083,-0.3707,non,non,non,non,non,dans la bande
2023-05-12,SAF.PA,2023-05-15,134.2086,134.2086,137.0786,2.9645,-0.9681,0.1757,-0.1096,non,non,non,non,non,dans la bande
2023-05-12,AIR.PA,2023-05-15,115.9032,115.9032,118.6241,2.5942,-1.0489,0.1225,-0.2332,oui,non,non,oui,non,candidate à l'achat
2023-05-12,PUB.PA,2023-05-15,59.5789,59.5789,65.3096,3.3973,-1.6868,0.1945,-0.5466,oui,non,non,oui,non,candidate à l'achat
2023-05-12,SGO.PA,2023-05-15,47.6786,47.6786,48.5913,2.6659,-0.3424,0.1142,0.1703,non,non,oui,non,non,dans la bande
2023-05-12,MC.PA,2023-05-15,828.3911,828.3911,829.5192,22.6066,-0.0499,0.2149,-0.0033,non,non,non,non,non,dans la bande
2023-05-12,CAP.PA,2023-05-15,149.0509,149.0509,154.0282,7.7382,-0.6432,-0.0199,-0.0334,non,non,non,non,non,dans la bande
2023-05-19,ENGI.PA,2023-05-22,11.5908,11.5908,11.1705,0.5543,0.7583,0.1431,0.286,non,non,non,non,non,dans la bande
2023-05-19,AC.PA,2023-05-22,28.8535,28.8535,29.2201,1.3433,-0.2729,0.2289,0.1105,non,non,non,non,non,dans la bande
2023-05-19,EN.PA,2023-05-22,26.7318,26.7318,27.1376,0.612,-0.6631,0.1246,0.0642,non,non,non,non,non,dans la bande
2023-05-19,TTE.PA,2023-05-22,47.1803,47.1803,47.231,1.4612,-0.0347,-0.0168,-0.2361,non,non,non,non,non,dans la bande
2023-05-19,SAF.PA,2023-05-22,137.2187,137.2187,137.9655,2.9791,-0.2507,0.172,0.0405,non,non,non,non,non,dans la bande
2023-05-19,AIR.PA,2023-05-22,121.9815,121.9815,119.6261,2.5426,0.9263,0.1273,0.0378,non,non,non,non,non,dans la bande
2023-05-19,PUB.PA,2023-05-22,61.1504,61.1504,65.1909,3.5328,-1.1437,0.183,-0.4219,oui,non,non,oui,non,candidate à l'achat
2023-05-19,SGO.PA,2023-05-22,49.3626,49.3626,48.5308,2.6087,0.3189,0.0986,0.3893,non,non,non,non,non,dans la bande
2023-05-19,MC.PA,2023-05-22,818.0058,818.0058,835.0964,22.7985,-0.7496,0.209,-0.0579,non,non,non,non,non,dans la bande
2023-05-19,CAP.PA,2023-05-22,149.7352,149.7352,153.3445,7.7491,-0.4658,-0.0201,-0.0246,non,non,non,non,non,dans la bande
2023-05-26,ENGI.PA,2023-05-29,11.1111,11.1111,11.3569,0.5026,-0.489,0.1673,-0.148,non,non,non,non,non,dans la bande
2023-05-26,AC.PA,2023-05-29,28.6988,28.6988,29.4006,1.3505,-0.5197,0.2209,0.0599,non,non,non,non,non,dans la bande
2023-05-26,EN.PA,2023-05-29,26.0932,26.0932,27.1951,0.6244,-1.7647,0.1223,-0.2352,oui,non,non,oui,non,candidate à l'achat
2023-05-26,TTE.PA,2023-05-29,46.8776,46.8776,47.1502,1.4611,-0.1866,-0.0188,0.0274,non,non,non,non,non,dans la bande
2023-05-26,SAF.PA,2023-05-29,133.3075,133.3075,138.1414,3.1668,-1.5265,0.1612,0.0591,oui,non,non,oui,oui,candidate à l'achat
2023-05-26,AIR.PA,2023-05-29,118.6214,118.6214,120.0386,2.568,-0.5519,0.1225,0.1443,non,non,non,non,non,dans la bande
2023-05-26,PUB.PA,2023-05-29,59.9376,59.9376,64.9977,3.6643,-1.3809,0.1686,-0.0869,oui,non,non,oui,non,candidate à l'achat
2023-05-26,SGO.PA,2023-05-29,47.7766,47.7766,48.3966,2.5068,-0.2473,0.0806,0.3056,non,non,oui,non,non,dans la bande
2023-05-26,MC.PA,2023-05-29,789.1889,789.1889,835.062,25.2704,-1.8153,0.1963,-0.2512,oui,non,non,oui,non,candidate à l'achat
2023-05-26,CAP.PA,2023-05-29,143.2567,143.2567,152.1655,7.8846,-1.1299,-0.0268,-0.2215,oui,non,oui,oui,non,candidate à l'achat
2023-06-02,ENGI.PA,2023-06-05,11.2774,11.2774,11.5143,0.4361,-0.5433,0.1872,-0.3548,non,non,non,non,non,dans la bande
2023-06-02,AC.PA,2023-06-05,29.0657,29.0657,29.5387,1.3587,-0.3481,0.2112,0.0633,non,non,non,non,non,dans la bande
2023-06-02,EN.PA,2023-06-05,26.2572,26.2572,27.1935,0.6605,-1.4176,0.1158,-0.3489,oui,non,non,oui,non,candidate à l'achat
2023-06-02,TTE.PA,2023-06-05,46.39,46.39,46.7318,1.445,-0.2366,-0.0322,-0.121,non,non,non,non,non,dans la bande
2023-06-02,SAF.PA,2023-06-05,134.5938,134.5938,138.0285,3.2832,-1.0461,0.1468,-0.0301,oui,non,non,oui,non,candidate à l'achat
2023-06-02,AIR.PA,2023-06-05,121.1698,121.1698,120.2832,2.6005,0.3409,0.1159,0.1626,non,non,non,non,non,dans la bande
2023-06-02,PUB.PA,2023-06-05,60.4671,60.4671,64.5366,3.7866,-1.0747,0.1455,0.0263,oui,non,non,oui,oui,candidate à l'achat
2023-06-02,SGO.PA,2023-06-05,48.7122,48.7122,48.1368,2.4214,0.2376,0.0611,0.0428,non,non,non,non,non,dans la bande
2023-06-02,MC.PA,2023-06-05,777.4002,777.4002,831.7368,28.435,-1.9109,0.1777,-0.4778,oui,non,non,oui,non,candidate à l'achat
2023-06-02,CAP.PA,2023-06-05,156.2442,156.2442,151.5064,7.9815,0.5936,-0.0315,0.0506,non,non,non,non,non,dans la bande
2023-06-09,ENGI.PA,2023-06-12,11.3765,11.3765,11.6583,0.3772,-0.7471,0.2026,-0.2403,non,non,non,non,non,dans la bande
2023-06-09,AC.PA,2023-06-12,29.992,29.992,29.6601,1.33,0.2496,0.1968,0.204,non,non,non,non,non,dans la bande
2023-06-09,EN.PA,2023-06-12,26.1709,26.1709,27.1188,0.6826,-1.3887,0.1028,-0.1429,oui,non,non,oui,non,candidate à l'achat
2023-06-09,TTE.PA,2023-06-12,46.1966,46.1966,46.39,1.3774,-0.1404,-0.0435,-0.1482,non,non,non,non,non,dans la bande
2023-06-09,SAF.PA,2023-06-12,132.2706,132.2706,137.5367,3.3579,-1.5683,0.1285,-0.2025,oui,non,non,oui,non,candidate à l'achat
2023-06-09,AIR.PA,2023-06-12,121.2075,121.2075,120.7254,2.5764,0.1871,0.1118,0.0163,non,non,non,non,non,dans la bande
2023-06-09,PUB.PA,2023-06-12,61.287,61.287,64.1961,3.7833,-0.7689,0.1236,0.1098,non,non,non,non,non,dans la bande
2023-06-09,SGO.PA,2023-06-12,49.7369,49.7369,48.128,2.2565,0.713,0.0472,0.1409,non,non,non,non,non,dans la bande
2023-06-09,MC.PA,2023-06-12,767.202,767.202,825.1476,30.9689,-1.8711,0.1522,-0.4593,oui,non,non,oui,non,candidate à l'achat
2023-06-09,CAP.PA,2023-06-12,156.8964,156.8964,151.6105,7.8517,0.6732,-0.0327,0.4258,non,non,non,non,non,dans la bande
2023-06-16,ENGI.PA,2023-06-19,11.4789,11.4789,11.7696,0.352,-0.826,0.2093,0.0286,non,non,non,non,non,dans la bande
2023-06-16,AC.PA,2023-06-19,30.3405,30.3405,29.8266,1.2349,0.4162,0.1802,0.3959,non,non,non,non,non,dans la bande
2023-06-16,EN.PA,2023-06-19,26.2744,26.2744,26.9735,0.6756,-1.0348,0.0847,-0.0435,oui,non,non,oui,non,candidate à l'achat
2023-06-16,TTE.PA,2023-06-19,45.2298,45.2298,46.0756,1.3764,-0.6144,-0.0504,-0.2191,non,non,non,non,non,dans la bande
2023-06-16,SAF.PA,2023-06-19,135.9684,135.9684,137.369,3.2145,-0.4357,0.1139,0.022,non,non,non,non,non,dans la bande
2023-06-16,AIR.PA,2023-06-19,123.8125,123.8125,121.4815,2.5724,0.9062,0.1109,0.2262,non,non,non,non,non,dans la bande
2023-06-16,PUB.PA,2023-06-19,63.2343,63.2343,63.9693,3.6443,-0.2017,0.1021,0.301,non,non,non,non,non,dans la bande
2023-06-16,SGO.PA,2023-06-19,51.9271,51.9271,48.4162,2.1423,1.6388,0.0405,0.5086,non,oui,non,non,non,au-dessus du bord haut
2023-06-16,MC.PA,2023-06-19,812.6728,812.6728,820.4457,29.0116,-0.2679,0.1261,0.0278,non,non,non,non,non,dans la bande
2023-06-16,CAP.PA,2023-06-19,166.6325,166.6325,152.0709,7.5984,1.9164,-0.0371,0.7815,non,oui,non,non,non,au-dessus du bord haut
2023-06-23,ENGI.PA,2023-06-26,11.2838,11.2838,11.8549,0.3414,-1.673,0.2112,0.0893,oui,non,non,oui,oui,candidate à l'achat
2023-06-23,AC.PA,2023-06-26,30.1112,30.1112,29.8359,1.0257,0.2685,0.1548,0.3767,non,non,non,non,non,dans la bande
2023-06-23,EN.PA,2023-06-26,25.541,25.541,26.7581,0.6474,-1.8801,0.0632,-0.0831,oui,non,non,oui,non,candidate à l'achat
2023-06-23,TTE.PA,2023-06-26,44.3763,44.3763,45.7922,1.3886,-1.0196,-0.0549,-0.1216,oui,non,oui,oui,non,candidate à l'achat
2023-06-23,SAF.PA,2023-06-26,135.0197,135.0197,137.3233,2.7961,-0.8238,0.0995,0.1882,non,non,non,non,non,dans la bande
2023-06-23,AIR.PA,2023-06-26,119.6219,119.6219,122.003,2.5662,-0.9279,0.1072,0.228,non,non,non,non,non,dans la bande
2023-06-23,PUB.PA,2023-06-26,60.6721,60.6721,63.4142,3.4294,-0.7996,0.0734,0.2334,non,non,non,non,non,dans la bande
2023-06-23,SGO.PA,2023-06-26,49.9494,49.9494,48.386,1.9115,0.8179,0.0263,0.4265,non,non,non,non,non,dans la bande
2023-06-23,MC.PA,2023-06-26,776.6518,776.6518,813.7019,25.6639,-1.4437,0.0971,0.1794,oui,non,non,oui,oui,candidate à l'achat
2023-06-23,CAP.PA,2023-06-26,157.7815,157.7815,152.0077,7.1514,0.8074,-0.0456,0.5315,non,non,non,non,non,dans la bande
2023-06-30,ENGI.PA,2023-07-03,12.1761,12.1761,11.9649,0.3398,0.6215,0.2126,0.2368,non,non,non,non,non,dans la bande
2023-06-30,AC.PA,2023-07-03,31.2027,31.2027,29.9588,0.903,1.3774,0.1399,0.2612,non,oui,non,non,non,au-dessus du bord haut
2023-06-30,EN.PA,2023-07-03,26.5419,26.5419,26.6808,0.6519,-0.2131,0.0533,-0.0086,non,non,non,non,non,dans la bande
2023-06-30,TTE.PA,2023-07-03,44.8026,44.8026,45.4234,1.3996,-0.4436,-0.0626,-0.2119,non,non,oui,non,non,dans la bande
2023-06-30,SAF.PA,2023-07-03,138.8725,138.8725,137.2435,2.4028,0.678,0.0867,0.2309,non,non,non,non,non,dans la bande
2023-06-30,AIR.PA,2023-07-03,124.9262,124.9262,122.7001,2.5751,0.8645,0.1078,0.1232,non,non,non,non,non,dans la bande
2023-06-30,PUB.PA,2023-07-03,62.7731,62.7731,63.0042,3.2042,-0.0721,0.0503,0.0719,non,non,non,non,non,dans la bande
2023-06-30,SGO.PA,2023-07-03,51.502,51.502,48.7458,1.9514,1.4124,0.0321,0.0942,non,oui,non,non,non,au-dessus du bord haut
2023-06-30,MC.PA,2023-07-03,807.4334,807.4334,810.9599,24.7736,-0.1424,0.0815,0.2269,non,non,non,non,non,dans la bande
2023-06-30,CAP.PA,2023-07-03,161.6946,161.6946,151.9512,6.9678,1.3983,-0.0501,0.0638,non,oui,non,non,non,au-dessus du bord haut
2023-07-07,ENGI.PA,2023-07-10,12.069,12.069,12.1236,0.3337,-0.1639,0.2181,0.4706,non,non,non,non,non,dans la bande
2023-07-07,AC.PA,2023-07-10,30.5882,30.5882,30.1871,0.8916,0.4499,0.1365,0.0955,non,non,non,non,non,dans la bande
2023-07-07,EN.PA,2023-07-10,25.3425,25.3425,26.5916,0.6718,-1.8593,0.0442,-0.0008,oui,non,non,oui,non,candidate à l'achat
2023-07-07,TTE.PA,2023-07-10,43.5664,43.5664,45.1905,1.4186,-1.1448,-0.0642,-0.1428,oui,non,oui,oui,non,candidate à l'achat
2023-07-07,SAF.PA,2023-07-10,130.5281,130.5281,136.8931,2.4379,-2.6109,0.0748,-0.0535,oui,non,non,oui,non,candidate à l'achat
2023-07-07,AIR.PA,2023-07-10,123.737,123.737,123.4427,2.5879,0.1137,0.108,0.0657,non,non,non,non,non,dans la bande
2023-07-07,PUB.PA,2023-07-10,62.2574,62.2574,62.6257,2.8991,-0.1271,0.0284,-0.0004,non,non,non,non,non,dans la bande
2023-07-07,SGO.PA,2023-07-10,49.6075,49.6075,49.124,1.9824,0.2439,0.0407,-0.1513,non,non,non,non,non,dans la bande
2023-07-07,MC.PA,2023-07-10,772.2544,772.2544,808.9424,25.3268,-1.4486,0.0717,-0.0379,oui,non,non,oui,non,candidate à l'achat
2023-07-07,CAP.PA,2023-07-10,157.8746,157.8746,152.3827,7.044,0.7797,-0.048,-0.1684,non,non,non,non,non,dans la bande
2023-07-14,ENGI.PA,2023-07-17,12.0034,12.0034,12.1866,0.3318,-0.5523,0.2075,0.3807,non,non,non,non,non,dans la bande
2023-07-14,AC.PA,2023-07-17,31.0743,31.0743,30.4992,0.9018,0.6377,0.1409,0.1751,non,non,non,non,non,dans la bande
2023-07-14,EN.PA,2023-07-17,26.3262,26.3262,26.4444,0.6594,-0.1793,0.0307,0.0141,non,non,non,non,non,dans la bande
2023-07-14,TTE.PA,2023-07-17,43.7198,43.7198,44.9279,1.429,-0.8454,-0.0669,-0.1133,non,non,oui,non,non,dans la bande
2023-07-14,SAF.PA,2023-07-17,132.6771,132.6771,136.6249,2.5336,-1.5582,0.0666,-0.2178,oui,non,non,oui,non,candidate à l'achat
2023-07-14,AIR.PA,2023-07-17,125.5492,125.5492,124.5147,2.5688,0.4027,0.1139,0.1698,non,non,non,non,non,dans la bande
2023-07-14,PUB.PA,2023-07-17,64.3202,64.3202,62.2388,2.4288,0.857,0.0061,0.1641,non,non,non,non,non,dans la bande
2023-07-14,SGO.PA,2023-07-17,53.3317,53.3317,49.826,2.0802,1.6853,0.0579,0.2442,non,oui,non,non,non,au-dessus du bord haut
2023-07-14,MC.PA,2023-07-17,834.8469,834.8469,810.3043,25.4499,0.9643,0.0675,0.1393,non,non,non,non,non,dans la bande
2023-07-14,CAP.PA,2023-07-17,164.2567,164.2567,153.2886,7.2705,1.5086,-0.04,0.0111,non,oui,non,non,non,au-dessus du bord haut
2023-07-21,ENGI.PA,2023-07-24,12.3632,12.3632,12.2724,0.3329,0.2727,0.2016,0.1831,non,non,non,non,non,dans la bande
2023-07-21,AC.PA,2023-07-24,31.1477,31.1477,30.8155,0.8993,0.3693,0.1469,0.1046,non,non,non,non,non,dans la bande
2023-07-21,EN.PA,2023-07-24,27.3185,27.3185,26.4824,0.6416,1.3032,0.0268,0.2029,non,oui,non,non,non,au-dessus du bord haut
2023-07-21,TTE.PA,2023-07-24,46.0303,46.0303,44.7208,1.4379,0.9107,-0.0693,0.0116,non,non,non,non,non,dans la bande
2023-07-21,SAF.PA,2023-07-24,137.1881,137.1881,136.7552,2.5751,0.1681,0.0633,-0.069,non,non,non,non,non,dans la bande
2023-07-21,AIR.PA,2023-07-24,126.9461,126.9461,125.5086,2.5364,0.5667,0.1172,0.2162,non,non,non,non,non,dans la bande
2023-07-21,PUB.PA,2023-07-24,63.2888,63.2888,61.9941,1.9719,0.6566,-0.0109,0.1676,non,non,non,non,non,dans la bande
2023-07-21,SGO.PA,2023-07-24,53.9324,53.9324,50.634,2.1818,1.5118,0.0766,0.4102,non,oui,non,non,non,au-dessus du bord haut
2023-07-21,MC.PA,2023-07-24,812.0179,812.0179,810.8542,25.4638,0.0457,0.063,0.1389,non,non,non,non,non,dans la bande
2023-07-21,CAP.PA,2023-07-24,162.3001,162.3001,154.4452,7.5424,1.0414,-0.0304,0.19,non,oui,non,non,non,au-dessus du bord haut
2023-07-28,ENGI.PA,2023-07-31,11.989,11.989,12.3443,0.3299,-1.0771,0.1928,0.0395,oui,non,non,oui,oui,candidate à l'achat
2023-07-28,AC.PA,2023-07-31,31.2302,31.2302,31.1342,0.8501,0.1129,0.1558,0.0206,non,non,non,non,non,dans la bande
2023-07-28,EN.PA,2023-07-31,28.656,28.656,26.6537,0.6733,2.9739,0.0303,0.4823,non,oui,non,non,non,au-dessus du bord haut
2023-07-28,TTE.PA,2023-07-31,46.414,46.414,44.6668,1.4136,1.2359,-0.0708,0.2361,non,oui,non,non,non,au-dessus du bord haut
2023-07-28,SAF.PA,2023-07-31,145.6486,145.6486,137.8203,2.7439,2.853,0.0682,0.3677,non,oui,non,non,non,au-dessus du bord haut
2023-07-28,AIR.PA,2023-07-31,125.9267,125.9267,126.0476,2.5041,-0.0483,0.1133,0.0902,non,non,non,non,non,dans la bande
2023-07-28,PUB.PA,2023-07-31,65.4405,65.4405,62.1528,1.9345,1.6995,-0.0097,0.1111,non,oui,non,non,non,au-dessus du bord haut
2023-07-28,SGO.PA,2023-07-31,56.7973,56.7973,51.7297,2.2721,2.2303,0.1045,0.5687,non,oui,non,non,non,au-dessus du bord haut
2023-07-28,MC.PA,2023-07-31,787.037,787.037,809.1191,26.0527,-0.8476,0.0562,-0.005,non,non,non,non,non,dans la bande
2023-07-28,CAP.PA,2023-07-31,155.592,155.592,156.0501,7.3641,-0.0622,-0.0098,0.0433,non,non,non,non,non,dans la bande
2023-08-04,ENGI.PA,2023-08-07,11.5444,11.5444,12.3148,0.3492,-2.2059,0.1733,-0.1098,oui,non,non,oui,non,candidate à l'achat
2023-08-04,AC.PA,2023-08-07,30.1388,30.1388,31.3304,0.8394,-1.4196,0.1573,-0.1037,oui,non,non,oui,non,candidate à l'achat
2023-08-04,EN.PA,2023-08-07,27.9053,27.9053,26.8218,0.6974,1.5536,0.0332,0.5201,non,oui,non,non,non,au-dessus du bord haut
2023-08-04,TTE.PA,2023-08-07,47.3774,47.3774,44.8198,1.4483,1.7659,-0.0622,0.364,non,oui,non,non,non,au-dessus du bord haut
2023-08-04,SAF.PA,2023-08-07,141.5829,141.5829,138.7653,2.8602,0.9851,0.0708,0.488,non,non,non,non,non,dans la bande
2023-08-04,AIR.PA,2023-08-07,123.4538,123.4538,126.0349,2.3793,-1.0848,0.1019,-0.0773,oui,non,non,oui,non,candidate à l'achat
2023-08-04,PUB.PA,2023-08-07,65.6894,65.6894,62.7414,2.0332,1.4499,0.0038,0.1918,non,oui,non,non,non,au-dessus du bord haut
2023-08-04,SGO.PA,2023-08-07,56.6586,56.6586,52.8213,2.426,1.5817,0.1269,0.5227,non,oui,non,non,non,au-dessus du bord haut
2023-08-04,MC.PA,2023-08-07,763.4596,763.4596,804.0125,27.1014,-1.4963,0.0431,-0.2974,oui,non,non,oui,non,candidate à l'achat
2023-08-04,CAP.PA,2023-08-07,151.2131,151.2131,156.6049,7.0006,-0.7702,0.0025,-0.3002,non,non,non,non,non,dans la bande
2023-08-11,ENGI.PA,2023-08-14,11.5892,11.5892,12.2729,0.3727,-1.8342,0.1552,-0.3352,oui,non,non,oui,non,candidate à l'achat
2023-08-11,AC.PA,2023-08-14,30.6157,30.6157,31.5002,0.832,-1.0631,0.1575,-0.117,oui,non,non,oui,non,candidate à l'achat
2023-08-11,EN.PA,2023-08-14,27.4393,27.4393,26.9949,0.7152,0.6214,0.039,0.1844,non,non,non,non,non,dans la bande
2023-08-11,TTE.PA,2023-08-14,48.7415,48.7415,45.3182,1.5747,2.1739,-0.0427,0.4674,non,oui,non,non,non,au-dessus du bord haut
2023-08-11,SAF.PA,2023-08-14,142.4541,142.4541,139.977,2.9285,0.8459,0.0784,0.3472,non,non,non,non,non,dans la bande
2023-08-11,AIR.PA,2023-08-14,123.3972,123.3972,126.4615,2.3275,-1.3166,0.1021,-0.1643,oui,non,non,oui,non,candidate à l'achat
2023-08-11,PUB.PA,2023-08-14,64.9248,64.9248,63.3139,2.0357,0.7913,0.0182,0.138,non,non,non,non,non,dans la bande
2023-08-11,SGO.PA,2023-08-14,56.3722,56.3722,53.8765,2.4392,1.0231,0.1498,0.3502,non,oui,non,non,non,au-dessus du bord haut
2023-08-11,MC.PA,2023-08-14,767.5764,767.5764,798.7646,28.1399,-1.1083,0.0313,-0.3287,oui,non,non,oui,non,candidate à l'achat
2023-08-11,CAP.PA,2023-08-14,151.7721,151.7721,156.9628,6.4044,-0.8105,0.0148,-0.5471,non,non,non,non,non,dans la bande
2023-08-18,ENGI.PA,2023-08-21,11.6644,11.6644,12.2396,0.3964,-1.4513,0.1407,-0.3372,oui,non,non,oui,non,candidate à l'achat
2023-08-18,AC.PA,2023-08-21,29.9003,29.9003,31.6454,0.8076,-2.1608,0.1587,-0.1244,oui,non,non,oui,non,candidate à l'achat
2023-08-18,EN.PA,2023-08-21,26.9216,26.9216,27.0932,0.7143,-0.2403,0.0422,-0.1272,non,non,non,non,non,dans la bande
2023-08-18,TTE.PA,2023-08-21,48.6051,48.6051,45.7889,1.646,1.7109,-0.025,0.3106,non,oui,non,non,non,au-dessus du bord haut
2023-08-18,SAF.PA,2023-08-21,138.8337,138.8337,140.6941,2.9377,-0.6333,0.0806,-0.0182,non,non,non,non,non,dans la bande
2023-08-18,AIR.PA,2023-08-21,119.5841,119.5841,126.4035,2.5176,-2.7087,0.0973,-0.2454,oui,non,non,oui,non,candidate à l'achat
2023-08-18,PUB.PA,2023-08-21,63.1287,63.1287,63.6306,1.9614,-0.2559,0.0278,-0.0432,non,non,non,non,non,dans la bande
2023-08-18,SGO.PA,2023-08-21,54.7549,54.7549,54.8436,2.2969,-0.0386,0.172,0.0625,non,non,non,non,non,dans la bande
2023-08-18,MC.PA,2023-08-21,726.8772,726.8772,788.6231,28.9321,-2.1342,0.009,-0.3494,oui,non,non,oui,non,candidate à l'achat
2023-08-18,CAP.PA,2023-08-21,149.3031,149.3031,156.6288,6.3125,-1.1605,0.0171,-0.4693,oui,non,non,oui,non,candidate à l'achat
2023-08-25,ENGI.PA,2023-08-28,11.8291,11.8291,12.2081,0.4009,-0.9454,0.1248,0.0127,non,non,non,non,non,dans la bande
2023-08-25,AC.PA,2023-08-28,29.6618,29.6618,31.6856,0.8377,-2.416,0.1552,-0.1812,oui,non,non,oui,non,candidate à l'achat
2023-08-25,EN.PA,2023-08-28,26.9993,26.9993,27.1928,0.695,-0.2785,0.0474,-0.2304,non,non,non,non,non,dans la bande
2023-08-25,TTE.PA,2023-08-28,48.8694,48.8694,46.3933,1.6973,1.4589,-0.0032,0.3065,non,oui,non,non,non,au-dessus du bord haut
2023-08-25,SAF.PA,2023-08-28,140.46,140.46,141.3113,2.9236,-0.2912,0.0821,-0.1078,non,non,non,non,non,dans la bande
2023-08-25,AIR.PA,2023-08-28,122.5855,122.5855,126.4037,2.6456,-1.4432,0.0929,-0.1614,oui,non,non,oui,non,candidate à l'achat
2023-08-25,PUB.PA,2023-08-28,63.3599,63.3599,64.0034,1.7313,-0.3717,0.0408,-0.2716,non,non,non,non,non,dans la bande
2023-08-25,SGO.PA,2023-08-28,53.6367,53.6367,55.6896,1.8058,-1.1368,0.1961,-0.2874,oui,non,non,oui,non,candidate à l'achat
2023-08-25,MC.PA,2023-08-28,734.7363,734.7363,778.0347,29.7149,-1.4571,-0.0123,-0.3331,oui,non,non,oui,non,candidate à l'achat
2023-08-25,CAP.PA,2023-08-28,151.446,151.446,156.9758,5.9564,-0.9284,0.0261,-0.0964,non,non,non,non,non,dans la bande
2023-09-01,ENGI.PA,2023-09-04,11.8499,11.8499,12.1956,0.3986,-0.8675,0.1118,0.1784,non,non,non,non,non,dans la bande
2023-09-01,AC.PA,2023-09-04,30.7624,30.7624,31.74,0.8543,-1.1442,0.1497,-0.0785,oui,non,non,oui,non,candidate à l'achat
2023-09-01,EN.PA,2023-09-04,27.4652,27.4652,27.3306,0.6826,0.1972,0.0528,-0.0751,non,non,non,non,non,dans la bande
2023-09-01,TTE.PA,2023-09-04,50.2079,50.2079,46.9935,1.7615,1.8248,0.0156,0.2089,non,oui,non,non,non,au-dessus du bord haut
2023-09-01,SAF.PA,2023-09-04,141.3893,141.3893,142.0362,2.8973,-0.2233,0.0826,-0.012,non,non,non,non,non,dans la bande
2023-09-01,AIR.PA,2023-09-04,126.342,126.342,126.8794,2.6169,-0.2054,0.0919,0.1144,non,non,non,non,non,dans la bande
2023-09-01,PUB.PA,2023-09-04,64.3913,64.3913,64.4218,1.5942,-0.0191,0.0512,-0.0969,non,non,non,non,non,dans la bande
2023-09-01,SGO.PA,2023-09-04,55.6791,55.6791,56.4768,1.4257,-0.5595,0.2131,-0.1908,non,non,non,non,non,dans la bande
2023-09-01,MC.PA,2023-09-04,725.848,725.848,767.8936,28.4523,-1.4778,-0.034,-0.2149,oui,non,non,oui,non,candidate à l'achat
2023-09-01,CAP.PA,2023-09-04,160.2504,160.2504,158.0926,5.6669,0.3808,0.0391,0.3116,non,non,non,non,non,dans la bande
2023-09-08,ENGI.PA,2023-09-11,11.8563,11.8563,12.1092,0.3665,-0.6901,0.0875,0.0868,non,non,non,non,non,dans la bande
2023-09-08,AC.PA,2023-09-11,30.9459,30.9459,31.7115,0.8484,-0.9024,0.1349,0.1107,non,non,non,non,non,dans la bande
2023-09-08,EN.PA,2023-09-11,27.4048,27.4048,27.3637,0.6826,0.0603,0.0506,0.0301,non,non,non,non,non,dans la bande
2023-09-08,TTE.PA,2023-09-11,51.4782,51.4782,47.5172,1.8857,2.1005,0.025,0.3423,non,oui,non,non,non,au-dessus du bord haut
2023-09-08,SAF.PA,2023-09-11,143.79,143.79,142.2142,2.7177,0.5799,0.0754,0.076,non,non,non,non,non,dans la bande
2023-09-08,AIR.PA,2023-09-11,127.8333,127.8333,127.1144,2.4672,0.2914,0.0848,0.3385,non,non,non,non,non,dans la bande
2023-09-08,PUB.PA,2023-09-11,65.2449,65.2449,64.6234,1.5856,0.392,0.0527,0.1119,non,non,non,non,non,dans la bande
2023-09-08,SGO.PA,2023-09-11,53.0175,53.0175,56.6347,1.514,-2.3891,0.2071,-0.2419,oui,non,non,oui,non,candidate à l'achat
2023-09-08,MC.PA,2023-09-11,692.3531,692.3531,749.9809,27.7827,-2.0742,-0.069,-0.4076,oui,non,non,oui,non,candidate à l'achat
2023-09-08,CAP.PA,2023-09-11,158.6666,158.6666,158.6938,5.6396,-0.0048,0.0431,0.4102,non,non,non,non,non,dans la bande
2023-09-15,ENGI.PA,2023-09-18,12.1521,12.1521,12.0597,0.3091,0.299,0.0679,0.0916,non,non,non,non,non,dans la bande
2023-09-15,AC.PA,2023-09-18,31.7714,31.7714,31.7448,0.7694,0.0345,0.1216,0.3503,non,non,non,non,non,dans la bande
2023-09-15,EN.PA,2023-09-18,28.7681,28.7681,27.4804,0.6798,1.8943,0.0499,0.2331,non,oui,non,non,non,au-dessus du bord haut
2023-09-15,TTE.PA,2023-09-18,53.1749,53.1749,48.2381,2.0857,2.367,0.0388,0.4683,non,oui,non,non,non,au-dessus du bord haut
2023-09-15,SAF.PA,2023-09-18,147.546,147.546,143.08,2.7697,1.6124,0.0773,0.1792,non,oui,non,non,non,au-dessus du bord haut
2023-09-15,AIR.PA,2023-09-18,123.9447,123.9447,126.6991,2.3595,-1.1674,0.0712,0.1152,oui,non,non,oui,oui,candidate à l'achat
2023-09-15,PUB.PA,2023-09-18,65.2449,65.2449,64.8089,1.5644,0.2787,0.0521,0.1747,non,non,non,non,non,dans la bande
2023-09-15,SGO.PA,2023-09-18,52.8974,52.8974,56.5467,1.7052,-2.1402,0.1932,-0.2424,oui,non,non,oui,non,candidate à l'achat
2023-09-15,MC.PA,2023-09-18,712.1881,712.1881,733.7636,26.5813,-0.8117,-0.0985,-0.4735,non,non,non,non,non,dans la bande
2023-09-15,CAP.PA,2023-09-18,158.4802,158.4802,158.8125,5.6373,-0.0589,0.0415,0.192,non,non,non,non,non,dans la bande
2023-09-22,ENGI.PA,2023-09-25,11.9602,11.9602,12.0469,0.2823,-0.3069,0.0568,0.1205,non,non,non,non,non,dans la bande
2023-09-22,AC.PA,2023-09-25,30.2488,30.2488,31.6701,0.7362,-1.9305,0.1056,0.1494,oui,non,non,oui,oui,candidate à l'achat
2023-09-22,EN.PA,2023-09-25,28.7681,28.7681,27.7301,0.7269,1.4281,0.0559,0.3951,non,oui,non,non,non,au-dessus du bord haut
2023-09-22,TTE.PA,2023-09-25,53.4096,53.4096,49.1904,2.2819,1.849,0.0621,0.5081,non,oui,non,non,non,au-dessus du bord haut
2023-09-22,SAF.PA,2023-09-25,142.4929,142.4929,143.9248,2.8229,-0.5072,0.0799,0.1251,non,non,non,non,non,dans la bande
2023-09-22,AIR.PA,2023-09-25,116.9225,116.9225,125.9335,2.643,-3.4094,0.0572,-0.3143,oui,non,non,oui,non,candidate à l'achat
2023-09-22,PUB.PA,2023-09-25,63.271,63.271,64.8545,1.574,-1.006,0.0503,-0.0263,oui,non,non,oui,non,candidate à l'achat
2023-09-22,SGO.PA,2023-09-25,51.8716,51.8716,56.4827,1.8677,-2.4688,0.1814,-0.2876,oui,non,non,oui,non,candidate à l'achat
2023-09-22,MC.PA,2023-09-25,685.1488,685.1488,718.9257,25.48,-1.3256,-0.123,-0.4775,oui,non,non,oui,non,candidate à l'achat
2023-09-22,CAP.PA,2023-09-25,155.3591,155.3591,158.8875,5.6276,-0.627,0.0416,-0.101,non,non,non,non,non,dans la bande
2023-09-29,ENGI.PA,2023-10-02,11.618,11.618,11.9928,0.285,-1.3153,0.0448,-0.0172,oui,non,non,oui,non,candidate à l'achat
2023-09-29,AC.PA,2023-10-02,29.2949,29.2949,31.3618,0.7835,-2.6381,0.0814,-0.2857,oui,non,oui,oui,non,candidate à l'achat
2023-09-29,EN.PA,2023-10-02,28.5956,28.5956,27.9175,0.7416,0.9143,0.0597,0.366,non,non,non,non,non,dans la bande
2023-09-29,TTE.PA,2023-10-02,53.7547,53.7547,50.3539,2.3369,1.4552,0.0952,0.3911,non,oui,non,non,non,au-dessus du bord haut
2023-09-29,SAF.PA,2023-10-02,143.8868,143.8868,144.3865,2.8252,-0.1769,0.0788,0.0639,non,non,non,non,non,dans la bande
2023-09-29,AIR.PA,2023-10-02,119.8484,119.8484,124.8863,3.0753,-1.6382,0.0423,-0.4912,oui,non,non,oui,non,candidate à l'achat
2023-09-29,PUB.PA,2023-10-02,63.8045,63.8045,64.7351,1.6079,-0.5788,0.0451,-0.1554,non,non,non,non,non,dans la bande
2023-09-29,SGO.PA,2023-10-02,52.5647,52.5647,56.1228,2.0304,-1.7524,0.158,-0.1166,oui,non,non,oui,non,candidate à l'achat
2023-09-29,MC.PA,2023-10-02,670.2726,670.2726,701.5664,25.0223,-1.2506,-0.1504,-0.3239,oui,non,non,oui,non,candidate à l'achat
2023-09-29,CAP.PA,2023-10-02,154.474,154.474,158.6681,5.6725,-0.7394,0.0398,-0.2078,non,non,non,non,non,dans la bande
2023-10-06,ENGI.PA,2023-10-09,11.2998,11.2998,11.8797,0.308,-1.8828,0.0275,-0.4113,oui,non,non,oui,non,candidate à l'achat
2023-10-06,AC.PA,2023-10-09,29.1115,29.1115,30.9917,0.9257,-2.0311,0.0588,-0.6375,oui,non,oui,oui,non,candidate à l'achat
2023-10-06,EN.PA,2023-10-09,28.1382,28.1382,28.0324,0.7306,0.1449,0.0636,-0.0578,non,non,non,non,non,dans la bande
2023-10-06,TTE.PA,2023-10-09,52.0552,52.0552,51.2187,2.1759,0.3844,0.1206,0.0046,non,non,non,non,non,dans la bande
2023-10-06,SAF.PA,2023-10-09,140.1503,140.1503,144.4405,2.8769,-1.4913,0.0768,-0.2387,oui,non,non,oui,non,candidate à l'achat
2023-10-06,AIR.PA,2023-10-09,117.3,117.3,123.923,3.409,-1.9428,0.0301,-0.3693,oui,non,non,oui,non,candidate à l'achat
2023-10-06,PUB.PA,2023-10-09,63.8934,63.8934,64.8671,1.4848,-0.6558,0.0504,-0.2037,non,non,non,non,non,dans la bande
2023-10-06,SGO.PA,2023-10-09,50.3376,50.3376,55.458,2.3427,-2.1857,0.1302,-0.2927,oui,non,oui,oui,non,candidate à l'achat
2023-10-06,MC.PA,2023-10-09,682.7163,682.7163,689.9944,25.2718,-0.288,-0.1632,-0.2551,non,non,non,non,non,dans la bande
2023-10-06,CAP.PA,2023-10-09,154.0081,154.0081,157.8346,5.7686,-0.6633,0.0296,-0.2004,non,non,non,non,non,dans la bande
2023-10-13,ENGI.PA,2023-10-16,11.8147,11.8147,11.8361,0.3037,-0.0704,0.0183,-0.2561,non,non,non,non,non,dans la bande
2023-10-13,AC.PA,2023-10-16,28.3686,28.3686,30.636,0.9873,-2.2967,0.0367,-0.4756,oui,non,oui,oui,non,candidate à l'achat
2023-10-13,EN.PA,2023-10-16,27.7845,27.7845,28.1394,0.7238,-0.4904,0.0664,-0.2647,non,non,non,non,non,dans la bande
2023-10-13,TTE.PA,2023-10-16,54.4966,54.4966,52.211,2.0006,1.1425,0.1475,-0.0409,non,oui,non,non,non,au-dessus du bord haut
2023-10-13,SAF.PA,2023-10-16,144.3128,144.3128,145.3391,2.7927,-0.3675,0.0826,-0.0618,non,non,non,non,non,dans la bande
2023-10-13,AIR.PA,2023-10-16,115.1103,115.1103,122.963,3.6177,-2.1706,0.0174,-0.1622,oui,non,non,oui,non,candidate à l'achat
2023-10-13,PUB.PA,2023-10-16,66.9876,66.9876,65.4073,1.3745,1.1497,0.0628,0.1868,non,oui,non,non,non,au-dessus du bord haut
2023-10-13,SGO.PA,2023-10-16,49.1731,49.1731,54.7317,2.4923,-2.2303,0.0994,-0.357,oui,non,oui,oui,non,candidate à l'achat
2023-10-13,MC.PA,2023-10-16,618.0654,618.0654,677.0714,26.5626,-2.2214,-0.1768,-0.3387,oui,non,non,oui,non,candidate à l'achat
2023-10-13,CAP.PA,2023-10-16,154.3808,154.3808,157.3373,5.6828,-0.5203,0.0203,0.0062,non,non,non,non,non,dans la bande
2023-10-20,ENGI.PA,2023-10-23,11.7443,11.7443,11.8452,0.3037,-0.3321,0.0182,0.1357,non,non,non,non,non,dans la bande
2023-10-20,AC.PA,2023-10-23,27.0754,27.0754,30.1889,1.0799,-2.8831,0.0123,-0.297,oui,non,oui,oui,non,candidate à l'achat
2023-10-20,EN.PA,2023-10-23,26.8957,26.8957,28.1817,0.715,-1.7985,0.068,-0.2701,oui,non,non,oui,non,candidate à l'achat
2023-10-20,TTE.PA,2023-10-23,53.979,53.979,53.1525,1.9121,0.4323,0.1681,0.1017,non,non,non,non,non,dans la bande
2023-10-20,SAF.PA,2023-10-23,140.3051,140.3051,145.7928,2.824,-1.9432,0.0822,0.0858,oui,non,non,oui,oui,candidate à l'achat
2023-10-20,AIR.PA,2023-10-23,114.4497,114.4497,121.8321,3.704,-1.9931,0.0019,-0.0342,oui,non,non,oui,non,candidate à l'achat
2023-10-20,PUB.PA,2023-10-23,63.9112,63.9112,65.7361,1.343,-1.3588,0.0659,0.3611,oui,non,non,oui,oui,candidate à l'achat
2023-10-20,SGO.PA,2023-10-23,45.9849,45.9849,53.5978,2.76,-2.7583,0.0601,-0.5338,oui,non,oui,oui,non,candidate à l'achat
2023-10-20,MC.PA,2023-10-23,621.2465,621.2465,661.1935,27.7576,-1.4391,-0.1963,-0.41,oui,non,non,oui,non,candidate à l'achat
2023-10-20,CAP.PA,2023-10-23,152.0516,152.0516,156.5565,5.6804,-0.7931,0.0106,0.0294,non,non,non,non,non,dans la bande
2023-10-27,ENGI.PA,2023-10-30,11.9314,11.9314,11.868,0.3014,0.2105,0.0213,0.2994,non,non,non,non,non,dans la bande
2023-10-27,AC.PA,2023-10-30,27.3597,27.3597,29.6627,1.1482,-2.0058,-0.0149,-0.3081,oui,non,oui,oui,non,candidate à l'achat
2023-10-27,EN.PA,2023-10-30,27.1977,27.1977,28.2241,0.6759,-1.5186,0.0716,-0.2092,oui,non,non,oui,non,candidate à l'achat
2023-10-27,TTE.PA,2023-10-30,54.35,54.35,53.8989,1.7821,0.2531,0.1827,0.1994,non,non,non,non,non,dans la bande
2023-10-27,SAF.PA,2023-10-30,141.9702,141.9702,145.8884,2.8889,-1.3563,0.0781,0.0944,oui,non,non,oui,oui,candidate à l'achat
2023-10-27,AIR.PA,2023-10-30,117.9418,117.9418,120.6163,3.4572,-0.7736,-0.0165,0.011,non,non,non,non,non,dans la bande
2023-10-27,PUB.PA,2023-10-30,64.3557,64.3557,65.6255,1.3429,-0.9456,0.0576,0.1484,non,non,non,non,non,dans la bande
2023-10-27,SGO.PA,2023-10-30,47.5374,47.5374,52.3494,2.9904,-1.6091,0.0205,-0.5487,oui,non,oui,oui,non,candidate à l'achat
2023-10-27,MC.PA,2023-10-30,618.814,618.814,648.6151,28.1803,-1.0575,-0.2085,-0.4692,oui,non,non,oui,non,candidate à l'achat
2023-10-27,CAP.PA,2023-10-30,149.7224,149.7224,155.4441,5.5543,-1.0302,-0.0032,-0.0402,oui,non,non,oui,non,candidate à l'achat
2023-11-03,ENGI.PA,2023-11-06,12.1169,12.1169,11.9296,0.302,0.6202,0.0278,0.2209,non,non,non,non,non,dans la bande
2023-11-03,AC.PA,2023-11-06,27.2404,27.2404,29.1703,1.1292,-1.7091,-0.0408,-0.2933,oui,non,oui,oui,non,candidate à l'achat
2023-11-03,EN.PA,2023-11-06,28.9407,28.9407,28.4126,0.6592,0.801,0.0785,0.0798,non,non,non,non,non,dans la bande
2023-11-03,TTE.PA,2023-11-06,53.772,53.772,54.7036,1.6325,-0.5707,0.1978,0.104,non,non,non,non,non,dans la bande
2023-11-03,SAF.PA,2023-11-06,145.2614,145.2614,146.4696,2.8152,-0.4291,0.0809,-0.0375,non,non,non,non,non,dans la bande
2023-11-03,AIR.PA,2023-11-06,121.8116,121.8116,120.2472,3.3712,0.464,-0.0219,0.1614,non,non,non,non,non,dans la bande
2023-11-03,PUB.PA,2023-11-06,63.7867,63.7867,65.3946,1.3523,-1.1891,0.0473,-0.2094,oui,non,non,oui,non,candidate à l'achat
2023-11-03,SGO.PA,2023-11-06,50.1527,50.1527,51.5001,3.0022,-0.4488,-0.0075,-0.2782,non,non,oui,non,non,dans la bande
2023-11-03,MC.PA,2023-11-06,657.5483,657.5483,639.5659,28.2656,0.6362,-0.2143,-0.0789,non,non,non,non,non,dans la bande
2023-11-03,CAP.PA,2023-11-06,161.6946,161.6946,154.8803,5.275,1.2918,-0.0134,0.0275,non,oui,non,non,non,au-dessus du bord haut
2023-11-10,ENGI.PA,2023-11-13,12.2321,12.2321,11.9678,0.3005,0.8795,0.0282,0.2249,non,non,non,non,non,dans la bande
2023-11-10,AC.PA,2023-11-13,27.4789,27.4789,28.6674,1.0879,-1.0925,-0.0661,-0.1445,oui,non,oui,oui,non,candidate à l'achat
2023-11-10,EN.PA,2023-11-13,29.3118,29.3118,28.644,0.6638,1.0059,0.0852,0.4415,non,oui,non,non,non,au-dessus du bord haut
2023-11-10,TTE.PA,2023-11-13,53.5218,53.5218,55.2249,1.4533,-1.1719,0.2061,-0.1128,oui,non,non,oui,non,candidate à l'achat
2023-11-10,SAF.PA,2023-11-13,148.1849,148.1849,147.087,2.7831,0.3945,0.0812,0.1283,non,non,non,non,non,dans la bande
2023-11-10,AIR.PA,2023-11-13,121.2642,121.2642,119.9363,3.2119,0.4134,-0.0279,0.2671,non,non,non,non,non,dans la bande
2023-11-10,PUB.PA,2023-11-13,62.5597,62.5597,65.1505,1.3379,-1.9365,0.037,-0.2477,oui,non,oui,oui,non,candidate à l'achat
2023-11-10,SGO.PA,2023-11-13,50.1158,50.1158,50.8493,2.8961,-0.2533,-0.0304,0.2981,non,non,oui,non,non,dans la bande
2023-11-10,MC.PA,2023-11-13,642.8591,642.8591,631.6233,27.0946,0.4147,-0.2217,0.3162,non,non,non,non,non,dans la bande
2023-11-10,CAP.PA,2023-11-13,160.1107,160.1107,154.5916,4.687,1.1775,-0.0228,0.3111,non,oui,non,non,non,au-dessus du bord haut
2023-11-17,ENGI.PA,2023-11-20,12.4735,12.4735,12.0106,0.2995,1.5458,0.0277,0.2769,non,oui,non,non,non,au-dessus du bord haut
2023-11-17,AC.PA,2023-11-20,28.7722,28.7722,28.3336,0.9631,0.4554,-0.0842,0.1751,non,non,oui,non,non,dans la bande
2023-11-17,EN.PA,2023-11-20,30.0538,30.0538,28.9675,0.6988,1.5546,0.0948,0.6179,non,oui,non,non,non,au-dessus du bord haut
2023-11-17,TTE.PA,2023-11-20,53.3234,53.3234,55.6242,1.4142,-1.627,0.207,-0.0823,oui,non,non,oui,non,candidate à l'achat
2023-11-17,SAF.PA,2023-11-20,155.4257,155.4257,148.4751,2.9765,2.3352,0.0874,0.4423,non,oui,non,non,non,au-dessus du bord haut
2023-11-17,AIR.PA,2023-11-20,124.8318,124.8318,119.9366,3.0634,1.598,-0.0311,0.325,non,oui,non,non,non,au-dessus du bord haut
2023-11-17,PUB.PA,2023-11-20,65.7072,65.7072,64.8361,1.258,0.6925,0.0244,-0.0523,non,non,non,non,non,dans la bande
2023-11-17,SGO.PA,2023-11-20,53.9417,53.9417,50.5858,2.6823,1.2511,-0.0457,0.8006,non,oui,non,non,non,au-dessus du bord haut
2023-11-17,MC.PA,2023-11-20,665.7816,665.7816,624.8644,25.9132,1.579,-0.228,0.3455,non,oui,non,non,non,au-dessus du bord haut
2023-11-17,CAP.PA,2023-11-20,165.7474,165.7474,155.02,4.4663,2.4019,-0.024,0.4558,non,oui,non,non,non,au-dessus du bord haut
2023-11-24,ENGI.PA,2023-11-27,12.5967,12.5967,12.0773,0.3072,1.6911,0.0299,0.2297,non,oui,non,non,non,au-dessus du bord haut
2023-11-24,AC.PA,2023-11-27,29.0473,29.0473,28.1955,0.8848,0.9628,-0.0917,0.3895,non,non,oui,non,non,dans la bande
2023-11-24,EN.PA,2023-11-27,30.1401,30.1401,29.2518,0.7158,1.241,0.1019,0.3644,non,oui,non,non,non,au-dessus du bord haut
2023-11-24,TTE.PA,2023-11-27,54.4707,54.4707,56.0609,1.3627,-1.167,0.209,-0.0489,oui,non,non,oui,non,candidate à l'achat
2023-11-24,SAF.PA,2023-11-27,155.8709,155.8709,150.0203,3.228,1.8125,0.0934,0.5238,non,oui,non,non,non,au-dessus du bord haut
2023-11-24,AIR.PA,2023-11-27,127.0971,127.0971,120.4295,3.1933,2.088,-0.028,0.3257,non,oui,non,non,non,au-dessus du bord haut
2023-11-24,PUB.PA,2023-11-27,66.4719,66.4719,65.0316,1.2386,1.1628,0.0239,0.2445,non,oui,non,non,non,au-dessus du bord haut
2023-11-24,SGO.PA,2023-11-27,53.8123,53.8123,50.6206,2.6175,1.2194,-0.05,0.7419,non,oui,non,non,non,au-dessus du bord haut
2023-11-24,MC.PA,2023-11-27,661.3843,661.3843,619.01,24.7043,1.7153,-0.2335,0.2487,non,oui,non,non,non,au-dessus du bord haut
2023-11-24,CAP.PA,2023-11-27,169.6139,169.6139,156.7837,5.1603,2.4864,-0.0105,0.5046,non,oui,non,non,non,au-dessus du bord haut
2023-12-01,ENGI.PA,2023-12-04,12.8302,12.8302,12.1728,0.3258,2.0177,0.0353,0.2922,non,oui,non,non,non,au-dessus du bord haut
2023-12-01,AC.PA,2023-12-04,29.7719,29.7719,28.1579,0.892,1.8095,-0.091,0.4387,non,oui,non,non,non,au-dessus du bord haut
2023-12-01,EN.PA,2023-12-04,30.2437,30.2437,29.5336,0.7328,0.9689,0.1078,0.2264,non,non,non,non,non,dans la bande
2023-12-01,TTE.PA,2023-12-04,53.7978,53.7978,56.3108,1.4164,-1.7741,0.2039,0.0801,oui,non,non,oui,oui,candidate à l'achat
2023-12-01,SAF.PA,2023-12-04,157.9232,157.9232,151.573,3.3932,1.8714,0.1006,0.393,non,oui,non,non,non,au-dessus du bord haut
2023-12-01,AIR.PA,2023-12-04,130.325,130.325,121.3381,3.5089,2.5611,-0.0185,0.3438,non,oui,non,non,non,au-dessus du bord haut
2023-12-01,PUB.PA,2023-12-04,69.5483,69.5483,65.6061,1.3892,2.8378,0.0334,0.4781,non,oui,non,non,non,au-dessus du bord haut
2023-12-01,SGO.PA,2023-12-04,55.2909,55.2909,50.9917,2.7106,1.586,-0.0416,0.6283,non,oui,non,non,non,au-dessus du bord haut
2023-12-01,MC.PA,2023-12-04,654.1801,654.1801,614.4605,25.1708,1.578,-0.2321,-0.0193,non,oui,non,non,non,au-dessus du bord haut
2023-12-01,CAP.PA,2023-12-04,174.2258,174.2258,159.7375,5.8402,2.4808,0.017,0.5402,non,oui,non,non,non,au-dessus du bord haut
2023-12-08,ENGI.PA,2023-12-11,12.9805,12.9805,12.2773,0.3461,2.0314,0.0409,0.2979,non,oui,non,non,non,au-dessus du bord haut
2023-12-08,AC.PA,2023-12-11,31.9273,31.9273,28.3857,1.0328,3.4291,-0.0798,0.5279,non,oui,non,non,non,au-dessus du bord haut
2023-12-08,EN.PA,2023-12-11,31.072,31.072,29.8124,0.7556,1.6669,0.1117,0.166,non,oui,non,non,non,au-dessus du bord haut
2023-12-08,TTE.PA,2023-12-11,53.401,53.401,56.2682,1.5864,-1.8074,0.1904,-0.1064,oui,non,non,oui,non,candidate à l'achat
2023-12-08,SAF.PA,2023-12-11,159.3365,159.3365,153.4012,3.5097,1.6911,0.1112,0.2051,non,oui,non,non,non,au-dessus du bord haut
2023-12-08,AIR.PA,2023-12-11,133.8549,133.8549,122.5853,3.9221,2.8734,-0.0062,0.3505,non,oui,non,non,non,au-dessus du bord haut
2023-12-08,PUB.PA,2023-12-11,70.473,70.473,66.3416,1.6125,2.5621,0.0434,0.6165,non,oui,non,non,non,au-dessus du bord haut
2023-12-08,SGO.PA,2023-12-11,57.1669,57.1669,51.4558,2.8225,2.0234,-0.0346,0.476,non,oui,non,non,non,au-dessus du bord haut
2023-12-08,MC.PA,2023-12-11,696.9937,696.9937,615.1237,28.075,2.9161,-0.221,0.1173,non,oui,non,non,non,au-dessus du bord haut
2023-12-08,CAP.PA,2023-12-11,179.0239,179.0239,163.0526,6.4967,2.4584,0.0453,0.5457,non,oui,non,non,non,au-dessus du bord haut
2023-12-15,ENGI.PA,2023-12-18,12.9645,12.9645,12.4038,0.3609,1.5537,0.0516,0.2208,non,oui,non,non,non,au-dessus du bord haut
2023-12-15,AC.PA,2023-12-18,31.7805,31.7805,28.812,1.2412,2.3917,-0.0588,0.6413,non,oui,non,non,non,au-dessus du bord haut
2023-12-15,EN.PA,2023-12-18,30.6319,30.6319,30.1223,0.778,0.6551,0.1173,0.2236,non,non,non,non,non,dans la bande
2023-12-15,TTE.PA,2023-12-18,53.1681,53.1681,56.1492,1.7096,-1.7437,0.1733,-0.154,oui,non,non,oui,non,candidate à l'achat
2023-12-15,SAF.PA,2023-12-18,155.0385,155.0385,155.1349,3.6319,-0.0266,0.12,0.1266,non,non,non,non,non,dans la bande
2023-12-15,AIR.PA,2023-12-18,131.6841,131.6841,124.2164,4.428,1.6865,0.0099,0.3604,non,oui,non,non,non,au-dessus du bord haut
2023-12-15,PUB.PA,2023-12-18,74.154,74.154,67.504,2.0416,3.2572,0.0618,0.6112,non,oui,non,non,non,au-dessus du bord haut
2023-12-15,SGO.PA,2023-12-18,61.5565,61.5565,52.3821,3.1692,2.8949,-0.0162,0.6843,non,oui,non,non,non,au-dessus du bord haut
2023-12-15,MC.PA,2023-12-18,705.7639,705.7639,621.017,32.614,2.5985,-0.1987,0.381,non,oui,non,non,non,au-dessus du bord haut
2023-12-15,CAP.PA,2023-12-18,182.5178,182.5178,166.5209,7.1269,2.2446,0.0724,0.4531,non,oui,non,non,non,au-dessus du bord haut
2023-12-22,ENGI.PA,2023-12-27,12.9213,12.9213,12.5591,0.3511,1.0318,0.0689,0.104,non,oui,non,non,non,au-dessus du bord haut
2023-12-22,AC.PA,2023-12-27,31.8631,31.8631,29.2126,1.3684,1.9369,-0.0385,0.5631,non,oui,non,non,non,au-dessus du bord haut
2023-12-22,EN.PA,2023-12-27,29.5965,29.5965,30.1658,0.7713,-0.7381,0.1101,-0.0746,non,non,non,non,non,dans la bande
2023-12-22,TTE.PA,2023-12-27,53.7461,53.7461,56.0372,1.7449,-1.3131,0.156,-0.0237,oui,non,non,oui,non,candidate à l'achat
2023-12-22,SAF.PA,2023-12-27,154.7287,154.7287,155.7407,3.5804,-0.2826,0.1163,-0.0398,non,non,non,non,non,dans la bande
2023-12-22,AIR.PA,2023-12-27,131.6086,131.6086,125.5055,4.5965,1.3278,0.0234,0.1918,non,oui,non,non,non,au-dessus du bord haut
2023-12-22,PUB.PA,2023-12-27,75.0965,75.0965,68.8589,2.4227,2.5746,0.0839,0.6134,non,oui,non,non,non,au-dessus du bord haut
2023-12-22,SGO.PA,2023-12-27,61.575,61.575,53.4673,3.5214,2.3024,0.0043,0.7752,non,oui,non,non,non,au-dessus du bord haut
2023-12-22,MC.PA,2023-12-27,695.6735,695.6735,627.625,36.148,1.8825,-0.1754,0.5064,non,oui,non,non,non,au-dessus du bord haut
2023-12-22,CAP.PA,2023-12-27,175.5767,175.5767,169.4155,7.1356,0.8634,0.0951,0.1964,non,non,non,non,non,dans la bande
2023-12-29,ENGI.PA,2024-01-02,12.7278,12.7278,12.6246,0.3478,0.2968,0.0748,0.019,non,non,non,non,non,dans la bande
2023-12-29,AC.PA,2024-01-02,31.7347,31.7347,29.4496,1.4192,1.6101,-0.0262,0.3264,non,oui,non,non,non,au-dessus du bord haut
2023-12-29,EN.PA,2024-01-02,29.4412,29.4412,30.1416,0.7604,-0.9212,0.1024,-0.203,non,non,non,non,non,dans la bande
2023-12-29,TTE.PA,2024-01-02,53.1422,53.1422,55.8787,1.7508,-1.563,0.1428,0.0381,oui,non,non,oui,oui,candidate à l'achat
2023-12-29,SAF.PA,2024-01-02,154.3608,154.3608,155.948,3.5491,-0.4472,0.112,-0.1411,non,non,non,non,non,dans la bande
2023-12-29,AIR.PA,2024-01-02,131.9295,131.9295,126.3548,4.6584,1.1967,0.0326,0.0679,non,oui,non,non,non,au-dessus du bord haut
2023-12-29,PUB.PA,2024-01-02,74.6875,74.6875,69.6362,2.5746,1.962,0.0959,0.4851,non,oui,non,non,non,au-dessus du bord haut
2023-12-29,SGO.PA,2024-01-02,61.6028,61.6028,54.1951,3.7185,1.9921,0.0196,0.686,non,oui,non,non,non,au-dessus du bord haut
2023-12-29,MC.PA,2024-01-02,691.807,691.807,631.508,37.2258,1.6198,-0.1605,0.2947,non,oui,non,non,non,au-dessus du bord haut
2023-12-29,CAP.PA,2024-01-02,175.8562,175.8562,171.0234,7.0482,0.6857,0.1073,0.039,non,non,non,non,non,dans la bande
2024-01-05,ENGI.PA,2024-01-08,13.0684,13.0684,12.7188,0.339,1.0315,0.0838,-0.0282,non,oui,non,non,non,au-dessus du bord haut
2024-01-05,AC.PA,2024-01-08,31.432,31.432,29.7498,1.4576,1.1541,-0.0103,-0.0039,non,oui,non,non,non,au-dessus du bord haut
2024-01-05,EN.PA,2024-01-08,30.2091,30.2091,30.2062,0.7585,0.0039,0.0987,-0.2538,non,non,non,non,non,dans la bande
2024-01-05,TTE.PA,2024-01-08,54.5742,54.5742,55.7214,1.6485,-0.6959,0.1256,0.1526,non,non,non,non,non,dans la bande
2024-01-05,SAF.PA,2024-01-08,154.4383,154.4383,156.1412,3.4981,-0.4868,0.1056,-0.2165,non,non,non,non,non,dans la bande
2024-01-05,AIR.PA,2024-01-08,131.854,131.854,127.4983,4.6445,0.9378,0.0457,-0.0557,non,non,non,non,non,dans la bande
2024-01-05,PUB.PA,2024-01-08,75.2388,75.2388,70.7155,2.6677,1.6956,0.1141,0.3383,non,oui,non,non,non,au-dessus du bord haut
2024-01-05,SGO.PA,2024-01-08,58.932,58.932,54.9761,3.8392,1.0304,0.0373,0.3141,non,oui,non,non,non,au-dessus du bord haut
2024-01-05,MC.PA,2024-01-08,649.6536,649.6536,634.8789,36.0771,0.4095,-0.141,-0.1959,non,non,non,non,non,dans la bande
2024-01-05,CAP.PA,2024-01-08,171.8965,171.8965,172.9886,6.567,-0.1663,0.124,-0.1637,non,non,non,non,non,dans la bande
2024-01-12,ENGI.PA,2024-01-15,12.9485,12.9485,12.8893,0.3026,0.1956,0.1022,0.0631,non,non,non,non,non,dans la bande
2024-01-12,AC.PA,2024-01-15,32.1382,32.1382,30.1662,1.497,1.3173,0.011,0.0057,non,oui,non,non,non,au-dessus du bord haut
2024-01-12,EN.PA,2024-01-15,30.8649,30.8649,30.4497,0.7558,0.5493,0.1042,0.0792,non,non,non,non,non,dans la bande
2024-01-12,TTE.PA,2024-01-15,52.5135,52.5135,55.2815,1.6825,-1.6452,0.1019,-0.065,oui,non,non,oui,non,candidate à l'achat
2024-01-12,SAF.PA,2024-01-15,163.1117,163.1117,157.1887,3.532,1.677,0.1069,0.0921,non,oui,non,non,non,au-dessus du bord haut
2024-01-12,AIR.PA,2024-01-15,140.8204,140.8204,129.7521,4.7183,2.3458,0.0706,0.1966,non,oui,non,non,non,au-dessus du bord haut
2024-01-12,PUB.PA,2024-01-15,75.9323,75.9323,71.9568,2.7678,1.4363,0.1318,0.1545,non,oui,non,non,non,au-dessus du bord haut
2024-01-12,SGO.PA,2024-01-15,58.7564,58.7564,55.7583,3.8865,0.7714,0.0555,-0.209,non,non,non,non,non,dans la bande
2024-01-12,MC.PA,2024-01-15,631.736,631.736,635.9576,34.1205,-0.1237,-0.1233,-0.6241,non,non,non,non,non,dans la bande
2024-01-12,CAP.PA,2024-01-15,179.1171,179.1171,175.1238,5.8931,0.6776,0.1412,-0.2217,non,non,non,non,non,dans la bande
2024-01-19,ENGI.PA,2024-01-22,12.4352,12.4352,12.9466,0.2794,-1.8306,0.1072,-0.134,oui,non,non,oui,non,candidate à l'achat
2024-01-19,AC.PA,2024-01-22,33.0004,33.0004,30.6577,1.524,1.5372,0.0353,0.1369,non,oui,non,non,non,au-dessus du bord haut
2024-01-19,EN.PA,2024-01-22,29.9244,29.9244,30.6289,0.7258,-0.9705,0.1089,0.1578,non,non,non,non,non,dans la bande
2024-01-19,TTE.PA,2024-01-22,50.8894,50.8894,54.6756,1.7335,-2.1842,0.0754,-0.2908,oui,non,oui,oui,non,candidate à l'achat
2024-01-19,SAF.PA,2024-01-22,164.4089,164.4089,159.3275,3.4927,1.4549,0.1211,0.4001,non,oui,non,non,non,au-dessus du bord haut
2024-01-19,AIR.PA,2024-01-22,140.4807,140.4807,132.2972,4.8731,1.6793,0.0962,0.4574,non,oui,non,non,non,au-dessus du bord haut
2024-01-19,PUB.PA,2024-01-22,77.1949,77.1949,73.479,2.7917,1.331,0.1564,0.1786,non,oui,non,non,non,au-dessus du bord haut
2024-01-19,SGO.PA,2024-01-22,57.1207,57.1207,56.5477,3.7919,0.1511,0.078,-0.4316,non,non,non,non,non,dans la bande
2024-01-19,MC.PA,2024-01-22,621.8342,621.8342,634.0428,32.6254,-0.3742,-0.1131,-0.7548,non,non,non,non,non,dans la bande
2024-01-19,CAP.PA,2024-01-22,183.5892,183.5892,178.1438,5.3778,1.0126,0.1618,0.1548,non,oui,non,non,non,au-dessus du bord haut
2024-01-26,ENGI.PA,2024-01-29,11.7203,11.7203,12.8911,0.3243,-3.6103,0.096,-0.4107,oui,non,oui,oui,non,candidate à l'achat
2024-01-26,AC.PA,2024-01-29,33.9543,33.9543,31.2125,1.5903,1.724,0.0589,0.3501,non,oui,non,non,non,au-dessus du bord haut
2024-01-26,EN.PA,2024-01-29,30.3817,30.3817,30.7762,0.7128,-0.5534,0.111,0.0375,non,non,non,non,non,dans la bande
2024-01-26,TTE.PA,2024-01-29,52.0594,52.0594,53.9978,1.6644,-1.1646,0.0473,-0.3349,oui,non,oui,oui,non,candidate à l'achat
2024-01-26,SAF.PA,2024-01-29,168.2423,168.2423,161.5259,3.5914,1.8701,0.1336,0.4901,non,oui,non,non,non,au-dessus du bord haut
2024-01-26,AIR.PA,2024-01-29,140.896,140.896,134.5721,4.9081,1.2885,0.1168,0.4125,non,oui,non,non,non,au-dessus du bord haut
2024-01-26,PUB.PA,2024-01-29,82.1385,82.1385,75.3689,2.8298,2.3923,0.1873,0.4333,non,oui,non,non,non,au-dessus du bord haut
2024-01-26,SGO.PA,2024-01-29,59.6713,59.6713,57.4657,3.6414,0.6057,0.104,-0.2136,non,non,non,non,non,dans la bande
2024-01-26,MC.PA,2024-01-29,729.0566,729.0566,637.3022,32.7599,2.8008,-0.0948,-0.1444,non,oui,non,non,non,au-dessus du bord haut
2024-01-26,CAP.PA,2024-01-29,191.8347,191.8347,181.6432,5.6129,1.8157,0.18,0.582,non,oui,non,non,non,au-dessus du bord haut
2024-02-02,ENGI.PA,2024-02-05,11.7171,11.7171,12.7739,0.3904,-2.7067,0.0789,-0.703,oui,non,oui,oui,non,candidate à l'achat
2024-02-02,AC.PA,2024-02-05,33.569,33.569,31.822,1.6089,1.0859,0.0856,0.3658,non,oui,non,non,non,au-dessus du bord haut
2024-02-02,EN.PA,2024-02-05,29.1823,29.1823,30.728,0.7681,-2.0125,0.1039,-0.2772,oui,non,non,oui,non,candidate à l'achat
2024-02-02,TTE.PA,2024-02-05,52.2166,52.2166,53.662,1.5783,-0.9158,0.0311,0.0071,non,non,non,non,non,dans la bande
2024-02-02,SAF.PA,2024-02-05,169.8492,169.8492,163.983,3.6229,1.6192,0.148,0.4037,non,oui,non,non,non,au-dessus du bord haut
2024-02-02,AIR.PA,2024-02-05,140.9148,140.9148,136.6951,4.7963,0.8798,0.135,0.1692,non,non,non,non,non,dans la bande
2024-02-02,PUB.PA,2024-02-05,82.5297,82.5297,77.4764,2.9165,1.7327,0.2189,0.6001,non,oui,non,non,non,au-dessus du bord haut
2024-02-02,SGO.PA,2024-02-05,61.1869,61.1869,58.6829,3.4636,0.7229,0.1359,0.2098,non,non,non,non,non,dans la bande
2024-02-02,MC.PA,2024-02-05,733.7719,733.7719,654.114,35.1312,2.2674,-0.0498,0.8992,non,oui,non,non,non,au-dessus du bord haut
2024-02-02,CAP.PA,2024-02-05,191.462,191.462,185.1314,5.8338,1.0851,0.196,0.6951,non,oui,non,non,non,au-dessus du bord haut
2024-02-09,ENGI.PA,2024-02-12,11.2742,11.2742,12.6248,0.4569,-2.9562,0.059,-0.5717,oui,non,oui,oui,non,candidate à l'achat
2024-02-09,AC.PA,2024-02-12,34.1836,34.1836,32.394,1.6221,1.1033,0.1079,0.2889,non,oui,non,non,non,au-dessus du bord haut
2024-02-09,EN.PA,2024-02-12,28.4316,28.4316,30.5255,0.8588,-2.4381,0.0875,-0.3551,oui,non,non,oui,non,candidate à l'achat
2024-02-09,TTE.PA,2024-02-12,52.1468,52.1468,53.1756,1.4558,-0.7067,0.0114,0.0907,non,non,non,non,non,dans la bande
2024-02-09,SAF.PA,2024-02-12,170.7785,170.7785,166.2195,3.7238,1.2243,0.1577,0.2734,non,oui,non,non,non,au-dessus du bord haut
2024-02-09,AIR.PA,2024-02-12,142.0663,142.0663,138.7109,4.787,0.7009,0.1489,0.0946,non,non,non,non,non,dans la bande
2024-02-09,PUB.PA,2024-02-12,84.9659,84.9659,79.3626,3.0034,1.8657,0.2412,0.5424,non,oui,non,non,non,au-dessus du bord haut
2024-02-09,SGO.PA,2024-02-12,62.6378,62.6378,59.9486,3.2981,0.8154,0.1658,0.4698,non,non,non,non,non,dans la bande
2024-02-09,MC.PA,2024-02-12,761.4969,761.4969,671.235,37.72,2.3929,-0.008,1.2709,non,oui,non,non,non,au-dessus du bord haut
2024-02-09,CAP.PA,2024-02-12,195.6546,195.6546,188.0599,5.9117,1.2847,0.2056,0.3784,non,oui,non,non,non,au-dessus du bord haut
2024-02-16,ENGI.PA,2024-02-19,11.4517,11.4517,12.4774,0.5075,-2.021,0.0408,-0.3965,oui,non,oui,oui,non,candidate à l'achat
2024-02-16,AC.PA,2024-02-19,33.9176,33.9176,32.9331,1.6124,0.6106,0.1276,0.1412,non,non,non,non,non,dans la bande
2024-02-16,EN.PA,2024-02-19,29.5965,29.5965,30.3644,0.9067,-0.847,0.0735,-0.2622,non,non,non,non,non,dans la bande
2024-02-16,TTE.PA,2024-02-19,52.2952,52.2952,52.7749,1.2284,-0.3905,-0.0059,0.1117,non,non,non,non,non,dans la bande
2024-02-16,SAF.PA,2024-02-19,181.872,181.872,168.7882,3.9364,3.3238,0.1701,0.2974,non,oui,non,non,non,au-dessus du bord haut
2024-02-16,AIR.PA,2024-02-19,138.1211,138.1211,140.4583,4.5343,-0.5155,0.1617,0.0309,non,non,non,non,non,dans la bande
2024-02-16,PUB.PA,2024-02-19,86.5842,86.5842,81.5445,3.0714,1.6408,0.268,0.4804,non,oui,non,non,non,au-dessus du bord haut
2024-02-16,SGO.PA,2024-02-19,63.8854,63.8854,61.3617,3.165,0.7974,0.1958,0.5521,non,non,non,non,non,dans la bande
2024-02-16,MC.PA,2024-02-19,769.3242,769.3242,691.7128,38.5361,2.014,0.0406,0.951,non,oui,non,non,non,au-dessus du bord haut
2024-02-16,CAP.PA,2024-02-19,204.692,204.692,192.0887,6.1615,2.0455,0.2241,0.3382,non,oui,non,non,non,au-dessus du bord haut
2024-02-23,ENGI.PA,2024-02-26,11.8659,11.8659,12.3624,0.5314,-0.9343,0.0259,-0.0741,non,non,oui,non,non,dans la bande
2024-02-23,AC.PA,2024-02-26,37.6322,37.6322,33.7531,1.6194,2.3954,0.1599,0.3757,non,oui,non,non,non,au-dessus du bord haut
2024-02-23,EN.PA,2024-02-26,29.562,29.562,30.3242,0.9043,-0.8429,0.0649,0.126,non,non,non,non,non,dans la bande
2024-02-23,TTE.PA,2024-02-26,52.0944,52.0944,52.3151,1.0195,-0.2165,-0.0227,-0.0773,non,non,non,non,non,dans la bande
2024-02-23,SAF.PA,2024-02-26,186.8477,186.8477,172.8543,4.7136,2.9687,0.1932,0.5845,non,oui,non,non,non,au-dessus du bord haut
2024-02-23,AIR.PA,2024-02-26,139.6501,139.6501,141.9017,3.9599,-0.5686,0.1739,-0.1191,non,non,non,non,non,dans la bande
2024-02-23,PUB.PA,2024-02-26,87.5266,87.5266,83.7348,2.9957,1.2658,0.2936,0.3873,non,oui,non,non,non,au-dessus du bord haut
2024-02-23,SGO.PA,2024-02-26,64.8649,64.8649,62.7601,2.8788,0.7311,0.2255,0.3879,non,non,non,non,non,dans la bande
2024-02-23,MC.PA,2024-02-26,801.6699,801.6699,713.7813,38.6688,2.2729,0.0895,0.4597,non,oui,non,non,non,au-dessus du bord haut
2024-02-23,CAP.PA,2024-02-26,210.4684,210.4684,197.1303,5.9236,2.2517,0.2523,0.4906,non,oui,non,non,non,au-dessus du bord haut
2024-03-01,ENGI.PA,2024-03-04,11.7507,11.7507,12.2666,0.5399,-0.9556,0.0127,0.1415,non,non,oui,non,non,dans la bande
2024-03-01,AC.PA,2024-03-04,36.449,36.449,34.743,1.5625,1.0919,0.1988,0.5988,non,oui,non,non,non,au-dessus du bord haut
2024-03-01,EN.PA,2024-03-04,31.1583,31.1583,30.4815,0.9235,0.7328,0.0649,0.5193,non,non,non,non,non,dans la bande
2024-03-01,TTE.PA,2024-03-04,52.2166,52.2166,51.9866,0.8797,0.2615,-0.0336,-0.0234,non,non,non,non,non,dans la bande
2024-03-01,SAF.PA,2024-03-04,187.2542,187.2542,177.0036,5.1254,2.0,0.216,0.6829,non,oui,non,non,non,au-dessus du bord haut
2024-03-01,AIR.PA,2024-03-04,144.0672,144.0672,143.9479,3.1583,0.0378,0.1909,-0.0048,non,non,non,non,non,dans la bande
2024-03-01,PUB.PA,2024-03-04,86.762,86.762,85.7157,2.7489,0.3806,0.3144,0.2857,non,non,non,non,non,dans la bande
2024-03-01,SGO.PA,2024-03-04,63.3956,63.3956,64.0948,2.6853,-0.2604,0.2487,0.3174,non,non,non,non,non,dans la bande
2024-03-01,MC.PA,2024-03-04,798.1808,798.1808,733.8592,40.1455,1.6022,0.127,0.4496,non,oui,non,non,non,au-dessus du bord haut
2024-03-01,CAP.PA,2024-03-04,209.6299,209.6299,201.9513,5.5893,1.3738,0.2756,0.552,non,oui,non,non,non,au-dessus du bord haut
2024-03-08,ENGI.PA,2024-03-11,12.1921,12.1921,12.2397,0.5423,-0.0878,0.0093,0.329,non,non,non,non,non,dans la bande
2024-03-08,AC.PA,2024-03-11,36.5132,36.5132,35.6182,1.273,0.703,0.2344,0.4378,non,non,non,non,non,dans la bande
2024-03-08,EN.PA,2024-03-11,31.607,31.607,30.7263,0.9294,0.9475,0.0719,0.55,non,non,non,non,non,dans la bande
2024-03-08,TTE.PA,2024-03-11,52.4349,52.4349,51.8363,0.8452,0.7083,-0.0372,-0.0191,non,non,non,non,non,dans la bande
2024-03-08,SAF.PA,2024-03-11,189.1903,189.1903,181.5006,5.2367,1.4684,0.2415,0.5906,non,oui,non,non,non,au-dessus du bord haut
2024-03-08,AIR.PA,2024-03-11,149.1828,149.1828,146.517,2.6796,0.9949,0.2087,0.4077,non,non,non,non,non,dans la bande
2024-03-08,PUB.PA,2024-03-11,85.7128,85.7128,87.2513,2.4571,-0.6261,0.3256,-0.0167,non,non,non,non,non,dans la bande
2024-03-08,SGO.PA,2024-03-11,63.3494,63.3494,65.0165,2.4917,-0.6691,0.2607,0.0262,non,non,non,non,non,dans la bande
2024-03-08,MC.PA,2024-03-11,796.7663,796.7663,752.1588,38.6358,1.1546,0.1614,0.228,non,oui,non,non,non,au-dessus du bord haut
2024-03-08,CAP.PA,2024-03-11,210.3753,210.3753,206.1181,5.1925,0.8199,0.2909,0.3089,non,non,non,non,non,dans la bande
2024-03-15,ENGI.PA,2024-03-18,12.2976,12.2976,12.2212,0.5407,0.1413,0.0053,0.3252,non,non,non,non,non,dans la bande
2024-03-15,AC.PA,2024-03-18,38.2467,38.2467,36.634,1.1113,1.4512,0.2685,0.3868,non,oui,non,non,non,au-dessus du bord haut
2024-03-15,EN.PA,2024-03-18,32.1851,32.1851,31.0846,0.9407,1.1699,0.0847,0.4354,non,oui,non,non,non,au-dessus du bord haut
2024-03-15,TTE.PA,2024-03-18,54.5568,54.5568,52.0,0.9351,2.7342,-0.0323,0.2559,non,oui,non,non,non,au-dessus du bord haut
2024-03-15,SAF.PA,2024-03-18,195.8793,195.8793,185.611,5.2859,1.9426,0.2601,0.292,non,oui,non,non,non,au-dessus du bord haut
2024-03-15,AIR.PA,2024-03-18,153.6189,153.6189,148.691,2.5867,1.9051,0.2171,0.6165,non,oui,non,non,non,au-dessus du bord haut
2024-03-15,PUB.PA,2024-03-18,88.0068,88.0068,88.491,2.3373,-0.2072,0.328,-0.0849,non,non,non,non,non,dans la bande
2024-03-15,SGO.PA,2024-03-18,64.4214,64.4214,65.921,2.2958,-0.6532,0.2709,-0.012,non,non,non,non,non,dans la bande
2024-03-15,MC.PA,2024-03-18,813.175,813.175,771.716,37.9347,1.0929,0.1937,0.2154,non,oui,non,non,non,au-dessus du bord haut
2024-03-15,CAP.PA,2024-03-18,207.7665,207.7665,209.711,4.7727,-0.4074,0.2999,0.1023,non,non,non,non,non,dans la bande
2024-03-22,ENGI.PA,2024-03-25,12.3376,12.3376,12.1778,0.5187,0.308,-0.0054,0.283,non,non,non,non,non,dans la bande
2024-03-22,AC.PA,2024-03-25,39.1364,39.1364,37.5324,0.99,1.6201,0.2921,0.3524,non,oui,non,non,non,au-dessus du bord haut
2024-03-22,EN.PA,2024-03-25,32.582,32.582,31.4564,0.9744,1.1552,0.0951,0.3288,non,oui,non,non,non,au-dessus du bord haut
2024-03-22,TTE.PA,2024-03-25,55.5188,55.5188,52.4753,1.1529,2.6398,-0.0195,0.4753,non,oui,non,non,non,au-dessus du bord haut
2024-03-22,SAF.PA,2024-03-25,200.6226,200.6226,190.2182,5.5135,1.8871,0.2798,0.3854,non,oui,non,non,non,au-dessus du bord haut
2024-03-22,AIR.PA,2024-03-25,160.3579,160.3579,151.7544,2.9285,2.9378,0.2323,0.655,non,oui,non,non,non,au-dessus du bord haut
2024-03-22,PUB.PA,2024-03-25,88.3447,88.3447,89.7194,2.2595,-0.6084,0.3282,0.0561,non,non,non,non,non,dans la bande
2024-03-22,SGO.PA,2024-03-25,65.4933,65.4933,66.7974,2.1601,-0.6037,0.2774,0.0432,non,non,non,non,non,dans la bande
2024-03-22,MC.PA,2024-03-25,781.3948,781.3948,786.4368,36.6492,-0.1376,0.2138,0.0688,non,non,non,non,non,dans la bande
2024-03-22,CAP.PA,2024-03-25,200.9652,200.9652,211.8042,4.837,-2.2408,0.2958,-0.1165,oui,non,non,oui,non,candidate à l'achat
2024-03-28,ENGI.PA,2024-04-02,12.4016,12.4016,12.1422,0.4871,0.5324,-0.0154,0.2467,non,non,non,non,non,dans la bande
2024-03-28,AC.PA,2024-04-02,39.7142,39.7142,38.2986,0.9563,1.4803,0.3093,0.5626,non,oui,non,non,non,au-dessus du bord haut
2024-03-28,EN.PA,2024-04-02,32.6424,32.6424,31.6867,0.9897,0.9657,0.0986,0.2902,non,non,non,non,non,dans la bande
2024-03-28,TTE.PA,2024-04-02,56.0665,56.0665,52.7574,1.2575,2.6313,-0.0145,0.4832,non,oui,non,non,non,au-dessus du bord haut
2024-03-28,SAF.PA,2024-04-02,203.3331,203.3331,193.7555,5.8144,1.6472,0.2909,0.4461,non,oui,non,non,non,au-dessus du bord haut
2024-03-28,AIR.PA,2024-04-02,161.1318,161.1318,154.2011,3.2665,2.1218,0.2417,0.615,non,oui,non,non,non,au-dessus du bord haut
2024-03-28,PUB.PA,2024-04-02,89.8473,89.8473,90.6873,2.2203,-0.3783,0.3272,0.2219,non,non,non,non,non,dans la bande
2024-03-28,SGO.PA,2024-04-02,66.4729,66.4729,67.4186,2.1411,-0.4417,0.2773,0.2816,non,non,non,non,non,dans la bande
2024-03-28,MC.PA,2024-04-02,786.2044,786.2044,795.3995,34.6883,-0.2651,0.2256,-0.0678,non,non,non,non,non,dans la bande
2024-03-28,CAP.PA,2024-04-02,198.7292,198.7292,212.4196,5.3534,-2.5573,0.2847,-0.2974,oui,non,non,oui,non,candidate à l'achat
2024-04-05,ENGI.PA,2024-04-08,12.3136,12.3136,12.128,0.475,0.3908,-0.0204,0.1372,non,non,non,non,non,dans la bande
2024-04-05,AC.PA,2024-04-08,38.6044,38.6044,38.9297,0.8281,-0.3928,0.3213,0.3569,non,non,non,non,non,dans la bande
2024-04-05,EN.PA,2024-04-08,31.6329,31.6329,31.8623,0.996,-0.2303,0.0997,0.1341,non,non,non,non,non,dans la bande
2024-04-05,TTE.PA,2024-04-08,59.008,59.008,53.5171,1.6375,3.3531,0.0041,0.6101,non,oui,non,non,non,au-dessus du bord haut
2024-04-05,SAF.PA,2024-04-08,198.9286,198.9286,196.8491,5.581,0.3726,0.301,0.34,non,non,non,non,non,dans la bande
2024-04-05,AIR.PA,2024-04-08,158.5835,158.5835,156.0786,3.2709,0.7658,0.2458,0.4411,non,non,non,non,non,dans la bande
2024-04-05,PUB.PA,2024-04-08,89.136,89.136,91.7627,2.0387,-1.2884,0.3306,0.2849,oui,non,non,oui,oui,candidate à l'achat
2024-04-05,SGO.PA,2024-04-08,67.7944,67.7944,68.1447,2.1128,-0.1658,0.279,0.3701,non,non,non,non,non,dans la bande
2024-04-05,MC.PA,2024-04-08,754.2356,754.2356,800.1038,34.1824,-1.3419,0.2256,-0.3117,oui,non,non,oui,non,candidate à l'achat
2024-04-05,CAP.PA,2024-04-08,196.959,196.959,212.5264,6.1254,-2.5414,0.2718,-0.4652,oui,non,non,oui,non,candidate à l'achat
2024-04-12,ENGI.PA,2024-04-15,12.6974,12.6974,12.1331,0.4656,1.2121,-0.0238,0.1385,non,oui,non,non,non,au-dessus du bord haut
2024-04-12,AC.PA,2024-04-15,36.7975,36.7975,39.3453,0.8188,-3.1117,0.3179,-0.1032,oui,non,non,oui,non,candidate à l'achat
2024-04-12,EN.PA,2024-04-15,30.8994,30.8994,31.808,0.9802,-0.9269,0.0873,-0.2239,non,non,non,non,non,dans la bande
2024-04-12,TTE.PA,2024-04-15,61.0309,61.0309,54.6939,2.0246,3.13,0.0336,0.6041,non,oui,non,non,non,au-dessus du bord haut
2024-04-12,SAF.PA,2024-04-15,199.219,199.219,200.0288,5.3785,-0.1506,0.3059,0.0547,non,non,non,non,non,dans la bande
2024-04-12,AIR.PA,2024-04-15,153.751,153.751,157.5321,3.3175,-1.1398,0.2411,0.0071,oui,non,non,oui,oui,candidate à l'achat
2024-04-12,PUB.PA,2024-04-15,92.0257,92.0257,93.0829,1.8677,-0.566,0.3327,0.2361,non,non,non,non,non,dans la bande
2024-04-12,SGO.PA,2024-04-15,66.4452,66.4452,68.6304,2.086,-1.0476,0.2658,0.2952,oui,non,non,oui,oui,candidate à l'achat
2024-04-12,MC.PA,2024-04-15,736.6953,736.6953,799.8885,35.8529,-1.7626,0.2113,-0.5238,oui,non,non,oui,non,candidate à l'achat
2024-04-12,CAP.PA,2024-04-15,193.3254,193.3254,211.8117,7.1288,-2.5932,0.247,-0.4198,oui,non,oui,oui,non,candidate à l'achat
2024-04-19,ENGI.PA,2024-04-22,12.7374,12.7374,12.1408,0.4539,1.3146,-0.0272,0.1419,non,oui,non,non,non,au-dessus du bord haut
2024-04-19,AC.PA,2024-04-22,36.4857,36.4857,39.3834,1.0299,-2.8135,0.2977,-0.5312,oui,non,non,oui,non,candidate à l'achat
2024-04-19,EN.PA,2024-04-22,31.1669,31.1669,31.6802,0.9191,-0.5584,0.0705,-0.3588,non,non,non,non,non,dans la bande
2024-04-19,TTE.PA,2024-04-22,59.432,59.432,55.6861,2.2037,1.6999,0.0568,0.4686,non,oui,non,non,non,au-dessus du bord haut
2024-04-19,SAF.PA,2024-04-22,199.3158,199.3158,202.686,5.336,-0.6316,0.3043,-0.0583,non,non,non,non,non,dans la bande
2024-04-19,AIR.PA,2024-04-22,153.6819,153.6819,158.3436,3.428,-1.3599,0.2302,-0.3062,oui,non,non,oui,non,candidate à l'achat
2024-04-19,PUB.PA,2024-04-22,88.647,88.647,93.8937,1.9928,-2.6329,0.3229,0.134,oui,non,non,oui,oui,candidate à l'achat
2024-04-19,SGO.PA,2024-04-22,64.9296,64.9296,68.5393,2.0012,-1.8038,0.2373,-0.0223,oui,non,non,oui,non,candidate à l'achat
2024-04-19,MC.PA,2024-04-22,751.218,751.218,798.9923,37.3195,-1.2801,0.1959,-0.3363,oui,non,non,oui,non,candidate à l'achat
2024-04-19,CAP.PA,2024-04-22,186.4309,186.4309,209.6612,8.3292,-2.789,0.212,-0.3668,oui,non,oui,oui,non,candidate à l'achat
2024-04-26,ENGI.PA,2024-04-29,12.8733,12.8733,12.1987,0.4647,1.4517,-0.0234,0.2088,non,oui,non,non,non,au-dessus du bord haut
2024-04-26,AC.PA,2024-04-29,38.7787,38.7787,39.6031,1.0873,-0.7582,0.2836,-0.2525,non,non,non,non,non,dans la bande
2024-04-26,EN.PA,2024-04-29,31.2705,31.2705,31.6535,0.903,-0.4241,0.0622,-0.2256,non,non,non,non,non,dans la bande
2024-04-26,TTE.PA,2024-04-29,61.3754,61.3754,56.7868,2.2745,2.0174,0.0834,0.2028,non,oui,non,non,non,au-dessus du bord haut
2024-04-26,SAF.PA,2024-04-29,201.9294,201.9294,205.1117,5.3279,-0.5973,0.3007,0.0434,non,non,non,non,non,dans la bande
2024-04-26,AIR.PA,2024-04-29,150.8203,150.8203,159.0645,3.6017,-2.289,0.2199,-0.2335,oui,non,non,oui,non,candidate à l'achat
2024-04-26,PUB.PA,2024-04-29,92.8259,92.8259,94.7394,2.0531,-0.932,0.311,0.1601,non,non,non,non,non,dans la bande
2024-04-26,SGO.PA,2024-04-29,69.5318,69.5318,68.4784,1.9251,0.5472,0.2124,-0.1397,non,non,non,non,non,dans la bande
2024-04-26,MC.PA,2024-04-29,754.1673,754.1673,798.5517,38.4399,-1.1546,0.1826,-0.1521,oui,non,non,oui,non,candidate à l'achat
2024-04-26,CAP.PA,2024-04-29,189.226,189.226,207.5653,9.073,-2.0213,0.1795,-0.2847,oui,non,oui,oui,non,candidate à l'achat
2024-05-03,ENGI.PA,2024-05-06,13.3161,13.3161,12.2875,0.491,2.0949,-0.0158,0.3305,non,oui,non,non,non,au-dessus du bord haut
2024-05-03,AC.PA,2024-05-06,37.6505,37.6505,39.6619,1.1249,-1.788,0.2665,0.0314,oui,non,non,oui,oui,candidate à l'achat
2024-05-03,EN.PA,2024-05-06,31.9653,31.9653,31.6976,0.8995,0.2975,0.0596,0.0518,non,non,non,non,non,dans la bande
2024-05-03,TTE.PA,2024-05-06,58.6193,58.6193,57.4579,2.3113,0.5025,0.0968,0.0198,non,non,non,non,non,dans la bande
2024-05-03,SAF.PA,2024-05-06,199.7998,199.7998,206.3293,5.5001,-1.1872,0.2931,0.0041,oui,non,non,oui,oui,candidate à l'achat
2024-05-03,AIR.PA,2024-05-06,148.2083,148.2083,158.7644,4.0874,-2.5826,0.2044,-0.2972,oui,non,oui,oui,non,candidate à l'achat
2024-05-03,PUB.PA,2024-05-06,93.1371,93.1371,95.2777,2.0858,-1.0263,0.2989,0.1869,oui,non,non,oui,oui,candidate à l'achat
2024-05-03,SGO.PA,2024-05-06,71.8052,71.8052,68.877,1.7931,1.633,0.2023,0.1686,non,oui,non,non,non,au-dessus du bord haut
2024-05-03,MC.PA,2024-05-06,744.457,744.457,796.5649,39.917,-1.3054,0.1711,-0.067,oui,non,non,oui,non,candidate à l'achat
2024-05-03,CAP.PA,2024-05-06,188.7601,188.7601,205.655,9.5968,-1.7605,0.1533,-0.2576,oui,non,oui,oui,non,candidate à l'achat
2024-05-10,ENGI.PA,2024-05-13,13.8859,13.8859,12.4787,0.5564,2.5292,0.0023,0.5254,non,oui,non,non,non,au-dessus du bord haut
2024-05-10,AC.PA,2024-05-13,38.0174,38.0174,39.7168,1.1691,-1.4536,0.2462,0.2481,oui,non,non,oui,oui,candidate à l'achat
2024-05-10,EN.PA,2024-05-13,32.6843,32.6843,31.8841,0.9042,0.8849,0.0639,0.242,non,non,non,non,non,dans la bande
2024-05-10,TTE.PA,2024-05-13,60.6687,60.6687,58.2822,2.2802,1.0466,0.1139,-0.0258,non,oui,non,non,non,au-dessus du bord haut
2024-05-10,SAF.PA,2024-05-13,205.7047,205.7047,208.6675,5.4513,-0.5435,0.2911,0.0903,non,non,non,non,non,dans la bande
2024-05-10,AIR.PA,2024-05-13,153.4898,153.4898,159.0856,4.2349,-1.3214,0.1915,-0.0775,oui,non,non,oui,non,candidate à l'achat
2024-05-10,PUB.PA,2024-05-13,96.1157,96.1157,95.8768,1.927,0.124,0.28,0.2625,non,non,non,non,non,dans la bande
2024-05-10,SGO.PA,2024-05-13,74.6145,74.6145,69.9246,1.8765,2.4993,0.2034,0.7579,non,oui,non,non,non,au-dessus du bord haut
2024-05-10,MC.PA,2024-05-13,750.5497,750.5497,794.9682,41.0128,-1.083,0.1575,-0.006,oui,non,non,oui,non,candidate à l'achat
2024-05-10,CAP.PA,2024-05-13,191.3688,191.3688,203.7615,9.7254,-1.2743,0.1248,0.0096,oui,non,oui,oui,oui,candidate à l'achat
2024-05-17,ENGI.PA,2024-05-20,13.8245,13.8245,12.7006,0.6122,1.836,0.0245,0.544,non,oui,non,non,non,au-dessus du bord haut
2024-05-17,AC.PA,2024-05-20,37.944,37.944,39.7896,1.214,-1.5203,0.2293,0.0819,oui,non,non,oui,oui,candidate à l'achat
2024-05-17,EN.PA,2024-05-20,32.4113,32.4113,32.1506,0.9176,0.284,0.0715,0.3181,non,non,non,non,non,dans la bande
2024-05-17,TTE.PA,2024-05-20,59.1405,59.1405,59.0423,2.1982,0.0447,0.1292,-0.0479,non,non,non,non,non,dans la bande
2024-05-17,SAF.PA,2024-05-20,201.8326,201.8326,210.6764,5.4324,-1.628,0.2885,0.0977,oui,non,non,oui,oui,candidate à l'achat
2024-05-17,AIR.PA,2024-05-20,152.6448,152.6448,159.1872,4.4426,-1.4727,0.1783,-0.0153,oui,non,non,oui,non,candidate à l'achat
2024-05-17,PUB.PA,2024-05-20,94.0262,94.0262,96.4812,1.8684,-1.3139,0.2645,0.2507,oui,non,non,oui,oui,candidate à l'achat
2024-05-17,SGO.PA,2024-05-20,75.206,75.206,71.2424,2.0943,1.8926,0.2114,0.9364,non,oui,non,non,non,au-dessus du bord haut
2024-05-17,MC.PA,2024-05-20,745.5994,745.5994,793.1313,42.0759,-1.1297,0.1445,-0.0206,oui,non,non,oui,non,candidate à l'achat
2024-05-17,CAP.PA,2024-05-20,193.2322,193.2322,202.3978,9.7492,-0.9401,0.1029,0.1674,non,non,oui,non,non,dans la bande
2024-05-24,ENGI.PA,2024-05-27,13.5528,13.5528,12.8964,0.6313,1.0397,0.0452,0.2743,non,oui,non,non,non,au-dessus du bord haut
2024-05-24,AC.PA,2024-05-27,37.2836,37.2836,39.6833,1.2579,-1.9077,0.2051,-0.0838,oui,non,non,oui,non,candidate à l'achat
2024-05-24,EN.PA,2024-05-27,32.5569,32.5569,32.3466,0.909,0.2313,0.0768,0.1881,non,non,non,non,non,dans la bande
2024-05-24,TTE.PA,2024-05-27,58.2925,58.2925,59.5375,2.0855,-0.597,0.1385,-0.2039,non,non,non,non,non,dans la bande
2024-05-24,SAF.PA,2024-05-27,209.5768,209.5768,213.0726,5.3723,-0.6507,0.2869,0.2589,non,non,non,non,non,dans la bande
2024-05-24,AIR.PA,2024-05-27,152.7984,152.7984,159.3887,4.5493,-1.4486,0.1663,0.1851,oui,non,non,oui,oui,candidate à l'achat
2024-05-24,PUB.PA,2024-05-27,94.6931,94.6931,96.8795,1.7866,-1.2238,0.2466,0.1266,oui,non,non,oui,oui,candidate à l'achat
2024-05-24,SGO.PA,2024-05-27,75.5017,75.5017,72.3351,2.1765,1.4549,0.2147,0.4755,non,oui,non,non,non,au-dessus du bord haut
2024-05-24,MC.PA,2024-05-27,713.9933,713.9933,785.182,43.9962,-1.6181,0.1188,-0.1553,oui,non,non,oui,non,candidate à l'achat
2024-05-24,CAP.PA,2024-05-27,198.4497,198.4497,201.5859,9.6669,-0.3244,0.0864,0.2668,non,non,non,non,non,dans la bande
2024-05-31,ENGI.PA,2024-06-03,13.6185,13.6185,13.08,0.6256,0.8609,0.0657,-0.0625,non,non,non,non,non,dans la bande
2024-05-31,AC.PA,2024-06-03,36.5866,36.5866,39.509,1.3629,-2.1443,0.1827,-0.1942,oui,non,non,oui,non,candidate à l'achat
2024-05-31,EN.PA,2024-06-03,32.7662,32.7662,32.5744,0.8887,0.2158,0.0839,0.0446,non,non,non,non,non,dans la bande
2024-05-31,TTE.PA,2024-06-03,59.1935,59.1935,59.8953,2.0448,-0.3432,0.1418,-0.1881,non,non,non,non,non,dans la bande
2024-05-31,SAF.PA,2024-06-03,209.3596,209.3596,215.3474,5.3442,-1.1204,0.2844,0.2319,oui,non,non,oui,oui,candidate à l'achat
2024-05-31,AIR.PA,2024-06-03,149.7064,149.7064,159.1257,4.815,-1.9563,0.1518,-0.0464,oui,non,oui,oui,non,candidate à l'achat
2024-05-31,PUB.PA,2024-06-03,91.4033,91.4033,96.9983,1.9038,-2.9388,0.2272,-0.0776,oui,non,non,oui,non,candidate à l'achat
2024-05-31,SGO.PA,2024-06-03,74.4667,74.4667,73.3589,2.2214,0.4987,0.2179,0.1334,non,non,non,non,non,dans la bande
2024-05-31,MC.PA,2024-06-03,699.6182,699.6182,774.6066,46.5845,-1.6097,0.091,-0.4415,oui,non,non,oui,non,candidate à l'achat
2024-05-31,CAP.PA,2024-06-03,175.7658,175.7658,199.8041,9.9857,-2.4073,0.0656,-0.0509,oui,non,oui,oui,non,candidate à l'achat
2024-06-07,ENGI.PA,2024-06-10,13.1495,13.1495,13.2542,0.6028,-0.1737,0.0856,-0.1686,non,non,non,non,non,dans la bande
2024-06-07,AC.PA,2024-06-10,36.8217,36.8217,39.3913,1.4649,-1.7541,0.1667,-0.231,oui,non,non,oui,non,candidate à l'achat
2024-06-07,EN.PA,2024-06-10,31.5284,31.5284,32.7847,0.8348,-1.5049,0.0921,-0.0964,oui,non,non,oui,non,candidate à l'achat
2024-06-07,TTE.PA,2024-06-10,57.365,57.365,60.0582,2.0527,-1.3121,0.1409,-0.2421,oui,non,non,oui,non,candidate à l'achat
2024-06-07,SAF.PA,2024-06-10,203.9814,203.9814,216.8452,5.5721,-2.3086,0.2771,0.13,oui,non,non,oui,oui,candidate à l'achat
2024-06-07,AIR.PA,2024-06-10,144.0408,144.0408,158.2108,5.4143,-2.6171,0.1345,-0.2634,oui,non,oui,oui,non,candidate à l'achat
2024-06-07,PUB.PA,2024-06-10,91.8923,91.8923,96.8674,2.1321,-2.3335,0.2067,-0.2176,oui,non,non,oui,non,candidate à l'achat
2024-06-07,SGO.PA,2024-06-10,73.635,73.635,74.2919,2.1821,-0.3011,0.2226,-0.0811,non,non,non,non,non,dans la bande
2024-06-07,MC.PA,2024-06-10,725.8932,725.8932,767.9779,48.1,-0.8749,0.0741,-0.3341,non,non,non,non,non,dans la bande
2024-06-07,CAP.PA,2024-06-10,184.9045,184.9045,196.8687,10.5384,-1.1353,0.0394,-0.4422,oui,non,oui,oui,non,candidate à l'achat
2024-06-14,ENGI.PA,2024-06-17,11.633,11.633,13.2165,0.6122,-2.5865,0.0847,-0.6665,oui,non,non,oui,non,candidate à l'achat
2024-06-14,AC.PA,2024-06-17,34.9977,34.9977,39.1109,1.588,-2.5902,0.144,-0.2305,oui,non,oui,oui,non,candidate à l'achat
2024-06-14,EN.PA,2024-06-17,28.0333,28.0333,32.3654,1.1042,-3.9233,0.0711,-0.6494,oui,non,oui,oui,non,candidate à l'achat
2024-06-14,TTE.PA,2024-06-17,54.2556,54.2556,59.9822,2.1649,-2.6452,0.1352,-0.2924,oui,non,oui,oui,non,candidate à l'achat
2024-06-14,SAF.PA,2024-06-17,192.296,192.296,216.315,6.5994,-3.6396,0.2526,-0.2642,oui,non,oui,oui,non,candidate à l'achat
2024-06-14,AIR.PA,2024-06-17,138.1063,138.1063,156.0736,6.2375,-2.8805,0.1047,-0.5759,oui,non,oui,oui,non,candidate à l'achat
2024-06-14,PUB.PA,2024-06-17,86.922,86.922,96.4056,2.5487,-3.721,0.1838,-0.3427,oui,non,oui,oui,non,candidate à l'achat
2024-06-14,SGO.PA,2024-06-17,68.6235,68.6235,74.9122,2.1352,-2.9453,0.225,-0.2707,oui,non,non,oui,non,candidate à l'achat
2024-06-14,MC.PA,2024-06-17,677.2464,677.2464,758.9056,50.0606,-1.6312,0.0539,-0.2101,oui,non,non,oui,non,candidate à l'achat
2024-06-14,CAP.PA,2024-06-17,172.6406,172.6406,193.4484,10.8668,-1.9148,0.0096,-0.6511,oui,non,oui,oui,non,candidate à l'achat
2024-06-21,ENGI.PA,2024-06-24,12.0318,12.0318,13.103,0.6555,-1.634,0.0758,-1.0176,oui,non,non,oui,non,candidate à l'achat
2024-06-21,AC.PA,2024-06-24,36.3681,36.3681,38.7557,1.6668,-1.4324,0.1184,-0.1656,oui,non,non,oui,non,candidate à l'achat
2024-06-21,EN.PA,2024-06-24,28.634,28.634,31.83,1.3292,-2.4045,0.0447,-1.0025,oui,non,oui,oui,non,candidate à l'achat
2024-06-21,TTE.PA,2024-06-24,55.2592,55.2592,59.7803,2.3105,-1.9568,0.1267,-0.3725,oui,non,oui,oui,non,candidate à l'achat
2024-06-21,SAF.PA,2024-06-24,198.0164,198.0164,214.8985,7.4624,-2.2623,0.222,-0.4321,oui,non,non,oui,non,candidate à l'achat
2024-06-21,AIR.PA,2024-06-24,142.6772,142.6772,153.9805,6.6406,-1.7022,0.0759,-0.468,oui,non,oui,oui,non,candidate à l'achat
2024-06-21,PUB.PA,2024-06-24,90.4252,90.4252,95.7828,2.8177,-1.9014,0.1589,-0.2879,oui,non,non,oui,non,candidate à l'achat
2024-06-21,SGO.PA,2024-06-24,69.4018,69.4018,75.2261,2.1873,-2.6628,0.2221,-0.4374,oui,non,non,oui,non,candidate à l'achat
2024-06-21,MC.PA,2024-06-24,682.8632,682.8632,745.9285,52.0051,-1.2127,0.0253,-0.2552,oui,non,non,oui,non,candidate à l'achat
2024-06-21,CAP.PA,2024-06-24,176.5707,176.5707,189.3239,10.8389,-1.1766,-0.026,-0.508,oui,non,oui,oui,non,candidate à l'achat
2024-06-28,ENGI.PA,2024-07-01,11.6899,11.6899,13.0388,0.6649,-2.0287,0.0738,-0.8502,oui,non,non,oui,non,candidate à l'achat
2024-06-28,AC.PA,2024-07-01,36.198,36.198,38.4325,1.6438,-1.3594,0.0931,-0.0464,oui,non,non,oui,non,candidate à l'achat
2024-06-28,EN.PA,2024-07-01,27.2779,27.2779,31.2701,1.5298,-2.6097,0.0197,-0.9557,oui,non,oui,oui,non,candidate à l'achat
2024-06-28,TTE.PA,2024-07-01,55.7602,55.7602,59.6465,2.4027,-1.6175,0.1198,-0.2098,oui,non,non,oui,non,candidate à l'achat
2024-06-28,SAF.PA,2024-07-01,193.0294,193.0294,212.6944,8.0758,-2.4351,0.1861,-0.4016,oui,non,oui,oui,non,candidate à l'achat
2024-06-28,AIR.PA,2024-07-01,123.1645,123.1645,149.7825,7.9666,-3.3412,0.0296,-0.7644,oui,non,oui,oui,non,candidate à l'achat
2024-06-28,PUB.PA,2024-07-01,88.3624,88.3624,95.2239,2.8185,-2.4344,0.1345,-0.0924,oui,non,non,oui,non,candidate à l'achat
2024-06-28,SGO.PA,2024-07-01,68.9272,68.9272,75.0844,2.4787,-2.484,0.2067,-0.4528,oui,non,non,oui,non,candidate à l'achat
2024-06-28,MC.PA,2024-07-01,679.3408,679.3408,731.2949,50.3065,-1.0328,-0.0117,-0.2611,oui,non,non,oui,non,candidate à l'achat
2024-06-28,CAP.PA,2024-07-01,175.8605,175.8605,185.3374,9.8243,-0.9646,-0.0624,-0.1292,non,non,oui,non,non,dans la bande
2024-07-05,ENGI.PA,2024-07-08,12.5271,12.5271,13.0416,0.6507,-0.7907,0.078,0.0305,non,non,non,non,non,dans la bande
2024-07-05,AC.PA,2024-07-08,36.5288,36.5288,38.0994,1.5965,-0.9838,0.0688,0.0808,non,non,non,non,non,dans la bande
2024-07-05,EN.PA,2024-07-08,28.6795,28.6795,30.8243,1.6354,-1.3114,0.0009,-0.2574,oui,non,oui,oui,non,candidate à l'achat
2024-07-05,TTE.PA,2024-07-08,58.4708,58.4708,59.7007,2.4337,-0.5054,0.1138,0.1969,non,non,non,non,non,dans la bande
2024-07-05,SAF.PA,2024-07-08,198.0164,198.0164,211.1098,8.2437,-1.5883,0.1574,-0.1043,oui,non,non,oui,non,candidate à l'achat
2024-07-05,AIR.PA,2024-07-08,130.8658,130.8658,146.0902,8.7247,-1.745,-0.0082,-0.7386,oui,non,oui,oui,non,candidate à l'achat
2024-07-05,PUB.PA,2024-07-08,92.7539,92.7539,94.6819,2.6405,-0.7302,0.1111,0.1216,non,non,non,non,non,dans la bande
2024-07-05,SGO.PA,2024-07-08,73.4072,73.4072,75.1856,2.551,-0.6971,0.1927,-0.0164,non,non,non,non,non,dans la bande
2024-07-05,MC.PA,2024-07-08,682.0063,682.0063,713.326,44.8032,-0.699,-0.057,-0.1312,non,non,non,non,non,dans la bande
2024-07-05,CAP.PA,2024-07-08,181.0217,181.0217,182.0662,8.3425,-0.1252,-0.0924,0.0887,non,non,oui,non,non,dans la bande
2024-07-12,ENGI.PA,2024-07-15,12.3123,12.3123,13.023,0.6559,-1.0834,0.0756,0.371,oui,non,non,oui,oui,candidate à l'achat
2024-07-12,AC.PA,2024-07-15,37.3416,37.3416,37.8166,1.5038,-0.3159,0.0472,0.1507,non,non,non,non,non,dans la bande
2024-07-12,EN.PA,2024-07-15,29.2165,29.2165,30.4448,1.6651,-0.7376,-0.0172,0.0939,non,non,oui,non,non,dans la bande
2024-07-12,TTE.PA,2024-07-15,56.8069,56.8069,59.3895,2.4798,-1.0415,0.0966,0.2216,oui,non,non,oui,oui,candidate à l'achat
2024-07-12,SAF.PA,2024-07-15,200.2655,200.2655,209.6759,8.1207,-1.1588,0.1311,0.0923,oui,non,non,oui,oui,candidate à l'achat
2024-07-12,AIR.PA,2024-07-15,128.0618,128.0618,142.5024,9.1915,-1.5711,-0.0435,-0.6366,oui,non,oui,oui,non,candidate à l'achat
2024-07-12,PUB.PA,2024-07-15,91.4926,91.4926,94.1504,2.4091,-1.1032,0.0895,0.1433,oui,non,non,oui,oui,candidate à l'achat
2024-07-12,SGO.PA,2024-07-15,74.9638,74.9638,75.2348,2.5299,-0.1071,0.1758,0.3143,non,non,non,non,non,dans la bande
2024-07-12,MC.PA,2024-07-15,690.0032,690.0032,692.1687,32.641,-0.0663,-0.1092,-0.0924,non,non,non,non,non,dans la bande
2024-07-12,CAP.PA,2024-07-15,182.3002,182.3002,179.0573,7.2461,0.4475,-0.1166,0.1483,non,non,oui,non,non,dans la bande
2024-07-19,ENGI.PA,2024-07-22,12.4526,12.4526,12.951,0.6701,-0.7438,0.0637,0.2172,non,non,non,non,non,dans la bande
2024-07-19,AC.PA,2024-07-22,36.0278,36.0278,37.5178,1.4504,-1.0273,0.0281,-0.0083,oui,non,non,oui,non,candidate à l'achat
2024-07-19,EN.PA,2024-07-22,29.6534,29.6534,30.1639,1.65,-0.3094,-0.0316,0.3431,non,non,oui,non,non,dans la bande
2024-07-19,TTE.PA,2024-07-22,56.118,56.118,59.0583,2.5383,-1.1584,0.081,0.0223,oui,non,non,oui,oui,candidate à l'achat
2024-07-19,SAF.PA,2024-07-22,193.3227,193.3227,207.6019,8.0446,-1.775,0.1022,0.0321,oui,non,oui,oui,oui,candidate à l'achat
2024-07-19,AIR.PA,2024-07-22,126.5638,126.5638,138.8674,9.3429,-1.3169,-0.0791,-0.1686,oui,non,oui,oui,non,candidate à l'achat
2024-07-19,PUB.PA,2024-07-22,90.7745,90.7745,93.6922,2.3686,-1.2318,0.0733,-0.0048,oui,non,non,oui,non,candidate à l'achat
2024-07-19,SGO.PA,2024-07-22,73.559,73.559,75.5026,2.5037,-0.7763,0.1654,0.4415,non,non,non,non,non,dans la bande
2024-07-19,MC.PA,2024-07-22,647.1635,647.1635,675.1878,24.603,-1.1391,-0.1443,-0.2876,oui,non,non,oui,non,candidate à l'achat
2024-07-19,CAP.PA,2024-07-22,184.0995,184.0995,177.5536,6.7077,0.9759,-0.1268,0.1575,non,non,oui,non,non,dans la bande
2024-07-26,ENGI.PA,2024-07-29,12.6542,12.6542,12.8921,0.6727,-0.3537,0.0515,0.1232,non,non,non,non,non,dans la bande
2024-07-26,AC.PA,2024-07-29,34.1943,34.1943,36.9317,1.3847,-1.9769,-0.0014,-0.2789,oui,non,oui,oui,non,candidate à l'achat
2024-07-26,EN.PA,2024-07-29,29.4623,29.4623,29.8188,1.5844,-0.225,-0.051,0.287,non,non,oui,non,non,dans la bande
2024-07-26,TTE.PA,2024-07-29,55.5813,55.5813,58.6241,2.5956,-1.1723,0.0637,-0.2214,oui,non,non,oui,non,candidate à l'achat
2024-07-26,SAF.PA,2024-07-29,198.8965,198.8965,205.582,7.5372,-0.887,0.0744,-0.0566,non,non,non,non,non,dans la bande
2024-07-26,AIR.PA,2024-07-29,125.6996,125.6996,135.2293,9.2274,-1.0328,-0.1144,-0.158,oui,non,oui,oui,non,candidate à l'achat
2024-07-26,PUB.PA,2024-07-29,90.2589,90.2589,93.1569,2.3169,-1.2508,0.0569,-0.0746,oui,non,non,oui,non,candidate à l'achat
2024-07-26,SGO.PA,2024-07-29,75.5522,75.5522,75.6485,2.5109,-0.0383,0.1541,0.1901,non,non,non,non,non,dans la bande
2024-07-26,MC.PA,2024-07-29,631.2653,631.2653,658.6792,20.1707,-1.3591,-0.174,-0.3885,oui,non,non,oui,non,candidate à l'achat
2024-07-26,CAP.PA,2024-07-29,178.8436,178.8436,176.2072,6.1135,0.4312,-0.136,0.1491,non,non,oui,non,non,dans la bande
2024-08-02,ENGI.PA,2024-08-05,13.0794,13.0794,12.8425,0.655,0.3617,0.0372,0.2333,non,non,non,non,non,dans la bande
2024-08-02,AC.PA,2024-08-05,31.2361,31.2361,36.0452,1.4169,-3.3941,-0.0397,-0.7607,oui,non,oui,oui,non,candidate à l'achat
2024-08-02,EN.PA,2024-08-05,28.4611,28.4611,29.3166,1.4279,-0.5991,-0.0791,-0.0097,non,non,oui,non,non,dans la bande
2024-08-02,TTE.PA,2024-08-05,54.6956,54.6956,58.0423,2.6031,-1.2857,0.042,-0.1752,oui,non,oui,oui,non,candidate à l'achat
2024-08-02,SAF.PA,2024-08-05,186.9177,186.9177,202.7344,6.6102,-2.3928,0.0411,-0.1811,oui,non,oui,oui,non,candidate à l'achat
2024-08-02,AIR.PA,2024-08-05,126.6598,126.6598,132.2976,8.8418,-0.6376,-0.1425,0.0001,non,non,oui,non,non,dans la bande
2024-08-02,PUB.PA,2024-08-05,83.704,83.704,92.3288,2.4876,-3.4671,0.0389,-0.2698,oui,non,oui,oui,non,candidate à l'achat
2024-08-02,SGO.PA,2024-08-05,69.9333,69.9333,75.7189,2.59,-2.2338,0.1443,-0.0223,oui,non,non,oui,non,candidate à l'achat
2024-08-02,MC.PA,2024-08-05,600.2303,600.2303,641.5253,17.8061,-2.3192,-0.2013,-0.553,oui,non,non,oui,non,candidate à l'achat
2024-08-02,CAP.PA,2024-08-05,169.847,169.847,173.3976,5.363,-0.6621,-0.1539,-0.1665,non,non,oui,non,non,dans la bande
2024-08-09,ENGI.PA,2024-08-12,13.3775,13.3775,12.8461,0.6352,0.8366,0.0283,0.4613,non,non,non,non,non,dans la bande
2024-08-09,AC.PA,2024-08-12,31.9638,31.9638,34.9046,1.429,-2.0579,-0.0865,-1.0323,oui,non,oui,oui,non,candidate à l'achat
2024-08-09,EN.PA,2024-08-12,28.4793,28.4793,28.8066,1.3004,-0.2517,-0.1044,-0.2695,non,non,oui,non,non,dans la bande
2024-08-09,TTE.PA,2024-08-12,54.8835,54.8835,57.2315,2.6078,-0.9004,0.0156,-0.247,non,non,oui,non,non,dans la bande
2024-08-09,SAF.PA,2024-08-12,188.2867,188.2867,199.3174,6.4013,-1.7232,0.0095,-0.3334,oui,non,oui,oui,non,candidate à l'achat
2024-08-09,AIR.PA,2024-08-12,129.0221,129.0221,129.196,7.9096,-0.022,-0.1741,0.1071,non,non,oui,non,non,dans la bande
2024-08-09,PUB.PA,2024-08-12,83.7224,83.7224,90.8932,2.9997,-2.3905,0.0148,-0.5595,oui,non,oui,oui,non,candidate à l'achat
2024-08-09,SGO.PA,2024-08-12,70.1041,70.1041,75.1138,2.8763,-1.7417,0.1234,-0.4386,oui,non,non,oui,non,candidate à l'achat
2024-08-09,MC.PA,2024-08-12,605.4663,605.4663,624.2108,16.0468,-1.1681,-0.2271,-0.6434,oui,non,non,oui,non,candidate à l'achat
2024-08-09,CAP.PA,2024-08-12,166.9112,166.9112,170.7827,5.4205,-0.7142,-0.1643,-0.6515,non,non,oui,non,non,dans la bande
2024-08-16,ENGI.PA,2024-08-19,13.6448,13.6448,12.9115,0.6319,1.1606,0.0269,0.5314,non,oui,non,non,non,au-dessus du bord haut
2024-08-16,AC.PA,2024-08-19,33.5233,33.5233,34.1915,1.426,-0.4686,-0.1112,-0.5629,non,non,oui,non,non,dans la bande
2024-08-16,EN.PA,2024-08-19,28.6977,28.6977,28.3977,1.1687,0.2567,-0.1233,-0.2232,non,non,oui,non,non,dans la bande
2024-08-16,TTE.PA,2024-08-19,55.7602,55.7602,56.5813,2.428,-0.3382,-0.0081,-0.0809,non,non,non,non,non,dans la bande
2024-08-16,SAF.PA,2024-08-19,192.6382,192.6382,196.9062,6.0849,-0.7014,-0.0124,-0.301,non,non,oui,non,non,dans la bande
2024-08-16,AIR.PA,2024-08-19,132.1526,132.1526,126.4979,6.6291,0.853,-0.2017,0.2017,non,non,oui,non,non,dans la bande
2024-08-16,PUB.PA,2024-08-19,86.7237,86.7237,89.8396,3.1546,-0.9877,-0.0032,-0.4608,non,non,oui,non,non,dans la bande
2024-08-16,SGO.PA,2024-08-19,72.0594,72.0594,74.7464,3.0046,-0.8943,0.1079,-0.3634,non,non,non,non,non,dans la bande
2024-08-16,MC.PA,2024-08-19,626.5053,626.5053,613.2415,15.2038,0.8724,-0.2378,-0.2903,non,non,non,non,non,dans la bande
2024-08-16,CAP.PA,2024-08-19,170.936,170.936,169.0513,5.4123,0.3482,-0.1669,-0.576,non,non,oui,non,non,dans la bande
2024-08-23,ENGI.PA,2024-08-26,13.5966,13.5966,12.9762,0.6287,0.9867,0.0257,0.4211,non,non,non,non,non,dans la bande
2024-08-23,AC.PA,2024-08-26,35.0638,35.0638,33.7701,1.3194,0.9805,-0.1262,0.2646,non,non,oui,non,non,dans la bande
2024-08-23,EN.PA,2024-08-26,29.2165,29.2165,28.1893,1.1344,0.9056,-0.1295,0.0372,non,non,oui,non,non,dans la bande
2024-08-23,TTE.PA,2024-08-26,55.6081,55.6081,55.9403,2.1203,-0.1567,-0.0316,0.0829,non,non,non,non,non,dans la bande
2024-08-23,SAF.PA,2024-08-26,192.736,192.736,195.0338,5.5865,-0.4113,-0.0294,-0.0346,non,non,oui,non,non,dans la bande
2024-08-23,AIR.PA,2024-08-26,135.2063,135.2063,125.0483,6.0189,1.6877,-0.2135,0.274,non,oui,oui,non,non,au-dessus du bord haut
2024-08-23,PUB.PA,2024-08-26,88.9885,88.9885,89.1644,3.0791,-0.0572,-0.0165,0.017,non,non,non,non,non,dans la bande
2024-08-23,SGO.PA,2024-08-26,73.7679,73.7679,74.6771,2.9927,-0.3038,0.0971,0.0156,non,non,non,non,non,dans la bande
2024-08-23,MC.PA,2024-08-26,648.4011,648.4011,609.1196,16.3804,2.3981,-0.2351,0.3334,non,oui,non,non,non,au-dessus du bord haut
2024-08-23,CAP.PA,2024-08-26,172.8774,172.8774,168.47,5.4259,0.8123,-0.1599,0.0011,non,non,oui,non,non,dans la bande
2024-08-30,ENGI.PA,2024-09-02,13.9648,13.9648,13.0852,0.6421,1.3698,0.031,0.2945,non,oui,non,non,non,au-dessus du bord haut
2024-08-30,AC.PA,2024-09-02,35.9806,35.9806,33.6522,1.2721,1.8304,-0.1297,0.89,non,oui,non,non,non,au-dessus du bord haut
2024-08-30,EN.PA,2024-09-02,29.4987,29.4987,28.0787,1.1285,1.2583,-0.1306,0.2399,non,oui,oui,non,non,au-dessus du bord haut
2024-08-30,TTE.PA,2024-09-02,55.635,55.635,55.3811,1.7246,0.1472,-0.0522,0.2205,non,non,non,non,non,dans la bande
2024-08-30,SAF.PA,2024-09-02,193.5672,193.5672,193.4508,4.9507,0.0235,-0.0438,0.229,non,non,oui,non,non,dans la bande
2024-08-30,AIR.PA,2024-09-02,133.3049,133.3049,124.2081,5.8553,1.5536,-0.2173,0.3507,non,oui,non,non,non,au-dessus du bord haut
2024-08-30,PUB.PA,2024-09-02,91.5294,91.5294,88.8574,2.8414,0.9404,-0.0264,0.5786,non,non,non,non,non,dans la bande
2024-08-30,SGO.PA,2024-09-02,75.0587,75.0587,74.6083,2.9105,0.1548,0.0845,0.4615,non,non,non,non,non,dans la bande
2024-08-30,MC.PA,2024-09-02,641.9276,641.9276,606.1939,17.7285,2.0156,-0.2287,0.5005,non,oui,non,non,non,au-dessus du bord haut
2024-08-30,CAP.PA,2024-09-02,177.5651,177.5651,168.8006,5.4231,1.6161,-0.1452,0.35,non,oui,oui,non,non,au-dessus du bord haut
2024-09-06,ENGI.PA,2024-09-09,14.127,14.127,13.2076,0.6583,1.3967,0.0375,0.2212,non,oui,non,non,non,au-dessus du bord haut
2024-09-06,AC.PA,2024-09-09,35.6971,35.6971,33.7499,1.3508,1.4415,-0.121,0.7263,non,oui,non,non,non,au-dessus du bord haut
2024-09-06,EN.PA,2024-09-09,29.1073,29.1073,28.0499,1.1529,0.9172,-0.1261,0.1975,non,non,non,non,non,dans la bande
2024-09-06,TTE.PA,2024-09-09,53.5505,53.5505,54.7165,1.4688,-0.7938,-0.0712,-0.1069,non,non,oui,non,non,dans la bande
2024-09-06,SAF.PA,2024-09-09,188.0912,188.0912,191.758,4.635,-0.7911,-0.056,0.0096,non,non,oui,non,non,dans la bande
2024-09-06,AIR.PA,2024-09-09,123.2413,123.2413,122.7261,5.7031,0.0903,-0.2239,-0.0931,non,non,non,non,non,dans la bande
2024-09-06,PUB.PA,2024-09-09,87.5891,87.5891,88.346,2.6665,-0.2838,-0.0371,0.3216,non,non,non,non,non,dans la bande
2024-09-06,SGO.PA,2024-09-09,71.2241,71.2241,74.3983,2.8376,-1.1186,0.0701,0.2427,oui,non,non,oui,oui,candidate à l'achat
2024-09-06,MC.PA,2024-09-09,582.6185,582.6185,601.7572,17.7588,-1.0777,-0.2218,-0.0512,oui,non,non,oui,non,candidate à l'achat
2024-09-06,CAP.PA,2024-09-09,170.5099,170.5099,169.2066,5.2307,0.2491,-0.1297,0.2248,non,non,non,non,non,dans la bande
2024-09-13,ENGI.PA,2024-09-16,13.9034,13.9034,13.3264,0.6714,0.8594,0.0439,0.1894,non,non,non,non,non,dans la bande
2024-09-13,AC.PA,2024-09-16,36.2452,36.2452,33.936,1.4171,1.6296,-0.1067,0.3563,non,oui,non,non,non,au-dessus du bord haut
2024-09-13,EN.PA,2024-09-16,28.807,28.807,28.0078,1.165,0.6859,-0.1203,-0.0173,non,non,non,non,non,dans la bande
2024-09-13,TTE.PA,2024-09-16,54.633,54.633,54.1207,1.2014,0.4264,-0.087,-0.2174,non,non,oui,non,non,dans la bande
2024-09-13,SAF.PA,2024-09-16,198.7987,198.7987,191.2881,4.6342,1.6207,-0.0577,0.0419,non,oui,non,non,non,au-dessus du bord haut
2024-09-13,AIR.PA,2024-09-16,125.3155,125.3155,121.6972,5.733,0.6311,-0.2211,-0.4914,non,non,non,non,non,dans la bande
2024-09-13,PUB.PA,2024-09-16,88.8412,88.8412,87.7337,2.4866,0.4454,-0.0484,-0.0161,non,non,non,non,non,dans la bande
2024-09-13,SGO.PA,2024-09-16,74.8119,74.8119,74.2457,2.7639,0.2049,0.0583,0.0356,non,non,non,non,non,dans la bande
2024-09-13,MC.PA,2024-09-16,578.9058,578.9058,591.8869,17.9329,-0.7239,-0.2278,-0.7197,non,non,non,non,non,dans la bande
2024-09-13,CAP.PA,2024-09-16,182.9157,182.9157,170.1794,5.575,2.2846,-0.1129,0.2284,non,oui,non,non,non,au-dessus du bord haut
2024-09-20,ENGI.PA,2024-09-23,13.8465,13.8465,13.426,0.6793,0.6189,0.0488,0.0512,non,non,non,non,non,dans la bande
2024-09-20,AC.PA,2024-09-23,37.2281,37.2281,34.2945,1.504,1.9506,-0.0853,0.19,non,oui,non,non,non,au-dessus du bord haut
2024-09-20,EN.PA,2024-09-23,29.1346,29.1346,28.0946,1.1931,0.8717,-0.1083,-0.0172,non,non,non,non,non,dans la bande
2024-09-20,TTE.PA,2024-09-23,55.456,55.456,53.8642,1.0792,1.475,-0.0917,-0.0905,non,oui,non,non,non,au-dessus du bord haut
2024-09-20,SAF.PA,2024-09-23,205.546,205.546,191.9526,4.9847,2.727,-0.052,0.2903,non,oui,non,non,non,au-dessus du bord haut
2024-09-20,AIR.PA,2024-09-23,125.642,125.642,121.0171,5.7853,0.7994,-0.2143,-0.4804,non,non,non,non,non,dans la bande
2024-09-20,PUB.PA,2024-09-23,91.3637,91.3637,87.6545,2.4451,1.517,-0.0505,-0.0308,non,oui,non,non,non,au-dessus du bord haut
2024-09-20,SGO.PA,2024-09-23,79.14,79.14,74.7623,2.8117,1.557,0.0599,0.2885,non,oui,non,non,non,au-dessus du bord haut
2024-09-20,MC.PA,2024-09-23,563.4835,563.4835,582.1832,18.1461,-1.0305,-0.2337,-0.7878,oui,non,oui,oui,non,candidate à l'achat
2024-09-20,CAP.PA,2024-09-23,178.086,178.086,171.2775,5.9633,1.1417,-0.0972,0.2545,non,oui,non,non,non,au-dessus du bord haut
2024-09-27,ENGI.PA,2024-09-30,13.7018,13.7018,13.4925,0.681,0.3073,0.0501,-0.0865,non,non,non,non,non,dans la bande
2024-09-27,AC.PA,2024-09-30,38.5419,38.5419,34.7372,1.6481,2.3085,-0.064,0.3305,non,oui,non,non,non,au-dessus du bord haut
2024-09-27,EN.PA,2024-09-30,28.1972,28.1972,27.9441,1.1877,0.2131,-0.1102,-0.1642,non,non,non,non,non,dans la bande
2024-09-27,TTE.PA,2024-09-30,53.5906,53.5906,53.75,1.1106,-0.1435,-0.0894,0.0632,non,non,non,non,non,dans la bande
2024-09-27,SAF.PA,2024-09-30,208.6751,208.6751,193.7882,5.9159,2.5164,-0.0398,0.6394,non,oui,non,non,non,au-dessus du bord haut
2024-09-27,AIR.PA,2024-09-30,128.5036,128.5036,120.968,5.9764,1.2609,-0.2025,0.0274,non,oui,non,non,non,au-dessus du bord haut
2024-09-27,PUB.PA,2024-09-30,92.984,92.984,87.9665,2.5557,1.9633,-0.0466,0.2959,non,oui,non,non,non,au-dessus du bord haut
2024-09-27,SGO.PA,2024-09-30,78.9502,78.9502,75.401,2.8699,1.2367,0.0636,0.5059,non,oui,non,non,non,au-dessus du bord haut
2024-09-27,MC.PA,2024-09-30,669.6305,669.6305,578.4369,20.8421,4.3754,-0.2304,-0.0229,non,oui,non,non,non,au-dessus du bord haut
2024-09-27,CAP.PA,2024-09-30,189.3081,189.3081,172.5843,6.3439,2.6362,-0.0803,0.3012,non,oui,non,non,non,au-dessus du bord haut
2024-10-04,ENGI.PA,2024-10-07,13.5177,13.5177,13.5242,0.6808,-0.0096,0.049,-0.2029,non,non,non,non,non,dans la bande
2024-10-04,AC.PA,2024-10-07,37.3888,37.3888,34.8334,1.6759,1.5248,-0.0597,0.1604,non,oui,non,non,non,au-dessus du bord haut
2024-10-04,EN.PA,2024-10-07,26.6135,26.6135,27.5811,1.1901,-0.813,-0.1218,-0.4514,non,non,non,non,non,dans la bande
2024-10-04,TTE.PA,2024-10-07,56.7617,56.7617,53.7291,1.163,2.6077,-0.0839,0.0692,non,oui,non,non,non,au-dessus du bord haut
2024-10-04,SAF.PA,2024-10-07,203.3947,203.3947,194.912,6.2624,1.3545,-0.0319,0.404,non,oui,non,non,non,au-dessus du bord haut
2024-10-04,AIR.PA,2024-10-07,121.8009,121.8009,120.0556,6.0054,0.2906,-0.1998,-0.0447,non,non,non,non,non,dans la bande
2024-10-04,PUB.PA,2024-10-07,89.0621,89.0621,87.7715,2.524,0.5113,-0.0491,0.1443,non,non,non,non,non,dans la bande
2024-10-04,SGO.PA,2024-10-07,77.4885,77.4885,75.567,2.7572,0.6969,0.0561,0.3347,non,non,non,non,non,dans la bande
2024-10-04,MC.PA,2024-10-07,630.1229,630.1229,579.6663,23.918,2.1096,-0.2173,0.6852,non,oui,non,non,non,au-dessus du bord haut
2024-10-04,CAP.PA,2024-10-07,178.9856,178.9856,173.307,6.5483,0.8672,-0.0702,0.0881,non,non,non,non,non,dans la bande
2024-10-11,ENGI.PA,2024-10-14,13.8552,13.8552,13.5645,0.6815,0.4266,0.0499,-0.1698,non,non,non,non,non,dans la bande
2024-10-11,AC.PA,2024-10-14,38.2394,38.2394,35.1738,1.7447,1.7571,-0.0438,0.0878,non,oui,non,non,non,au-dessus du bord haut
2024-10-11,EN.PA,2024-10-14,26.8501,26.8501,27.242,1.1899,-0.3294,-0.1311,-0.6325,non,non,non,non,non,dans la bande
2024-10-11,TTE.PA,2024-10-14,56.508,56.508,54.0214,1.2801,1.9425,-0.0713,0.1519,non,oui,non,non,non,au-dessus du bord haut
2024-10-11,SAF.PA,2024-10-14,200.2655,200.2655,195.1691,6.3055,0.8083,-0.0291,-0.072,non,non,non,non,non,dans la bande
2024-10-11,AIR.PA,2024-10-14,127.6393,127.6393,119.5858,6.0333,1.3348,-0.1914,-0.1602,non,oui,non,non,non,au-dessus du bord haut
2024-10-11,PUB.PA,2024-10-14,89.725,89.725,87.7196,2.5057,0.8003,-0.0487,-0.0995,non,non,non,non,non,dans la bande
2024-10-11,SGO.PA,2024-10-14,78.2668,78.2668,75.6494,2.5096,1.043,0.0454,0.0334,non,oui,non,non,non,au-dessus du bord haut
2024-10-11,MC.PA,2024-10-14,621.7454,621.7454,581.289,25.8861,1.5629,-0.2017,0.6176,non,oui,non,non,non,au-dessus du bord haut
2024-10-11,CAP.PA,2024-10-14,172.0724,172.0724,172.7867,6.5359,-0.1093,-0.0693,-0.2611,non,non,non,non,non,dans la bande
2024-10-18,ENGI.PA,2024-10-21,13.9648,13.9648,13.6978,0.6819,0.3915,0.0617,0.1118,non,non,non,non,non,dans la bande
2024-10-18,AC.PA,2024-10-21,39.676,39.676,35.8343,1.8857,2.0372,-0.0153,0.2986,non,oui,non,non,non,au-dessus du bord haut
2024-10-18,EN.PA,2024-10-21,27.469,27.469,27.0613,1.1898,0.3426,-0.132,-0.2436,non,non,non,non,non,dans la bande
2024-10-18,TTE.PA,2024-10-21,54.0527,54.0527,54.0449,1.2406,0.0062,-0.0638,0.0212,non,non,non,non,non,dans la bande
2024-10-18,SAF.PA,2024-10-21,210.3375,210.3375,196.4434,6.6621,2.0856,-0.0209,-0.1131,non,oui,non,non,non,au-dessus du bord haut
2024-10-18,AIR.PA,2024-10-21,134.0155,134.0155,120.357,6.5568,2.0831,-0.1739,0.1787,non,oui,non,non,non,au-dessus du bord haut
2024-10-18,PUB.PA,2024-10-21,93.4443,93.4443,88.1649,2.6466,1.9948,-0.0399,-0.0142,non,oui,non,non,non,au-dessus du bord haut
2024-10-18,SGO.PA,2024-10-21,80.4688,80.4688,76.2881,2.5899,1.6143,0.0503,0.1051,non,oui,non,non,non,au-dessus du bord haut
2024-10-18,MC.PA,2024-10-21,593.2808,593.2808,577.0327,26.0275,0.6243,-0.1983,-0.1886,non,non,non,non,non,dans la bande
2024-10-18,CAP.PA,2024-10-21,174.7714,174.7714,172.3605,6.5201,0.3698,-0.0679,-0.358,non,non,non,non,non,dans la bande
2024-10-25,ENGI.PA,2024-10-28,13.7193,13.7193,13.8288,0.6496,-0.1685,0.0777,0.1597,non,non,non,non,non,dans la bande
2024-10-25,AC.PA,2024-10-28,39.4964,39.4964,36.5744,1.9953,1.4645,0.0154,0.5982,non,oui,non,non,non,au-dessus du bord haut
2024-10-25,EN.PA,2024-10-28,26.7409,26.7409,26.9298,1.1784,-0.1604,-0.128,0.0246,non,non,non,non,non,dans la bande
2024-10-25,TTE.PA,2024-10-28,54.6054,54.6054,54.0863,1.1845,0.4382,-0.0561,-0.098,non,non,non,non,non,dans la bande
2024-10-25,SAF.PA,2024-10-28,206.8172,206.8172,198.0596,6.8968,1.2698,-0.0083,0.1227,non,oui,non,non,non,au-dessus du bord haut
2024-10-25,AIR.PA,2024-10-28,134.899,134.899,122.1573,6.9938,1.8219,-0.1425,0.6747,non,oui,non,non,non,au-dessus du bord haut
2024-10-25,PUB.PA,2024-10-28,91.4926,91.4926,88.7393,2.6883,1.0242,-0.0273,0.2153,non,oui,non,non,non,au-dessus du bord haut
2024-10-25,SGO.PA,2024-10-28,77.7163,77.7163,76.9003,2.594,0.3146,0.0593,0.1109,non,non,non,non,non,dans la bande
2024-10-25,MC.PA,2024-10-28,596.8984,596.8984,574.9953,25.8005,0.8489,-0.1883,-0.5788,non,non,non,non,non,dans la bande
2024-10-25,CAP.PA,2024-10-28,165.7748,165.7748,171.8889,6.4675,-0.9454,-0.0646,-0.3627,non,non,non,non,non,dans la bande
2024-11-01,ENGI.PA,2024-11-04,13.5177,13.5177,13.9465,0.595,-0.7207,0.0939,-0.0158,non,non,non,non,non,dans la bande
2024-11-01,AC.PA,2024-11-04,39.5531,39.5531,37.2781,2.0086,1.1327,0.0449,0.3628,non,oui,non,non,non,au-dessus du bord haut
2024-11-01,EN.PA,2024-11-04,27.0412,27.0412,26.8849,1.1272,0.1387,-0.1173,0.0029,non,non,non,non,non,dans la bande
2024-11-01,TTE.PA,2024-11-04,52.4581,52.4581,53.9714,1.1192,-1.3521,-0.0517,-0.3784,oui,non,non,oui,non,candidate à l'achat
2024-11-01,SAF.PA,2024-11-04,205.8393,205.8393,199.3409,6.9955,0.9289,0.0016,0.1768,non,non,non,non,non,dans la bande
2024-11-01,AIR.PA,2024-11-04,135.9745,135.9745,124.0374,7.1432,1.6711,-0.1101,0.5711,non,oui,non,non,non,au-dessus du bord haut
2024-11-01,PUB.PA,2024-11-04,90.2221,90.2221,89.3139,2.6561,0.342,-0.0141,0.1103,non,non,non,non,non,dans la bande
2024-11-01,SGO.PA,2024-11-04,80.1841,80.1841,77.7598,2.4851,0.9755,0.0751,0.0489,non,non,non,non,non,dans la bande
2024-11-01,MC.PA,2024-11-04,581.6665,581.6665,574.6843,25.0686,0.2785,-0.1738,-0.3836,non,non,non,non,non,dans la bande
2024-11-01,CAP.PA,2024-11-04,155.3103,155.3103,169.9959,6.8312,-2.1498,-0.0696,-0.554,oui,non,non,oui,non,candidate à l'achat
2024-11-08,ENGI.PA,2024-11-11,13.3117,13.3117,14.0094,0.5536,-1.2604,0.1035,-0.3193,oui,non,non,oui,non,candidate à l'achat
2024-11-08,AC.PA,2024-11-11,41.5946,41.5946,38.0134,2.0149,1.7773,0.0738,0.1691,non,oui,non,non,non,au-dessus du bord haut
2024-11-08,EN.PA,2024-11-11,27.2233,27.2233,26.9203,1.0724,0.2825,-0.1033,-0.0269,non,non,non,non,non,dans la bande
2024-11-08,TTE.PA,2024-11-11,51.4977,51.4977,53.658,1.1407,-1.8939,-0.0538,-0.3135,oui,non,non,oui,non,candidate à l'achat
2024-11-08,SAF.PA,2024-11-11,214.9334,214.9334,202.3843,7.1734,1.7494,0.0253,0.1996,non,oui,non,non,non,au-dessus du bord haut
2024-11-08,AIR.PA,2024-11-11,136.6467,136.6467,126.5391,6.8816,1.4688,-0.0695,0.2152,non,oui,non,non,non,au-dessus du bord haut
2024-11-08,PUB.PA,2024-11-11,94.9174,94.9174,90.3069,2.6744,1.7239,0.0049,0.1307,non,oui,non,non,non,au-dessus du bord haut
2024-11-08,SGO.PA,2024-11-11,81.7217,81.7217,78.7944,2.3865,1.2266,0.0929,0.0957,non,oui,non,non,non,au-dessus du bord haut
2024-11-08,MC.PA,2024-11-11,569.6714,569.6714,571.6782,24.6831,-0.0813,-0.1672,-0.1374,non,non,non,non,non,dans la bande
2024-11-08,CAP.PA,2024-11-11,153.511,153.511,167.6089,7.2072,-1.9561,-0.0758,-0.8978,oui,non,non,oui,non,candidate à l'achat
2024-11-15,ENGI.PA,2024-11-18,13.5002,13.5002,14.0741,0.5119,-1.1211,0.1125,-0.206,oui,non,non,oui,non,candidate à l'achat
2024-11-15,AC.PA,2024-11-18,41.3867,41.3867,38.8174,2.0317,1.2646,0.1023,0.2327,non,oui,non,non,non,au-dessus du bord haut
2024-11-15,EN.PA,2024-11-18,27.023,27.023,26.9806,0.9473,0.0448,-0.0865,-0.003,non,non,non,non,non,dans la bande
2024-11-15,TTE.PA,2024-11-18,52.1048,52.1048,53.2622,1.195,-0.9686,-0.0572,-0.3804,non,non,non,non,non,dans la bande
2024-11-15,SAF.PA,2024-11-18,212.2932,212.2932,205.7092,6.8728,0.958,0.0516,0.2881,non,non,non,non,non,dans la bande
2024-11-15,AIR.PA,2024-11-18,132.5559,132.5559,128.6773,6.2375,0.6218,-0.0335,0.0072,non,non,non,non,non,dans la bande
2024-11-15,PUB.PA,2024-11-18,90.2037,90.2037,91.1592,2.6418,-0.3617,0.0204,0.1558,non,non,non,non,non,dans la bande
2024-11-15,SGO.PA,2024-11-18,86.0688,86.0688,80.3726,2.3722,2.4012,0.1191,0.4721,non,oui,non,non,non,au-dessus du bord haut
2024-11-15,MC.PA,2024-11-18,558.1523,558.1523,564.9402,24.7596,-0.2742,-0.1704,-0.3866,non,non,non,non,non,dans la bande
2024-11-15,CAP.PA,2024-11-18,146.1716,146.1716,165.0637,7.5194,-2.5124,-0.086,-0.8102,oui,non,oui,oui,non,candidate à l'achat
2024-11-22,ENGI.PA,2024-11-25,13.4914,13.4914,14.1568,0.4587,-1.4507,0.1228,-0.037,oui,non,non,oui,non,candidate à l'achat
2024-11-22,AC.PA,2024-11-25,40.1486,40.1486,39.5006,1.9817,0.327,0.1258,0.2017,non,non,non,non,non,dans la bande
2024-11-22,EN.PA,2024-11-25,26.213,26.213,26.9987,0.7737,-1.0155,-0.0714,-0.1264,oui,non,non,oui,non,candidate à l'achat
2024-11-22,TTE.PA,2024-11-25,51.7242,51.7242,52.9627,1.209,-1.0244,-0.0597,-0.1811,oui,non,non,oui,non,candidate à l'achat
2024-11-22,SAF.PA,2024-11-25,215.2268,215.2268,208.6648,6.3014,1.0413,0.0739,0.2517,non,oui,non,non,non,au-dessus du bord haut
2024-11-22,AIR.PA,2024-11-25,132.4599,132.4599,130.2722,5.5306,0.3956,-0.0055,-0.1183,non,non,non,non,non,dans la bande
2024-11-22,PUB.PA,2024-11-25,94.3189,94.3189,91.6526,2.5745,1.0357,0.0294,0.0462,non,oui,non,non,non,au-dessus du bord haut
2024-11-22,SGO.PA,2024-11-25,83.0505,83.0505,81.7371,2.2319,0.5885,0.14,0.4422,non,non,non,non,non,dans la bande
2024-11-22,MC.PA,2024-11-25,555.0108,555.0108,560.0785,24.1619,-0.2097,-0.1671,-0.477,non,non,non,non,non,dans la bande
2024-11-22,CAP.PA,2024-11-25,146.361,146.361,161.2818,8.1995,-1.8197,-0.1097,-0.5346,oui,non,oui,oui,non,candidate à l'achat
2024-11-29,ENGI.PA,2024-12-02,13.224,13.224,14.0709,0.4905,-1.7265,0.1064,-0.0594,oui,non,non,oui,non,candidate à l'achat
2024-11-29,AC.PA,2024-12-02,41.2827,41.2827,40.1067,1.9232,0.6115,0.1443,0.0751,non,non,non,non,non,dans la bande
2024-11-29,EN.PA,2024-12-02,25.6305,25.6305,26.699,0.7835,-1.3637,-0.0814,-0.3524,oui,non,non,oui,non,candidate à l'achat
2024-11-29,TTE.PA,2024-12-02,49.8035,49.8035,52.2182,1.317,-1.8334,-0.0748,-0.2769,oui,non,oui,oui,non,candidate à l'achat
2024-11-29,SAF.PA,2024-12-02,215.6179,215.6179,210.945,5.964,0.7835,0.088,0.0232,non,non,non,non,non,dans la bande
2024-11-29,AIR.PA,2024-12-02,141.6977,141.6977,132.054,5.1327,1.8789,0.0205,-0.0394,non,oui,non,non,non,au-dessus du bord haut
2024-11-29,PUB.PA,2024-12-02,94.5491,94.5491,92.2723,2.5694,0.8861,0.0376,0.0003,non,non,non,non,non,dans la bande
2024-11-29,SGO.PA,2024-12-02,81.9495,81.9495,82.4796,2.119,-0.2502,0.1465,0.0937,non,non,non,non,non,dans la bande
2024-11-29,MC.PA,2024-12-02,564.0547,564.0547,557.2452,23.8532,0.2855,-0.1611,-0.1587,non,non,non,non,non,dans la bande
2024-11-29,CAP.PA,2024-12-02,143.8514,143.8514,157.242,8.6579,-1.5466,-0.1361,-0.4126,oui,non,oui,oui,non,candidate à l'achat
2024-12-06,ENGI.PA,2024-12-09,13.3687,13.3687,13.9389,0.4907,-1.162,0.0814,-0.1194,oui,non,non,oui,non,candidate à l'achat
2024-12-06,AC.PA,2024-12-09,43.4943,43.4943,40.8842,1.8936,1.3784,0.167,0.1664,non,oui,non,non,non,au-dessus du bord haut
2024-12-06,EN.PA,2024-12-09,26.2585,26.2585,26.3507,0.7823,-0.1178,-0.0955,-0.3237,non,non,non,non,non,dans la bande
2024-12-06,TTE.PA,2024-12-09,49.133,49.133,51.3619,1.3795,-1.6157,-0.0935,-0.3609,oui,non,oui,oui,non,candidate à l'achat
2024-12-06,SAF.PA,2024-12-09,208.1862,208.1862,213.0961,5.9598,-0.8238,0.0993,0.0018,non,non,non,non,non,dans la bande
2024-12-06,AIR.PA,2024-12-09,148.9958,148.9958,135.7189,4.9468,2.6839,0.0649,0.5737,non,oui,non,non,non,au-dessus du bord haut
2024-12-06,PUB.PA,2024-12-09,96.1142,96.1142,92.8437,2.5784,1.2684,0.0445,0.0733,non,oui,non,non,non,au-dessus du bord haut
2024-12-06,SGO.PA,2024-12-09,85.4424,85.4424,83.0925,2.1242,1.1062,0.148,-0.1457,non,oui,non,non,non,au-dessus du bord haut
2024-12-06,MC.PA,2024-12-09,605.7582,605.7582,558.3546,24.7491,1.9154,-0.1488,0.3768,non,oui,non,non,non,au-dessus du bord haut
2024-12-06,CAP.PA,2024-12-09,149.1073,149.1073,153.5293,8.6128,-0.5134,-0.1617,-0.291,non,non,non,non,non,dans la bande
2024-12-13,ENGI.PA,2024-12-16,13.3468,13.3468,13.8195,0.4701,-1.0056,0.0585,-0.0832,oui,non,non,oui,non,candidate à l'achat
2024-12-13,AC.PA,2024-12-16,44.4205,44.4205,41.8908,1.8182,1.3913,0.1977,0.5002,non,oui,non,non,non,au-dessus du bord haut
2024-12-13,EN.PA,2024-12-16,26.4587,26.4587,26.0901,0.6896,0.5345,-0.1074,-0.0373,non,non,non,non,non,dans la bande
2024-12-13,TTE.PA,2024-12-16,48.3448,48.3448,50.593,1.4041,-1.6011,-0.1089,-0.4118,oui,non,oui,oui,non,candidate à l'achat
2024-12-13,SAF.PA,2024-12-16,204.4703,204.4703,213.0346,6.1092,-1.4019,0.0954,-0.2613,oui,non,non,oui,non,candidate à l'achat
2024-12-13,AIR.PA,2024-12-16,153.8547,153.8547,138.9869,5.4882,2.7091,0.0943,0.9504,non,oui,non,non,non,au-dessus du bord haut
2024-12-13,PUB.PA,2024-12-16,98.3237,98.3237,93.9707,2.611,1.6672,0.0603,0.3317,non,oui,non,non,non,au-dessus du bord haut
2024-12-13,SGO.PA,2024-12-16,84.2654,84.2654,83.8335,2.1391,0.2019,0.149,0.0719,non,non,non,non,non,dans la bande
2024-12-13,MC.PA,2024-12-16,614.022,614.022,565.9813,26.6881,1.8001,-0.1204,0.7302,non,oui,non,non,non,au-dessus du bord haut
2024-12-13,CAP.PA,2024-12-16,147.7342,147.7342,151.0433,8.4384,-0.3922,-0.176,0.1478,non,non,oui,non,non,dans la bande
2024-12-20,ENGI.PA,2024-12-23,13.0706,13.0706,13.6737,0.4679,-1.2886,0.036,-0.0424,oui,non,non,oui,non,candidate à l'achat
2024-12-20,AC.PA,2024-12-23,44.0424,44.0424,42.8816,1.677,0.6922,0.2263,0.5454,non,non,non,non,non,dans la bande
2024-12-20,EN.PA,2024-12-23,25.6578,25.6578,25.8031,0.6173,-0.2355,-0.1192,0.07,non,non,non,non,non,dans la bande
2024-12-20,TTE.PA,2024-12-23,47.013,47.013,49.8023,1.5286,-1.8247,-0.1205,-0.3191,oui,non,oui,oui,non,candidate à l'achat
2024-12-20,SAF.PA,2024-12-23,205.3504,205.3504,213.5681,6.0397,-1.3606,0.0967,-0.3133,oui,non,non,oui,non,candidate à l'achat
2024-12-20,AIR.PA,2024-12-23,148.6309,148.6309,141.8741,5.7948,1.166,0.1186,0.6863,non,oui,non,non,non,au-dessus du bord haut
2024-12-20,PUB.PA,2024-12-23,94.6872,94.6872,94.9019,2.4805,-0.0865,0.0738,0.1875,non,non,non,non,non,dans la bande
2024-12-20,SGO.PA,2024-12-23,80.9244,80.9244,84.2735,2.1373,-1.567,0.1486,0.0811,oui,non,non,oui,oui,candidate à l'achat
2024-12-20,MC.PA,2024-12-23,603.5481,603.5481,571.7311,27.0218,1.1775,-0.0966,0.5115,non,oui,non,non,non,au-dessus du bord haut
2024-12-20,CAP.PA,2024-12-23,147.0239,147.0239,148.5436,8.3869,-0.1812,-0.1883,0.1586,non,non,oui,non,non,dans la bande
2024-12-27,ENGI.PA,2024-12-30,13.2723,13.2723,13.6016,0.4581,-0.7189,0.0245,-0.0571,non,non,non,non,non,dans la bande
2024-12-27,AC.PA,2024-12-30,44.1842,44.1842,43.4381,1.5384,0.485,0.2419,0.4009,non,non,non,non,non,dans la bande
2024-12-27,EN.PA,2024-12-30,25.9672,25.9672,25.6454,0.5933,0.5425,-0.1244,0.0424,non,non,non,non,non,dans la bande
2024-12-27,TTE.PA,2024-12-30,47.7921,47.7921,49.3526,1.5658,-0.9966,-0.1276,-0.2962,non,non,oui,non,non,dans la bande
2024-12-27,SAF.PA,2024-12-30,206.3282,206.3282,213.7909,5.9969,-1.2444,0.0973,-0.323,oui,non,non,oui,non,candidate à l'achat
2024-12-27,AIR.PA,2024-12-30,149.1302,149.1302,143.1852,5.7944,1.026,0.1285,0.2429,non,oui,non,non,non,au-dessus du bord haut
2024-12-27,PUB.PA,2024-12-30,94.9174,94.9174,95.312,2.3343,-0.1691,0.0801,0.072,non,non,non,non,non,dans la bande
2024-12-27,SGO.PA,2024-12-30,81.8166,81.8166,84.4011,2.1675,-1.1924,0.146,-0.0414,oui,non,non,oui,non,candidate à l'achat
2024-12-27,MC.PA,2024-12-30,610.7549,610.7549,574.5313,27.3587,1.324,-0.0854,0.3307,non,oui,non,non,non,au-dessus du bord haut
2024-12-27,CAP.PA,2024-12-30,148.7285,148.7285,147.1628,8.2624,0.1895,-0.1957,0.1127,non,non,non,non,non,dans la bande
2025-01-03,ENGI.PA,2025-01-06,13.693,13.693,13.5388,0.4197,0.3676,0.0114,0.0558,non,non,non,non,non,dans la bande
2025-01-03,AC.PA,2025-01-06,43.4659,43.4659,44.1839,1.2495,-0.5746,0.2631,0.1508,non,non,non,non,non,dans la bande
2025-01-03,EN.PA,2025-01-06,26.1493,26.1493,25.5428,0.5938,1.0213,-0.1248,-0.0337,non,oui,non,non,non,au-dessus du bord haut
2025-01-03,TTE.PA,2025-01-06,49.6597,49.6597,48.9581,1.5608,0.4495,-0.1327,-0.0965,non,non,oui,non,non,dans la bande
2025-01-03,SAF.PA,2025-01-06,206.915,206.915,214.2695,5.9181,-1.2427,0.0987,-0.0758,oui,non,non,oui,non,candidate à l'achat
2025-01-03,AIR.PA,2025-01-06,152.2799,152.2799,145.0991,5.8589,1.2256,0.142,0.0241,non,oui,non,non,non,au-dessus du bord haut
2025-01-03,PUB.PA,2025-01-06,92.4777,92.4777,95.7001,2.2152,-1.4547,0.0853,-0.0891,oui,non,non,oui,non,candidate à l'achat
2025-01-03,SGO.PA,2025-01-06,79.6336,79.6336,84.617,2.1644,-2.3025,0.1459,-0.2799,oui,non,non,oui,non,candidate à l'achat
2025-01-03,MC.PA,2025-01-06,587.4048,587.4048,579.046,26.6549,0.3136,-0.0665,-0.0076,non,non,non,non,non,dans la bande
2025-01-03,CAP.PA,2025-01-06,146.7871,146.7871,145.7609,8.2171,0.1249,-0.2,-0.0348,non,non,oui,non,non,dans la bande
2025-01-10,ENGI.PA,2025-01-13,13.7106,13.7106,13.4972,0.3644,0.5856,-0.0009,0.3008,non,non,non,non,non,dans la bande
2025-01-10,AC.PA,2025-01-13,44.6379,44.6379,44.9588,0.9751,-0.3291,0.2793,0.0238,non,non,non,non,non,dans la bande
2025-01-10,EN.PA,2025-01-13,25.8762,25.8762,25.4826,0.6066,0.6489,-0.1203,0.0011,non,non,non,non,non,dans la bande
2025-01-10,TTE.PA,2025-01-13,50.8093,50.8093,48.8327,1.5912,1.2422,-0.1298,0.3873,non,oui,oui,non,non,au-dessus du bord haut
2025-01-10,SAF.PA,2025-01-13,215.5201,215.5201,215.4103,5.7937,0.0189,0.1024,0.22,non,non,non,non,non,dans la bande
2025-01-10,AIR.PA,2025-01-13,151.3004,151.3004,147.3735,5.905,0.665,0.1562,-0.0053,non,non,non,non,non,dans la bande
2025-01-10,PUB.PA,2025-01-13,92.4316,92.4316,95.7819,2.1802,-1.5367,0.086,-0.3976,oui,non,non,oui,non,candidate à l'achat
2025-01-10,SGO.PA,2025-01-13,79.7854,79.7854,84.8096,2.2144,-2.2689,0.1435,-0.2556,oui,non,non,oui,non,candidate à l'achat
2025-01-10,MC.PA,2025-01-13,619.7875,619.7875,585.852,26.6829,1.2718,-0.0431,0.0047,non,oui,non,non,non,au-dessus du bord haut
2025-01-10,CAP.PA,2025-01-13,148.7285,148.7285,144.95,8.2715,0.4568,-0.1953,0.0731,non,non,non,non,non,dans la bande
2025-01-17,ENGI.PA,2025-01-20,14.0963,14.0963,13.48,0.3153,1.9542,-0.0097,0.4092,non,oui,non,non,non,au-dessus du bord haut
2025-01-17,AC.PA,2025-01-20,45.4223,45.4223,45.6223,0.8593,-0.2327,0.2857,0.1413,non,non,non,non,non,dans la bande
2025-01-17,EN.PA,2025-01-20,27.3325,27.3325,25.5227,0.6647,2.7229,-0.112,0.2417,non,oui,non,non,non,au-dessus du bord haut
2025-01-17,TTE.PA,2025-01-20,52.8508,52.8508,48.9036,1.6997,2.3224,-0.1231,0.6614,non,oui,non,non,non,au-dessus du bord haut
2025-01-17,SAF.PA,2025-01-20,222.3651,222.3651,217.3139,5.6449,0.8948,0.1104,0.3851,non,non,non,non,non,dans la bande
2025-01-17,AIR.PA,2025-01-20,154.3925,154.3925,149.0889,5.8909,0.9003,0.1634,0.0666,non,non,non,non,non,dans la bande
2025-01-17,PUB.PA,2025-01-20,91.511,91.511,95.5867,2.3243,-1.7535,0.082,-0.3378,oui,non,non,oui,non,candidate à l'achat
2025-01-17,SGO.PA,2025-01-20,82.1773,82.1773,84.8706,2.32,-1.1609,0.1383,-0.0669,oui,non,non,oui,non,candidate à l'achat
2025-01-17,MC.PA,2025-01-20,663.1246,663.1246,593.8845,28.7652,2.4071,-0.0222,0.3556,non,oui,non,non,non,au-dessus du bord haut
2025-01-17,CAP.PA,2025-01-20,151.8063,151.8063,144.0091,8.2988,0.9396,-0.1934,0.11,non,non,non,non,non,dans la bande
2025-01-24,ENGI.PA,2025-01-27,13.5878,13.5878,13.4427,0.2753,0.527,-0.0182,0.115,non,non,non,non,non,dans la bande
2025-01-24,AC.PA,2025-01-27,46.2918,46.2918,46.1228,0.8048,0.21,0.2777,0.2733,non,non,non,non,non,dans la bande
2025-01-24,EN.PA,2025-01-27,27.7057,27.7057,25.674,0.7801,2.6043,-0.1009,0.4077,non,oui,non,non,non,au-dessus du bord haut
2025-01-24,TTE.PA,2025-01-27,51.3518,51.3518,48.9121,1.7443,1.3987,-0.1197,0.441,non,oui,non,non,non,au-dessus du bord haut
2025-01-24,SAF.PA,2025-01-27,231.2636,231.2636,219.7623,5.8577,1.9635,0.1165,0.6163,non,oui,non,non,non,au-dessus du bord haut
2025-01-24,AIR.PA,2025-01-27,160.4038,160.4038,152.0972,5.9352,1.3996,0.1835,0.3111,non,oui,non,non,non,au-dessus du bord haut
2025-01-24,PUB.PA,2025-01-27,91.8977,91.8977,95.2233,2.3143,-1.437,0.0697,-0.1544,oui,non,non,oui,non,candidate à l'achat
2025-01-24,SGO.PA,2025-01-27,85.2715,85.2715,85.1533,2.2425,0.0527,0.1316,0.2164,non,non,non,non,non,dans la bande
2025-01-24,MC.PA,2025-01-27,705.4047,705.4047,607.1397,33.4816,2.9349,0.0056,0.8093,non,oui,non,non,non,au-dessus du bord haut
2025-01-24,CAP.PA,2025-01-27,158.6248,158.6248,143.4102,8.2886,1.8356,-0.1941,0.2716,non,oui,non,non,non,au-dessus du bord haut
2025-01-31,ENGI.PA,2025-02-03,13.9517,13.9517,13.4369,0.2673,1.9257,-0.0207,-0.0496,non,oui,non,non,non,au-dessus du bord haut
2025-01-31,AC.PA,2025-02-03,47.029,47.029,46.5693,0.7211,0.6375,0.2658,0.368,non,non,non,non,non,dans la bande
2025-01-31,EN.PA,2025-02-03,27.8786,27.8786,25.856,0.8871,2.28,-0.0884,0.4436,non,oui,non,non,non,au-dessus du bord haut
2025-01-31,TTE.PA,2025-02-03,51.8576,51.8576,48.9055,1.7965,1.6433,-0.1158,0.1008,non,oui,non,non,non,au-dessus du bord haut
2025-01-31,SAF.PA,2025-02-03,234.5884,234.5884,222.5878,6.265,1.9155,0.1234,0.6349,non,oui,non,non,non,au-dessus du bord haut
2025-01-31,AIR.PA,2025-02-03,160.4806,160.4806,155.067,5.8729,0.9218,0.2023,0.4071,non,non,non,non,non,dans la bande
2025-01-31,PUB.PA,2025-02-03,94.7793,94.7793,94.9305,2.1619,-0.07,0.0565,0.1669,non,non,non,non,non,dans la bande
2025-01-31,SGO.PA,2025-02-03,85.9739,85.9739,85.3555,2.1335,0.2899,0.1214,0.3856,non,non,non,non,non,dans la bande
2025-01-31,MC.PA,2025-02-03,676.0008,676.0008,622.0355,37.9499,1.422,0.0357,0.8654,non,oui,non,non,non,au-dessus du bord haut
2025-01-31,CAP.PA,2025-02-03,166.6271,166.6271,143.9651,8.8067,2.5733,-0.1866,0.579,non,oui,non,non,non,au-dessus du bord haut
2025-02-07,ENGI.PA,2025-02-10,13.8947,13.8947,13.4954,0.2867,1.3926,-0.0156,0.0459,non,oui,non,non,non,au-dessus du bord haut
2025-02-07,AC.PA,2025-02-10,47.1613,47.1613,47.0065,0.6827,0.2268,0.2567,0.2803,non,non,non,non,non,dans la bande
2025-02-07,EN.PA,2025-02-10,28.6431,28.6431,26.1409,1.0051,2.4895,-0.0697,0.3565,non,oui,non,non,non,au-dessus du bord haut
2025-02-07,TTE.PA,2025-02-10,54.1475,54.1475,49.2693,1.9856,2.4568,-0.1009,0.1365,non,oui,non,non,non,au-dessus du bord haut
2025-02-07,SAF.PA,2025-02-10,238.2065,238.2065,225.74,6.6935,1.8625,0.1327,0.5243,non,oui,non,non,non,au-dessus du bord haut
2025-02-07,AIR.PA,2025-02-10,160.2886,160.2886,157.9881,5.5097,0.4175,0.2215,0.3892,non,non,non,non,non,dans la bande
2025-02-07,PUB.PA,2025-02-10,98.2777,98.2777,95.3328,2.1596,1.3636,0.055,0.4741,non,oui,non,non,non,au-dessus du bord haut
2025-02-07,SGO.PA,2025-02-10,88.8214,88.8214,85.5821,2.1434,1.5113,0.1136,0.384,non,oui,non,non,non,au-dessus du bord haut
2025-02-07,MC.PA,2025-02-10,657.4552,657.4552,632.5085,37.7801,0.6603,0.0607,0.2786,non,non,non,non,non,dans la bande
2025-02-07,CAP.PA,2025-02-10,165.3486,165.3486,145.5838,9.8136,2.014,-0.1685,0.7745,non,oui,non,non,non,au-dessus du bord haut
2025-02-14,ENGI.PA,2025-02-17,13.6317,13.6317,13.5271,0.2941,0.3554,-0.0127,0.0866,non,non,non,non,non,dans la bande
2025-02-14,AC.PA,2025-02-17,47.6906,47.6906,47.5286,0.6766,0.2394,0.2533,0.1874,non,non,non,non,non,dans la bande
2025-02-14,EN.PA,2025-02-17,29.3895,29.3895,26.5526,1.1252,2.5212,-0.0441,0.297,non,oui,non,non,non,au-dessus du bord haut
2025-02-14,TTE.PA,2025-02-17,54.1475,54.1475,49.8269,2.1924,1.9707,-0.0809,0.3086,non,oui,non,non,non,au-dessus du bord haut
2025-02-14,SAF.PA,2025-02-17,240.5533,240.5533,229.2499,7.1862,1.5729,0.1434,0.3738,non,oui,non,non,non,au-dessus du bord haut
2025-02-14,AIR.PA,2025-02-17,161.825,161.825,161.1312,4.7213,0.1469,0.2436,0.14,non,non,non,non,non,dans la bande
2025-02-14,PUB.PA,2025-02-17,97.265,97.265,95.7862,2.172,0.6808,0.0566,0.3915,non,non,non,non,non,dans la bande
2025-02-14,SGO.PA,2025-02-17,91.7637,91.7637,86.659,2.3135,2.2065,0.1201,0.4819,non,oui,non,non,non,au-dessus du bord haut
2025-02-14,MC.PA,2025-02-17,685.1295,685.1295,644.9161,36.0996,1.114,0.0921,-0.2075,non,oui,non,non,non,au-dessus du bord haut
2025-02-14,CAP.PA,2025-02-17,175.4343,175.4343,148.2683,11.1089,2.4454,-0.1401,0.6859,non,oui,non,non,non,au-dessus du bord haut
2025-02-21,ENGI.PA,2025-02-24,14.0744,14.0744,13.5816,0.3002,1.6417,-0.0059,0.0483,non,oui,non,non,non,au-dessus du bord haut
2025-02-21,AC.PA,2025-02-24,43.8818,43.8818,47.7536,0.8444,-4.5856,0.2436,-0.1217,oui,non,non,oui,non,candidate à l'achat
2025-02-21,EN.PA,2025-02-24,29.1983,29.1983,27.0662,1.1916,1.7893,-0.0123,0.3489,non,oui,non,non,non,au-dessus du bord haut
2025-02-21,TTE.PA,2025-02-24,53.4486,53.4486,50.3718,2.3246,1.3236,-0.0614,0.3267,non,oui,non,non,non,au-dessus du bord haut
2025-02-21,SAF.PA,2025-02-24,238.7932,238.7932,232.8868,7.6727,0.7698,0.1538,0.3065,non,non,non,non,non,dans la bande
2025-02-21,AIR.PA,2025-02-24,153.6435,153.6435,163.6642,4.0184,-2.4937,0.2578,0.0345,oui,non,non,oui,oui,candidate à l'achat
2025-02-21,PUB.PA,2025-02-24,94.5491,94.5491,96.2092,2.1696,-0.7652,0.06,0.1552,non,non,non,non,non,dans la bande
2025-02-21,SGO.PA,2025-02-24,89.6376,89.6376,87.6979,2.4492,0.792,0.1265,0.5134,non,non,non,non,non,dans la bande
2025-02-21,MC.PA,2025-02-24,674.9438,674.9438,657.1034,33.6087,0.5308,0.1217,-0.2294,non,non,non,non,non,dans la bande
2025-02-21,CAP.PA,2025-02-24,155.3103,155.3103,149.0625,11.4241,0.5469,-0.1246,-0.0826,non,non,non,non,non,dans la bande
2025-02-28,ENGI.PA,2025-03-03,15.1132,15.1132,13.7913,0.3667,3.6045,0.0162,0.3185,non,oui,non,non,non,au-dessus du bord haut
2025-02-28,AC.PA,2025-03-03,45.4223,45.4223,47.7673,1.037,-2.2614,0.2271,-0.3075,oui,non,non,oui,non,candidate à l'achat
2025-02-28,EN.PA,2025-03-03,30.0721,30.0721,27.6463,1.2279,1.9756,0.0218,0.3538,non,oui,non,non,non,au-dessus du bord haut
2025-02-28,TTE.PA,2025-03-03,53.1359,53.1359,50.6523,2.386,1.0409,-0.0514,0.0198,non,oui,non,non,non,au-dessus du bord haut
2025-02-28,SAF.PA,2025-03-03,244.5625,244.5625,235.3271,7.7556,1.1908,0.1544,0.1694,non,oui,non,non,non,au-dessus du bord haut
2025-02-28,AIR.PA,2025-03-03,159.117,159.117,164.9522,4.0465,-1.442,0.2542,-0.0791,oui,non,non,oui,non,candidate à l'achat
2025-02-28,PUB.PA,2025-03-03,87.9205,87.9205,95.6206,2.3485,-3.2787,0.0462,-0.365,oui,non,non,oui,non,candidate à l'achat
2025-02-28,SGO.PA,2025-03-03,91.8017,91.8017,88.3038,2.4123,1.45,0.123,0.3561,non,oui,non,non,non,au-dessus du bord haut
2025-02-28,MC.PA,2025-03-03,667.7371,667.7371,663.7268,33.2194,0.1207,0.1306,0.0496,non,non,non,non,non,dans la bande
2025-02-28,CAP.PA,2025-03-03,141.2471,141.2471,147.943,11.441,-0.5853,-0.1256,-0.9139,non,non,non,non,non,dans la bande
2025-03-07,ENGI.PA,2025-03-10,14.8108,14.8108,14.0166,0.4057,1.9577,0.0392,0.5543,non,oui,non,non,non,au-dessus du bord haut
2025-03-07,AC.PA,2025-03-10,44.033,44.033,47.6803,1.2145,-3.003,0.2076,-0.3777,oui,non,non,oui,non,candidate à l'achat
2025-03-07,EN.PA,2025-03-10,32.393,32.393,28.4901,1.37,2.8488,0.0665,0.6047,non,oui,non,non,non,au-dessus du bord haut
2025-03-07,TTE.PA,2025-03-10,51.9956,51.9956,50.8359,2.4002,0.4832,-0.0424,-0.2475,non,non,non,non,non,dans la bande
2025-03-07,SAF.PA,2025-03-10,245.247,245.247,239.3852,8.2473,0.7108,0.1668,0.2194,non,non,non,non,non,dans la bande
2025-03-07,AIR.PA,2025-03-10,162.8237,162.8237,166.8106,4.0384,-0.9872,0.2535,0.057,non,non,non,non,non,dans la bande
2025-03-07,PUB.PA,2025-03-10,87.2577,87.2577,94.0277,2.982,-2.2703,0.0196,-0.8346,oui,non,non,oui,non,candidate à l'achat
2025-03-07,SGO.PA,2025-03-10,100.5149,100.5149,89.6891,2.8649,3.7788,0.1325,0.3217,non,oui,non,non,non,au-dessus du bord haut
2025-03-07,MC.PA,2025-03-10,609.8901,609.8901,663.5796,33.8951,-1.584,0.1231,-0.3023,oui,non,non,oui,non,candidate à l'achat
2025-03-07,CAP.PA,2025-03-10,145.6034,145.6034,147.0916,11.2968,-0.1317,-0.1187,-1.2453,non,non,non,non,non,dans la bande
2025-03-14,ENGI.PA,2025-03-17,15.1088,15.1088,14.2459,0.4346,1.9857,0.0608,0.5203,non,oui,non,non,non,au-dessus du bord haut
2025-03-14,AC.PA,2025-03-17,42.2278,42.2278,47.1837,1.6233,-3.0531,0.1786,-0.4774,oui,non,oui,oui,non,candidate à l'achat
2025-03-14,EN.PA,2025-03-17,32.5842,32.5842,29.399,1.3797,2.3085,0.1138,0.6799,non,oui,non,non,non,au-dessus du bord haut
2025-03-14,TTE.PA,2025-03-17,52.8692,52.8692,51.1454,2.3618,0.7299,-0.028,-0.2329,non,non,non,non,non,dans la bande
2025-03-14,SAF.PA,2025-03-17,245.1492,245.1492,241.6756,8.0959,0.4291,0.1722,-0.0256,non,non,non,non,non,dans la bande
2025-03-14,AIR.PA,2025-03-17,162.478,162.478,167.2962,4.4465,-1.0836,0.2421,-0.0528,oui,non,non,oui,non,candidate à l'achat
2025-03-14,PUB.PA,2025-03-17,84.1459,84.1459,92.6084,3.4308,-2.4666,-0.0015,-0.9002,oui,non,oui,oui,non,candidate à l'achat
2025-03-14,SGO.PA,2025-03-17,95.1996,95.1996,91.0904,2.9442,1.3957,0.1463,0.3665,non,oui,non,non,non,au-dessus du bord haut
2025-03-14,MC.PA,2025-03-17,581.4472,581.4472,655.1583,36.7641,-2.005,0.0981,-0.843,oui,non,non,oui,non,candidate à l'achat
2025-03-14,CAP.PA,2025-03-17,139.1163,139.1163,146.1542,11.0864,-0.6348,-0.112,-0.8356,non,non,non,non,non,dans la bande
2025-03-21,ENGI.PA,2025-03-24,15.3849,15.3849,14.4782,0.4573,1.9827,0.0811,0.2362,non,oui,non,non,non,au-dessus du bord haut
2025-03-21,AC.PA,2025-03-24,41.4812,41.4812,46.6957,1.8543,-2.8121,0.1504,-0.445,oui,non,oui,oui,non,candidate à l'achat
2025-03-21,EN.PA,2025-03-24,32.657,32.657,30.2964,1.421,1.6612,0.1547,0.6282,non,oui,non,non,non,au-dessus du bord haut
2025-03-21,TTE.PA,2025-03-24,53.7061,53.7061,51.5656,2.3948,0.8938,-0.0141,0.0601,non,non,non,non,non,dans la bande
2025-03-21,SAF.PA,2025-03-24,244.8559,244.8559,245.2765,7.7765,-0.0541,0.1857,0.0713,non,non,non,non,non,dans la bande
2025-03-21,AIR.PA,2025-03-24,160.0197,160.0197,168.2977,4.5635,-1.814,0.234,0.0586,oui,non,non,oui,oui,candidate à l'achat
2025-03-21,PUB.PA,2025-03-24,84.7536,84.7536,91.2666,3.7038,-1.7585,-0.0206,-0.5255,oui,non,oui,oui,non,candidate à l'achat
2025-03-21,SGO.PA,2025-03-24,94.8769,94.8769,92.5592,3.0258,0.766,0.1599,0.3969,non,non,non,non,non,dans la bande
2025-03-21,MC.PA,2025-03-24,578.9488,578.9488,651.1192,37.3343,-1.9331,0.0936,-0.9327,oui,non,non,oui,non,candidate à l'achat
2025-03-21,CAP.PA,2025-03-24,138.3114,138.3114,145.6469,10.5008,-0.6986,-0.0983,-0.3967,non,non,non,non,non,dans la bande
2025-03-28,ENGI.PA,2025-03-31,15.832,15.832,14.7388,0.4956,2.2058,0.1013,0.305,non,oui,non,non,non,au-dessus du bord haut
2025-03-28,AC.PA,2025-03-31,40.4415,40.4415,45.9801,2.0061,-2.7608,0.1137,-0.4302,oui,non,oui,oui,non,candidate à l'achat
2025-03-28,EN.PA,2025-03-31,33.5945,33.5945,31.0908,1.4749,1.6975,0.1844,0.3716,non,oui,non,non,non,au-dessus du bord haut
2025-03-28,TTE.PA,2025-03-31,55.1855,55.1855,52.4391,2.3281,1.1797,0.0155,0.3883,non,oui,non,non,non,au-dessus du bord haut
2025-03-28,SAF.PA,2025-03-31,240.2599,240.2599,247.4045,7.7261,-0.9247,0.187,-0.0852,non,non,non,non,non,dans la bande
2025-03-28,AIR.PA,2025-03-31,159.6548,159.6548,168.3704,4.5511,-1.915,0.2133,-0.0423,oui,non,non,oui,non,candidate à l'achat
2025-03-28,PUB.PA,2025-03-31,82.857,82.857,89.6234,3.7798,-1.7901,-0.0469,-0.1345,oui,non,oui,oui,non,candidate à l'achat
2025-03-28,SGO.PA,2025-03-31,91.6498,91.6498,93.425,3.0379,-0.5843,0.1621,-0.0002,non,non,non,non,non,dans la bande
2025-03-28,MC.PA,2025-03-31,564.1508,564.1508,645.0415,39.2868,-2.059,0.0846,-0.7081,oui,non,oui,oui,non,candidate à l'achat
2025-03-28,CAP.PA,2025-03-31,137.6011,137.6011,145.1298,10.1135,-0.7444,-0.0875,-0.1535,non,non,non,non,non,dans la bande
2025-04-04,ENGI.PA,2025-04-07,16.1739,16.1739,15.0888,0.5285,2.0533,0.131,0.4775,non,oui,non,non,non,au-dessus du bord haut
2025-04-04,AC.PA,2025-04-07,35.7349,35.7349,44.8367,2.3991,-3.7939,0.068,-0.5818,oui,non,oui,oui,non,candidate à l'achat
2025-04-04,EN.PA,2025-04-07,32.3839,32.3839,31.8452,1.4611,0.3687,0.2117,0.2259,non,non,non,non,non,dans la bande
2025-04-04,TTE.PA,2025-04-07,49.4629,49.4629,53.067,2.1561,-1.6716,0.0389,0.2019,oui,non,non,oui,oui,candidate à l'achat
2025-04-04,SAF.PA,2025-04-07,213.4666,213.4666,246.872,8.6424,-3.8653,0.1724,-0.2404,oui,non,non,oui,non,candidate à l'achat
2025-04-04,AIR.PA,2025-04-07,141.0639,141.0639,166.9809,5.4879,-4.7226,0.1837,-0.21,oui,non,oui,oui,non,candidate à l'achat
2025-04-04,PUB.PA,2025-04-07,74.4793,74.4793,87.256,4.1717,-3.0627,-0.0816,-0.5069,oui,non,oui,oui,non,candidate à l'achat
2025-04-04,SGO.PA,2025-04-07,77.6214,77.6214,92.7857,3.5727,-4.2445,0.1438,-0.6667,oui,non,non,oui,non,candidate à l'achat
2025-04-04,MC.PA,2025-04-07,509.2828,509.2828,632.7112,44.2478,-2.7895,0.06,-0.6321,oui,non,oui,oui,non,candidate à l'achat
2025-04-04,CAP.PA,2025-04-07,121.5492,121.5492,142.9952,10.2769,-2.0868,-0.0919,-0.4975,oui,non,non,oui,non,candidate à l'achat
2025-04-11,ENGI.PA,2025-04-14,15.832,15.832,15.3376,0.4814,1.0271,0.1521,0.2312,non,oui,non,non,non,au-dessus du bord haut
2025-04-11,AC.PA,2025-04-14,35.7538,35.7538,43.2663,2.9776,-2.523,0.0139,-1.2216,oui,non,oui,oui,non,candidate à l'achat
2025-04-11,EN.PA,2025-04-14,31.8925,31.8925,32.2963,1.3552,-0.298,0.2265,-0.2158,non,non,non,non,non,dans la bande
2025-04-11,TTE.PA,2025-04-14,45.3573,45.3573,52.3382,2.4539,-2.8448,0.0264,-0.9001,oui,non,oui,oui,non,candidate à l'achat
2025-04-11,SAF.PA,2025-04-14,200.1677,200.1677,241.846,12.378,-3.3671,0.1368,-1.2812,oui,non,oui,oui,non,candidate à l'achat
2025-04-11,AIR.PA,2025-04-14,129.5022,129.5022,162.4675,8.7805,-3.7544,0.1345,-1.3331,oui,non,oui,oui,non,candidate à l'achat
2025-04-11,PUB.PA,2025-04-14,75.2342,75.2342,84.2958,4.8642,-1.8629,-0.1221,-0.9792,oui,non,oui,oui,non,candidate à l'achat
2025-04-11,SGO.PA,2025-04-14,78.1719,78.1719,90.773,4.8502,-2.5981,0.1076,-1.5068,oui,non,non,oui,non,candidate à l'achat
2025-04-11,MC.PA,2025-04-14,503.9017,503.9017,611.6397,51.4035,-2.0959,0.0123,-1.0639,oui,non,oui,oui,non,candidate à l'achat
2025-04-11,CAP.PA,2025-04-14,117.9979,117.9979,139.4633,11.0198,-1.9479,-0.107,-1.0751,oui,non,non,oui,non,candidate à l'achat
2025-04-17,ENGI.PA,2025-04-22,16.3668,16.3668,15.5929,0.4612,1.6779,0.1721,0.1944,non,oui,non,non,non,au-dessus du bord haut
2025-04-17,AC.PA,2025-04-22,36.8123,36.8123,42.2748,3.125,-1.748,-0.0208,-1.0001,oui,non,oui,oui,non,candidate à l'achat
2025-04-17,EN.PA,2025-04-22,33.9858,33.9858,32.8477,1.2942,0.8794,0.2443,-0.0518,non,non,non,non,non,dans la bande
2025-04-17,TTE.PA,2025-04-22,48.1394,48.1394,52.0251,2.5062,-1.5505,0.0237,-1.145,oui,non,non,oui,non,candidate à l'achat
2025-04-17,SAF.PA,2025-04-22,207.5017,207.5017,238.6886,13.7021,-2.2761,0.1124,-1.2612,oui,non,non,oui,non,candidate à l'achat
2025-04-17,AIR.PA,2025-04-22,131.0387,131.0387,159.2505,10.0733,-2.8006,0.0991,-1.4542,oui,non,oui,oui,non,candidate à l'achat
2025-04-17,PUB.PA,2025-04-22,78.1066,78.1066,82.7382,4.8424,-0.9565,-0.1432,-0.6756,non,non,oui,non,non,dans la bande
2025-04-17,SGO.PA,2025-04-22,82.1773,82.1773,89.9984,5.0168,-1.559,0.0886,-1.0868,oui,non,non,oui,non,candidate à l'achat
2025-04-17,MC.PA,2025-04-22,466.6183,466.6183,594.0788,56.3521,-2.2619,-0.0257,-1.2214,oui,non,oui,oui,non,candidate à l'achat
2025-04-17,CAP.PA,2025-04-22,120.1761,120.1761,137.3188,11.2583,-1.5227,-0.1147,-1.0289,oui,non,non,oui,non,candidate à l'achat
2025-04-25,ENGI.PA,2025-04-28,16.5879,16.5879,15.8578,0.4511,1.6182,0.1906,0.2268,non,oui,non,non,non,au-dessus du bord haut
2025-04-25,AC.PA,2025-04-28,40.8479,40.8479,41.5169,3.0989,-0.2159,-0.0495,-0.2636,non,non,oui,non,non,dans la bande
2025-04-25,EN.PA,2025-04-28,34.3772,34.3772,33.4428,1.2345,0.757,0.2622,0.1603,non,non,non,non,non,dans la bande
2025-04-25,TTE.PA,2025-04-28,49.1739,49.1739,51.7986,2.5354,-1.0352,0.021,-0.8908,oui,non,non,oui,non,candidate à l'achat
2025-04-25,SAF.PA,2025-04-28,225.0054,225.0054,236.4288,14.2535,-0.8014,0.0924,-0.6802,non,non,non,non,non,dans la bande
2025-04-25,AIR.PA,2025-04-28,138.0491,138.0491,156.1867,10.8229,-1.6759,0.0648,-1.0899,oui,non,oui,oui,non,candidate à l'achat
2025-04-25,PUB.PA,2025-04-28,81.7707,81.7707,81.4252,4.6576,0.0742,-0.1614,-0.0401,non,non,oui,non,non,dans la bande
2025-04-25,SGO.PA,2025-04-28,89.6946,89.6946,89.5748,5.0843,0.0235,0.0759,-0.2187,non,non,non,non,non,dans la bande
2025-04-25,MC.PA,2025-04-28,486.5969,486.5969,577.2025,59.3096,-1.5277,-0.0631,-0.968,oui,non,oui,oui,non,candidate à l'achat
2025-04-25,CAP.PA,2025-04-28,123.1592,123.1592,134.9374,11.4448,-1.0291,-0.1301,-0.5369,oui,non,non,oui,non,candidate à l'achat
2025-05-02,ENGI.PA,2025-05-05,17.2447,17.2447,16.1626,0.4694,2.3055,0.2103,0.4348,non,oui,non,non,non,au-dessus du bord haut
2025-05-02,AC.PA,2025-05-05,42.2656,42.2656,41.0798,2.9881,0.3969,-0.0681,0.7005,non,non,oui,non,non,dans la bande
2025-05-02,EN.PA,2025-05-05,35.5331,35.5331,34.117,1.1372,1.2453,0.2836,0.5189,non,oui,non,non,non,au-dessus du bord haut
2025-05-02,TTE.PA,2025-05-05,47.4031,47.4031,51.5194,2.5885,-1.5902,0.0165,-0.192,oui,non,non,oui,non,candidate à l'achat
2025-05-02,SAF.PA,2025-05-05,237.9131,237.9131,236.3245,14.3219,0.1109,0.0873,0.3553,non,non,non,non,non,dans la bande
2025-05-02,AIR.PA,2025-05-05,152.1486,152.1486,154.529,10.8907,-0.2186,0.0431,0.0259,non,non,non,non,non,dans la bande
2025-05-02,PUB.PA,2025-05-05,84.0907,84.0907,80.6831,4.55,0.7489,-0.1691,0.6012,non,non,oui,non,non,dans la bande
2025-05-02,SGO.PA,2025-05-05,93.8329,93.8329,89.9719,5.0868,0.759,0.0759,0.8721,non,non,non,non,non,dans la bande
2025-05-02,MC.PA,2025-05-05,483.7191,483.7191,560.4828,60.7607,-1.2634,-0.1015,-0.4713,oui,non,oui,oui,non,candidate à l'achat
2025-05-02,CAP.PA,2025-05-05,134.9968,134.9968,133.3045,11.4423,0.1479,-0.1413,0.3373,non,non,non,non,non,dans la bande
2025-05-09,ENGI.PA,2025-05-12,17.1305,17.1305,16.5469,0.4774,1.2225,0.2334,0.6041,non,oui,non,non,non,au-dessus du bord haut
2025-05-09,AC.PA,2025-05-12,42.7665,42.7665,40.9062,2.9173,0.6377,-0.0772,1.1725,non,non,oui,non,non,dans la bande
2025-05-09,EN.PA,2025-05-12,36.2622,36.2622,35.0544,1.0325,1.1698,0.3111,0.7504,non,oui,non,non,non,au-dessus du bord haut
2025-05-09,TTE.PA,2025-05-12,48.3631,48.3631,50.9875,2.6928,-0.9746,0.004,0.1931,non,non,non,non,non,dans la bande
2025-05-09,SAF.PA,2025-05-12,242.7046,242.7046,237.9943,14.3265,0.3288,0.0915,1.1279,non,non,non,non,non,dans la bande
2025-05-09,AIR.PA,2025-05-12,155.5655,155.5655,153.8051,10.5749,0.1665,0.026,1.0807,non,non,non,non,non,dans la bande
2025-05-09,PUB.PA,2025-05-12,84.864,84.864,80.1935,4.5334,1.0303,-0.1708,0.7304,non,oui,oui,non,non,au-dessus du bord haut
2025-05-09,SGO.PA,2025-05-12,93.9088,93.9088,90.8573,5.1042,0.5978,0.0849,1.1509,non,non,non,non,non,dans la bande
2025-05-09,MC.PA,2025-05-12,483.6216,483.6216,538.0264,60.0857,-0.9055,-0.1562,-0.1379,non,non,oui,non,non,dans la bande
2025-05-09,CAP.PA,2025-05-12,141.4365,141.4365,132.6098,11.4458,0.7712,-0.142,0.9497,non,non,non,non,non,dans la bande
2025-05-16,ENGI.PA,2025-05-19,17.4875,17.4875,16.8683,0.4341,1.4264,0.251,0.2774,non,oui,non,non,non,au-dessus du bord haut
2025-05-16,AC.PA,2025-05-19,44.7513,44.7513,41.0512,2.9087,1.2721,-0.0775,1.1082,non,oui,non,non,non,au-dessus du bord haut
2025-05-16,EN.PA,2025-05-19,37.1736,37.1736,35.9039,0.9116,1.3929,0.3313,0.4701,non,oui,non,non,non,au-dessus du bord haut
2025-05-16,TTE.PA,2025-05-19,49.612,49.612,50.882,2.692,-0.4718,0.0041,0.0978,non,non,non,non,non,dans la bande
2025-05-16,SAF.PA,2025-05-19,250.4297,250.4297,240.387,14.4256,0.6962,0.0982,1.0167,non,non,non,non,non,dans la bande
2025-05-16,AIR.PA,2025-05-19,157.3328,157.3328,153.0301,9.9491,0.4325,0.0063,1.0721,non,non,non,non,non,dans la bande
2025-05-16,PUB.PA,2025-05-19,87.5154,87.5154,80.2105,4.614,1.5832,-0.1683,0.7078,non,oui,non,non,non,au-dessus du bord haut
2025-05-16,SGO.PA,2025-05-19,96.1488,96.1488,92.3193,5.1717,0.7405,0.1029,0.8528,non,non,non,non,non,dans la bande
2025-05-16,MC.PA,2025-05-19,491.5721,491.5721,520.799,56.4294,-0.5179,-0.2004,0.3651,non,non,oui,non,non,dans la bande
2025-05-16,CAP.PA,2025-05-19,142.6676,142.6676,132.8346,11.5454,0.8517,-0.1388,1.1204,non,non,non,non,non,dans la bande
2025-05-23,ENGI.PA,2025-05-26,18.0586,18.0586,17.2597,0.4359,1.8327,0.27,0.3147,non,oui,non,non,non,au-dessus du bord haut
2025-05-23,AC.PA,2025-05-26,43.4754,43.4754,41.0668,2.8374,0.8489,-0.083,0.5662,non,non,non,non,non,dans la bande
2025-05-23,EN.PA,2025-05-26,37.9794,37.9794,36.7996,0.8737,1.3503,0.348,0.4881,non,oui,non,non,non,au-dessus du bord haut
2025-05-23,TTE.PA,2025-05-26,47.5056,47.5056,50.4733,2.718,-1.0918,-0.0074,0.0647,oui,non,non,oui,oui,candidate à l'achat
2025-05-23,SAF.PA,2025-05-26,249.1585,249.1585,243.4248,14.6188,0.3922,0.1077,0.664,non,non,non,non,non,dans la bande
2025-05-23,AIR.PA,2025-05-26,154.4462,154.4462,152.2838,9.174,0.2357,-0.0129,0.5846,non,non,non,non,non,dans la bande
2025-05-23,PUB.PA,2025-05-26,88.3256,88.3256,80.5644,4.8654,1.5952,-0.1579,0.5198,non,oui,non,non,non,au-dessus du bord haut
2025-05-23,SGO.PA,2025-05-26,92.6369,92.6369,93.1392,5.1933,-0.0967,0.1079,0.2794,non,non,non,non,non,dans la bande
2025-05-23,MC.PA,2025-05-26,467.2813,467.2813,500.3224,52.2347,-0.6326,-0.2504,0.0418,non,non,oui,non,non,dans la bande
2025-05-23,CAP.PA,2025-05-26,142.322,142.322,132.6316,11.4876,0.8436,-0.1407,0.7476,non,non,non,non,non,dans la bande
2025-05-30,ENGI.PA,2025-06-02,18.0729,18.0729,17.624,0.4281,1.0487,0.2845,0.35,non,oui,non,non,non,au-dessus du bord haut
2025-05-30,AC.PA,2025-06-02,44.1842,44.1842,41.089,2.8004,1.1053,-0.0858,0.1758,non,oui,non,non,non,au-dessus du bord haut
2025-05-30,EN.PA,2025-06-02,36.8282,36.8282,37.4707,0.8427,-0.7624,0.352,0.249,non,non,non,non,non,dans la bande
2025-05-30,TTE.PA,2025-06-02,48.1487,48.1487,49.9159,2.7177,-0.6503,-0.0246,0.0147,non,non,non,non,non,dans la bande
2025-05-30,SAF.PA,2025-06-02,258.4955,258.4955,246.86,14.7364,0.7896,0.12,0.4309,non,non,non,non,non,dans la bande
2025-05-30,AIR.PA,2025-06-02,159.1395,159.1395,152.4679,9.0516,0.7371,-0.0169,0.1742,non,non,non,non,non,dans la bande
2025-05-30,PUB.PA,2025-06-02,88.2704,88.2704,80.9583,5.0946,1.4353,-0.1466,0.3055,non,oui,non,non,non,au-dessus du bord haut
2025-05-30,SGO.PA,2025-06-02,93.8139,93.8139,93.8086,5.1974,0.001,0.1098,0.0482,non,non,non,non,non,dans la bande
2025-05-30,MC.PA,2025-06-02,466.5497,466.5497,480.7313,48.0649,-0.2951,-0.2956,-0.2424,non,non,oui,non,non,dans la bande
2025-05-30,CAP.PA,2025-06-02,141.6923,141.6923,132.4099,11.4258,0.8124,-0.1428,0.235,non,non,non,non,non,dans la bande
2025-06-06,ENGI.PA,2025-06-09,18.2252,18.2252,17.9724,0.4033,0.6269,0.2967,0.402,non,non,non,non,non,dans la bande
2025-06-06,AC.PA,2025-06-09,44.5145,44.5145,41.2812,2.8482,1.1352,-0.0796,-0.0793,non,oui,non,non,non,au-dessus du bord haut
2025-06-06,EN.PA,2025-06-09,36.5308,36.5308,37.971,0.8058,-1.7872,0.3507,0.0152,oui,non,non,oui,oui,candidate à l'achat
2025-06-06,TTE.PA,2025-06-09,48.7452,48.7452,49.4838,2.6679,-0.2768,-0.0387,-0.1177,non,non,non,non,non,dans la bande
2025-06-06,SAF.PA,2025-06-09,262.7478,262.7478,249.634,14.837,0.8839,0.1218,0.3512,non,non,non,non,non,dans la bande
2025-06-06,AIR.PA,2025-06-09,162.3403,162.3403,153.6129,9.2348,0.9451,-0.01,0.2303,non,non,non,non,non,dans la bande
2025-06-06,PUB.PA,2025-06-09,87.5891,87.5891,81.304,5.2072,1.207,-0.1326,-0.1121,non,oui,non,non,non,au-dessus du bord haut
2025-06-06,SGO.PA,2025-06-09,96.1013,96.1013,94.6273,5.1713,0.285,0.1171,-0.1146,non,non,non,non,non,dans la bande
2025-06-06,MC.PA,2025-06-09,459.7209,459.7209,464.1954,45.7326,-0.0978,-0.3283,-0.6303,non,non,oui,non,non,dans la bande
2025-06-06,CAP.PA,2025-06-09,145.8098,145.8098,132.5877,11.5522,1.1446,-0.1373,-0.1139,non,oui,non,non,non,au-dessus du bord haut
2025-06-13,ENGI.PA,2025-06-16,18.9202,18.9202,18.2978,0.3975,1.5657,0.3033,0.2237,non,oui,non,non,non,au-dessus du bord haut
2025-06-13,AC.PA,2025-06-16,42.0182,42.0182,41.4387,2.8927,0.2003,-0.073,-0.1051,non,non,non,non,non,dans la bande
2025-06-13,EN.PA,2025-06-16,36.2814,36.2814,38.3158,0.8534,-2.3839,0.3412,-0.243,oui,non,non,oui,non,candidate à l'achat
2025-06-13,TTE.PA,2025-06-16,51.0753,51.0753,49.1196,2.4929,0.7845,-0.0545,0.2041,non,non,non,non,non,dans la bande
2025-06-13,SAF.PA,2025-06-16,250.3867,250.3867,251.1506,14.7568,-0.0518,0.1167,0.0966,non,non,non,non,non,dans la bande
2025-06-13,AIR.PA,2025-06-16,158.6485,158.6485,154.3599,9.3077,0.4608,-0.0057,0.1283,non,non,non,non,non,dans la bande
2025-06-13,PUB.PA,2025-06-16,87.5154,87.5154,82.2165,5.4177,0.9781,-0.1095,-0.0057,non,non,non,non,non,dans la bande
2025-06-13,SGO.PA,2025-06-16,92.9481,92.9481,95.2832,5.1727,-0.4514,0.119,0.0262,non,non,non,non,non,dans la bande
2025-06-13,MC.PA,2025-06-16,450.1119,450.1119,447.937,42.4084,0.0513,-0.3612,-0.3345,non,non,oui,non,non,dans la bande
2025-06-13,CAP.PA,2025-06-16,145.7129,145.7129,133.2984,11.7909,1.0529,-0.1294,0.1436,non,oui,non,non,non,au-dessus du bord haut
2025-06-20,ENGI.PA,2025-06-23,18.6108,18.6108,18.6024,0.3904,0.0215,0.3071,0.2287,non,non,non,non,non,dans la bande
2025-06-20,AC.PA,2025-06-23,40.9207,40.9207,41.1768,2.8873,-0.0887,-0.079,-0.4289,non,non,non,non,non,dans la bande
2025-06-20,EN.PA,2025-06-23,35.5331,35.5331,38.4423,0.9976,-2.9161,0.321,-0.2506,oui,non,oui,oui,non,candidate à l'achat
2025-06-20,TTE.PA,2025-06-23,51.7504,51.7504,48.9245,2.289,1.2346,-0.0664,0.4445,non,oui,non,non,non,au-dessus du bord haut
2025-06-20,SAF.PA,2025-06-23,257.3089,257.3089,252.1227,14.4896,0.3579,0.1073,-0.0331,non,non,non,non,non,dans la bande
2025-06-20,AIR.PA,2025-06-23,164.4611,164.4611,154.6146,9.2616,1.0632,-0.0082,0.0203,non,oui,non,non,non,au-dessus du bord haut
2025-06-20,PUB.PA,2025-06-23,86.3923,86.3923,82.7284,5.5226,0.6634,-0.0946,-0.0154,non,non,non,non,non,dans la bande
2025-06-20,SGO.PA,2025-06-23,91.9584,91.9584,95.2236,5.1941,-0.6286,0.1081,-0.1199,non,non,non,non,non,dans la bande
2025-06-20,MC.PA,2025-06-23,438.942,438.942,431.2926,38.1846,0.2003,-0.3954,-0.3205,non,non,oui,non,non,dans la bande
2025-06-20,CAP.PA,2025-06-23,137.2356,137.2356,133.3292,11.8723,0.329,-0.127,0.0188,non,non,non,non,non,dans la bande
2025-06-27,ENGI.PA,2025-06-30,18.8678,18.8678,18.9151,0.3581,-0.1322,0.3132,0.2216,non,non,non,non,non,dans la bande
2025-06-27,AC.PA,2025-06-30,42.7273,42.7273,41.1652,2.9029,0.5381,-0.0772,-0.3617,non,non,non,non,non,dans la bande
2025-06-27,EN.PA,2025-06-30,36.8378,36.8378,38.5325,1.1112,-1.5251,0.3001,-0.1064,oui,non,non,oui,non,candidate à l'achat
2025-06-27,TTE.PA,2025-06-30,49.7244,49.7244,48.6596,2.188,0.4867,-0.0756,0.1847,non,non,non,non,non,dans la bande
2025-06-27,SAF.PA,2025-06-30,269.1756,269.1756,253.7083,14.3333,1.0791,0.1019,0.0209,non,oui,non,non,non,au-dessus du bord haut
2025-06-27,AIR.PA,2025-06-30,174.967,174.967,156.6054,9.6905,1.8948,0.0054,0.2532,non,oui,non,non,non,au-dessus du bord haut
2025-06-27,PUB.PA,2025-06-30,88.1783,88.1783,83.0705,5.5744,0.9163,-0.0833,-0.0119,non,non,non,non,non,dans la bande
2025-06-27,SGO.PA,2025-06-30,98.0903,98.0903,95.3087,5.1735,0.5377,0.0986,-0.0588,non,non,non,non,non,dans la bande
2025-06-27,MC.PA,2025-06-30,438.3079,438.3079,414.5638,33.2737,0.7136,-0.4294,-0.4023,non,non,oui,non,non,dans la bande
2025-06-27,CAP.PA,2025-06-30,140.7234,140.7234,132.8938,11.8726,0.6595,-0.1272,-0.2357,non,non,non,non,non,dans la bande
2025-07-04,ENGI.PA,2025-07-07,18.8821,18.8821,19.1981,0.3263,-0.9687,0.3164,0.1441,non,non,non,non,non,dans la bande
2025-07-04,AC.PA,2025-07-07,44.7184,44.7184,41.4375,2.9618,1.1078,-0.0659,0.0799,non,oui,non,non,non,au-dessus du bord haut
2025-07-04,EN.PA,2025-07-07,37.4614,37.4614,38.694,1.1259,-1.0948,0.2806,0.1395,oui,non,non,oui,oui,candidate à l'achat
2025-07-04,TTE.PA,2025-07-07,50.1504,50.1504,48.5138,2.1586,0.7582,-0.0792,-0.0459,non,non,non,non,non,dans la bande
2025-07-04,SAF.PA,2025-07-07,266.8022,266.8022,255.9326,14.3729,0.7563,0.1015,0.2484,non,non,non,non,non,dans la bande
2025-07-04,AIR.PA,2025-07-07,172.1982,172.1982,158.709,10.096,1.3361,0.0182,0.534,non,oui,non,non,non,au-dessus du bord haut
2025-07-04,PUB.PA,2025-07-07,86.2113,86.2113,83.4912,5.6577,0.4808,-0.0726,-0.1199,non,non,non,non,non,dans la bande
2025-07-04,SGO.PA,2025-07-07,94.1124,94.1124,95.3089,5.0694,-0.236,0.0863,0.0117,non,non,non,non,non,dans la bande
2025-07-04,MC.PA,2025-07-07,465.6717,465.6717,404.8138,31.2379,1.9482,-0.4442,-0.0055,non,oui,oui,non,non,au-dessus du bord haut
2025-07-04,CAP.PA,2025-07-07,140.7234,140.7234,132.8318,11.9224,0.6619,-0.1246,-0.3458,non,non,non,non,non,dans la bande
2025-07-11,ENGI.PA,2025-07-14,18.725,18.725,19.411,0.3181,-2.1567,0.3137,0.015,oui,non,non,oui,oui,candidate à l'achat
2025-07-11,AC.PA,2025-07-14,46.0005,46.0005,42.0796,3.0778,1.274,-0.0417,0.6775,non,oui,non,non,non,au-dessus du bord haut
2025-07-11,EN.PA,2025-07-14,36.9433,36.9433,38.8369,1.1623,-1.6291,0.2632,0.2614,oui,non,non,oui,oui,candidate à l'achat
2025-07-11,TTE.PA,2025-07-14,51.0025,51.0025,48.5312,2.1823,1.1324,-0.0758,-0.1161,non,oui,non,non,non,au-dessus du bord haut
2025-07-11,SAF.PA,2025-07-14,276.3944,276.3944,259.3365,14.6899,1.1612,0.1088,0.411,non,oui,non,non,non,au-dessus du bord haut
2025-07-11,AIR.PA,2025-07-14,179.8959,179.8959,161.7227,10.7046,1.6977,0.0394,0.6658,non,oui,non,non,non,au-dessus du bord haut
2025-07-11,PUB.PA,2025-07-14,85.1972,85.1972,83.6124,5.6742,0.2793,-0.0661,-0.1109,non,non,non,non,non,dans la bande
2025-07-11,SGO.PA,2025-07-14,97.4111,97.4111,95.5932,5.0077,0.363,0.0796,0.2743,non,non,non,non,non,dans la bande
2025-07-11,MC.PA,2025-07-14,475.7685,475.7685,401.9868,33.6295,2.194,-0.4359,0.4753,non,oui,non,non,non,au-dessus du bord haut
2025-07-11,CAP.PA,2025-07-14,136.0246,136.0246,132.6769,11.9738,0.2796,-0.12,-0.1913,non,non,non,non,non,dans la bande
2025-07-18,ENGI.PA,2025-07-21,18.5394,18.5394,19.5201,0.372,-2.6364,0.2998,-0.1051,oui,non,non,oui,non,candidate à l'achat
2025-07-18,AC.PA,2025-07-21,46.8358,46.8358,42.8694,3.1395,1.2634,-0.011,0.5827,non,oui,non,non,non,au-dessus du bord haut
2025-07-18,EN.PA,2025-07-21,37.2599,37.2599,38.9006,1.2112,-1.3545,0.2443,0.1569,oui,non,non,oui,oui,candidate à l'achat
2025-07-18,TTE.PA,2025-07-21,50.3208,50.3208,48.5149,2.1901,0.8246,-0.0749,0.0582,non,non,non,non,non,dans la bande
2025-07-18,SAF.PA,2025-07-21,282.13,282.13,263.9007,15.0914,1.2079,0.1254,0.4278,non,oui,non,non,non,au-dessus du bord haut
2025-07-18,AIR.PA,2025-07-21,182.8415,182.8415,165.3694,11.1438,1.5679,0.0689,0.4378,non,oui,non,non,non,au-dessus du bord haut
2025-07-18,PUB.PA,2025-07-21,80.4524,80.4524,83.5007,5.6767,-0.537,-0.0613,-0.2949,non,non,non,non,non,dans la bande
2025-07-18,SGO.PA,2025-07-21,97.5567,97.5567,95.8455,4.9864,0.3432,0.0748,0.1738,non,non,non,non,non,dans la bande
2025-07-18,MC.PA,2025-07-21,461.1842,461.1842,403.7033,35.2252,1.6318,-0.407,0.442,non,oui,non,non,non,au-dessus du bord haut
2025-07-18,CAP.PA,2025-07-21,133.6509,133.6509,132.3347,11.9177,0.1104,-0.1129,-0.2544,non,non,non,non,non,dans la bande
2025-07-25,ENGI.PA,2025-07-28,18.7202,18.7202,19.6384,0.4099,-2.24,0.2877,-0.0672,oui,non,non,oui,non,candidate à l'achat
2025-07-25,AC.PA,2025-07-28,48.3025,48.3025,43.896,3.1656,1.392,0.0275,0.4822,non,oui,non,non,non,au-dessus du bord haut
2025-07-25,EN.PA,2025-07-28,37.2024,37.2024,38.8619,1.2382,-1.3403,0.2212,-0.0479,oui,non,non,oui,non,candidate à l'achat
2025-07-25,TTE.PA,2025-07-28,48.5977,48.5977,48.403,2.1898,0.0889,-0.0758,-0.0389,non,non,non,non,non,dans la bande
2025-07-25,SAF.PA,2025-07-28,274.4167,274.4167,267.6977,15.166,0.443,0.1385,0.2299,non,non,non,non,non,dans la bande
2025-07-25,AIR.PA,2025-07-28,176.9307,176.9307,168.7537,11.2983,0.7237,0.0957,0.2659,non,non,non,non,non,dans la bande
2025-07-25,PUB.PA,2025-07-28,79.8975,79.8975,83.1476,5.6102,-0.5793,-0.0568,-0.6071,non,non,non,non,non,dans la bande
2025-07-25,SGO.PA,2025-07-28,99.109,99.109,96.254,4.9491,0.5769,0.0713,0.1765,non,non,non,non,non,dans la bande
2025-07-25,MC.PA,2025-07-28,476.744,476.744,405.0625,37.0558,1.9344,-0.3811,0.0244,non,oui,non,non,non,au-dessus du bord haut
2025-07-25,CAP.PA,2025-07-28,129.8725,129.8725,132.7142,11.4539,-0.2481,-0.0923,-0.4607,non,non,non,non,non,dans la bande
2025-08-01,ENGI.PA,2025-08-04,18.2205,18.2205,19.6835,0.47,-3.1129,0.2698,-0.0374,oui,non,oui,oui,non,candidate à l'achat
2025-08-01,AC.PA,2025-08-04,41.0663,41.0663,44.6254,3.0614,-1.1625,0.0583,-0.0225,oui,non,non,oui,non,candidate à l'achat
2025-08-01,EN.PA,2025-08-04,34.7273,34.7273,38.6379,1.3275,-2.9459,0.1927,-0.2068,oui,non,oui,oui,non,candidate à l'achat
2025-08-01,TTE.PA,2025-08-04,48.3515,48.3515,48.4565,2.1863,-0.048,-0.0679,-0.1471,non,non,non,non,non,dans la bande
2025-08-01,SAF.PA,2025-08-04,277.1855,277.1855,271.8831,15.1001,0.3511,0.1544,0.089,non,non,non,non,non,dans la bande
2025-08-01,AIR.PA,2025-08-04,166.0321,166.0321,170.9726,11.1265,-0.444,0.1132,-0.1566,non,non,non,non,non,dans la bande
2025-08-01,PUB.PA,2025-08-04,76.2049,76.2049,82.7965,5.3563,-1.2306,-0.0471,-0.708,oui,non,non,oui,non,candidate à l'achat
2025-08-01,SGO.PA,2025-08-04,88.2716,88.2716,96.4279,4.9907,-1.6343,0.0681,-0.0348,oui,non,non,oui,non,candidate à l'achat
2025-08-01,MC.PA,2025-08-04,450.3558,450.3558,407.4211,38.6173,1.1118,-0.3528,-0.1416,non,oui,non,non,non,au-dessus du bord haut
2025-08-01,CAP.PA,2025-08-04,120.5716,120.5716,133.0193,10.6172,-1.1724,-0.0691,-0.4936,oui,non,non,oui,non,candidate à l'achat
2025-08-08,ENGI.PA,2025-08-11,17.754,17.754,19.5703,0.554,-3.2785,0.2381,-0.1973,oui,non,oui,oui,non,candidate à l'achat
2025-08-08,AC.PA,2025-08-11,44.0385,44.0385,44.8502,2.8639,-0.2834,0.0755,-0.6084,non,non,non,non,non,dans la bande
2025-08-08,EN.PA,2025-08-11,36.3102,36.3102,38.312,1.4126,-1.4171,0.163,-0.2955,oui,non,non,oui,non,candidate à l'achat
2025-08-08,TTE.PA,2025-08-11,49.9042,49.9042,48.6091,2.1609,0.5994,-0.0565,-0.1336,non,non,non,non,non,dans la bande
2025-08-08,SAF.PA,2025-08-11,287.9644,287.9644,277.3285,14.833,0.717,0.1776,0.1855,non,non,non,non,non,dans la bande
2025-08-08,AIR.PA,2025-08-11,173.0229,173.0229,173.2693,10.6875,-0.0231,0.1331,-0.3057,non,non,non,non,non,dans la bande
2025-08-08,PUB.PA,2025-08-11,74.7126,74.7126,82.2266,5.1508,-1.4588,-0.0405,-0.702,oui,non,non,oui,non,candidate à l'achat
2025-08-08,SGO.PA,2025-08-11,95.005,95.005,96.215,5.0605,-0.2391,0.0644,-0.3158,non,non,non,non,non,dans la bande
2025-08-08,MC.PA,2025-08-11,450.0631,450.0631,410.6135,37.3587,1.056,-0.3174,-0.2022,non,oui,non,non,non,au-dessus du bord haut
2025-08-08,CAP.PA,2025-08-11,121.6858,121.6858,132.8692,9.0884,-1.2305,-0.0457,-0.6593,oui,non,non,oui,non,candidate à l'achat
2025-08-15,ENGI.PA,2025-08-18,18.0015,18.0015,19.4196,0.6312,-2.2465,0.2063,-0.355,oui,non,oui,oui,non,candidate à l'achat
2025-08-15,AC.PA,2025-08-18,43.4072,43.4072,45.0094,2.788,-0.5747,0.0842,-0.7325,non,non,non,non,non,dans la bande
2025-08-15,EN.PA,2025-08-18,37.682,37.682,38.1796,1.3331,-0.3733,0.1397,-0.0147,non,non,non,non,non,dans la bande
2025-08-15,TTE.PA,2025-08-18,50.6238,50.6238,48.8532,2.1451,0.8254,-0.0435,0.0481,non,non,non,non,non,dans la bande
2025-08-15,SAF.PA,2025-08-18,288.5578,288.5578,282.3305,14.452,0.4309,0.1967,0.3017,non,non,non,non,non,dans la bande
2025-08-15,AIR.PA,2025-08-18,183.4895,183.4895,175.8687,10.4884,0.7266,0.1507,-0.0426,non,non,non,non,non,dans la bande
2025-08-15,PUB.PA,2025-08-18,73.6412,73.6412,81.4549,5.0776,-1.5389,-0.0385,-0.5417,oui,non,non,oui,non,candidate à l'achat
2025-08-15,SGO.PA,2025-08-18,96.0528,96.0528,96.3503,5.0654,-0.0587,0.062,-0.2423,non,non,non,non,non,dans la bande
2025-08-15,MC.PA,2025-08-18,464.4523,464.4523,416.4453,35.1618,1.3653,-0.2737,-0.1455,non,oui,non,non,non,au-dessus du bord haut
2025-08-15,CAP.PA,2025-08-18,119.2153,119.2153,131.457,9.0756,-1.3489,-0.046,-0.7044,oui,non,non,oui,non,candidate à l'achat
2025-08-22,ENGI.PA,2025-08-25,17.8682,17.8682,19.3083,0.6995,-2.0586,0.1826,-0.2536,oui,non,oui,oui,non,candidate à l'achat
2025-08-22,AC.PA,2025-08-25,43.4752,43.4752,45.3149,2.626,-0.7006,0.0994,-0.2852,non,non,non,non,non,dans la bande
2025-08-22,EN.PA,2025-08-25,37.1352,37.1352,38.058,1.2431,-0.7424,0.1187,0.2431,non,non,non,non,non,dans la bande
2025-08-22,TTE.PA,2025-08-25,51.722,51.722,49.2496,2.1534,1.1481,-0.0276,0.2356,non,oui,non,non,non,au-dessus du bord haut
2025-08-22,SAF.PA,2025-08-25,287.2722,287.2722,287.4619,13.5578,-0.014,0.2178,0.2172,non,non,non,non,non,dans la bande
2025-08-22,AIR.PA,2025-08-25,177.4413,177.4413,178.6186,9.9856,-0.1179,0.1713,0.2376,non,non,non,non,non,dans la bande
2025-08-22,PUB.PA,2025-08-25,77.2381,77.2381,80.7117,5.1039,-0.6806,-0.0431,-0.1409,non,non,non,non,non,dans la bande
2025-08-22,SGO.PA,2025-08-25,95.2378,95.2378,96.4873,5.0685,-0.2465,0.0607,0.0233,non,non,non,non,non,dans la bande
2025-08-22,MC.PA,2025-08-25,482.9875,482.9875,427.4608,31.0832,1.7864,-0.2135,0.1822,non,oui,non,non,non,au-dessus du bord haut
2025-08-22,CAP.PA,2025-08-25,122.6546,122.6546,129.8291,9.2278,-0.7775,-0.0563,-0.301,non,non,non,non,non,dans la bande
2025-08-29,ENGI.PA,2025-09-01,16.8401,16.8401,19.0275,0.8044,-2.7192,0.1458,-0.3213,oui,non,oui,oui,non,candidate à l'achat
2025-08-29,AC.PA,2025-09-01,41.0566,41.0566,45.2335,2.6172,-1.596,0.0996,-0.0303,oui,non,non,oui,non,candidate à l'achat
2025-08-29,EN.PA,2025-09-01,35.1494,35.1494,37.7172,1.3422,-1.9131,0.0966,-0.0324,oui,non,oui,oui,non,candidate à l'achat
2025-08-29,TTE.PA,2025-09-01,50.6522,50.6522,49.4685,2.1579,0.5485,-0.0186,0.1798,non,non,non,non,non,dans la bande
2025-08-29,SAF.PA,2025-09-01,281.7344,281.7344,291.3532,12.5944,-0.7637,0.2308,-0.0282,non,non,non,non,non,dans la bande
2025-08-29,AIR.PA,2025-09-01,175.8114,175.8114,180.8205,9.3635,-0.535,0.1872,0.1304,non,non,non,non,non,dans la bande
2025-08-29,PUB.PA,2025-09-01,75.4205,75.4205,79.8182,5.1848,-0.8482,-0.0527,0.1063,non,non,non,non,non,dans la bande
2025-08-29,SGO.PA,2025-09-01,89.4552,89.4552,96.4444,4.9368,-1.4157,0.0648,-0.0445,oui,non,non,oui,non,candidate à l'achat
2025-08-29,MC.PA,2025-09-01,491.7672,491.7672,438.0313,29.2605,1.8365,-0.1606,0.5881,non,oui,non,non,non,au-dessus du bord haut
2025-08-29,CAP.PA,2025-09-01,117.6651,117.6651,128.2889,9.3501,-1.1362,-0.0631,0.0208,oui,non,non,oui,oui,candidate à l'achat
2025-09-05,ENGI.PA,2025-09-08,16.7925,16.7925,18.6914,0.8898,-2.1341,0.1067,-0.4526,oui,non,oui,oui,non,candidate à l'achat
2025-09-05,AC.PA,2025-09-08,39.7357,39.7357,44.7614,2.7846,-1.8048,0.0851,-0.5073,oui,non,non,oui,non,candidate à l'achat
2025-09-05,EN.PA,2025-09-08,34.5642,34.5642,37.2498,1.4514,-1.8504,0.0706,-0.5192,oui,non,oui,oui,non,candidate à l'achat
2025-09-05,TTE.PA,2025-09-08,49.0616,49.0616,49.7101,2.1039,-0.3082,-0.0067,-0.0177,non,non,non,non,non,dans la bande
2025-09-05,SAF.PA,2025-09-08,275.1089,275.1089,293.8592,11.9899,-1.5638,0.2369,-0.2173,oui,non,non,oui,non,candidate à l'achat
2025-09-05,AIR.PA,2025-09-08,180.5047,180.5047,183.445,8.6715,-0.3391,0.2052,0.0528,non,non,non,non,non,dans la bande
2025-09-05,PUB.PA,2025-09-08,78.7496,78.7496,79.1701,5.209,-0.0807,-0.0602,0.3055,non,non,non,non,non,dans la bande
2025-09-05,SGO.PA,2025-09-08,88.7373,88.7373,95.9324,5.0507,-1.4246,0.0604,-0.5129,oui,non,non,oui,non,candidate à l'achat
2025-09-05,MC.PA,2025-09-08,484.1093,484.1093,448.3731,28.3625,1.26,-0.1125,0.5353,non,oui,non,non,non,au-dessus du bord haut
2025-09-05,CAP.PA,2025-09-08,121.1045,121.1045,126.2639,9.5639,-0.5395,-0.0781,-0.0673,non,non,non,non,non,dans la bande
2025-09-12,ENGI.PA,2025-09-15,17.3256,17.3256,18.4205,0.9015,-1.2145,0.0736,-0.2851,oui,non,oui,oui,non,candidate à l'achat
2025-09-12,AC.PA,2025-09-15,40.0271,40.0271,44.2992,2.9207,-1.4627,0.0707,-0.5822,oui,non,non,oui,non,candidate à l'achat
2025-09-12,EN.PA,2025-09-15,36.2526,36.2526,37.0028,1.4474,-0.5183,0.0533,-0.2698,non,non,non,non,non,dans la bande
2025-09-12,TTE.PA,2025-09-15,49.3456,49.3456,50.008,1.9193,-0.3451,0.0096,-0.1899,non,non,non,non,non,dans la bande
2025-09-12,SAF.PA,2025-09-15,282.4267,282.4267,296.4497,11.1748,-1.2549,0.244,-0.2301,oui,non,non,oui,non,candidate à l'achat
2025-09-12,AIR.PA,2025-09-15,189.7145,189.7145,187.0807,7.6705,0.3434,0.2306,0.313,non,non,non,non,non,dans la bande
2025-09-12,PUB.PA,2025-09-15,79.5531,79.5531,78.9808,5.2111,0.1098,-0.0595,0.3294,non,non,non,non,non,dans la bande
2025-09-12,SGO.PA,2025-09-15,91.1046,91.1046,95.8239,5.0006,-0.9437,0.0627,-0.3617,non,non,non,non,non,dans la bande
2025-09-12,MC.PA,2025-09-15,478.6463,478.6463,456.7638,24.4993,0.8932,-0.0692,0.0819,non,non,non,non,non,dans la bande
2025-09-12,CAP.PA,2025-09-15,119.9419,119.9419,124.8753,9.632,-0.5122,-0.0863,-0.0815,non,non,non,non,non,dans la bande
2025-09-19,ENGI.PA,2025-09-22,17.021,17.021,18.1753,0.8961,-1.2882,0.0447,0.0553,oui,non,oui,oui,oui,candidate à l'achat
2025-09-19,AC.PA,2025-09-22,40.1048,40.1048,43.7499,3.0274,-1.204,0.0503,-0.2677,oui,non,non,oui,non,candidate à l'achat
2025-09-19,EN.PA,2025-09-22,35.8497,35.8497,36.8014,1.4307,-0.6652,0.0389,0.1933,non,non,non,non,non,dans la bande
2025-09-19,TTE.PA,2025-09-22,48.8249,48.8249,50.4696,1.3144,-1.2513,0.0345,-0.1792,oui,non,non,oui,non,candidate à l'achat
2025-09-19,SAF.PA,2025-09-22,288.36,288.36,298.6876,10.911,-0.9465,0.2456,-0.0293,non,non,non,non,non,dans la bande
2025-09-19,AIR.PA,2025-09-22,190.3429,190.3429,190.7992,6.5202,-0.07,0.2543,0.5084,non,non,non,non,non,dans la bande
2025-09-19,PUB.PA,2025-09-22,75.9562,75.9562,78.451,5.1707,-0.4825,-0.0675,0.2636,non,non,non,non,non,dans la bande
2025-09-19,SGO.PA,2025-09-22,90.9882,90.9882,95.4563,5.0453,-0.8856,0.056,0.0309,non,non,non,non,non,dans la bande
2025-09-19,MC.PA,2025-09-22,498.1082,498.1082,467.6076,20.708,1.4729,-0.0218,0.0837,non,oui,non,non,non,au-dessus du bord haut
2025-09-19,CAP.PA,2025-09-22,120.3779,120.3779,123.3764,9.6348,-0.3112,-0.0974,0.077,non,non,non,non,non,dans la bande
2025-09-26,ENGI.PA,2025-09-29,17.4113,17.4113,17.9559,0.8565,-0.6358,0.0186,0.1955,non,non,oui,non,non,dans la bande
2025-09-26,AC.PA,2025-09-29,39.4831,39.4831,42.7503,2.92,-1.1189,0.0065,-0.0955,oui,non,non,oui,non,candidate à l'achat
2025-09-26,EN.PA,2025-09-29,36.6172,36.6172,36.4986,1.3037,0.091,0.0182,0.2527,non,non,non,non,non,dans la bande
2025-09-26,TTE.PA,2025-09-29,51.3623,51.3623,50.6788,1.0598,0.6449,0.0417,0.0082,non,non,non,non,non,dans la bande
2025-09-26,SAF.PA,2025-09-29,292.7111,292.7111,299.6315,10.467,-0.6612,0.2293,0.2718,non,non,non,non,non,dans la bande
2025-09-26,AIR.PA,2025-09-29,192.1691,192.1691,192.9009,6.1724,-0.1186,0.2523,0.3819,non,non,non,non,non,dans la bande
2025-09-26,PUB.PA,2025-09-29,76.2623,76.2623,77.0258,4.6508,-0.1642,-0.0976,-0.0946,non,non,non,non,non,dans la bande
2025-09-26,SGO.PA,2025-09-29,88.582,88.582,93.9041,4.6114,-1.1541,0.0208,0.0436,oui,non,non,oui,oui,candidate à l'achat
2025-09-26,MC.PA,2025-09-29,503.0835,503.0835,475.3858,19.491,1.421,0.0079,0.1295,non,oui,non,non,non,au-dessus du bord haut
2025-09-26,CAP.PA,2025-09-29,115.4368,115.4368,120.6262,8.9569,-0.5794,-0.1301,0.0162,non,non,non,non,non,dans la bande
2025-10-03,ENGI.PA,2025-10-06,17.8159,17.8159,17.7575,0.7575,0.077,-0.0073,0.194,non,non,oui,non,non,dans la bande
2025-10-03,AC.PA,2025-10-06,40.3767,40.3767,41.684,2.5822,-0.5063,-0.0413,-0.0844,non,non,non,non,non,dans la bande
2025-10-03,EN.PA,2025-10-06,36.8474,36.8474,36.2844,1.0305,0.5463,-0.001,0.2009,non,non,non,non,non,dans la bande
2025-10-03,TTE.PA,2025-10-06,49.1497,49.1497,50.3765,0.9547,-1.2851,0.0267,0.0232,oui,non,non,oui,oui,candidate à l'achat
2025-10-03,SAF.PA,2025-10-06,299.7322,299.7322,299.7449,8.8355,-0.0014,0.2024,0.423,non,non,non,non,non,dans la bande
2025-10-03,AIR.PA,2025-10-06,199.8571,199.8571,194.3197,5.6567,0.9789,0.2361,0.3081,non,non,non,non,non,dans la bande
2025-10-03,PUB.PA,2025-10-06,79.4001,79.4001,75.9079,3.969,0.8799,-0.1224,-0.1502,non,non,non,non,non,dans la bande
2025-10-03,SGO.PA,2025-10-06,91.5121,91.5121,92.2394,3.5838,-0.2029,-0.0175,-0.0482,non,non,non,non,non,dans la bande
2025-10-03,MC.PA,2025-10-06,539.5684,539.5684,484.635,20.3556,2.6987,0.0368,0.4921,non,oui,non,non,non,au-dessus du bord haut
2025-10-03,CAP.PA,2025-10-06,120.4747,120.4747,117.8672,7.6184,0.3423,-0.1656,-0.0541,non,non,non,non,non,dans la bande
2025-10-10,ENGI.PA,2025-10-13,18.011,18.011,17.6191,0.6835,0.5733,-0.0253,0.2416,non,non,oui,non,non,dans la bande
2025-10-10,AC.PA,2025-10-13,39.2792,39.2792,40.7304,2.178,-0.6663,-0.0822,-0.0316,non,non,non,non,non,dans la bande
2025-10-10,EN.PA,2025-10-13,36.5212,36.5212,36.0837,0.915,0.4782,-0.0142,0.1102,non,non,non,non,non,dans la bande
2025-10-10,TTE.PA,2025-10-13,48.1293,48.1293,50.1688,0.9878,-2.0647,0.0187,-0.0691,oui,non,non,oui,non,candidate à l'achat
2025-10-10,SAF.PA,2025-10-13,293.9966,293.9966,299.5421,6.8616,-0.8082,0.1765,0.3367,non,non,non,non,non,dans la bande
2025-10-10,AIR.PA,2025-10-13,198.3352,198.3352,195.7552,4.84,0.5331,0.2196,0.3418,non,non,non,non,non,dans la bande
2025-10-10,PUB.PA,2025-10-13,78.5965,78.5965,75.179,3.5132,0.9728,-0.1377,0.0819,non,non,non,non,non,dans la bande
2025-10-10,SGO.PA,2025-10-13,84.934,84.934,90.4553,2.8309,-1.9504,-0.0521,-0.2277,oui,non,non,oui,non,candidate à l'achat
2025-10-10,MC.PA,2025-10-13,532.6422,532.6422,495.5486,22.955,1.6159,0.0649,0.5964,non,oui,non,non,non,au-dessus du bord haut
2025-10-10,CAP.PA,2025-10-13,115.9697,115.9697,115.2413,6.0982,0.1194,-0.1975,-0.0234,non,non,non,non,non,dans la bande
2025-10-17,ENGI.PA,2025-10-20,18.7107,18.7107,17.6256,0.6547,1.6575,-0.0304,0.4214,non,oui,non,non,non,au-dessus du bord haut
2025-10-17,AC.PA,2025-10-20,40.3767,40.3767,40.0737,1.9944,0.1519,-0.1061,0.0822,non,non,non,non,non,dans la bande
2025-10-17,EN.PA,2025-10-20,39.5911,39.5911,36.314,1.0118,3.2388,-0.0106,0.433,non,oui,non,non,non,au-dessus du bord haut
2025-10-17,TTE.PA,2025-10-20,50.7379,50.7379,50.0668,0.9991,0.6717,0.0137,-0.0633,non,non,non,non,non,dans la bande
2025-10-17,SAF.PA,2025-10-20,293.6011,293.6011,299.7176,5.9642,-1.0255,0.1586,0.1156,oui,non,non,oui,oui,candidate à l'achat
2025-10-17,AIR.PA,2025-10-20,196.7642,196.7642,197.3409,4.4864,-0.1286,0.2097,0.2857,non,non,non,non,non,dans la bande
2025-10-17,PUB.PA,2025-10-20,82.27,82.27,75.0909,3.5031,2.0493,-0.1386,0.3896,non,oui,non,non,non,au-dessus du bord haut
2025-10-17,SGO.PA,2025-10-20,86.8356,86.8356,89.2529,2.6559,-0.9101,-0.0706,-0.2067,non,non,non,non,non,dans la bande
2025-10-17,MC.PA,2025-10-20,590.8816,590.8816,509.6949,26.0761,3.1135,0.1024,0.8196,non,oui,non,non,non,au-dessus du bord haut
2025-10-17,CAP.PA,2025-10-20,117.9073,117.9073,112.9714,4.8321,1.0215,-0.2214,-0.0485,non,oui,non,non,non,au-dessus du bord haut
2025-10-24,ENGI.PA,2025-10-27,18.7488,18.7488,17.6881,0.6567,1.6153,-0.0298,0.4535,non,oui,non,non,non,au-dessus du bord haut
2025-10-24,AC.PA,2025-10-27,43.8831,43.8831,39.8961,1.9487,2.046,-0.1117,0.3506,non,oui,non,non,non,au-dessus du bord haut
2025-10-24,EN.PA,2025-10-27,39.4376,39.4376,36.7476,1.1693,2.3006,0.0033,0.538,non,oui,non,non,non,au-dessus du bord haut
2025-10-24,TTE.PA,2025-10-27,51.893,51.893,50.1397,0.9624,1.8218,0.011,0.252,non,oui,non,non,non,au-dessus du bord haut
2025-10-24,SAF.PA,2025-10-27,301.1167,301.1167,301.3023,5.6421,-0.0329,0.1511,0.1031,non,non,non,non,non,dans la bande
2025-10-24,AIR.PA,2025-10-27,204.6682,204.6682,199.887,4.5565,1.0493,0.2124,0.2144,non,oui,non,non,non,au-dessus du bord haut
2025-10-24,PUB.PA,2025-10-27,82.6335,82.6335,75.4983,3.7599,1.8977,-0.1296,0.4303,non,oui,non,non,non,au-dessus du bord haut
2025-10-24,SGO.PA,2025-10-27,87.6894,87.6894,88.3179,2.5186,-0.2495,-0.0835,-0.1632,non,non,non,non,non,dans la bande
2025-10-24,MC.PA,2025-10-27,597.5153,597.5153,528.9549,30.4328,2.2528,0.15,0.9769,non,oui,non,non,non,au-dessus du bord haut
2025-10-24,CAP.PA,2025-10-27,123.139,123.139,112.4523,4.8603,2.1988,-0.2217,0.1512,non,oui,non,non,non,au-dessus du bord haut
2025-10-31,ENGI.PA,2025-11-03,19.3247,19.3247,17.7779,0.6597,2.3446,-0.0291,0.4833,non,oui,non,non,non,au-dessus du bord haut
2025-10-31,AC.PA,2025-11-03,42.8827,42.8827,40.2292,2.0859,1.2721,-0.0969,0.656,non,oui,non,non,non,au-dessus du bord haut
2025-10-31,EN.PA,2025-11-03,37.5381,37.5381,36.9939,1.2063,0.4512,0.0111,0.3835,non,non,non,non,non,dans la bande
2025-10-31,TTE.PA,2025-11-03,51.9315,51.9315,50.4305,1.0106,1.4853,0.0176,0.4059,non,oui,non,non,non,au-dessus du bord haut
2025-10-31,SAF.PA,2025-11-03,304.4789,304.4789,302.8144,5.521,0.3015,0.1453,0.142,non,non,non,non,non,dans la bande
2025-10-31,AIR.PA,2025-11-03,209.5284,209.5284,202.7242,4.6693,1.4572,0.2172,0.246,non,oui,non,non,non,au-dessus du bord haut
2025-10-31,PUB.PA,2025-11-03,83.0353,83.0353,76.3112,4.0622,1.6553,-0.109,0.3544,non,oui,non,non,non,au-dessus du bord haut
2025-10-31,SGO.PA,2025-11-03,81.5576,81.5576,87.3748,2.5999,-2.2374,-0.0923,-0.1659,oui,non,non,oui,non,candidate à l'achat
2025-10-31,MC.PA,2025-11-03,597.125,597.125,549.0497,29.0414,1.6554,0.205,0.7314,non,oui,non,non,non,au-dessus du bord haut
2025-10-31,CAP.PA,2025-11-03,129.3396,129.3396,113.4119,5.6688,2.8097,-0.2005,0.4729,non,oui,non,non,non,au-dessus du bord haut
2025-11-07,ENGI.PA,2025-11-10,20.1529,20.1529,18.0624,0.7786,2.6851,-0.0107,0.5393,non,oui,non,non,non,au-dessus du bord haut
2025-11-07,AC.PA,2025-11-10,44.1454,44.1454,40.5683,2.1984,1.6271,-0.0825,0.6494,non,oui,non,non,non,au-dessus du bord haut
2025-11-07,EN.PA,2025-11-10,38.2,38.2,37.2797,1.1829,0.7781,0.0238,-0.1186,non,non,non,non,non,dans la bande
2025-11-07,TTE.PA,2025-11-10,51.5754,51.5754,50.5841,1.0085,0.9829,0.0185,0.2753,non,non,non,non,non,dans la bande
2025-11-07,SAF.PA,2025-11-10,297.7545,297.7545,304.4436,5.5458,-1.2062,0.1416,0.1278,oui,non,non,oui,oui,candidate à l'achat
2025-11-07,AIR.PA,2025-11-10,204.2754,204.2754,205.3046,4.7252,-0.2178,0.2195,0.2629,non,non,non,non,non,dans la bande
2025-11-07,PUB.PA,2025-11-10,80.5289,80.5289,76.8545,4.1425,0.887,-0.0916,0.0146,non,non,non,non,non,dans la bande
2025-11-07,SGO.PA,2025-11-10,77.405,77.405,85.452,2.9146,-2.7609,-0.1163,-0.6058,oui,non,non,oui,non,candidate à l'achat
2025-11-07,MC.PA,2025-11-10,588.4428,588.4428,565.0311,27.7851,0.8426,0.2412,0.3374,non,non,non,non,non,dans la bande
2025-11-07,CAP.PA,2025-11-10,119.5059,119.5059,113.7582,5.9984,0.9582,-0.1859,0.3143,non,non,non,non,non,dans la bande
2025-11-14,ENGI.PA,2025-11-17,20.7527,20.7527,18.4305,0.911,2.549,0.0137,0.6606,non,oui,non,non,non,au-dessus du bord haut
2025-11-14,AC.PA,2025-11-17,45.1264,45.1264,41.1318,2.3874,1.6732,-0.0622,0.4856,non,oui,non,non,non,au-dessus du bord haut
2025-11-14,EN.PA,2025-11-17,39.9364,39.9364,37.7779,1.2215,1.7671,0.0425,0.0034,non,oui,non,non,non,au-dessus du bord haut
2025-11-14,TTE.PA,2025-11-17,54.1262,54.1262,50.9488,1.112,2.8574,0.0233,0.246,non,oui,non,non,non,au-dessus du bord haut
2025-11-14,SAF.PA,2025-11-17,301.0178,301.0178,306.1093,5.5603,-0.9157,0.1387,0.0372,non,non,non,non,non,dans la bande
2025-11-14,AIR.PA,2025-11-17,202.7535,202.7535,207.2934,4.7475,-0.9563,0.2173,0.1061,non,non,non,non,non,dans la bande
2025-11-14,PUB.PA,2025-11-17,83.15,83.15,77.7285,4.2343,1.2804,-0.0686,-0.0813,non,oui,non,non,non,au-dessus du bord haut
2025-11-14,SGO.PA,2025-11-17,80.141,80.141,83.856,2.967,-1.2521,-0.1353,-0.654,oui,non,non,oui,non,candidate à l'achat
2025-11-14,MC.PA,2025-11-17,621.4159,621.4159,582.952,27.3983,1.4039,0.2776,0.1448,non,oui,non,non,non,au-dessus du bord haut
2025-11-14,CAP.PA,2025-11-17,129.3396,129.3396,115.2219,6.6617,2.1192,-0.1593,0.1905,non,oui,non,non,non,au-dessus du bord haut
2025-11-21,ENGI.PA,2025-11-24,20.5813,20.5813,18.8187,1.0103,1.7448,0.0394,0.5525,non,oui,non,non,non,au-dessus du bord haut
2025-11-21,AC.PA,2025-11-24,44.2716,44.2716,41.4914,2.4543,1.1328,-0.0476,0.1048,non,oui,non,non,non,au-dessus du bord haut
2025-11-21,EN.PA,2025-11-24,40.0515,40.0515,38.2464,1.2668,1.4249,0.0576,0.2988,non,oui,non,non,non,au-dessus du bord haut
2025-11-21,TTE.PA,2025-11-24,53.876,53.876,51.3845,1.222,2.0389,0.031,0.2821,non,oui,non,non,non,au-dessus du bord haut
2025-11-21,SAF.PA,2025-11-24,286.1844,286.1844,306.2625,6.109,-3.2866,0.1305,-0.1381,oui,non,non,oui,non,candidate à l'achat
2025-11-21,AIR.PA,2025-11-24,199.0716,199.0716,208.2334,4.9521,-1.8501,0.2097,-0.1807,oui,non,non,oui,non,candidate à l'achat
2025-11-21,PUB.PA,2025-11-24,80.4524,80.4524,78.1202,4.2405,0.55,-0.0556,-0.165,non,non,non,non,non,dans la bande
2025-11-21,SGO.PA,2025-11-24,78.8797,78.8797,82.1379,2.9803,-1.0932,-0.1556,-0.4647,oui,non,non,oui,non,candidate à l'achat
2025-11-21,MC.PA,2025-11-24,607.7584,607.7584,596.0051,25.8509,0.4547,0.2983,0.1165,non,non,non,non,non,dans la bande
2025-11-21,CAP.PA,2025-11-24,127.4019,127.4019,116.2017,6.8758,1.6289,-0.1374,0.0096,non,oui,non,non,non,au-dessus du bord haut
2025-11-28,ENGI.PA,2025-12-01,20.8479,20.8479,19.1977,1.0591,1.5581,0.0653,0.243,non,oui,non,non,non,au-dessus du bord haut
2025-11-28,AC.PA,2025-12-01,45.2818,45.2818,42.0408,2.5632,1.2644,-0.0285,0.1632,non,oui,non,non,non,au-dessus du bord haut
2025-11-28,EN.PA,2025-12-01,41.2699,41.2699,38.8165,1.3372,1.8347,0.075,0.4453,non,oui,non,non,non,au-dessus du bord haut
2025-11-28,TTE.PA,2025-12-01,54.6749,54.6749,51.9705,1.3153,2.0561,0.0446,0.3157,non,oui,non,non,non,au-dessus du bord haut
2025-11-28,SAF.PA,2025-12-01,287.0744,287.0744,303.8732,7.2697,-2.3108,0.1091,-0.4343,oui,non,non,oui,non,candidate à l'achat
2025-11-28,AIR.PA,2025-12-01,200.7407,200.7407,208.3731,5.2581,-1.4515,0.1946,-0.2921,oui,non,non,oui,non,candidate à l'achat
2025-11-28,PUB.PA,2025-12-01,80.3376,80.3376,78.6794,4.0249,0.412,-0.0359,-0.1534,non,non,non,non,non,dans la bande
2025-11-28,SGO.PA,2025-12-01,83.3816,83.3816,81.2719,2.9174,0.7231,-0.1625,0.1932,non,non,non,non,non,dans la bande
2025-11-28,MC.PA,2025-12-01,619.9526,619.9526,608.5667,24.3608,0.4674,0.315,0.1148,non,non,non,non,non,dans la bande
2025-11-28,CAP.PA,2025-12-01,130.5991,130.5991,118.5083,6.8443,1.7666,-0.0973,0.2422,non,oui,non,non,non,au-dessus du bord haut
2025-12-05,ENGI.PA,2025-12-08,20.3814,20.3814,19.5533,1.0684,0.7751,0.0899,0.0198,non,non,non,non,non,dans la bande
2025-12-05,AC.PA,2025-12-08,45.2429,45.2429,42.2967,2.5901,1.1375,-0.0247,0.0317,non,oui,non,non,non,au-dessus du bord haut
2025-12-05,EN.PA,2025-12-08,41.4138,41.4138,39.4063,1.4133,1.4204,0.0907,0.3362,non,oui,non,non,non,au-dessus du bord haut
2025-12-05,TTE.PA,2025-12-08,54.2899,54.2899,52.6853,1.3068,1.2278,0.0637,0.1726,non,oui,non,non,non,au-dessus du bord haut
2025-12-05,SAF.PA,2025-12-08,289.6455,289.6455,301.9378,7.4668,-1.6462,0.0895,-0.3777,oui,non,non,oui,non,candidate à l'achat
2025-12-05,AIR.PA,2025-12-08,193.1313,193.1313,206.792,6.0775,-2.2477,0.1674,-0.4285,oui,non,oui,oui,non,candidate à l'achat
2025-12-05,PUB.PA,2025-12-08,82.4804,82.4804,79.3919,3.8344,0.8055,-0.0151,-0.1346,non,non,non,non,non,dans la bande
2025-12-05,SGO.PA,2025-12-08,84.1578,84.1578,80.3238,2.6675,1.4373,-0.173,0.2736,non,oui,non,non,non,au-dessus du bord haut
2025-12-05,MC.PA,2025-12-08,618.0224,618.0224,620.607,23.5316,-0.1098,0.3259,0.0766,non,non,non,non,non,dans la bande
2025-12-05,CAP.PA,2025-12-08,139.9968,139.9968,121.5579,7.1304,2.5859,-0.0524,0.4022,non,oui,non,non,non,au-dessus du bord haut
2025-12-12,ENGI.PA,2025-12-15,20.6575,20.6575,19.8949,1.0451,0.7296,0.1139,-0.0704,non,non,non,non,non,dans la bande
2025-12-12,AC.PA,2025-12-15,45.4566,45.4566,42.5681,2.6204,1.1023,-0.0175,0.0844,non,oui,non,non,non,au-dessus du bord haut
2025-12-12,EN.PA,2025-12-15,41.3946,41.3946,39.9803,1.4563,0.9712,0.1056,0.2782,non,non,non,non,non,dans la bande
2025-12-12,TTE.PA,2025-12-15,53.5102,53.5102,53.1269,1.2913,0.2968,0.0727,0.031,non,non,non,non,non,dans la bande
2025-12-12,SAF.PA,2025-12-15,288.0633,288.0633,300.3109,7.4352,-1.6472,0.0729,-0.0793,oui,non,non,oui,non,candidate à l'achat
2025-12-12,AIR.PA,2025-12-15,190.5,190.5,205.6981,6.7852,-2.2399,0.1488,-0.3371,oui,non,oui,oui,non,candidate à l'achat
2025-12-12,PUB.PA,2025-12-15,83.7432,83.7432,80.4825,3.6439,0.8948,0.0108,0.2193,non,non,non,non,non,dans la bande
2025-12-12,SGO.PA,2025-12-15,83.7309,83.7309,79.6558,2.5571,1.5936,-0.1772,0.3172,non,oui,non,non,non,au-dessus du bord haut
2025-12-12,MC.PA,2025-12-15,614.4802,614.4802,628.0887,23.4753,-0.5797,0.3218,0.1332,non,non,non,non,non,dans la bande
2025-12-12,CAP.PA,2025-12-15,143.0002,143.0002,125.5176,7.8663,2.2225,-0.0018,0.8798,non,oui,non,non,non,au-dessus du bord haut
2025-12-19,ENGI.PA,2025-12-22,21.2096,21.2096,20.2747,1.0017,0.9333,0.1401,0.0486,non,non,non,non,non,dans la bande
2025-12-19,AC.PA,2025-12-22,46.6804,46.6804,43.1576,2.6956,1.3069,0.0023,0.0787,non,oui,non,non,non,au-dessus du bord haut
2025-12-19,EN.PA,2025-12-22,42.7472,42.7472,40.7273,1.4488,1.3942,0.1286,0.2427,non,oui,non,non,non,au-dessus du bord haut
2025-12-19,TTE.PA,2025-12-22,53.722,53.722,53.4138,1.2612,0.2443,0.0776,-0.1336,non,non,non,non,non,dans la bande
2025-12-19,SAF.PA,2025-12-22,302.8966,302.8966,299.492,7.2435,0.47,0.061,0.2349,non,non,non,non,non,dans la bande
2025-12-19,AIR.PA,2025-12-22,192.2869,192.2869,204.4535,7.4414,-1.635,0.1305,-0.2509,oui,non,oui,oui,non,candidate à l'achat
2025-12-19,PUB.PA,2025-12-22,85.0059,85.0059,82.0106,3.1896,0.9391,0.0455,0.4454,non,non,non,non,non,dans la bande
2025-12-19,SGO.PA,2025-12-22,83.5174,83.5174,79.5407,2.7292,1.4571,-0.172,0.2,non,oui,non,non,non,au-dessus du bord haut
2025-12-19,MC.PA,2025-12-22,621.5647,621.5647,637.6261,22.3462,-0.7188,0.3267,0.0847,non,non,non,non,non,dans la bande
2025-12-19,CAP.PA,2025-12-22,141.0625,141.0625,129.6114,7.7076,1.4857,0.0518,0.6845,non,oui,non,non,non,au-dessus du bord haut
2025-12-24,ENGI.PA,2025-12-29,21.0954,21.0954,20.5104,0.9708,0.6026,0.1556,0.1183,non,non,non,non,non,dans la bande
2025-12-24,AC.PA,2025-12-29,46.2336,46.2336,43.6241,2.6981,0.9672,0.0198,0.1636,non,non,non,non,non,dans la bande
2025-12-24,EN.PA,2025-12-29,42.4978,42.4978,41.1729,1.4081,0.9409,0.1423,0.2098,non,non,non,non,non,dans la bande
2025-12-24,TTE.PA,2025-12-29,53.5294,53.5294,53.6095,1.245,-0.0643,0.0807,-0.1465,non,non,non,non,non,dans la bande
2025-12-24,SAF.PA,2025-12-29,295.9744,295.9744,299.4968,7.1919,-0.4898,0.0575,0.2167,non,non,non,non,non,dans la bande
2025-12-24,AIR.PA,2025-12-29,192.4048,192.4048,204.0396,7.6687,-1.5172,0.1229,-0.1213,oui,non,oui,oui,non,candidate à l'achat
2025-12-24,PUB.PA,2025-12-29,84.2597,84.2597,82.7585,2.8865,0.5201,0.0621,0.3656,non,non,non,non,non,dans la bande
2025-12-24,SGO.PA,2025-12-29,83.4204,83.4204,79.4417,2.7892,1.4265,-0.1683,0.1231,non,oui,non,non,non,au-dessus du bord haut
2025-12-24,MC.PA,2025-12-29,621.9583,621.9583,642.6572,21.7089,-0.9535,0.3285,0.0123,non,non,non,non,non,dans la bande
2025-12-24,CAP.PA,2025-12-29,137.2356,137.2356,131.4066,7.3302,0.7952,0.0756,0.3633,non,non,non,non,non,dans la bande
2026-01-02,ENGI.PA,2026-01-05,21.8665,21.8665,20.8468,0.9296,1.0968,0.1765,0.2711,non,oui,non,non,non,au-dessus du bord haut
2026-01-02,AC.PA,2026-01-05,46.4376,46.4376,44.2815,2.6407,0.8165,0.045,0.2497,non,non,non,non,non,dans la bande
2026-01-02,EN.PA,2026-01-05,43.3612,43.3612,41.7403,1.3527,1.1983,0.1583,0.2076,non,oui,non,non,non,au-dessus du bord haut
2026-01-02,TTE.PA,2026-01-05,54.8274,54.8274,53.9886,1.1883,0.7058,0.089,-0.0354,non,non,non,non,non,dans la bande
2026-01-02,SAF.PA,2026-01-05,303.7867,303.7867,299.3609,7.2252,0.6125,0.0527,0.1518,non,non,non,non,non,dans la bande
2026-01-02,AIR.PA,2026-01-05,200.0043,200.0043,203.9957,7.8223,-0.5103,0.1173,0.0705,non,non,non,non,non,dans la bande
2026-01-02,PUB.PA,2026-01-05,83.858,83.858,83.8048,2.3533,0.0226,0.0846,0.2116,non,non,non,non,non,dans la bande
2026-01-02,SGO.PA,2026-01-05,84.4294,84.4294,79.5369,2.9239,1.6733,-0.159,0.1395,non,oui,non,non,non,au-dessus du bord haut
2026-01-02,MC.PA,2026-01-05,631.5026,631.5026,650.2733,20.3866,-0.9207,0.3331,0.1223,non,non,non,non,non,dans la bande
2026-01-02,CAP.PA,2026-01-05,136.3637,136.3637,133.6379,6.7021,0.4067,0.1044,-0.0831,non,non,non,non,non,dans la bande
2026-01-09,ENGI.PA,2026-01-12,22.6661,22.6661,21.3864,0.8818,1.4511,0.2091,0.5377,non,oui,non,non,non,au-dessus du bord haut
2026-01-09,AC.PA,2026-01-12,46.3502,46.3502,45.1189,2.4534,0.5019,0.0779,0.1785,non,non,non,non,non,dans la bande
2026-01-09,EN.PA,2026-01-12,43.4283,43.4283,42.5483,1.2924,0.6809,0.18,0.2963,non,non,non,non,non,dans la bande
2026-01-09,TTE.PA,2026-01-12,53.8696,53.8696,54.2197,1.1698,-0.2992,0.092,0.0144,non,non,non,non,non,dans la bande
2026-01-09,SAF.PA,2026-01-12,313.7744,313.7744,302.0629,7.6644,1.528,0.0596,0.4684,non,oui,non,non,non,au-dessus du bord haut
2026-01-09,AIR.PA,2026-01-12,211.1975,211.1975,205.9728,7.8298,0.6673,0.1238,0.592,non,non,non,non,non,dans la bande
2026-01-09,PUB.PA,2026-01-12,85.0059,85.0059,84.6018,1.9789,0.2042,0.0988,0.0018,non,non,non,non,non,dans la bande
2026-01-09,SGO.PA,2026-01-12,82.0815,82.0815,79.2682,2.9412,0.9565,-0.1533,-0.1645,non,non,non,non,non,dans la bande
2026-01-09,MC.PA,2026-01-12,641.6373,641.6373,657.1486,20.4924,-0.7569,0.3282,0.1629,non,non,non,non,non,dans la bande
2026-01-09,CAP.PA,2026-01-12,146.1489,146.1489,136.8175,6.0336,1.5466,0.1412,-0.1159,non,oui,non,non,non,au-dessus du bord haut
2026-01-16,ENGI.PA,2026-01-19,22.6947,22.6947,21.9302,0.7866,0.9719,0.2406,0.5283,non,non,non,non,non,dans la bande
2026-01-16,AC.PA,2026-01-19,44.971,44.971,45.8822,1.935,-0.4709,0.1123,-0.1386,non,non,non,non,non,dans la bande
2026-01-16,EN.PA,2026-01-19,43.4763,43.4763,43.2199,1.1578,0.2214,0.1964,0.1578,non,non,non,non,non,dans la bande
2026-01-16,TTE.PA,2026-01-19,55.5115,55.5115,54.6584,1.1631,0.7335,0.098,0.1579,non,non,non,non,non,dans la bande
2026-01-16,SAF.PA,2026-01-19,317.1367,317.1367,304.749,8.0837,1.5324,0.0647,0.4969,non,oui,non,non,non,au-dessus du bord haut
2026-01-16,AIR.PA,2026-01-19,213.4558,213.4558,208.0865,7.9123,0.6786,0.1284,0.7721,non,non,non,non,non,dans la bande
2026-01-16,PUB.PA,2026-01-19,82.5378,82.5378,85.0813,1.7675,-1.439,0.1057,-0.1483,oui,non,non,oui,non,candidate à l'achat
2026-01-16,SGO.PA,2026-01-19,81.4411,81.4411,79.4737,2.8772,0.6838,-0.1372,-0.1889,non,non,non,non,non,dans la bande
2026-01-16,MC.PA,2026-01-19,599.4257,599.4257,661.8312,21.5604,-2.8944,0.3191,0.0096,oui,non,non,oui,oui,candidate à l'achat
2026-01-16,CAP.PA,2026-01-19,137.1872,137.1872,139.468,5.0731,-0.4496,0.1707,0.0271,non,non,non,non,non,dans la bande
2026-01-23,ENGI.PA,2026-01-26,22.9422,22.9422,22.4359,0.6731,0.7522,0.2663,0.4069,non,non,non,non,non,dans la bande
2026-01-23,AC.PA,2026-01-26,45.1749,45.1749,46.1755,1.7744,-0.5639,0.1204,-0.2445,non,non,non,non,non,dans la bande
2026-01-23,EN.PA,2026-01-26,42.6801,42.6801,43.6155,1.1196,-0.8355,0.1984,0.016,non,non,non,non,non,dans la bande
2026-01-23,TTE.PA,2026-01-26,56.6648,56.6648,55.1127,1.1814,1.3138,0.1029,0.2632,non,oui,non,non,non,au-dessus du bord haut
2026-01-23,SAF.PA,2026-01-26,306.9511,306.9511,306.3315,8.1425,0.0761,0.0669,0.2797,non,non,non,non,non,dans la bande
2026-01-23,AIR.PA,2026-01-26,203.0481,203.0481,207.8751,7.722,-0.6251,0.1138,0.3098,non,non,non,non,non,dans la bande
2026-01-23,PUB.PA,2026-01-26,83.5518,83.5518,85.1151,1.8478,-0.846,0.1005,-0.1761,non,non,non,non,non,dans la bande
2026-01-23,SGO.PA,2026-01-26,80.7232,80.7232,79.0016,2.7671,0.6221,-0.1371,-0.245,non,non,non,non,non,dans la bande
2026-01-23,MC.PA,2026-01-26,581.9113,581.9113,656.1574,27.6102,-2.6891,0.2842,-0.5063,oui,non,non,oui,non,candidate à l'achat
2026-01-23,CAP.PA,2026-01-26,132.1008,132.1008,139.8948,4.9623,-1.5706,0.1716,-0.283,oui,non,non,oui,non,candidate à l'achat
2026-01-30,ENGI.PA,2026-02-02,23.8941,23.8941,22.986,0.6003,1.5127,0.29,0.347,non,oui,non,non,non,au-dessus du bord haut
2026-01-30,AC.PA,2026-02-02,44.5436,44.5436,46.4092,1.689,-1.1046,0.1267,-0.253,oui,non,non,oui,non,candidate à l'achat
2026-01-30,EN.PA,2026-02-02,43.7545,43.7545,44.105,1.0579,-0.3313,0.2046,-0.0426,non,non,non,non,non,dans la bande
2026-01-30,TTE.PA,2026-02-02,59.7629,59.7629,56.0151,1.3264,2.8254,0.1193,0.5912,non,oui,non,non,non,au-dessus du bord haut
2026-01-30,SAF.PA,2026-02-02,297.6555,297.6555,306.5568,8.2508,-1.0788,0.0648,-0.3033,oui,non,non,oui,non,candidate à l'achat
2026-01-30,AIR.PA,2026-02-02,189.8912,189.8912,205.8628,8.0465,-1.9849,0.0893,-0.5089,oui,non,oui,oui,non,candidate à l'achat
2026-01-30,PUB.PA,2026-02-02,80.548,80.548,84.7141,1.9823,-2.1016,0.0857,-0.2139,oui,non,oui,oui,non,candidate à l'achat
2026-01-30,SGO.PA,2026-02-02,80.7426,80.7426,78.9456,2.785,0.6452,-0.129,-0.0527,non,non,non,non,non,dans la bande
2026-01-30,MC.PA,2026-02-02,538.1253,538.1253,644.8423,34.091,-3.1304,0.2354,-0.9282,oui,non,oui,oui,non,candidate à l'achat
2026-01-30,CAP.PA,2026-02-02,127.1113,127.1113,139.4047,5.4495,-2.2559,0.1597,-0.7113,oui,non,oui,oui,non,candidate à l'achat
2026-02-06,ENGI.PA,2026-02-09,24.4653,24.4653,23.5895,0.5413,1.6178,0.314,0.5089,non,oui,non,non,non,au-dessus du bord haut
2026-02-06,AC.PA,2026-02-09,47.3798,47.3798,46.975,1.5166,0.2669,0.1432,0.1586,non,non,non,non,non,dans la bande
2026-02-06,EN.PA,2026-02-09,46.2871,46.2871,44.8658,0.8764,1.6216,0.2216,0.2633,non,oui,non,non,non,au-dessus du bord haut
2026-02-06,TTE.PA,2026-02-09,61.1604,61.1604,57.14,1.5005,2.6793,0.1407,0.6483,non,oui,non,non,non,au-dessus du bord haut
2026-02-06,SAF.PA,2026-02-09,304.5778,304.5778,306.7757,8.3197,-0.2642,0.0633,-0.3955,non,non,non,non,non,dans la bande
2026-02-06,AIR.PA,2026-02-09,187.8293,187.8293,203.1966,8.7117,-1.764,0.0638,-0.8591,oui,non,oui,oui,non,candidate à l'achat
2026-02-06,PUB.PA,2026-02-09,75.4205,75.4205,83.4768,2.5626,-3.1438,0.0581,-0.5309,oui,non,oui,oui,non,candidate à l'achat
2026-02-06,SGO.PA,2026-02-09,85.7102,85.7102,79.6344,2.8008,2.1693,-0.1063,0.1667,non,oui,non,non,non,au-dessus du bord haut
2026-02-06,MC.PA,2026-02-09,527.5969,527.5969,629.8412,40.5386,-2.5221,0.1823,-1.0762,oui,non,oui,oui,non,candidate à l'achat
2026-02-06,CAP.PA,2026-02-09,111.8037,111.8037,137.2197,6.9745,-3.6441,0.1319,-1.0907,oui,non,oui,oui,non,candidate à l'achat
2026-02-13,ENGI.PA,2026-02-16,24.8366,24.8366,24.2238,0.4824,1.2701,0.3367,0.6086,non,oui,non,non,non,au-dessus du bord haut
2026-02-13,AC.PA,2026-02-16,47.8071,47.8071,47.6264,1.3402,0.1349,0.1601,0.4363,non,non,non,non,non,dans la bande
2026-02-13,EN.PA,2026-02-16,47.0737,47.0737,45.7838,0.8258,1.5621,0.2389,0.6095,non,oui,non,non,non,au-dessus du bord haut
2026-02-13,TTE.PA,2026-02-16,62.9196,62.9196,58.5166,1.625,2.7096,0.1684,0.7005,non,oui,non,non,non,au-dessus du bord haut
2026-02-13,SAF.PA,2026-02-16,329.1022,329.1022,308.3223,8.5615,2.4271,0.0664,0.0036,non,oui,non,non,non,au-dessus du bord haut
2026-02-13,AIR.PA,2026-02-16,188.929,188.929,200.225,8.7885,-1.2853,0.0344,-0.5748,oui,non,oui,oui,non,candidate à l'achat
2026-02-13,PUB.PA,2026-02-16,69.5851,69.5851,81.7124,3.3687,-3.6,0.0247,-0.923,oui,non,oui,oui,non,candidate à l'achat
2026-02-13,SGO.PA,2026-02-16,88.1551,88.1551,80.589,2.9943,2.5269,-0.0821,0.5126,non,oui,non,non,non,au-dessus du bord haut
2026-02-13,MC.PA,2026-02-16,505.9499,505.9499,613.9935,45.1454,-2.3932,0.13,-0.7151,oui,non,oui,oui,non,candidate à l'achat
2026-02-13,CAP.PA,2026-02-16,101.5825,101.5825,132.9188,9.5358,-3.2862,0.085,-1.5391,oui,non,oui,oui,non,candidate à l'achat
2026-02-20,ENGI.PA,2026-02-23,25.0365,25.0365,24.7356,0.4854,0.6199,0.3442,0.4406,non,non,non,non,non,dans la bande
2026-02-20,AC.PA,2026-02-23,47.0884,47.0884,48.0784,1.2967,-0.7635,0.1657,0.4131,non,non,non,non,non,dans la bande
2026-02-20,EN.PA,2026-02-23,49.1555,49.1555,46.6818,0.9357,2.6436,0.2492,0.7148,non,oui,non,non,non,au-dessus du bord haut
2026-02-20,TTE.PA,2026-02-23,63.9555,63.9555,59.9761,1.7721,2.2456,0.1951,0.5662,non,oui,non,non,non,au-dessus du bord haut
2026-02-20,SAF.PA,2026-02-23,342.5511,342.5511,313.8707,10.2998,2.7845,0.0836,0.7803,non,oui,non,non,non,au-dessus du bord haut
2026-02-20,AIR.PA,2026-02-23,186.2976,186.2976,197.579,8.2127,-1.3736,0.0066,-0.1166,oui,non,oui,oui,non,candidate à l'achat
2026-02-20,PUB.PA,2026-02-23,70.8861,70.8861,79.4315,4.0228,-2.1243,-0.0173,-1.0963,oui,non,oui,oui,non,candidate à l'achat
2026-02-20,SGO.PA,2026-02-23,87.5536,87.5536,81.2679,3.1731,1.9809,-0.0658,0.3885,non,oui,non,non,non,au-dessus du bord haut
2026-02-20,MC.PA,2026-02-23,545.8001,545.8001,600.186,47.6265,-1.1419,0.0854,-0.3568,oui,non,oui,oui,non,candidate à l'achat
2026-02-20,CAP.PA,2026-02-23,101.2434,101.2434,128.0058,11.3124,-2.3658,0.0294,-1.7206,oui,non,oui,oui,non,candidate à l'achat
2026-02-27,ENGI.PA,2026-03-02,27.5401,27.5401,25.3822,0.6,3.5968,0.3569,0.5567,non,oui,non,non,non,au-dessus du bord haut
2026-02-27,AC.PA,2026-03-02,47.846,47.846,48.3152,1.312,-0.3576,0.1619,0.1148,non,non,non,non,non,dans la bande
2026-02-27,EN.PA,2026-03-02,50.5369,50.5369,47.6372,1.0816,2.681,0.2588,0.6502,non,oui,non,non,non,au-dessus du bord haut
2026-02-27,TTE.PA,2026-03-02,65.7538,65.7538,61.5029,1.9628,2.1657,0.2195,0.5398,non,oui,non,non,non,au-dessus du bord haut
2026-02-27,SAF.PA,2026-03-02,336.2222,336.2222,318.4638,11.2761,1.5749,0.0939,0.8906,non,oui,non,non,non,au-dessus du bord haut
2026-02-27,AIR.PA,2026-03-02,180.8974,180.8974,193.8048,8.184,-1.5772,-0.025,-0.1767,oui,non,oui,oui,non,candidate à l'achat
2026-02-27,PUB.PA,2026-03-02,72.1488,72.1488,77.7559,4.3324,-1.2942,-0.045,-0.5874,oui,non,oui,oui,non,candidate à l'achat
2026-02-27,SGO.PA,2026-03-02,83.6727,83.6727,81.6925,3.2329,0.6125,-0.054,0.0633,non,non,non,non,non,dans la bande
2026-02-27,MC.PA,2026-03-02,535.3702,535.3702,588.7469,47.0202,-1.1352,0.0447,0.2074,oui,non,oui,oui,oui,candidate à l'achat
2026-02-27,CAP.PA,2026-03-02,103.617,103.617,123.4245,12.433,-1.5931,-0.0207,-1.0813,oui,non,oui,oui,non,candidate à l'achat
2026-03-06,ENGI.PA,2026-03-09,25.0841,25.0841,25.8462,0.6097,-1.2499,0.3593,0.2949,oui,non,non,oui,oui,candidate à l'achat
2026-03-06,AC.PA,2026-03-09,42.0862,42.0862,47.7798,1.6769,-3.3952,0.1359,-0.5644,oui,non,oui,oui,non,candidate à l'achat
2026-03-06,EN.PA,2026-03-09,46.9107,46.9107,48.3126,1.0836,-1.2938,0.2626,0.1907,oui,non,non,oui,oui,candidate à l'achat
2026-03-06,TTE.PA,2026-03-09,66.4575,66.4575,62.9902,2.076,1.6701,0.2409,0.4319,non,oui,non,non,non,au-dessus du bord haut
2026-03-06,SAF.PA,2026-03-09,314.17,314.17,319.6662,11.3426,-0.4846,0.0912,0.18,non,non,non,non,non,dans la bande
2026-03-06,AIR.PA,2026-03-09,172.316,172.316,189.4588,8.6402,-1.9841,-0.0567,-0.5509,oui,non,oui,oui,non,candidate à l'achat
2026-03-06,PUB.PA,2026-03-09,72.5889,72.5889,76.3295,4.4283,-0.8447,-0.0687,-0.0232,non,non,oui,non,non,dans la bande
2026-03-06,SGO.PA,2026-03-09,71.8553,71.8553,80.7732,3.4096,-2.6155,-0.06,-0.8168,oui,non,non,oui,non,candidate à l'achat
2026-03-06,MC.PA,2026-03-09,494.1425,494.1425,568.9872,46.6011,-1.6061,-0.0151,-0.1517,oui,non,oui,oui,non,candidate à l'achat
2026-03-06,CAP.PA,2026-03-09,106.3297,106.3297,119.5237,12.8018,-1.0306,-0.0654,0.0053,oui,non,oui,oui,oui,candidate à l'achat
2026-03-13,ENGI.PA,2026-03-16,26.3121,26.3121,26.1962,0.615,0.1884,0.3525,0.0982,non,non,non,non,non,dans la bande
2026-03-13,AC.PA,2026-03-16,39.3374,39.3374,46.8693,2.1278,-3.5398,0.0994,-1.0509,oui,non,oui,oui,non,candidate à l'achat
2026-03-13,EN.PA,2026-03-16,47.7836,47.7836,48.6565,1.1187,-0.7802,0.2542,-0.1983,non,non,non,non,non,dans la bande
2026-03-13,TTE.PA,2026-03-16,70.6892,70.6892,64.62,2.2551,2.6913,0.2622,0.4556,non,oui,non,non,non,au-dessus du bord haut
2026-03-13,SAF.PA,2026-03-16,301.0178,301.0178,319.1227,11.5347,-1.5696,0.0822,-0.6472,oui,non,non,oui,non,candidate à l'achat
2026-03-13,AIR.PA,2026-03-16,165.3251,165.3251,184.8724,8.7848,-2.2251,-0.0897,-0.7372,oui,non,oui,oui,non,candidate à l'achat
2026-03-13,PUB.PA,2026-03-16,72.3402,72.3402,74.9242,4.3198,-0.5982,-0.0937,0.3099,non,non,oui,non,non,dans la bande
2026-03-13,SGO.PA,2026-03-16,69.6625,69.6625,79.2992,3.8131,-2.5272,-0.0738,-1.3696,oui,non,non,oui,non,candidate à l'achat
2026-03-13,MC.PA,2026-03-16,466.0997,466.0997,548.4956,45.5012,-1.8109,-0.0734,-0.6018,oui,non,oui,oui,non,candidate à l'achat
2026-03-13,CAP.PA,2026-03-16,104.4405,104.4405,115.8748,12.9366,-0.8839,-0.1061,0.3034,non,non,oui,non,non,dans la bande
2026-03-20,ENGI.PA,2026-03-23,25.2364,25.2364,26.5402,0.6304,-2.0682,0.3448,-0.0807,oui,non,non,oui,non,candidate à l'achat
2026-03-20,AC.PA,2026-03-23,38.5895,38.5895,45.6695,2.4772,-2.858,0.0535,-1.1513,oui,non,oui,oui,non,candidate à l'achat
2026-03-20,EN.PA,2026-03-23,46.7955,46.7955,49.0325,1.1488,-1.9472,0.2472,-0.2809,oui,non,non,oui,non,candidate à l'achat
2026-03-20,TTE.PA,2026-03-23,75.2142,75.2142,67.0229,2.714,3.0181,0.2997,0.7934,non,oui,non,non,non,au-dessus du bord haut
2026-03-20,SAF.PA,2026-03-23,278.4711,278.4711,316.5871,12.6009,-3.0249,0.0674,-0.9203,oui,non,oui,oui,non,candidate à l'achat
2026-03-20,AIR.PA,2026-03-23,158.0005,158.0005,179.5399,9.0085,-2.391,-0.1264,-0.622,oui,non,oui,oui,non,candidate à l'achat
2026-03-20,PUB.PA,2026-03-23,67.4614,67.4614,73.1236,4.111,-1.3773,-0.1263,-0.0425,oui,non,oui,oui,non,candidate à l'achat
2026-03-20,SGO.PA,2026-03-23,66.0533,66.0533,77.3878,4.3541,-2.6032,-0.0962,-1.4583,oui,non,oui,oui,non,candidate à l'achat
2026-03-20,MC.PA,2026-03-23,450.6024,450.6024,524.038,42.7785,-1.7166,-0.1403,-1.064,oui,non,oui,oui,non,candidate à l'achat
2026-03-20,CAP.PA,2026-03-23,95.5079,95.5079,111.484,12.8876,-1.2397,-0.1564,-0.0231,oui,non,oui,oui,non,candidate à l'achat
2026-03-27,ENGI.PA,2026-03-30,25.541,25.541,26.7192,0.6736,-1.749,0.3286,-0.0656,oui,non,non,oui,non,candidate à l'achat
2026-03-27,AC.PA,2026-03-30,39.2695,39.2695,44.5168,2.6141,-2.0073,0.0098,-0.5898,oui,non,oui,oui,non,candidate à l'achat
2026-03-27,EN.PA,2026-03-30,46.9298,46.9298,49.2403,1.1955,-1.9326,0.235,-0.1038,oui,non,non,oui,non,candidate à l'achat
2026-03-27,TTE.PA,2026-03-30,76.7095,76.7095,69.3905,3.0747,2.3804,0.3306,0.9459,non,oui,non,non,non,au-dessus du bord haut
2026-03-27,SAF.PA,2026-03-30,275.3066,275.3066,312.0887,14.4144,-2.5518,0.0465,-0.9111,oui,non,oui,oui,non,candidate à l'achat
2026-03-27,AIR.PA,2026-03-30,157.5096,157.5096,174.6581,9.2354,-1.8568,-0.1567,-0.5395,oui,non,oui,oui,non,candidate à l'achat
2026-03-27,PUB.PA,2026-03-30,65.5864,65.5864,71.1229,4.0283,-1.3744,-0.159,-0.4682,oui,non,oui,oui,non,candidate à l'achat
2026-03-27,SGO.PA,2026-03-30,67.0623,67.0623,75.8589,4.6241,-1.9023,-0.1104,-0.7084,oui,non,oui,oui,non,candidate à l'achat
2026-03-27,MC.PA,2026-03-30,448.4377,448.4377,501.4141,39.6086,-1.3375,-0.1984,-0.7041,oui,non,oui,oui,non,candidate à l'achat
2026-03-27,CAP.PA,2026-03-30,93.202,93.202,106.6088,12.8815,-1.0408,-0.2097,-0.664,oui,non,oui,oui,non,candidate à l'achat
2026-04-02,ENGI.PA,2026-04-07,27.5782,27.5782,26.9992,0.6766,0.8557,0.3229,0.2184,non,non,non,non,non,dans la bande
2026-04-02,AC.PA,2026-04-07,41.28,41.28,43.659,2.5713,-0.9252,-0.0233,-0.2116,non,non,oui,non,non,dans la bande
2026-04-02,EN.PA,2026-04-07,48.2921,48.2921,49.3893,1.2211,-0.8985,0.2241,0.0778,non,non,non,non,non,dans la bande
2026-04-02,TTE.PA,2026-04-07,78.4414,78.4414,71.3991,3.3951,2.0742,0.3539,0.927,non,oui,non,non,non,au-dessus du bord haut
2026-04-02,SAF.PA,2026-04-07,284.1078,284.1078,308.5687,15.5084,-1.5773,0.0303,-0.7677,oui,non,oui,oui,non,candidate à l'achat
2026-04-02,AIR.PA,2026-04-07,162.1439,162.1439,170.9913,9.301,-0.9512,-0.1784,-0.4649,non,non,oui,non,non,dans la bande
2026-04-02,PUB.PA,2026-04-07,69.3364,69.3364,69.8122,3.8379,-0.124,-0.1799,-0.4728,non,non,oui,non,non,dans la bande
2026-04-02,SGO.PA,2026-04-07,68.4206,68.4206,74.5809,4.7888,-1.2864,-0.1253,-0.2729,oui,non,oui,oui,non,candidate à l'achat
2026-04-02,MC.PA,2026-04-07,463.4922,463.4922,485.5294,35.5599,-0.6197,-0.2385,-0.4589,non,non,oui,non,non,dans la bande
2026-04-02,CAP.PA,2026-04-07,99.6448,99.6448,103.1671,12.3661,-0.2848,-0.2495,-0.5767,non,non,oui,non,non,dans la bande
2026-04-10,ENGI.PA,2026-04-13,27.7305,27.7305,27.3619,0.6808,0.5414,0.3228,0.3486,non,non,non,non,non,dans la bande
2026-04-10,AC.PA,2026-04-13,43.4363,43.4363,43.1595,2.3856,0.1161,-0.0459,0.4173,non,non,non,non,non,dans la bande
2026-04-10,EN.PA,2026-04-13,50.4026,50.4026,49.8944,1.197,0.4245,0.2278,0.2237,non,non,non,non,non,dans la bande
2026-04-10,TTE.PA,2026-04-13,77.6413,77.6413,73.1569,3.4625,1.2951,0.3721,0.5492,non,oui,non,non,non,au-dessus du bord haut
2026-04-10,SAF.PA,2026-04-13,309.8189,309.8189,308.0539,15.7194,0.1123,0.0261,-0.0577,non,non,non,non,non,dans la bande
2026-04-10,AIR.PA,2026-04-13,166.4248,166.4248,168.3442,9.0562,-0.2119,-0.1932,-0.0466,non,non,oui,non,non,dans la bande
2026-04-10,PUB.PA,2026-04-13,70.3312,70.3312,69.0022,3.7069,0.3585,-0.1903,-0.1237,non,non,oui,non,non,dans la bande
2026-04-10,SGO.PA,2026-04-13,73.7375,73.7375,73.972,4.8139,-0.0487,-0.1286,0.2371,non,non,non,non,non,dans la bande
2026-04-10,MC.PA,2026-04-13,475.5457,475.5457,474.1356,32.0366,0.044,-0.2644,0.049,non,non,oui,non,non,dans la bande
2026-04-10,CAP.PA,2026-04-13,97.1742,97.1742,99.8969,11.6579,-0.2335,-0.2872,-0.2738,non,non,oui,non,non,dans la bande
2026-04-17,ENGI.PA,2026-04-20,26.6262,26.6262,27.6668,0.6911,-1.5056,0.3144,0.4633,oui,non,non,oui,oui,candidate à l'achat
2026-04-17,AC.PA,2026-04-20,45.0972,45.0972,42.8865,2.2363,0.9886,-0.0598,0.866,non,non,non,non,non,dans la bande
2026-04-17,EN.PA,2026-04-20,50.2875,50.2875,50.5109,1.1652,-0.1918,0.2317,0.453,non,non,non,non,non,dans la bande
2026-04-17,TTE.PA,2026-04-20,72.1696,72.1696,74.9513,3.3836,-0.8221,0.3871,-0.0063,non,non,non,non,non,dans la bande
2026-04-17,SAF.PA,2026-04-20,311.7966,311.7966,308.4524,15.7605,0.2122,0.0273,0.6307,non,non,non,non,non,dans la bande
2026-04-17,AIR.PA,2026-04-20,176.2238,176.2238,166.2176,8.8979,1.1245,-0.2014,0.4036,non,oui,oui,non,non,au-dessus du bord haut
2026-04-17,PUB.PA,2026-04-20,76.7598,76.7598,68.9808,3.8658,2.0122,-0.1839,0.7027,non,oui,oui,non,non,au-dessus du bord haut
2026-04-17,SGO.PA,2026-04-20,79.0156,79.0156,73.8706,4.8326,1.0646,-0.121,0.7901,non,oui,non,non,non,au-dessus du bord haut
2026-04-17,MC.PA,2026-04-20,491.3874,491.3874,463.9939,30.4474,0.8997,-0.2818,0.3992,non,non,oui,non,non,dans la bande
2026-04-17,CAP.PA,2026-04-20,107.1533,107.1533,97.3817,11.0766,0.8822,-0.3129,0.5405,non,non,oui,non,non,dans la bande
2026-04-24,ENGI.PA,2026-04-27,26.9214,26.9214,27.8813,0.7137,-1.3452,0.302,0.1311,oui,non,non,oui,oui,candidate à l'achat
2026-04-24,AC.PA,2026-04-27,41.9697,41.9697,42.5194,2.18,-0.2522,-0.0721,0.5031,non,non,oui,non,non,dans la bande
2026-04-24,EN.PA,2026-04-27,49.6735,49.6735,50.8773,1.171,-1.0281,0.2248,0.3376,oui,non,non,oui,oui,candidate à l'achat
2026-04-24,TTE.PA,2026-04-27,76.0512,76.0512,76.3943,3.2451,-0.1057,0.3941,-0.2828,non,non,non,non,non,dans la bande
2026-04-24,SAF.PA,2026-04-27,267.0,267.0,304.212,16.9503,-2.1954,0.0093,0.0698,oui,non,oui,oui,oui,candidate à l'achat
2026-04-24,AIR.PA,2026-04-27,165.92,165.92,164.5207,8.8725,0.1577,-0.2042,0.3936,non,non,non,non,non,dans la bande
2026-04-24,PUB.PA,2026-04-27,74.6361,74.6361,69.0995,4.0317,1.3733,-0.1745,0.7874,non,oui,non,non,non,au-dessus du bord haut
2026-04-24,SGO.PA,2026-04-27,75.2317,75.2317,73.7105,4.8336,0.3147,-0.1167,0.742,non,non,non,non,non,dans la bande
2026-04-24,MC.PA,2026-04-27,464.0826,464.0826,453.8154,28.5643,0.3594,-0.2994,0.2423,non,non,oui,non,non,dans la bande
2026-04-24,CAP.PA,2026-04-27,96.0116,96.0116,95.1169,10.6968,0.0836,-0.3329,0.4516,non,non,oui,non,non,dans la bande
2026-04-30,ENGI.PA,2026-05-04,28.07,28.07,28.0885,0.7284,-0.0254,0.2964,-0.0887,non,non,non,non,non,dans la bande
2026-04-30,AC.PA,2026-05-04,40.9207,40.9207,42.036,2.1299,-0.5236,-0.0872,-0.1199,non,non,oui,non,non,dans la bande
2026-04-30,EN.PA,2026-05-04,50.28,50.28,51.0316,1.1702,-0.6423,0.2139,0.0682,non,non,non,non,non,dans la bande
2026-04-30,TTE.PA,2026-05-04,78.313,78.313,77.6605,3.1569,0.2067,0.3998,-0.0866,non,non,non,non,non,dans la bande
2026-04-30,SAF.PA,2026-05-04,269.9666,269.9666,299.9518,18.0178,-1.6642,-0.0079,-0.665,oui,non,oui,oui,non,candidate à l'achat
2026-04-30,AIR.PA,2026-05-04,174.88,174.88,163.78,8.9857,1.2353,-0.2009,0.1912,non,oui,non,non,non,au-dessus du bord haut
2026-04-30,PUB.PA,2026-05-04,75.9371,75.9371,69.199,4.154,1.6221,-0.1687,0.5351,non,oui,non,non,non,au-dessus du bord haut
2026-04-30,SGO.PA,2026-05-04,75.3287,75.3287,73.1862,4.7441,0.4516,-0.1247,0.3765,non,non,non,non,non,dans la bande
2026-04-30,MC.PA,2026-05-04,451.4,451.4,444.0622,26.6276,0.2756,-0.3175,-0.1842,non,non,oui,non,non,dans la bande
2026-04-30,CAP.PA,2026-05-04,99.7901,99.7901,92.8719,10.154,0.6813,-0.3553,0.0293,non,non,oui,non,non,dans la bande
2026-05-08,ENGI.PA,2026-05-11,26.99,26.99,28.347,0.7443,-1.8231,0.2906,0.0126,oui,non,non,oui,oui,candidate à l'achat
2026-05-08,AC.PA,2026-05-11,42.9507,42.9507,41.7339,2.1291,0.5715,-0.0939,-0.3271,non,non,non,non,non,dans la bande
2026-05-08,EN.PA,2026-05-11,50.24,50.24,51.4019,1.1853,-0.9802,0.2072,0.0671,non,non,non,non,non,dans la bande
2026-05-08,TTE.PA,2026-05-11,74.866,74.866,78.9489,3.054,-1.3369,0.402,0.0146,oui,non,non,oui,oui,candidate à l'achat
2026-05-08,SAF.PA,2026-05-11,283.1189,283.1189,296.7435,18.5735,-0.7336,-0.0203,-0.6776,non,non,oui,non,non,dans la bande
2026-05-08,AIR.PA,2026-05-11,179.88,179.88,164.8113,9.6879,1.5554,-0.183,0.4305,non,oui,non,non,non,au-dessus du bord haut
2026-05-08,PUB.PA,2026-05-11,77.7738,77.7738,69.7414,4.4428,1.808,-0.1529,0.3402,non,oui,non,non,non,au-dessus du bord haut
2026-05-08,SGO.PA,2026-05-11,76.8228,76.8228,72.7187,4.6621,0.8803,-0.1315,0.0848,non,non,non,non,non,dans la bande
2026-05-08,MC.PA,2026-05-11,472.7,472.7,436.3553,25.9683,1.3996,-0.3259,-0.2192,non,oui,oui,non,non,au-dessus du bord haut
2026-05-08,CAP.PA,2026-05-11,100.2261,100.2261,91.0453,9.7565,0.941,-0.3699,-0.0842,non,non,oui,non,non,dans la bande
2026-05-15,ENGI.PA,2026-05-18,26.6,26.6,28.5356,0.781,-2.4782,0.282,0.0769,oui,non,non,oui,oui,candidate à l'achat
2026-05-15,AC.PA,2026-05-18,42.1931,42.1931,41.4897,2.0745,0.339,-0.1008,-0.0531,non,non,oui,non,non,dans la bande
2026-05-15,EN.PA,2026-05-18,50.5,50.5,51.7128,1.1898,-1.0194,0.1996,0.1436,oui,non,non,oui,oui,candidate à l'achat
2026-05-15,TTE.PA,2026-05-18,77.7105,77.7105,80.2199,2.9179,-0.86,0.4038,0.2153,non,non,non,non,non,dans la bande
2026-05-15,SAF.PA,2026-05-18,268.3844,268.3844,292.8343,18.8871,-1.2945,-0.0373,-0.1594,oui,non,oui,oui,non,candidate à l'achat
2026-05-15,AIR.PA,2026-05-18,167.68,167.68,164.2273,9.8161,0.3517,-0.1785,0.1777,non,non,non,non,non,dans la bande
2026-05-15,PUB.PA,2026-05-18,73.756,73.756,69.7084,4.5005,0.8994,-0.1478,-0.0483,non,non,non,non,non,dans la bande
2026-05-15,SGO.PA,2026-05-18,72.2045,72.2045,71.9144,4.4795,0.0648,-0.1446,-0.1676,non,non,non,non,non,dans la bande
2026-05-15,MC.PA,2026-05-18,455.6,455.6,428.0742,25.0712,1.0979,-0.336,-0.2411,non,oui,non,non,non,au-dessus du bord haut
2026-05-15,CAP.PA,2026-05-18,96.8836,96.8836,88.4483,9.1717,0.9197,-0.3936,-0.4263,non,non,oui,non,non,dans la bande
2026-05-22,ENGI.PA,2026-05-25,27.17,27.17,28.6372,0.8386,-1.7496,0.2674,-0.0264,oui,non,non,oui,non,candidate à l'achat
2026-05-22,AC.PA,2026-05-25,43.4946,43.4946,41.3945,2.0741,1.0125,-0.101,0.2851,non,oui,non,non,non,au-dessus du bord haut
2026-05-22,EN.PA,2026-05-25,49.33,49.33,51.7965,1.2547,-1.9657,0.187,0.0138,oui,non,non,oui,oui,candidate à l'achat
2026-05-22,TTE.PA,2026-05-25,77.6808,77.6808,81.55,2.7942,-1.3847,0.4053,0.144,oui,non,non,oui,oui,candidate à l'achat
2026-05-22,SAF.PA,2026-05-25,281.8333,281.8333,287.7189,18.4589,-0.3188,-0.0642,0.1733,non,non,oui,non,non,dans la bande
2026-05-22,AIR.PA,2026-05-25,169.52,169.52,163.2995,9.8694,0.6303,-0.177,-0.0703,non,non,non,non,non,dans la bande
2026-05-22,PUB.PA,2026-05-25,79.6871,79.6871,70.4877,4.8627,1.8918,-0.1305,0.2302,non,oui,non,non,non,au-dessus du bord haut
2026-05-22,SGO.PA,2026-05-25,73.0389,73.0389,71.0974,4.3827,0.443,-0.1545,-0.2502,non,non,non,non,non,dans la bande
2026-05-22,MC.PA,2026-05-25,472.6,472.6,423.6616,25.8344,1.8943,-0.3352,0.1418,non,oui,non,non,non,au-dessus du bord haut
2026-05-22,CAP.PA,2026-05-25,99.887,99.887,87.0479,9.0884,1.4127,-0.4005,-0.0262,non,oui,oui,non,non,au-dessus du bord haut
2026-05-29,ENGI.PA,2026-06-01,26.47,26.47,28.6416,0.9142,-2.3754,0.2474,-0.1319,oui,non,non,oui,non,candidate à l'achat
2026-05-29,AC.PA,2026-06-01,45.68,45.68,41.6514,2.1804,1.8477,-0.091,0.4597,non,oui,non,non,non,au-dessus du bord haut
2026-05-29,EN.PA,2026-06-01,50.46,50.46,51.9233,1.3006,-1.1251,0.177,-0.1153,oui,non,non,oui,non,candidate à l'achat
2026-05-29,TTE.PA,2026-06-01,74.2536,74.2536,82.1481,2.9823,-2.6471,0.3933,-0.0468,oui,non,non,oui,non,candidate à l'achat
2026-05-29,SAF.PA,2026-06-01,305.7,305.7,286.932,18.0225,1.0414,-0.0713,0.4442,non,oui,non,non,non,au-dessus du bord haut
2026-05-29,AIR.PA,2026-06-01,179.7,179.7,163.1014,10.0291,1.655,-0.1728,-0.2036,non,oui,non,non,non,au-dessus du bord haut
2026-05-29,PUB.PA,2026-06-01,80.108,80.108,71.3388,5.171,1.6958,-0.111,0.2906,non,oui,non,non,non,au-dessus du bord haut
2026-05-29,SGO.PA,2026-06-01,75.9302,75.9302,70.9892,4.4347,1.1142,-0.1513,-0.0541,non,oui,non,non,non,au-dessus du bord haut
2026-05-29,MC.PA,2026-06-01,473.05,473.05,423.5125,28.1335,1.7608,-0.32,0.2538,non,oui,non,non,non,au-dessus du bord haut
2026-05-29,CAP.PA,2026-06-01,98.7728,98.7728,86.3059,9.3257,1.3368,-0.3954,-0.0929,non,oui,non,non,non,au-dessus du bord haut
2026-06-05,ENGI.PA,2026-06-08,26.94,26.94,28.534,0.968,-1.6466,0.2204,-0.1266,oui,non,non,oui,non,candidate à l'achat
2026-06-05,AC.PA,2026-06-08,45.39,45.39,41.9642,2.2936,1.4936,-0.0803,0.4839,non,oui,non,non,non,au-dessus du bord haut
2026-06-05,EN.PA,2026-06-08,50.16,50.16,51.9007,1.3702,-1.2704,0.163,-0.1181,oui,non,non,oui,non,candidate à l'achat
2026-06-05,TTE.PA,2026-06-08,76.4166,76.4166,82.5903,3.2149,-1.9203,0.3761,-0.1559,oui,non,non,oui,non,candidate à l'achat
2026-06-05,SAF.PA,2026-06-08,298.5,298.5,285.7798,17.5472,0.7249,-0.0794,0.575,non,non,non,non,non,dans la bande
2026-06-05,AIR.PA,2026-06-08,178.96,178.96,162.7855,10.1902,1.5873,-0.1696,0.1345,non,oui,non,non,non,au-dessus du bord haut
2026-06-05,PUB.PA,2026-06-08,83.6475,83.6475,72.9467,5.6053,1.9091,-0.0754,0.6329,non,oui,non,non,non,au-dessus du bord haut
2026-06-05,SGO.PA,2026-06-08,74.96,74.96,70.8919,4.4808,0.9079,-0.1468,0.1511,non,non,non,non,non,dans la bande
2026-06-05,MC.PA,2026-06-08,479.05,479.05,423.1255,29.9138,1.8695,-0.3058,0.2679,non,oui,non,non,non,au-dessus du bord haut
2026-06-05,CAP.PA,2026-06-08,101.8,101.8,87.1442,9.8036,1.4949,-0.3633,0.3265,non,oui,non,non,non,au-dessus du bord haut
2026-06-12,ENGI.PA,2026-06-15,27.51,27.51,28.4386,0.9688,-0.9585,0.1945,-0.0223,non,non,non,non,non,dans la bande
2026-06-12,AC.PA,2026-06-15,47.39,47.39,42.3783,2.4114,2.0784,-0.0643,0.3981,non,oui,non,non,non,au-dessus du bord haut
2026-06-12,EN.PA,2026-06-15,50.3,50.3,51.7625,1.4632,-0.9995,0.1467,-0.0767,non,non,non,non,non,dans la bande
2026-06-12,TTE.PA,2026-06-15,75.4388,75.4388,82.7255,3.4949,-2.085,0.3507,-0.1904,oui,non,non,oui,non,candidate à l'achat
2026-06-12,SAF.PA,2026-06-15,306.1,306.1,284.491,17.0359,1.2684,-0.0878,0.4211,non,oui,non,non,non,au-dessus du bord haut
2026-06-12,AIR.PA,2026-06-15,179.28,179.28,162.8306,10.4187,1.5788,-0.1645,0.2328,non,oui,non,non,non,au-dessus du bord haut
2026-06-12,PUB.PA,2026-06-15,85.7712,85.7712,75.0493,5.9012,1.8169,-0.0291,0.465,non,oui,non,non,non,au-dessus du bord haut
2026-06-12,SGO.PA,2026-06-15,75.76,75.76,71.0392,4.5413,1.0395,-0.1351,0.1908,non,oui,non,non,non,au-dessus du bord haut
2026-06-12,MC.PA,2026-06-15,510.6,510.6,428.3735,32.9128,2.4983,-0.2742,0.3199,non,oui,non,non,non,au-dessus du bord haut
2026-06-12,CAP.PA,2026-06-15,96.72,96.72,87.9786,9.8797,0.8848,-0.3283,-0.0217,non,non,non,non,non,dans la bande
2026-06-19,ENGI.PA,2026-06-22,26.83,26.83,28.294,0.9525,-1.5371,0.1674,0.0259,oui,non,non,oui,oui,candidate à l'achat
2026-06-19,AC.PA,2026-06-22,48.3,48.3,43.303,2.6717,1.8704,-0.0322,0.4482,non,oui,non,non,non,au-dessus du bord haut
2026-06-19,EN.PA,2026-06-22,50.32,50.32,51.7818,1.4707,-0.9939,0.1349,0.0203,non,non,non,non,non,dans la bande
2026-06-19,TTE.PA,2026-06-22,70.1942,70.1942,81.8547,4.2023,-2.7748,0.3083,-0.3553,oui,non,oui,oui,non,candidate à l'achat
2026-06-19,SAF.PA,2026-06-22,329.4,329.4,288.3125,18.5056,2.2203,-0.0727,0.5044,non,oui,non,non,non,au-dessus du bord haut
2026-06-19,AIR.PA,2026-06-22,189.42,189.42,165.0074,11.4855,2.1255,-0.1424,0.4468,non,oui,non,non,non,au-dessus du bord haut
2026-06-19,PUB.PA,2026-06-22,85.9817,85.9817,77.4105,6.0522,1.4162,0.0211,0.533,non,oui,non,non,non,au-dessus du bord haut
2026-06-19,SGO.PA,2026-06-22,78.26,78.26,71.8229,4.7841,1.3455,-0.114,0.2521,non,oui,non,non,non,au-dessus du bord haut
2026-06-19,MC.PA,2026-06-22,499.25,499.25,437.4723,35.9241,1.7197,-0.2313,0.4708,non,oui,non,non,non,au-dessus du bord haut
2026-06-19,CAP.PA,2026-06-22,89.52,89.52,88.0855,9.7827,0.1466,-0.3032,-0.4363,non,non,non,non,non,dans la bande
2026-06-26,ENGI.PA,2026-06-29,27.31,27.31,28.1444,0.9181,-0.9088,0.142,0.061,non,non,non,non,non,dans la bande
2026-06-26,AC.PA,2026-06-29,50.18,50.18,44.4259,2.9244,1.9676,0.0052,0.6483,non,oui,non,non,non,au-dessus du bord haut
2026-06-26,EN.PA,2026-06-29,49.75,49.75,51.6869,1.4941,-1.2964,0.1208,0.0791,oui,non,non,oui,oui,candidate à l'achat
2026-06-26,TTE.PA,2026-06-29,67.5176,67.5176,80.5164,4.8718,-2.6682,0.2588,-0.7095,oui,non,oui,oui,non,candidate à l'achat
2026-06-26,SAF.PA,2026-06-29,332.7,332.7,293.8342,20.4931,1.8965,-0.0494,0.8921,non,oui,non,non,non,au-dessus du bord haut
2026-06-26,AIR.PA,2026-06-29,191.9,191.9,168.7579,12.5892,1.8383,-0.1049,0.7287,non,oui,non,non,non,au-dessus du bord haut
2026-06-26,PUB.PA,2026-06-29,82.8631,82.8631,79.2723,5.792,0.62,0.0629,0.1022,non,non,non,non,non,dans la bande
2026-06-26,SGO.PA,2026-06-29,80.6,80.6,72.7764,5.0061,1.5628,-0.0899,0.4705,non,oui,non,non,non,au-dessus du bord haut
2026-06-26,MC.PA,2026-06-29,495.75,495.75,445.5916,34.8592,1.4389,-0.1869,0.2903,non,oui,non,non,non,au-dessus du bord haut
2026-06-26,CAP.PA,2026-06-29,89.68,89.68,87.765,9.4066,0.2036,-0.2814,-0.9407,non,non,non,non,non,dans la bande
2026-07-03,ENGI.PA,2026-07-06,27.73,27.73,28.0613,0.8894,-0.3725,0.1229,0.0588,non,non,non,non,non,dans la bande
2026-07-03,AC.PA,2026-07-06,50.9,50.9,45.6203,3.0955,1.7056,0.0436,0.6562,non,oui,non,non,non,au-dessus du bord haut
2026-07-03,EN.PA,2026-07-06,48.33,48.33,51.2906,1.6152,-1.833,0.1001,-0.1406,oui,non,non,oui,non,candidate à l'achat
2026-07-03,TTE.PA,2026-07-06,66.94,66.94,78.6749,5.3226,-2.2047,0.1991,-0.8058,oui,non,oui,oui,non,candidate à l'achat
2026-07-03,SAF.PA,2026-07-06,356.7,356.7,302.4341,22.9205,2.3676,-0.0088,1.0066,non,oui,non,non,non,au-dessus du bord haut
2026-07-03,AIR.PA,2026-07-06,206.15,206.15,174.6127,12.8836,2.4479,-0.0452,0.778,non,oui,non,non,non,au-dessus du bord haut
2026-07-03,PUB.PA,2026-07-06,85.7,85.7,81.1785,5.4012,0.8371,0.104,-0.0938,non,non,non,non,non,dans la bande
2026-07-03,SGO.PA,2026-07-06,80.24,80.24,73.5577,5.1415,1.2997,-0.0704,0.3729,non,oui,non,non,non,au-dessus du bord haut
2026-07-03,MC.PA,2026-07-06,495.7,495.7,455.2094,31.2311,1.2965,-0.1365,-0.0875,non,oui,non,non,non,au-dessus du bord haut
2026-07-03,CAP.PA,2026-07-06,91.9,91.9,88.6481,8.2375,0.3948,-0.2375,-0.6632,non,non,non,non,non,dans la bande
2026-07-10,ENGI.PA,2026-07-13,26.88,26.88,27.9073,0.8345,-1.231,0.1006,0.0355,oui,non,non,oui,oui,candidate à l'achat
2026-07-10,AC.PA,2026-07-13,48.99,48.99,46.3832,3.1506,0.8274,0.065,0.1127,non,non,non,non,non,dans la bande
2026-07-10,EN.PA,2026-07-13,46.7,46.7,50.6017,1.7394,-2.2431,0.0708,-0.5004,oui,non,non,oui,non,candidate à l'achat
2026-07-10,TTE.PA,2026-07-13,68.38,68.38,77.0449,5.445,-1.5913,0.1463,-0.3013,oui,non,oui,oui,non,candidate à l'achat
2026-07-10,SAF.PA,2026-07-13,336.1,336.1,309.5764,24.064,1.1022,0.0243,0.3797,non,oui,non,non,non,au-dessus du bord haut
2026-07-10,AIR.PA,2026-07-13,197.26,197.26,180.6669,12.4587,1.3318,0.0148,0.4693,non,oui,non,non,non,au-dessus du bord haut
2026-07-10,PUB.PA,2026-07-13,87.16,87.16,83.3071,4.9276,0.7819,0.1467,0.0067,non,non,non,non,non,dans la bande
2026-07-10,SGO.PA,2026-07-13,75.8,75.8,73.8854,5.1763,0.3699,-0.0594,-0.1532,non,non,non,non,non,dans la bande
2026-07-10,MC.PA,2026-07-13,489.9,489.9,463.3093,28.2718,0.9405,-0.0951,-0.2066,non,non,non,non,non,dans la bande
2026-07-10,CAP.PA,2026-07-13,88.96,88.96,89.5943,7.0172,-0.0904,-0.195,-0.1869,non,non,non,non,non,dans la bande
2026-07-17,ENGI.PA,2026-07-20,26.86,26.86,27.7282,0.748,-1.1607,0.078,-0.02,oui,non,non,oui,non,candidate à l'achat
2026-07-17,AC.PA,2026-07-20,46.81,46.81,46.8577,3.1153,-0.0153,0.0793,-0.3368,non,non,non,non,non,dans la bande
2026-07-17,EN.PA,2026-07-20,47.78,47.78,49.9641,1.6369,-1.3343,0.0421,-0.3424,oui,non,non,oui,non,candidate à l'achat
2026-07-17,TTE.PA,2026-07-20,70.51,70.51,75.7567,5.2688,-0.9958,0.1015,0.1408,non,non,oui,non,non,dans la bande
2026-07-17,SAF.PA,2026-07-20,329.5,329.5,313.5828,24.2948,0.6552,0.0409,-0.124,non,non,non,non,non,dans la bande
2026-07-17,AIR.PA,2026-07-20,194.32,194.32,185.1802,11.5303,0.7927,0.0594,0.0946,non,non,non,non,non,dans la bande
2026-07-17,PUB.PA,2026-07-20,87.7,87.7,85.7447,4.1129,0.4754,0.1942,0.3739,non,non,non,non,non,dans la bande
2026-07-17,SGO.PA,2026-07-20,75.98,75.98,74.1531,5.1681,0.3535,-0.0487,-0.3149,non,non,non,non,non,dans la bande
2026-07-17,MC.PA,2026-07-20,495.1,495.1,471.5539,25.0572,0.9397,-0.0549,0.0745,non,non,non,non,non,dans la bande
2026-07-17,CAP.PA,2026-07-20,91.32,91.32,90.6024,5.6845,0.1262,-0.1534,0.1772,non,non,non,non,non,dans la bande
2026-07-24,ENGI.PA,2026-07-27,27.79,27.79,27.6433,0.6783,0.2163,0.063,0.022,non,non,non,non,non,dans la bande
2026-07-24,AC.PA,2026-07-27,46.31,46.31,47.0934,3.0823,-0.2542,0.0859,-0.6053,non,non,non,non,non,dans la bande
2026-07-24,EN.PA,2026-07-27,47.54,47.54,49.424,1.4833,-1.2701,0.018,-0.0184,oui,non,non,oui,non,candidate à l'achat
2026-07-24,TTE.PA,2026-07-27,75.9,75.9,75.1317,4.9857,0.1541,0.0719,0.6375,non,non,non,non,non,dans la bande
2026-07-24,SAF.PA,2026-07-27,329.8,329.8,315.9433,24.394,0.568,0.0475,-0.4562,non,non,non,non,non,dans la bande
2026-07-24,AIR.PA,2026-07-27,206.05,206.05,189.7178,11.2607,1.4504,0.0974,0.0411,non,oui,non,non,non,au-dessus du bord haut
2026-07-24,PUB.PA,2026-07-27,88.42,88.42,87.6508,3.1573,0.2436,0.2283,0.2365,non,non,non,non,non,dans la bande
2026-07-24,SGO.PA,2026-07-27,74.16,74.16,74.2604,5.1088,-0.0196,-0.0393,-0.395,non,non,non,non,non,dans la bande
2026-07-24,MC.PA,2026-07-27,461.7,461.7,472.7067,24.3319,-0.4524,-0.0425,-0.2233,non,non,non,non,non,dans la bande
2026-07-24,CAP.PA,2026-07-27,89.88,89.88,91.1624,4.2157,-0.3042,-0.1205,-0.0966,non,non,non,non,non,dans la bande
2026-07-31,ENGI.PA,2026-08-03,27.11,27.11,27.438,0.6773,-0.4843,0.0451,-0.0992,non,non,non,non,non,dans la bande
2026-07-31,AC.PA,2026-08-03,44.9,44.9,47.5504,2.915,-0.9092,0.1046,-0.4168,non,non,non,non,non,dans la bande
2026-07-31,EN.PA,2026-08-03,48.76,48.76,48.9401,1.4136,-0.1274,-0.0011,0.1104,non,non,non,non,non,dans la bande
2026-07-31,TTE.PA,2026-08-03,76.42,76.42,74.6746,4.6539,0.375,0.047,0.6776,non,non,non,non,non,dans la bande
2026-07-31,SAF.PA,2026-08-03,338.4,338.4,320.6735,24.7207,0.7171,0.0649,-0.1,non,non,non,non,non,dans la bande
2026-07-31,AIR.PA,2026-08-03,202.2,202.2,194.9084,10.9328,0.6669,0.1376,0.2232,non,non,non,non,non,dans la bande
2026-07-31,PUB.PA,2026-08-03,92.62,92.62,90.0544,2.6573,0.9655,0.2621,0.4026,non,non,non,non,non,dans la bande
2026-07-31,SGO.PA,2026-08-03,81.28,81.28,75.1887,4.8685,1.2512,-0.0112,-0.0151,non,oui,non,non,non,au-dessus du bord haut
2026-07-31,MC.PA,2026-08-03,475.15,475.15,474.1996,23.323,0.0407,-0.0292,-0.3371,non,non,non,non,non,dans la bande
2026-07-31,CAP.PA,2026-08-03,102.5,102.5,92.9719,4.3817,2.1745,-0.0822,0.5877,non,oui,non,non,non,au-dessus du bord haut
2026-08-07,ENGI.PA,2026-08-10,26.72,26.72,27.2933,0.6598,-0.869,0.0319,-0.1324,non,non,non,non,non,dans la bande
2026-08-07,AC.PA,2026-08-10,46.8,46.8,48.139,2.6313,-0.5089,0.1285,-0.0771,non,non,non,non,non,dans la bande
2026-08-07,EN.PA,2026-08-10,48.64,48.64,48.8418,1.3834,-0.1458,-0.0064,0.1814,non,non,non,non,non,dans la bande
2026-08-07,TTE.PA,2026-08-10,74.09,74.09,74.1355,4.3181,-0.0105,0.0231,0.3734,non,non,non,non,non,dans la bande
2026-08-07,SAF.PA,2026-08-10,357.4,357.4,329.2704,24.6951,1.1391,0.1034,0.5283,non,oui,non,non,non,au-dessus du bord haut
2026-08-07,AIR.PA,2026-08-10,213.6,213.6,200.9065,9.9798,1.2719,0.1835,0.5548,non,oui,non,non,non,au-dessus du bord haut
2026-08-07,PUB.PA,2026-08-10,100.0,100.0,92.3163,2.8555,2.6908,0.2814,0.6842,non,oui,non,non,non,au-dessus du bord haut
2026-08-07,SGO.PA,2026-08-10,85.44,85.44,77.6345,4.5386,1.7198,0.0451,0.7584,non,oui,non,non,non,au-dessus du bord haut
2026-08-07,MC.PA,2026-08-10,480.0,480.0,476.9118,22.769,0.1356,-0.0153,-0.1455,non,non,non,non,non,dans la bande
2026-08-07,CAP.PA,2026-08-10,109.25,109.25,94.8512,5.2752,2.7295,-0.056,1.2416,non,oui,non,non,non,au-dessus du bord haut
2026-08-14,ENGI.PA,2026-08-17,25.72,25.72,27.0558,0.6584,-2.0287,0.0149,-0.2551,oui,non,non,oui,non,candidate à l'achat
2026-08-14,AC.PA,2026-08-17,46.66,46.66,48.6253,2.3446,-0.8382,0.1479,0.0467,non,non,non,non,non,dans la bande
2026-08-14,EN.PA,2026-08-17,47.65,47.65,48.6242,1.3977,-0.697,-0.012,0.0458,non,non,non,non,non,dans la bande
2026-08-14,TTE.PA,2026-08-17,75.78,75.78,73.806,3.9895,0.4948,0.0047,0.1415,non,non,non,non,non,dans la bande
2026-08-14,SAF.PA,2026-08-17,360.5,360.5,340.1454,22.6806,0.8974,0.1572,0.6898,non,non,non,non,non,dans la bande
2026-08-14,AIR.PA,2026-08-17,215.4,215.4,206.5302,8.5911,1.0324,0.2231,0.4127,non,oui,non,non,non,au-dessus du bord haut
2026-08-14,PUB.PA,2026-08-17,101.8,101.8,94.7837,3.0107,2.3305,0.3024,0.8732,non,oui,non,non,non,au-dessus du bord haut
2026-08-14,SGO.PA,2026-08-17,83.94,83.94,79.9297,3.7753,1.0622,0.0974,0.9398,non,oui,non,non,non,au-dessus du bord haut
2026-08-14,MC.PA,2026-08-17,458.4,458.4,479.9321,19.4247,-1.1085,0.0055,-0.0211,oui,non,non,oui,non,candidate à l'achat
2026-08-14,CAP.PA,2026-08-17,108.3,108.3,96.555,5.81,2.0215,-0.0318,1.1536,non,oui,non,non,non,au-dessus du bord haut
2026-08-21,ENGI.PA,2026-08-24,25.29,25.29,26.857,0.6979,-2.2452,0.0063,-0.2651,oui,non,non,oui,non,candidate à l'achat
2026-08-21,AC.PA,2026-08-24,45.53,45.53,48.8888,2.1188,-1.5853,0.158,-0.0927,oui,non,non,oui,non,candidate à l'achat
2026-08-21,EN.PA,2026-08-24,46.19,46.19,48.3333,1.4385,-1.49,-0.0175,-0.1548,oui,non,non,oui,non,candidate à l'achat
2026-08-21,TTE.PA,2026-08-24,77.44,77.44,73.7619,3.7497,0.9809,-0.0066,0.1919,non,non,non,non,non,dans la bande
2026-08-21,SAF.PA,2026-08-24,343.6,343.6,348.4173,19.5619,-0.2463,0.1978,0.1941,non,non,non,non,non,dans la bande
2026-08-21,AIR.PA,2026-08-24,203.7,203.7,210.3716,7.3337,-0.9097,0.2457,0.0043,non,non,non,non,non,dans la bande
2026-08-21,PUB.PA,2026-08-24,102.35,102.35,97.3971,3.0127,1.644,0.3252,0.5963,non,oui,non,non,non,au-dessus du bord haut
2026-08-21,SGO.PA,2026-08-24,81.2,81.2,81.3253,2.8568,-0.0439,0.1296,0.2883,non,non,non,non,non,dans la bande
2026-08-21,MC.PA,2026-08-24,452.5,452.5,479.4325,16.9589,-1.5881,0.0151,-0.3338,oui,non,non,oui,non,candidate à l'achat
2026-08-21,CAP.PA,2026-08-24,111.15,111.15,98.5031,6.2512,2.0231,-0.0038,0.4081,non,oui,non,non,non,au-dessus du bord haut
2026-08-28,ENGI.PA,2026-08-31,24.5,24.5,26.425,0.7381,-2.608,-0.0193,-0.4872,oui,non,non,oui,non,candidate à l'achat
2026-08-28,AC.PA,2026-08-31,46.73,46.73,49.0344,2.1194,-1.0873,0.1563,-0.0239,oui,non,non,oui,non,candidate à l'achat
2026-08-28,EN.PA,2026-08-31,44.08,44.08,47.5961,1.4704,-2.3913,-0.04,-0.5418,oui,non,oui,oui,non,candidate à l'achat
2026-08-28,TTE.PA,2026-08-31,74.67,74.67,73.2588,3.3146,0.4257,-0.0262,0.0673,non,non,non,non,non,dans la bande
2026-08-28,SAF.PA,2026-08-31,344.2,344.2,354.0095,17.5245,-0.5598,0.2207,-0.2578,non,non,non,non,non,dans la bande
2026-08-28,AIR.PA,2026-08-31,203.05,203.05,212.7336,6.69,-1.4475,0.2538,-0.2963,oui,non,non,oui,non,candidate à l'achat
2026-08-28,PUB.PA,2026-08-31,101.65,101.65,99.9225,2.845,0.6072,0.3455,0.391,non,non,non,non,non,dans la bande
2026-08-28,SGO.PA,2026-08-31,79.78,79.78,81.8992,2.7898,-0.7596,0.1344,-0.3708,non,non,non,non,non,dans la bande
2026-08-28,MC.PA,2026-08-31,458.15,458.15,477.7951,16.9237,-1.1608,0.0155,-0.4564,oui,non,non,oui,non,candidate à l'achat
2026-08-28,CAP.PA,2026-08-31,109.45,109.45,100.7054,6.4178,1.3626,0.0303,0.0835,non,oui,non,non,non,au-dessus du bord haut
2026-09-04,ENGI.PA,2026-09-08,24.01,24.01,25.9657,0.8263,-2.3669,-0.0428,-0.5315,oui,non,oui,oui,non,candidate à l'achat
2026-09-04,AC.PA,2026-09-08,46.9,46.9,48.856,2.1803,-0.8971,0.1394,0.0278,non,non,non,non,non,dans la bande
2026-09-04,EN.PA,2026-09-08,44.51,44.51,46.7926,1.5172,-1.5045,-0.0627,-0.5175,oui,non,oui,oui,non,candidate à l'achat
2026-09-04,TTE.PA,2026-09-08,76.1,76.1,73.3258,3.2008,0.8667,-0.031,0.0499,non,non,non,non,non,dans la bande
2026-09-04,SAF.PA,2026-09-08,333.5,333.5,356.4658,16.7569,-1.3705,0.227,-0.5237,oui,non,non,oui,non,candidate à l'achat
2026-09-04,AIR.PA,2026-09-08,198.96,198.96,213.3019,7.0829,-2.0248,0.2465,-0.5073,oui,non,non,oui,non,candidate à l'achat
2026-09-04,PUB.PA,2026-09-08,101.1,101.1,101.8576,2.5825,-0.2933,0.355,0.1016,non,non,non,non,non,dans la bande
2026-09-04,SGO.PA,2026-09-08,75.78,75.78,81.4467,3.0135,-1.8804,0.1182,-0.5937,oui,non,non,oui,non,candidate à l'achat
2026-09-04,MC.PA,2026-09-08,429.1,429.1,472.6025,18.3547,-2.3701,0.0025,-0.3886,oui,non,oui,oui,non,candidate à l'achat
2026-09-04,CAP.PA,2026-09-08,106.4,106.4,102.3986,6.3651,0.6287,0.0563,-0.0057,non,non,non,non,non,dans la bande
2026-09-10,ENGI.PA,,24.3,24.3,25.6833,0.8277,-1.6712,-0.058,-0.4586,oui,non,oui,oui,non,candidate à l'achat
2026-09-10,AC.PA,,45.8,45.8,48.6787,2.1765,-1.3226,0.1257,0.036,oui,non,non,oui,oui,candidate à l'achat
2026-09-10,EN.PA,,43.85,43.85,46.3272,1.4777,-1.6764,-0.0761,-0.451,oui,non,oui,oui,non,candidate à l'achat
2026-09-10,TTE.PA,,78.38,78.38,73.6855,3.2763,1.4329,-0.0245,0.111,non,oui,non,non,non,au-dessus du bord haut
2026-09-10,SAF.PA,,322.0,322.0,356.4442,17.15,-2.0084,0.2215,-0.5337,oui,non,non,oui,non,candidate à l'achat
2026-09-10,AIR.PA,,195.78,195.78,213.2058,7.491,-2.3262,0.2364,-0.4706,oui,non,oui,oui,non,candidate à l'achat
2026-09-10,PUB.PA,,97.28,97.28,102.3461,2.6881,-1.8847,0.3472,-0.1688,oui,non,non,oui,non,candidate à l'achat
2026-09-10,SGO.PA,,71.32,71.32,80.6334,3.2526,-2.8634,0.0972,-0.7354,oui,non,oui,oui,non,candidate à l'achat
2026-09-10,MC.PA,,406.5,406.5,466.1532,20.1303,-2.9634,-0.0169,-0.4626,oui,non,oui,oui,non,candidate à l'achat
2026-09-10,CAP.PA,,101.5,101.5,102.7038,6.3525,-0.1895,0.0594,-0.2247,non,non,non,non,non,dans la bande
