DATE,TICKER,SOUS_BAS,TAUX_20_POSITIF,AU_DESSUS_HAUT,REPLI_SOUS_SEUIL,SOUS_ECHANTILLON,RENDEMENT_20
2022-01-07,ENGI.PA,non,oui,non,non,oui,6.4453
2022-01-07,AC.PA,non,oui,non,non,oui,3.3322
2022-01-07,EN.PA,non,oui,non,non,oui,-2.9777
2022-01-07,TTE.PA,non,oui,non,non,oui,9.7073
2022-01-07,SAF.PA,non,oui,non,non,oui,-5.3495
2022-01-07,AIR.PA,non,oui,oui,non,oui,-6.2702
2022-01-07,PUB.PA,non,oui,non,non,oui,5.1645
2022-01-07,SGO.PA,non,oui,oui,non,oui,-8.9538
2022-01-07,MC.PA,non,oui,non,non,oui,-1.3551
2022-01-07,CAP.PA,oui,oui,non,non,oui,-3.4733
2022-01-14,ENGI.PA,non,oui,oui,non,non,4.6954
2022-01-14,AC.PA,non,oui,oui,non,non,4.9487
2022-01-14,EN.PA,non,oui,oui,non,non,-0.612
2022-01-14,TTE.PA,non,oui,oui,non,non,5.481
2022-01-14,SAF.PA,non,oui,non,non,non,1.9681
2022-01-14,AIR.PA,non,oui,oui,non,non,0.9886
2022-01-14,PUB.PA,non,oui,non,non,non,6.4952
2022-01-14,SGO.PA,non,oui,oui,non,non,-6.0757
2022-01-14,MC.PA,oui,non,non,non,non,1.4214
2022-01-14,CAP.PA,oui,non,non,non,non,-0.8052
2022-01-21,ENGI.PA,non,oui,non,non,non,6.895
2022-01-21,AC.PA,non,oui,oui,non,non,1.575
2022-01-21,EN.PA,non,oui,non,non,non,3.1546
2022-01-21,TTE.PA,non,oui,oui,non,non,2.0959
2022-01-21,SAF.PA,non,oui,non,non,non,2.0694
2022-01-21,AIR.PA,non,oui,non,non,non,1.4109
2022-01-21,PUB.PA,non,oui,non,non,non,3.438
2022-01-21,SGO.PA,non,oui,non,non,non,-2.3215
2022-01-21,MC.PA,non,non,non,non,non,-1.5634
2022-01-21,CAP.PA,non,non,non,non,non,-8.4892
2022-01-28,ENGI.PA,non,oui,non,non,non,6.3284
2022-01-28,AC.PA,non,oui,oui,non,non,-2.1542
2022-01-28,EN.PA,non,non,non,non,non,1.2071
2022-01-28,TTE.PA,non,oui,oui,non,non,-5.7963
2022-01-28,SAF.PA,oui,non,non,non,non,10.1982
2022-01-28,AIR.PA,non,non,non,non,non,4.0761
2022-01-28,PUB.PA,non,non,non,non,non,0.5023
2022-01-28,SGO.PA,oui,non,non,non,non,-0.2925
2022-01-28,MC.PA,non,non,non,non,non,-6.9514
2022-01-28,CAP.PA,oui,non,non,non,non,-1.9948
2022-02-04,ENGI.PA,non,oui,oui,non,oui,-23.9081
2022-02-04,AC.PA,non,oui,non,non,oui,-17.4518
2022-02-04,EN.PA,non,non,non,non,oui,-3.8044
2022-02-04,TTE.PA,non,oui,non,non,oui,-12.6938
2022-02-04,SAF.PA,non,non,non,non,oui,-8.6285
2022-02-04,AIR.PA,non,non,non,non,oui,-11.9833
2022-02-04,PUB.PA,non,oui,oui,non,oui,-21.0197
2022-02-04,SGO.PA,oui,non,non,non,oui,-15.1402
2022-02-04,MC.PA,oui,oui,non,non,oui,-18.1702
2022-02-04,CAP.PA,oui,non,non,non,oui,-11.3383
2022-02-11,ENGI.PA,non,oui,oui,non,non,-23.8547
2022-02-11,AC.PA,non,oui,oui,non,non,-18.2088
2022-02-11,EN.PA,non,non,oui,non,non,-2.4938
2022-02-11,TTE.PA,non,oui,oui,non,non,-12.7464
2022-02-11,SAF.PA,non,oui,oui,non,non,-9.4592
2022-02-11,AIR.PA,non,oui,oui,non,non,-12.6076
2022-02-11,PUB.PA,non,oui,oui,non,non,-14.3344
2022-02-11,SGO.PA,non,non,non,non,non,-12.199
2022-02-11,MC.PA,oui,oui,non,non,non,-13.1533
2022-02-11,CAP.PA,oui,non,non,non,non,-11.2126
2022-02-18,ENGI.PA,non,oui,non,non,non,-16.6298
2022-02-18,AC.PA,non,oui,non,non,non,-13.1043
2022-02-18,EN.PA,non,oui,oui,non,non,0.0612
2022-02-18,TTE.PA,non,oui,non,non,non,-10.1757
2022-02-18,SAF.PA,non,oui,non,non,non,-6.0825
2022-02-18,AIR.PA,non,oui,non,non,non,-7.7043
2022-02-18,PUB.PA,non,oui,non,non,non,-7.6063
2022-02-18,SGO.PA,non,oui,non,non,non,-6.5966
2022-02-18,MC.PA,oui,non,non,non,non,-6.8337
2022-02-18,CAP.PA,oui,non,non,non,non,4.9476
2022-02-25,ENGI.PA,non,oui,non,non,non,-18.1604
2022-02-25,AC.PA,non,non,non,non,non,-9.6362
2022-02-25,EN.PA,non,oui,oui,non,non,2.3227
2022-02-25,TTE.PA,oui,non,non,non,non,0.0546
2022-02-25,SAF.PA,non,oui,non,non,non,-8.8004
2022-02-25,AIR.PA,non,oui,non,non,non,-7.2291
2022-02-25,PUB.PA,oui,non,non,non,non,-5.8314
2022-02-25,SGO.PA,oui,non,non,non,non,-5.3158
2022-02-25,MC.PA,oui,non,non,non,non,-6.0906
2022-02-25,CAP.PA,oui,non,non,non,non,1.6125
2022-03-04,ENGI.PA,oui,non,non,non,oui,11.1256
2022-03-04,AC.PA,oui,non,non,non,oui,11.0303
2022-03-04,EN.PA,non,non,non,non,oui,5.3838
2022-03-04,TTE.PA,oui,non,non,non,oui,6.6045
2022-03-04,SAF.PA,oui,non,non,non,oui,10.2887
2022-03-04,AIR.PA,oui,non,non,non,oui,14.3357
2022-03-04,PUB.PA,oui,non,non,non,oui,9.0693
2022-03-04,SGO.PA,oui,non,non,non,oui,7.5866
2022-03-04,MC.PA,oui,non,non,oui,oui,12.4265
2022-03-04,CAP.PA,oui,non,non,non,oui,16.7007
2022-03-11,ENGI.PA,oui,non,non,non,non,4.9142
2022-03-11,AC.PA,oui,non,non,non,non,-0.9427
2022-03-11,EN.PA,non,non,non,non,non,-2.7471
2022-03-11,TTE.PA,oui,non,non,non,non,1.6187
2022-03-11,SAF.PA,non,non,non,non,non,-2.343
2022-03-11,AIR.PA,oui,non,non,non,non,-0.1545
2022-03-11,PUB.PA,oui,non,non,non,non,-0.3975
2022-03-11,SGO.PA,oui,non,non,non,non,-6.106
2022-03-11,MC.PA,oui,non,non,non,non,6.1859
2022-03-11,CAP.PA,oui,non,non,non,non,8.4
2022-03-18,ENGI.PA,oui,non,non,non,non,-3.1975
2022-03-18,AC.PA,non,non,non,non,non,3.8139
2022-03-18,EN.PA,non,oui,oui,non,non,-3.7897
2022-03-18,TTE.PA,oui,non,non,non,non,5.5656
2022-03-18,SAF.PA,non,non,non,non,non,-3.5104
2022-03-18,AIR.PA,non,non,non,non,non,-0.4011
2022-03-18,PUB.PA,non,non,non,non,non,-3.3552
2022-03-18,SGO.PA,non,non,non,non,non,-10.7149
2022-03-18,MC.PA,non,non,non,non,non,-0.8289
2022-03-18,CAP.PA,non,non,non,non,non,-3.7663
2022-03-25,ENGI.PA,oui,oui,non,non,non,4.3609
2022-03-25,AC.PA,non,oui,non,non,non,6.1794
2022-03-25,EN.PA,non,oui,oui,non,non,1.4111
2022-03-25,TTE.PA,non,oui,non,non,non,-5.9769
2022-03-25,SAF.PA,non,oui,non,non,non,0.7084
2022-03-25,AIR.PA,non,oui,non,non,non,-3.7539
2022-03-25,PUB.PA,non,oui,non,non,non,1.6631
2022-03-25,SGO.PA,non,oui,non,non,non,-1.3489
2022-03-25,MC.PA,non,oui,non,non,non,-1.8714
2022-03-25,CAP.PA,non,oui,non,non,non,-3.564
2022-04-01,ENGI.PA,non,oui,non,non,oui,2.3569
2022-04-01,AC.PA,non,oui,non,non,oui,9.9
2022-04-01,EN.PA,non,oui,non,non,oui,3.308
2022-04-01,TTE.PA,non,oui,non,non,oui,4.3739
2022-04-01,SAF.PA,non,oui,non,non,oui,-6.0759
2022-04-01,AIR.PA,non,oui,non,non,oui,-2.6594
2022-04-01,PUB.PA,oui,oui,non,non,oui,4.5389
2022-04-01,SGO.PA,oui,oui,non,non,oui,2.3691
2022-04-01,MC.PA,non,oui,non,non,oui,-6.4953
2022-04-01,CAP.PA,non,oui,oui,non,oui,-2.9022
2022-04-08,ENGI.PA,oui,non,non,non,non,1.7908
2022-04-08,AC.PA,non,oui,non,non,non,6.2958
2022-04-08,EN.PA,non,non,non,non,non,6.2571
2022-04-08,TTE.PA,oui,oui,non,non,non,5.4424
2022-04-08,SAF.PA,non,non,non,non,non,-8.8889
2022-04-08,AIR.PA,non,oui,non,non,non,2.6109
2022-04-08,PUB.PA,non,non,non,non,non,-3.955
2022-04-08,SGO.PA,oui,non,non,non,non,1.0514
2022-04-08,MC.PA,non,oui,non,non,non,-12.012
2022-04-08,CAP.PA,non,oui,non,non,non,-6.8529
2022-04-14,ENGI.PA,non,non,non,non,non,7.3673
2022-04-14,AC.PA,non,non,non,non,non,6.5382
2022-04-14,EN.PA,non,non,non,non,non,7.7493
2022-04-14,TTE.PA,non,oui,non,non,non,10.7518
2022-04-14,SAF.PA,non,non,non,non,non,-7.1236
2022-04-14,AIR.PA,non,non,non,non,non,1.1661
2022-04-14,PUB.PA,non,non,non,non,non,-0.6472
2022-04-14,SGO.PA,non,non,non,non,non,2.3121
2022-04-14,MC.PA,non,non,non,non,non,-9.1229
2022-04-14,CAP.PA,non,non,non,non,non,-3.2435
2022-04-22,ENGI.PA,non,non,non,non,non,12.5935
2022-04-22,AC.PA,non,oui,non,non,non,1.1928
2022-04-22,EN.PA,non,non,non,non,non,4.9234
2022-04-22,TTE.PA,oui,oui,non,non,non,12.7316
2022-04-22,SAF.PA,non,non,non,non,non,-10.2375
2022-04-22,AIR.PA,non,non,non,non,non,2.1594
2022-04-22,PUB.PA,non,oui,non,non,non,-5.8621
2022-04-22,SGO.PA,non,non,non,non,non,-6.3615
2022-04-22,MC.PA,non,non,non,non,non,-11.9759
2022-04-22,CAP.PA,non,non,non,non,non,-5.9084
2022-04-29,ENGI.PA,non,oui,non,non,oui,12.171
2022-04-29,AC.PA,non,oui,non,non,oui,-2.6958
2022-04-29,EN.PA,non,oui,non,non,oui,5.6231
2022-04-29,TTE.PA,non,non,non,non,oui,16.2096
2022-04-29,SAF.PA,non,oui,non,non,oui,-3.5278
2022-04-29,AIR.PA,non,non,non,non,oui,5.9883
2022-04-29,PUB.PA,non,oui,non,non,oui,-10.1077
2022-04-29,SGO.PA,non,oui,non,non,oui,-2.0771
2022-04-29,MC.PA,non,non,non,non,oui,-4.2131
2022-04-29,CAP.PA,non,non,oui,non,oui,-4.8445
2022-05-06,ENGI.PA,non,oui,non,non,non,11.995
2022-05-06,AC.PA,non,oui,non,non,non,-1.2787
2022-05-06,EN.PA,non,oui,non,non,non,4.0338
2022-05-06,TTE.PA,non,oui,non,non,non,7.668
2022-05-06,SAF.PA,oui,non,non,non,non,1.314
2022-05-06,AIR.PA,non,oui,non,non,non,1.0977
2022-05-06,PUB.PA,non,oui,non,non,non,-6.415
2022-05-06,SGO.PA,non,oui,non,non,non,6.0901
2022-05-06,MC.PA,oui,non,non,non,non,8.4001
2022-05-06,CAP.PA,non,oui,non,non,non,-0.7483
2022-05-13,ENGI.PA,non,oui,non,non,non,7.9049
2022-05-13,AC.PA,non,oui,non,non,non,-4.9853
2022-05-13,EN.PA,non,oui,non,non,non,0.0961
2022-05-13,TTE.PA,non,oui,non,non,non,6.6954
2022-05-13,SAF.PA,oui,non,non,non,non,-4.5571
2022-05-13,AIR.PA,non,oui,non,non,non,-4.0993
2022-05-13,PUB.PA,non,non,non,non,non,-14.0699
2022-05-13,SGO.PA,non,non,non,non,non,1.1128
2022-05-13,MC.PA,non,non,non,non,non,-1.445
2022-05-13,CAP.PA,non,non,non,non,non,-6.5732
2022-05-20,ENGI.PA,non,oui,oui,non,non,-10.9793
2022-05-20,AC.PA,non,non,non,non,non,-9.201
2022-05-20,EN.PA,non,oui,oui,non,non,-2.1384
2022-05-20,TTE.PA,non,oui,oui,non,non,-4.5832
2022-05-20,SAF.PA,oui,non,non,non,non,-4.5949
2022-05-20,AIR.PA,non,oui,non,non,non,-11.9716
2022-05-20,PUB.PA,non,non,non,non,non,-16.4469
2022-05-20,SGO.PA,non,non,non,non,non,-9.2307
2022-05-20,MC.PA,non,non,non,non,non,-2.138
2022-05-20,CAP.PA,non,non,non,non,non,-5.5211
2022-05-27,ENGI.PA,non,oui,oui,non,oui,-10.6614
2022-05-27,AC.PA,non,non,non,non,oui,-8.0834
2022-05-27,EN.PA,non,oui,oui,non,oui,-5.8608
2022-05-27,TTE.PA,non,oui,oui,non,oui,-8.5012
2022-05-27,SAF.PA,non,non,non,non,oui,-4.081
2022-05-27,AIR.PA,non,oui,oui,non,oui,-17.3073
2022-05-27,PUB.PA,non,non,non,non,oui,-9.9498
2022-05-27,SGO.PA,non,non,oui,non,oui,-19.2841
2022-05-27,MC.PA,non,non,non,non,oui,-1.0111
2022-05-27,CAP.PA,non,non,non,non,oui,-3.1332
2022-06-03,ENGI.PA,non,oui,oui,non,non,-10.2613
2022-06-03,AC.PA,non,oui,non,non,non,-13.8824
2022-06-03,EN.PA,non,oui,non,non,non,-9.8812
2022-06-03,TTE.PA,non,oui,oui,non,non,-6.7227
2022-06-03,SAF.PA,non,oui,non,non,non,-1.1332
2022-06-03,AIR.PA,non,oui,non,non,non,-12.3666
2022-06-03,PUB.PA,non,non,non,non,non,-8.774
2022-06-03,SGO.PA,non,oui,oui,non,non,-25.5983
2022-06-03,MC.PA,non,oui,oui,non,non,-4.7775
2022-06-03,CAP.PA,non,oui,non,non,non,-10.1139
2022-06-10,ENGI.PA,non,oui,non,non,non,-11.6169
2022-06-10,AC.PA,non,non,non,non,non,-6.6872
2022-06-10,EN.PA,non,non,non,non,non,-8.4854
2022-06-10,TTE.PA,non,oui,oui,non,non,-8.3931
2022-06-10,SAF.PA,oui,non,non,non,non,8.4542
2022-06-10,AIR.PA,non,oui,non,non,non,-5.8431
2022-06-10,PUB.PA,oui,non,non,non,non,-1.1781
2022-06-10,SGO.PA,non,oui,non,non,non,-18.419
2022-06-10,MC.PA,non,oui,non,non,non,5.9347
2022-06-10,CAP.PA,non,non,non,non,non,-1.3836
2022-06-17,ENGI.PA,non,non,non,non,non,-1.9726
2022-06-17,AC.PA,non,non,non,non,non,-2.9931
2022-06-17,EN.PA,non,non,non,non,non,-9.608
2022-06-17,TTE.PA,non,non,non,non,non,-2.3761
2022-06-17,SAF.PA,non,non,non,non,non,14.0443
2022-06-17,AIR.PA,oui,non,non,non,non,10.1997
2022-06-17,PUB.PA,oui,non,non,non,non,2.3586
2022-06-17,SGO.PA,oui,non,non,non,non,-9.0701
2022-06-17,MC.PA,non,non,non,non,non,11.6945
2022-06-17,CAP.PA,non,non,non,non,non,-1.9881
2022-06-24,ENGI.PA,non,non,non,non,oui,0.617
2022-06-24,AC.PA,non,non,non,non,oui,-0.7801
2022-06-24,EN.PA,non,non,non,non,oui,-6.5175
2022-06-24,TTE.PA,non,non,non,non,oui,-2.0482
2022-06-24,SAF.PA,non,non,non,non,oui,8.9474
2022-06-24,AIR.PA,oui,non,non,non,oui,14.1405
2022-06-24,PUB.PA,non,non,non,non,oui,13.6887
2022-06-24,SGO.PA,oui,non,non,non,oui,0.1734
2022-06-24,MC.PA,non,non,oui,non,oui,8.0524
2022-06-24,CAP.PA,non,non,non,non,oui,-4.065
2022-07-01,ENGI.PA,non,non,non,non,non,7.7363
2022-07-01,AC.PA,oui,non,non,non,non,-2.5067
2022-07-01,EN.PA,oui,non,non,non,non,2.3595
2022-07-01,TTE.PA,non,non,non,non,non,-0.7776
2022-07-01,SAF.PA,non,non,non,non,non,12.4921
2022-07-01,AIR.PA,non,non,non,non,non,10.1218
2022-07-01,PUB.PA,non,non,non,non,non,17.474
2022-07-01,SGO.PA,oui,non,non,non,non,10.441
2022-07-01,MC.PA,non,non,non,non,non,16.3793
2022-07-01,CAP.PA,oui,non,non,non,non,14.5904
2022-07-08,ENGI.PA,non,non,non,non,non,14.9345
2022-07-08,AC.PA,non,non,non,non,non,-3.5649
2022-07-08,EN.PA,oui,non,non,non,non,3.184
2022-07-08,TTE.PA,non,non,non,non,non,-0.7713
2022-07-08,SAF.PA,non,oui,oui,non,non,6.6787
2022-07-08,AIR.PA,non,non,non,non,non,9.1004
2022-07-08,PUB.PA,non,non,non,non,non,11.0056
2022-07-08,SGO.PA,non,non,non,non,non,5.6764
2022-07-08,MC.PA,non,oui,oui,non,non,12.4073
2022-07-08,CAP.PA,non,non,non,non,non,12.4478
2022-07-15,ENGI.PA,non,non,non,non,non,16.9326
2022-07-15,AC.PA,non,non,non,non,non,-0.5948
2022-07-15,EN.PA,oui,non,non,non,non,9.2783
2022-07-15,TTE.PA,oui,non,non,non,non,9.2458
2022-07-15,SAF.PA,non,oui,oui,non,non,5.5801
2022-07-15,AIR.PA,non,oui,oui,non,non,4.5314
2022-07-15,PUB.PA,non,non,non,non,non,14.6986
2022-07-15,SGO.PA,non,non,non,non,non,9.9508
2022-07-15,MC.PA,non,oui,oui,non,non,14.1519
2022-07-15,CAP.PA,non,non,non,non,non,13.8662
2022-07-22,ENGI.PA,non,oui,non,non,oui,13.3321
2022-07-22,AC.PA,non,oui,non,non,oui,-9.3638
2022-07-22,EN.PA,oui,non,non,non,oui,5.7232
2022-07-22,TTE.PA,non,non,non,non,oui,8.5496
2022-07-22,SAF.PA,non,oui,oui,non,oui,6.2029
2022-07-22,AIR.PA,non,oui,oui,non,oui,0.6251
2022-07-22,PUB.PA,non,oui,oui,non,oui,1.2336
2022-07-22,SGO.PA,non,oui,non,non,oui,-0.2077
2022-07-22,MC.PA,non,oui,oui,non,oui,10.0205
2022-07-22,CAP.PA,non,non,non,non,oui,8.8253
2022-07-29,ENGI.PA,non,oui,non,non,non,5.738
2022-07-29,AC.PA,oui,oui,non,non,non,-4.7864
2022-07-29,EN.PA,non,oui,non,non,non,-0.9492
2022-07-29,TTE.PA,non,non,non,non,non,8.4405
2022-07-29,SAF.PA,non,oui,oui,non,non,-2.0378
2022-07-29,AIR.PA,non,oui,oui,non,non,-2.8223
2022-07-29,PUB.PA,non,oui,oui,non,non,-4.8748
2022-07-29,SGO.PA,non,oui,non,non,non,-9.9945
2022-07-29,MC.PA,non,oui,oui,non,non,-0.8889
2022-07-29,CAP.PA,non,oui,oui,non,non,-3.7497
2022-08-05,ENGI.PA,non,oui,non,non,non,-2.2486
2022-08-05,AC.PA,non,non,non,non,non,-8.1555
2022-08-05,EN.PA,non,oui,non,non,non,0.3391
2022-08-05,TTE.PA,non,oui,non,non,non,5.4612
2022-08-05,SAF.PA,non,oui,oui,non,non,-3.4886
2022-08-05,AIR.PA,non,oui,non,non,non,-5.5545
2022-08-05,PUB.PA,non,oui,oui,non,non,0.7329
2022-08-05,SGO.PA,non,oui,non,non,non,-9.7853
2022-08-05,MC.PA,non,oui,oui,non,non,-5.5116
2022-08-05,CAP.PA,non,oui,oui,non,non,-6.3711
2022-08-12,ENGI.PA,non,oui,oui,non,non,-0.9612
2022-08-12,AC.PA,non,non,non,non,non,-10.359
2022-08-12,EN.PA,non,oui,non,non,non,-3.2531
2022-08-12,TTE.PA,non,oui,non,non,non,-4.0343
2022-08-12,SAF.PA,non,oui,oui,non,non,-5.4128
2022-08-12,AIR.PA,non,oui,oui,non,non,-11.4554
2022-08-12,PUB.PA,non,oui,oui,non,non,1.4961
2022-08-12,SGO.PA,non,oui,non,non,non,-9.4105
2022-08-12,MC.PA,non,oui,oui,non,non,-6.0763
2022-08-12,CAP.PA,non,oui,oui,non,non,-4.5998
2022-08-19,ENGI.PA,non,oui,non,non,oui,-0.7265
2022-08-19,AC.PA,oui,non,non,non,oui,-2.7603
2022-08-19,EN.PA,non,oui,non,non,oui,-5.643
2022-08-19,TTE.PA,non,oui,non,non,oui,-5.5324
2022-08-19,SAF.PA,non,oui,oui,non,oui,-10.3621
2022-08-19,AIR.PA,non,oui,non,non,oui,-13.6483
2022-08-19,PUB.PA,non,oui,oui,non,oui,1.6116
2022-08-19,SGO.PA,non,oui,non,non,oui,-6.7199
2022-08-19,MC.PA,non,oui,oui,non,oui,-8.4205
2022-08-19,CAP.PA,non,oui,oui,non,oui,-10.7143
2022-08-26,ENGI.PA,non,oui,non,non,non,-2.0075
2022-08-26,AC.PA,oui,non,non,non,non,-12.9207
2022-08-26,EN.PA,non,oui,non,non,non,-6.9131
2022-08-26,TTE.PA,non,oui,non,non,non,-12.5721
2022-08-26,SAF.PA,non,oui,non,non,non,-11.6889
2022-08-26,AIR.PA,non,non,non,non,non,-9.7527
2022-08-26,PUB.PA,non,non,non,non,non,-1.114
2022-08-26,SGO.PA,non,non,non,non,non,-8.5795
2022-08-26,MC.PA,non,non,non,non,non,-9.8356
2022-08-26,CAP.PA,non,non,non,non,non,-13.1446
2022-09-02,ENGI.PA,non,non,non,non,non,-2.7111
2022-09-02,AC.PA,non,non,non,non,non,-10.3319
2022-09-02,EN.PA,non,non,non,non,non,-9.2599
2022-09-02,TTE.PA,non,oui,non,non,non,-5.0303
2022-09-02,SAF.PA,non,non,non,non,non,-8.1575
2022-09-02,AIR.PA,non,non,non,non,non,-10.1758
2022-09-02,PUB.PA,non,non,non,non,non,-1.1722
2022-09-02,SGO.PA,non,non,non,non,non,-9.5901
2022-09-02,MC.PA,non,non,non,non,non,-5.3056
2022-09-02,CAP.PA,non,non,non,non,non,-6.1525
2022-09-09,ENGI.PA,non,non,non,non,non,-6.4339
2022-09-09,AC.PA,non,non,non,non,non,-11.3892
2022-09-09,EN.PA,non,non,non,non,non,-12.0377
2022-09-09,TTE.PA,non,non,non,non,non,7.0599
2022-09-09,SAF.PA,non,non,non,non,non,-4.0559
2022-09-09,AIR.PA,non,non,non,non,non,-3.8229
2022-09-09,PUB.PA,non,non,oui,non,non,1.1637
2022-09-09,SGO.PA,non,non,non,non,non,-9.5083
2022-09-09,MC.PA,non,non,non,non,non,-5.2276
2022-09-09,CAP.PA,non,non,non,non,non,-8.5842
2022-09-16,ENGI.PA,non,oui,non,non,oui,-7.0072
2022-09-16,AC.PA,non,non,non,non,oui,-11.4355
2022-09-16,EN.PA,non,oui,non,non,oui,-7.4757
2022-09-16,TTE.PA,non,non,non,non,oui,6.3738
2022-09-16,SAF.PA,oui,non,non,non,oui,3.7654
2022-09-16,AIR.PA,oui,non,non,non,oui,5.2867
2022-09-16,PUB.PA,non,oui,oui,non,oui,3.6364
2022-09-16,SGO.PA,non,non,non,non,oui,-3.7322
2022-09-16,MC.PA,non,non,non,non,oui,-2.2361
2022-09-16,CAP.PA,non,non,non,non,oui,-2.8872
2022-09-23,ENGI.PA,non,oui,non,non,non,-2.2087
2022-09-23,AC.PA,oui,non,non,oui,non,6.0592
2022-09-23,EN.PA,oui,non,non,non,non,0.4779
2022-09-23,TTE.PA,oui,non,non,non,non,13.8895
2022-09-23,SAF.PA,oui,non,non,non,non,16.8449
2022-09-23,AIR.PA,oui,non,non,non,non,9.7195
2022-09-23,PUB.PA,non,oui,non,non,non,17.3699
2022-09-23,SGO.PA,non,non,non,non,non,5.1213
2022-09-23,MC.PA,oui,non,non,non,non,4.6916
2022-09-23,CAP.PA,oui,non,non,non,non,6.131
2022-09-30,ENGI.PA,oui,non,non,non,non,10.5894
2022-09-30,AC.PA,oui,non,non,non,non,10.7358
2022-09-30,EN.PA,oui,non,non,non,non,6.9646
2022-09-30,TTE.PA,non,non,non,non,non,13.0813
2022-09-30,SAF.PA,oui,non,non,non,non,20.9446
2022-09-30,AIR.PA,oui,non,non,non,non,23.7485
2022-09-30,PUB.PA,non,non,non,non,non,15.0511
2022-09-30,SGO.PA,non,non,non,non,non,11.1876
2022-09-30,MC.PA,oui,non,non,non,non,6.3729
2022-09-30,CAP.PA,non,non,non,non,non,3.9577
2022-10-07,ENGI.PA,non,non,non,non,non,13.2508
2022-10-07,AC.PA,non,non,non,non,non,13.936
2022-10-07,EN.PA,oui,non,non,non,non,12.8823
2022-10-07,TTE.PA,non,oui,oui,non,non,9.8099
2022-10-07,SAF.PA,non,non,non,non,non,14.0677
2022-10-07,AIR.PA,non,non,non,non,non,23.4702
2022-10-07,PUB.PA,non,non,non,non,non,10.7745
2022-10-07,SGO.PA,non,non,non,non,non,11.0934
2022-10-07,MC.PA,oui,non,non,non,non,7.7645
2022-10-07,CAP.PA,non,non,non,non,non,-2.2561
2022-10-14,ENGI.PA,non,non,non,non,oui,17.13
2022-10-14,AC.PA,non,non,non,non,oui,16.0714
2022-10-14,EN.PA,non,non,non,non,oui,13.867
2022-10-14,TTE.PA,non,oui,oui,non,oui,9.2529
2022-10-14,SAF.PA,non,oui,non,non,oui,8.3725
2022-10-14,AIR.PA,non,oui,non,non,oui,16.9893
2022-10-14,PUB.PA,non,oui,oui,non,oui,17.7678
2022-10-14,SGO.PA,non,non,non,non,oui,16.7697
2022-10-14,MC.PA,oui,non,non,non,oui,12.9559
2022-10-14,CAP.PA,non,oui,non,non,oui,12.6665
2022-10-21,ENGI.PA,non,oui,non,non,non,17.6759
2022-10-21,AC.PA,non,oui,non,non,non,10.0765
2022-10-21,EN.PA,non,oui,non,non,non,5.708
2022-10-21,TTE.PA,non,oui,oui,non,non,8.3632
2022-10-21,SAF.PA,non,oui,non,non,non,6.1032
2022-10-21,AIR.PA,non,oui,oui,non,non,13.5949
2022-10-21,PUB.PA,non,oui,oui,non,non,8.5515
2022-10-21,SGO.PA,non,oui,non,non,non,13.034
2022-10-21,MC.PA,non,oui,non,non,non,10.5621
2022-10-21,CAP.PA,non,oui,non,non,non,8.27
2022-10-28,ENGI.PA,non,oui,oui,non,non,10.171
2022-10-28,AC.PA,non,oui,oui,non,non,3.5938
2022-10-28,EN.PA,non,oui,oui,non,non,3.7256
2022-10-28,TTE.PA,non,oui,oui,non,non,7.0526
2022-10-28,SAF.PA,non,oui,oui,non,non,3.0959
2022-10-28,AIR.PA,non,oui,oui,non,non,3.4727
2022-10-28,PUB.PA,non,oui,non,non,non,13.0466
2022-10-28,SGO.PA,non,oui,oui,non,non,9.9769
2022-10-28,MC.PA,non,oui,non,non,non,7.8392
2022-10-28,CAP.PA,non,oui,non,non,non,4.5626
2022-11-04,ENGI.PA,non,oui,oui,non,non,6.7661
2022-11-04,AC.PA,non,oui,oui,non,non,4.1735
2022-11-04,EN.PA,non,oui,oui,non,non,1.3207
2022-11-04,TTE.PA,non,oui,oui,non,non,1.9564
2022-11-04,SAF.PA,non,oui,oui,non,non,3.1338
2022-11-04,AIR.PA,non,oui,oui,non,non,-2.6491
2022-11-04,PUB.PA,non,oui,oui,non,non,9.415
2022-11-04,SGO.PA,non,oui,oui,non,non,9.5421
2022-11-04,MC.PA,non,oui,non,non,non,8.1033
2022-11-04,CAP.PA,non,oui,non,non,non,10.8234
2022-11-11,ENGI.PA,non,oui,oui,non,oui,2.8163
2022-11-11,AC.PA,non,oui,oui,non,oui,2.7219
2022-11-11,EN.PA,non,oui,oui,non,oui,-2.8383
2022-11-11,TTE.PA,non,oui,oui,non,oui,0.4113
2022-11-11,SAF.PA,non,oui,non,non,oui,5.7581
2022-11-11,AIR.PA,non,oui,oui,non,oui,-1.2035
2022-11-11,PUB.PA,non,oui,oui,non,oui,-3.2647
2022-11-11,SGO.PA,non,oui,oui,non,oui,3.2429
2022-11-11,MC.PA,non,oui,oui,non,oui,2.693
2022-11-11,CAP.PA,non,oui,oui,non,oui,-5.47
2022-11-18,ENGI.PA,non,oui,oui,non,non,-3.3936
2022-11-18,AC.PA,non,oui,oui,non,non,-2.1659
2022-11-18,EN.PA,non,oui,non,non,non,-2.1807
2022-11-18,TTE.PA,non,oui,oui,non,non,-1.3526
2022-11-18,SAF.PA,non,oui,non,non,non,0.9413
2022-11-18,AIR.PA,non,oui,oui,non,non,-4.0649
2022-11-18,PUB.PA,non,oui,oui,non,non,-4.4373
2022-11-18,SGO.PA,non,oui,oui,non,non,0.6657
2022-11-18,MC.PA,non,oui,non,non,non,0.0483
2022-11-18,CAP.PA,non,oui,non,non,non,-10.4465
2022-11-25,ENGI.PA,non,oui,oui,non,non,-5.8636
2022-11-25,AC.PA,non,oui,oui,non,non,-4.3163
2022-11-25,EN.PA,non,oui,oui,non,non,-4.3975
2022-11-25,TTE.PA,non,oui,oui,non,non,3.0717
2022-11-25,SAF.PA,non,oui,oui,non,non,0.29
2022-11-25,AIR.PA,non,oui,oui,non,non,-1.8275
2022-11-25,PUB.PA,non,oui,oui,non,non,-5.9748
2022-11-25,SGO.PA,non,oui,oui,non,non,1.8431
2022-11-25,MC.PA,non,oui,non,non,non,-3.1133
2022-11-25,CAP.PA,non,oui,non,non,non,-13.5075
2022-12-02,ENGI.PA,non,oui,non,non,non,-6.2128
2022-12-02,AC.PA,non,oui,oui,non,non,-5.5137
2022-12-02,EN.PA,non,non,oui,non,non,-4.7126
2022-12-02,TTE.PA,non,oui,oui,non,non,4.9177
2022-12-02,SAF.PA,non,oui,non,non,non,1.1779
2022-12-02,AIR.PA,non,non,non,non,non,2.5951
2022-12-02,PUB.PA,non,oui,non,non,non,-5.6311
2022-12-02,SGO.PA,non,oui,oui,non,non,2.7796
2022-12-02,MC.PA,non,oui,oui,non,non,-2.9638
2022-12-02,CAP.PA,non,oui,non,non,non,-10.7233
2022-12-09,ENGI.PA,non,oui,non,non,oui,-8.4816
2022-12-09,AC.PA,non,oui,oui,non,oui,-0.9985
2022-12-09,EN.PA,non,non,non,non,oui,3.1929
2022-12-09,TTE.PA,non,oui,non,non,oui,4.8397
2022-12-09,SAF.PA,non,oui,non,non,oui,4.2328
2022-12-09,AIR.PA,non,non,non,non,oui,5.249
2022-12-09,PUB.PA,non,non,non,non,oui,1.0485
2022-12-09,SGO.PA,non,oui,oui,non,oui,13.2265
2022-12-09,MC.PA,non,oui,oui,non,oui,5.4561
2022-12-09,CAP.PA,non,non,non,non,oui,-2.9951
2022-12-16,ENGI.PA,non,non,non,non,non,-5.0245
2022-12-16,AC.PA,non,oui,non,non,non,15.4553
2022-12-16,EN.PA,non,non,non,non,non,6.7233
2022-12-16,TTE.PA,non,non,non,non,non,7.9535
2022-12-16,SAF.PA,non,oui,non,non,non,9.3939
2022-12-16,AIR.PA,non,non,non,non,non,4.8554
2022-12-16,PUB.PA,oui,non,non,non,non,6.6285
2022-12-16,SGO.PA,non,oui,non,non,non,20.9146
2022-12-16,MC.PA,non,oui,non,non,non,14.2548
2022-12-16,CAP.PA,oui,non,non,non,non,8.3412
2022-12-23,ENGI.PA,oui,non,non,non,non,-7.1565
2022-12-23,AC.PA,non,non,non,non,non,22.8499
2022-12-23,EN.PA,non,non,non,non,non,4.6699
2022-12-23,TTE.PA,non,oui,non,non,non,1.1734
2022-12-23,SAF.PA,non,oui,non,non,non,11.7557
2022-12-23,AIR.PA,non,oui,non,non,non,6.6941
2022-12-23,PUB.PA,oui,non,non,non,non,4.0803
2022-12-23,SGO.PA,non,oui,oui,non,non,15.9081
2022-12-23,MC.PA,non,non,non,non,non,16.9635
2022-12-23,CAP.PA,oui,non,non,non,non,11.536
2022-12-30,ENGI.PA,oui,non,non,non,non,-2.928
2022-12-30,AC.PA,non,non,non,non,non,27.8801
2022-12-30,EN.PA,non,non,non,non,non,7.8816
2022-12-30,TTE.PA,non,oui,non,non,non,1.1387
2022-12-30,SAF.PA,non,oui,non,non,non,13.0688
2022-12-30,AIR.PA,non,oui,non,non,non,5.0441
2022-12-30,PUB.PA,oui,non,non,non,non,8.482
2022-12-30,SGO.PA,non,non,non,non,non,18.7075
2022-12-30,MC.PA,non,non,non,non,non,17.8114
2022-12-30,CAP.PA,non,non,non,non,non,10.933
2023-01-06,ENGI.PA,oui,non,non,non,oui,1.1587
2023-01-06,AC.PA,non,non,oui,non,oui,21.683
2023-01-06,EN.PA,non,oui,oui,non,oui,3.1145
2023-01-06,TTE.PA,non,oui,non,non,oui,-3.9707
2023-01-06,SAF.PA,non,oui,non,non,oui,8.1699
2023-01-06,AIR.PA,non,oui,non,non,oui,0.4977
2023-01-06,PUB.PA,non,oui,non,non,oui,20.883
2023-01-06,SGO.PA,non,oui,oui,non,oui,6.0137
2023-01-06,MC.PA,non,oui,oui,non,oui,10.7639
2023-01-06,CAP.PA,non,non,non,non,oui,14.096
2023-01-13,ENGI.PA,oui,non,non,non,non,-0.8856
2023-01-13,AC.PA,non,oui,oui,non,non,5.0214
2023-01-13,EN.PA,non,oui,non,non,non,1.8018
2023-01-13,TTE.PA,non,oui,non,non,non,-0.6362
2023-01-13,SAF.PA,non,oui,oui,non,non,2.7185
2023-01-13,AIR.PA,non,oui,non,non,non,-2.6532
2023-01-13,PUB.PA,non,oui,non,non,non,18.4522
2023-01-13,SGO.PA,non,oui,oui,non,non,-1.5024
2023-01-13,MC.PA,non,oui,oui,non,non,1.5663
2023-01-13,CAP.PA,non,oui,oui,non,non,7.1387
2023-01-20,ENGI.PA,oui,non,non,non,non,7.8103
2023-01-20,AC.PA,non,oui,oui,non,non,3.1937
2023-01-20,EN.PA,non,oui,non,non,non,6.6107
2023-01-20,TTE.PA,non,oui,non,non,non,-0.3229
2023-01-20,SAF.PA,non,oui,oui,non,non,5.7487
2023-01-20,AIR.PA,non,oui,non,non,non,5.6677
2023-01-20,PUB.PA,non,oui,non,non,non,21.5503
2023-01-20,SGO.PA,non,oui,oui,non,non,3.2185
2023-01-20,MC.PA,non,oui,oui,non,non,4.5478
2023-01-20,CAP.PA,non,oui,non,non,non,8.8993
2023-01-27,ENGI.PA,oui,non,non,non,non,7.8793
2023-01-27,AC.PA,non,oui,oui,non,non,6.2625
2023-01-27,EN.PA,non,oui,non,non,non,6.1818
2023-01-27,TTE.PA,non,oui,non,non,non,-0.7335
2023-01-27,SAF.PA,non,oui,oui,non,non,0.8321
2023-01-27,AIR.PA,non,oui,non,non,non,4.5618
2023-01-27,PUB.PA,non,oui,non,non,non,16.9097
2023-01-27,SGO.PA,non,oui,oui,non,non,3.2109
2023-01-27,MC.PA,non,oui,oui,non,non,-2.9588
2023-01-27,CAP.PA,non,oui,non,non,non,1.7052
2023-02-03,ENGI.PA,non,non,non,non,oui,5.8491
2023-02-03,AC.PA,non,oui,oui,non,oui,-0.3216
2023-02-03,EN.PA,non,oui,non,non,oui,5.911
2023-02-03,TTE.PA,oui,non,non,non,oui,4.7205
2023-02-03,SAF.PA,non,oui,non,non,oui,2.1299
2023-02-03,AIR.PA,non,oui,non,non,oui,6.0109
2023-02-03,PUB.PA,non,oui,oui,non,oui,3.4125
2023-02-03,SGO.PA,non,oui,oui,non,oui,4.8442
2023-02-03,MC.PA,non,oui,oui,non,oui,-1.7242
2023-02-03,CAP.PA,non,oui,oui,non,oui,-4.3651
2023-02-10,ENGI.PA,non,oui,non,non,non,6.7848
2023-02-10,AC.PA,non,oui,non,non,non,4.2726
2023-02-10,EN.PA,non,oui,non,non,non,5.6703
2023-02-10,TTE.PA,non,non,non,non,non,-2.2072
2023-02-10,SAF.PA,non,oui,non,non,non,2.6619
2023-02-10,AIR.PA,oui,non,non,non,non,6.9281
2023-02-10,PUB.PA,non,oui,oui,non,non,0.5939
2023-02-10,SGO.PA,non,non,non,non,non,6.0629
2023-02-10,MC.PA,non,oui,non,non,non,0.6269
2023-02-10,CAP.PA,non,oui,oui,non,non,-3.5227
2023-02-17,ENGI.PA,non,oui,non,non,non,-0.5037
2023-02-17,AC.PA,non,oui,non,non,non,-4.8919
2023-02-17,EN.PA,non,oui,oui,non,non,-1.8886
2023-02-17,TTE.PA,oui,oui,non,non,non,-9.4102
2023-02-17,SAF.PA,non,oui,non,non,non,-6.1961
2023-02-17,AIR.PA,non,oui,non,non,non,-7.0985
2023-02-17,PUB.PA,non,oui,oui,non,non,-7.1977
2023-02-17,SGO.PA,non,non,non,non,non,-6.2546
2023-02-17,MC.PA,non,oui,non,non,non,-3.8001
2023-02-17,CAP.PA,non,oui,oui,non,non,-10.1344
2023-02-24,ENGI.PA,non,oui,non,non,non,-3.1812
2023-02-24,AC.PA,non,oui,oui,non,non,-11.5033
2023-02-24,EN.PA,non,oui,oui,non,non,-5.604
2023-02-24,TTE.PA,oui,oui,non,non,non,-9.8373
2023-02-24,SAF.PA,non,oui,non,non,non,0.0
2023-02-24,AIR.PA,non,oui,non,non,non,-3.7231
2023-02-24,PUB.PA,non,oui,oui,non,non,-8.8907
2023-02-24,SGO.PA,non,oui,non,non,non,-11.8541
2023-02-24,MC.PA,oui,oui,non,non,non,4.6443
2023-02-24,CAP.PA,non,oui,non,non,non,-5.8255
2023-03-03,ENGI.PA,non,oui,non,non,oui,5.1364
2023-03-03,AC.PA,non,oui,non,non,oui,-3.2914
2023-03-03,EN.PA,non,oui,oui,non,oui,-4.6612
2023-03-03,TTE.PA,oui,oui,non,non,oui,-6.7142
2023-03-03,SAF.PA,non,oui,non,non,oui,0.9762
2023-03-03,AIR.PA,non,oui,non,non,oui,-0.7088
2023-03-03,PUB.PA,non,oui,oui,non,oui,-7.4762
2023-03-03,SGO.PA,non,oui,oui,non,oui,-10.134
2023-03-03,MC.PA,non,non,non,non,oui,3.5947
2023-03-03,CAP.PA,non,non,non,non,oui,-5.5325
2023-03-10,ENGI.PA,non,oui,non,non,non,7.7861
2023-03-10,AC.PA,non,oui,non,non,non,-0.5528
2023-03-10,EN.PA,non,oui,non,non,non,-1.4268
2023-03-10,TTE.PA,oui,non,non,non,non,1.9809
2023-03-10,SAF.PA,oui,oui,non,non,non,2.6679
2023-03-10,AIR.PA,non,oui,non,non,non,3.6014
2023-03-10,PUB.PA,non,oui,non,non,non,-4.5894
2023-03-10,SGO.PA,oui,oui,non,non,non,-9.3655
2023-03-10,MC.PA,oui,non,non,non,non,4.7471
2023-03-10,CAP.PA,non,non,non,non,non,-3.7079
2023-03-17,ENGI.PA,non,non,non,non,non,13.8475
2023-03-17,AC.PA,oui,non,non,non,non,11.4416
2023-03-17,EN.PA,non,non,non,non,non,5.2294
2023-03-17,TTE.PA,oui,non,non,non,non,11.7656
2023-03-17,SAF.PA,oui,non,non,non,non,10.3754
2023-03-17,AIR.PA,oui,non,non,non,non,9.9195
2023-03-17,PUB.PA,oui,non,non,non,non,8.9535
2023-03-17,SGO.PA,oui,non,non,non,non,1.1348
2023-03-17,MC.PA,oui,non,non,non,non,11.4569
2023-03-17,CAP.PA,oui,non,non,non,non,-0.5085
2023-03-24,ENGI.PA,non,non,non,non,non,13.6437
2023-03-24,AC.PA,oui,non,non,non,non,12.6424
2023-03-24,EN.PA,oui,non,non,non,non,5.6069
2023-03-24,TTE.PA,oui,non,non,non,non,11.2719
2023-03-24,SAF.PA,oui,non,non,non,non,6.5716
2023-03-24,AIR.PA,oui,non,non,non,non,8.7669
2023-03-24,PUB.PA,oui,non,non,non,non,8.5931
2023-03-24,SGO.PA,oui,non,non,non,non,2.7992
2023-03-24,MC.PA,oui,oui,non,non,non,10.1987
2023-03-24,CAP.PA,oui,non,non,non,non,-2.8968
2023-03-31,ENGI.PA,non,oui,oui,non,oui,8.8924
2023-03-31,AC.PA,non,non,non,non,oui,6.2396
2023-03-31,EN.PA,non,non,non,non,oui,6.7102
2023-03-31,TTE.PA,oui,non,non,non,oui,0.4967
2023-03-31,SAF.PA,non,oui,non,non,oui,2.2265
2023-03-31,AIR.PA,non,non,non,non,oui,2.345
2023-03-31,PUB.PA,non,non,non,non,oui,0.808
2023-03-31,SGO.PA,oui,non,non,non,oui,-1.7011
2023-03-31,MC.PA,non,oui,non,non,oui,4.9356
2023-03-31,CAP.PA,non,non,non,non,oui,-2.6354
2023-04-06,ENGI.PA,non,oui,oui,non,non,7.512
2023-04-06,AC.PA,non,oui,non,non,non,8.0026
2023-04-06,EN.PA,non,non,non,non,non,7.8733
2023-04-06,TTE.PA,non,oui,non,non,non,-3.5652
2023-04-06,SAF.PA,non,oui,non,non,non,0.7917
2023-04-06,AIR.PA,non,oui,non,non,non,-2.2417
2023-04-06,PUB.PA,oui,non,non,non,non,-2.3464
2023-04-06,SGO.PA,oui,non,non,non,non,7.2987
2023-04-06,MC.PA,non,oui,non,non,non,7.018
2023-04-06,CAP.PA,non,non,non,non,non,-4.7339
2023-04-14,ENGI.PA,non,oui,oui,non,non,7.8064
2023-04-14,AC.PA,non,oui,non,non,non,1.287
2023-04-14,EN.PA,non,oui,non,non,non,4.2502
2023-04-14,TTE.PA,non,oui,non,non,non,-4.8365
2023-04-14,SAF.PA,non,oui,non,non,non,2.0015
2023-04-14,AIR.PA,non,oui,non,non,non,-1.1626
2023-04-14,PUB.PA,non,oui,non,non,non,-5.6054
2023-04-14,SGO.PA,oui,non,non,non,non,4.8662
2023-04-14,MC.PA,non,oui,oui,non,non,-0.5386
2023-04-14,CAP.PA,non,oui,non,non,non,-3.617
2023-04-21,ENGI.PA,non,oui,oui,non,non,2.5874
2023-04-21,AC.PA,non,oui,non,non,non,4.4296
2023-04-21,EN.PA,non,oui,non,non,non,-0.5568
2023-04-21,TTE.PA,non,oui,non,non,non,-3.0849
2023-04-21,SAF.PA,non,oui,non,non,non,0.6318
2023-04-21,AIR.PA,non,oui,non,non,non,2.1246
2023-04-21,PUB.PA,non,oui,non,non,non,-4.7028
2023-04-21,SGO.PA,oui,oui,non,non,non,7.8168
2023-04-21,MC.PA,non,oui,oui,non,non,-1.7791
2023-04-21,CAP.PA,oui,non,non,non,non,2.0698
2023-04-28,ENGI.PA,non,oui,oui,non,oui,-4.1196
2023-04-28,AC.PA,non,oui,non,non,oui,0.3511
2023-04-28,EN.PA,non,oui,non,non,oui,-2.8129
2023-04-28,TTE.PA,non,oui,non,non,oui,-3.8143
2023-04-28,SAF.PA,non,oui,non,non,oui,-1.2488
2023-04-28,AIR.PA,non,oui,non,non,oui,-1.463
2023-04-28,PUB.PA,non,oui,non,non,oui,-5.1808
2023-04-28,SGO.PA,non,non,non,non,oui,2.3083
2023-04-28,MC.PA,non,oui,non,non,oui,-3.5591
2023-04-28,CAP.PA,non,non,non,non,oui,-4.4876
2023-05-05,ENGI.PA,non,oui,oui,non,non,-3.0919
2023-05-05,AC.PA,non,oui,non,non,non,1.7687
2023-05-05,EN.PA,non,oui,non,non,non,-3.733
2023-05-05,TTE.PA,non,non,non,non,non,-1.6925
2023-05-05,SAF.PA,oui,oui,non,non,non,1.9621
2023-05-05,AIR.PA,oui,non,non,non,non,5.0573
2023-05-05,PUB.PA,oui,non,non,non,non,0.5396
2023-05-05,SGO.PA,non,oui,non,non,non,4.9328
2023-05-05,MC.PA,non,oui,non,non,non,-5.2458
2023-05-05,CAP.PA,non,non,non,non,non,2.2594
2023-05-12,ENGI.PA,non,oui,oui,non,non,-4.3045
2023-05-12,AC.PA,non,oui,non,non,non,8.0692
2023-05-12,EN.PA,non,oui,non,non,non,-4.0494
2023-05-12,TTE.PA,non,non,non,non,non,-1.4527
2023-05-12,SAF.PA,non,non,non,non,non,-1.444
2023-05-12,AIR.PA,oui,non,non,non,non,4.5765
2023-05-12,PUB.PA,oui,non,non,non,non,2.867
2023-05-12,SGO.PA,non,oui,non,non,non,4.317
2023-05-12,MC.PA,non,non,non,non,non,-7.3865
2023-05-12,CAP.PA,non,non,non,non,non,5.2636
2023-05-19,ENGI.PA,non,oui,non,non,non,-0.9658
2023-05-19,AC.PA,non,oui,non,non,non,5.1539
2023-05-19,EN.PA,non,oui,non,non,non,-1.7108
2023-05-19,TTE.PA,non,non,non,non,non,-4.134
2023-05-19,SAF.PA,non,oui,non,non,non,-0.9112
2023-05-19,AIR.PA,non,oui,non,non,non,1.5011
2023-05-19,PUB.PA,oui,non,non,non,non,3.4078
2023-05-19,SGO.PA,non,oui,non,non,non,5.1951
2023-05-19,MC.PA,non,non,non,non,non,-0.652
2023-05-19,CAP.PA,non,non,non,non,non,11.2848
2023-05-26,ENGI.PA,non,non,non,non,oui,1.5544
2023-05-26,AC.PA,non,oui,non,non,oui,4.9217
2023-05-26,EN.PA,oui,non,non,non,oui,-2.1164
2023-05-26,TTE.PA,non,oui,non,non,oui,-5.3358
2023-05-26,SAF.PA,oui,oui,non,non,oui,1.2844
2023-05-26,AIR.PA,non,oui,non,non,oui,0.8434
2023-05-26,PUB.PA,oui,non,non,non,oui,1.2254
2023-05-26,SGO.PA,non,oui,non,non,oui,4.5478
2023-05-26,MC.PA,oui,non,non,non,oui,-1.5886
2023-05-26,CAP.PA,oui,non,non,non,oui,10.139
2023-06-02,ENGI.PA,non,non,non,non,non,7.9694
2023-06-02,AC.PA,non,oui,non,non,non,7.3525
2023-06-02,EN.PA,oui,non,non,non,non,1.0845
2023-06-02,TTE.PA,non,non,non,non,non,-3.4218
2023-06-02,SAF.PA,oui,non,non,non,non,3.179
2023-06-02,AIR.PA,non,oui,non,non,non,3.1002
2023-06-02,PUB.PA,oui,oui,non,non,non,3.8136
2023-06-02,SGO.PA,non,oui,non,non,non,5.7271
2023-06-02,MC.PA,oui,non,non,non,non,3.8633
2023-06-02,CAP.PA,non,oui,non,non,non,3.4884
2023-06-09,ENGI.PA,non,non,non,non,non,6.0866
2023-06-09,AC.PA,non,oui,non,non,non,1.9878
2023-06-09,EN.PA,oui,non,non,non,non,-3.1652
2023-06-09,TTE.PA,non,non,non,non,non,-5.6936
2023-06-09,SAF.PA,oui,non,non,non,non,-1.3173
2023-06-09,AIR.PA,non,oui,non,non,non,2.0869
2023-06-09,PUB.PA,non,oui,non,non,non,1.5833
2023-06-09,SGO.PA,non,oui,non,non,non,-0.2601
2023-06-09,MC.PA,oui,non,non,non,non,0.6585
2023-06-09,CAP.PA,non,oui,non,non,non,0.6235
2023-06-16,ENGI.PA,non,oui,non,non,non,4.5695
2023-06-16,AC.PA,non,oui,non,non,non,2.4184
2023-06-16,EN.PA,oui,non,non,non,non,0.197
2023-06-16,TTE.PA,non,non,non,non,non,-3.3385
2023-06-16,SAF.PA,non,oui,non,non,non,-2.4206
2023-06-16,AIR.PA,non,oui,non,non,non,1.4027
2023-06-16,PUB.PA,non,oui,non,non,non,1.7173
2023-06-16,SGO.PA,non,oui,oui,non,non,2.7051
2023-06-16,MC.PA,non,oui,non,non,non,2.7285
2023-06-16,CAP.PA,non,oui,oui,non,non,-1.4258
2023-06-23,ENGI.PA,oui,oui,non,non,oui,9.5663
2023-06-23,AC.PA,non,oui,non,non,oui,3.442
2023-06-23,EN.PA,oui,non,non,non,oui,6.9595
2023-06-23,TTE.PA,oui,non,non,non,oui,3.7272
2023-06-23,SAF.PA,non,oui,non,non,oui,1.606
2023-06-23,AIR.PA,non,oui,non,non,oui,6.1228
2023-06-23,PUB.PA,non,oui,non,non,oui,4.3128
2023-06-23,SGO.PA,non,oui,non,non,oui,7.9741
2023-06-23,MC.PA,oui,oui,non,non,oui,4.5537
2023-06-23,CAP.PA,non,oui,non,non,oui,2.8639
2023-06-30,ENGI.PA,non,oui,non,non,non,-1.5366
2023-06-30,AC.PA,non,oui,oui,non,non,0.0882
2023-06-30,EN.PA,non,non,non,non,non,7.9649
2023-06-30,TTE.PA,non,non,non,non,non,3.5966
2023-06-30,SAF.PA,non,oui,non,non,non,4.8794
2023-06-30,AIR.PA,non,oui,non,non,non,0.8009
2023-06-30,PUB.PA,non,oui,non,non,non,4.2493
2023-06-30,SGO.PA,non,oui,oui,non,non,10.2817
2023-06-30,MC.PA,non,oui,non,non,non,-2.5261
2023-06-30,CAP.PA,non,oui,oui,non,non,-3.7741
2023-07-07,ENGI.PA,non,oui,non,non,non,-4.3461
2023-07-07,AC.PA,non,oui,non,non,non,-1.4693
2023-07-07,EN.PA,oui,non,non,non,non,10.1124
2023-07-07,TTE.PA,oui,non,non,non,non,8.7476
2023-07-07,SAF.PA,oui,non,non,non,non,8.4693
2023-07-07,AIR.PA,non,oui,non,non,non,-0.2288
2023-07-07,PUB.PA,non,non,non,non,non,5.5127
2023-07-07,SGO.PA,non,non,non,non,non,14.2139
2023-07-07,MC.PA,oui,non,non,non,non,-1.1388
2023-07-07,CAP.PA,non,non,non,non,non,-4.2195
2023-07-14,ENGI.PA,non,oui,non,non,non,-3.4506
2023-07-14,AC.PA,non,oui,non,non,non,-1.4758
2023-07-14,EN.PA,non,oui,non,non,non,4.2281
2023-07-14,TTE.PA,non,non,non,non,non,11.486
2023-07-14,SAF.PA,oui,non,non,non,non,7.369
2023-07-14,AIR.PA,non,oui,non,non,non,-1.714
2023-07-14,PUB.PA,non,oui,non,non,non,0.94
2023-07-14,SGO.PA,non,oui,oui,non,non,5.7009
2023-07-14,MC.PA,non,oui,non,non,non,-8.0578
2023-07-14,CAP.PA,non,oui,oui,non,non,-7.6007
2023-07-21,ENGI.PA,non,oui,non,non,oui,-5.6526
2023-07-21,AC.PA,non,oui,non,non,oui,-4.0047
2023-07-21,EN.PA,non,oui,oui,non,oui,-1.4529
2023-07-21,TTE.PA,non,oui,non,non,oui,5.5936
2023-07-21,SAF.PA,non,non,non,non,oui,1.1995
2023-07-21,AIR.PA,non,oui,non,non,oui,-5.7993
2023-07-21,PUB.PA,non,oui,non,non,oui,-0.2529
2023-07-21,SGO.PA,non,oui,oui,non,oui,1.525
2023-07-21,MC.PA,non,oui,non,non,oui,-10.4851
2023-07-21,CAP.PA,non,oui,oui,non,oui,-8.008
2023-07-28,ENGI.PA,oui,oui,non,non,non,-1.3339
2023-07-28,AC.PA,non,oui,non,non,non,-5.022
2023-07-28,EN.PA,non,oui,oui,non,non,-5.7814
2023-07-28,TTE.PA,non,oui,oui,non,non,5.2902
2023-07-28,SAF.PA,non,oui,oui,non,non,-3.5624
2023-07-28,AIR.PA,non,oui,non,non,non,-2.6533
2023-07-28,PUB.PA,non,oui,oui,non,non,-3.1793
2023-07-28,SGO.PA,non,oui,oui,non,non,-5.5646
2023-07-28,MC.PA,non,non,non,non,non,-6.6453
2023-07-28,CAP.PA,non,oui,non,non,non,-2.6647
2023-08-04,ENGI.PA,oui,non,non,non,non,2.6458
2023-08-04,AC.PA,oui,non,non,non,non,2.0694
2023-08-04,EN.PA,non,oui,oui,non,non,-1.577
2023-08-04,TTE.PA,non,oui,oui,non,non,5.9745
2023-08-04,SAF.PA,non,oui,non,non,non,-0.1367
2023-08-04,AIR.PA,oui,non,non,non,non,2.3394
2023-08-04,PUB.PA,non,oui,oui,non,non,-1.9762
2023-08-04,SGO.PA,non,oui,oui,non,non,-1.7289
2023-08-04,MC.PA,oui,non,non,non,non,-4.9265
2023-08-04,CAP.PA,non,non,non,non,non,5.9766
2023-08-11,ENGI.PA,oui,non,non,non,non,2.3044
2023-08-11,AC.PA,oui,non,non,non,non,1.0785
2023-08-11,EN.PA,non,oui,non,non,non,-0.1258
2023-08-11,TTE.PA,non,oui,oui,non,non,5.6148
2023-08-11,SAF.PA,non,oui,non,non,non,0.9378
2023-08-11,AIR.PA,oui,non,non,non,non,3.5949
2023-08-11,PUB.PA,non,oui,non,non,non,0.493
2023-08-11,SGO.PA,non,oui,oui,non,non,-5.9508
2023-08-11,MC.PA,oui,non,non,non,non,-9.8001
2023-08-11,CAP.PA,non,non,non,non,non,4.5427
2023-08-18,ENGI.PA,oui,non,non,non,oui,4.1815
2023-08-18,AC.PA,oui,non,non,non,oui,6.2577
2023-08-18,EN.PA,non,non,non,non,oui,6.859
2023-08-18,TTE.PA,non,oui,oui,non,oui,9.4019
2023-08-18,SAF.PA,non,non,non,non,oui,6.2753
2023-08-18,AIR.PA,oui,non,non,non,oui,3.6464
2023-08-18,PUB.PA,non,non,non,non,oui,3.3521
2023-08-18,SGO.PA,non,oui,non,non,oui,-3.3924
2023-08-18,MC.PA,oui,non,non,non,oui,-2.0208
2023-08-18,CAP.PA,oui,non,non,non,oui,6.1467
2023-08-25,ENGI.PA,non,oui,non,non,non,1.1086
2023-08-25,AC.PA,oui,non,non,non,non,1.979
2023-08-25,EN.PA,non,non,non,non,non,6.5516
2023-08-25,TTE.PA,non,oui,oui,non,non,9.2906
2023-08-25,SAF.PA,non,non,non,non,non,1.4473
2023-08-25,AIR.PA,oui,non,non,non,non,-4.6197
2023-08-25,PUB.PA,non,non,non,non,non,-0.1403
2023-08-25,SGO.PA,oui,non,non,non,non,-3.2908
2023-08-25,MC.PA,oui,non,non,non,non,-6.749
2023-08-25,CAP.PA,non,non,non,non,non,2.5838
2023-09-01,ENGI.PA,non,oui,non,non,non,-1.9568
2023-09-01,AC.PA,oui,non,non,non,non,-4.7704
2023-09-01,EN.PA,non,non,non,non,non,4.1156
2023-09-01,TTE.PA,non,oui,oui,non,non,7.0642
2023-09-01,SAF.PA,non,non,non,non,non,1.7664
2023-09-01,AIR.PA,non,oui,non,non,non,-5.1397
2023-09-01,PUB.PA,non,non,non,non,non,-0.9113
2023-09-01,SGO.PA,non,non,non,non,non,-5.5934
2023-09-01,MC.PA,oui,non,non,non,non,-7.6566
2023-09-01,CAP.PA,non,oui,non,non,non,-3.6047
2023-09-08,ENGI.PA,non,oui,non,non,non,-4.6938
2023-09-08,AC.PA,non,oui,non,non,non,-5.9277
2023-09-08,EN.PA,non,oui,non,non,non,2.6763
2023-09-08,TTE.PA,non,oui,oui,non,non,1.1208
2023-09-08,SAF.PA,non,oui,non,non,non,-2.5313
2023-09-08,AIR.PA,non,oui,non,non,non,-8.2398
2023-09-08,PUB.PA,non,oui,non,non,non,-2.0714
2023-09-08,SGO.PA,oui,non,non,non,non,-5.0549
2023-09-08,MC.PA,oui,non,non,non,non,-1.3919
2023-09-08,CAP.PA,non,oui,non,non,non,-2.936
2023-09-15,ENGI.PA,non,oui,non,non,oui,-2.7767
2023-09-15,AC.PA,non,oui,non,non,oui,-10.7102
2023-09-15,EN.PA,non,oui,oui,non,oui,-3.4193
2023-09-15,TTE.PA,non,oui,oui,non,oui,2.4857
2023-09-15,SAF.PA,non,oui,oui,non,oui,-2.1913
2023-09-15,AIR.PA,oui,oui,non,non,oui,-7.1276
2023-09-15,PUB.PA,non,oui,non,non,oui,2.671
2023-09-15,SGO.PA,oui,non,non,non,oui,-7.0405
2023-09-15,MC.PA,non,non,non,non,oui,-13.216
2023-09-15,CAP.PA,non,oui,non,non,oui,-2.5867
2023-09-22,ENGI.PA,non,oui,non,non,non,-1.8051
2023-09-22,AC.PA,oui,oui,non,non,non,-10.4912
2023-09-22,EN.PA,non,oui,oui,non,non,-6.5087
2023-09-22,TTE.PA,non,oui,oui,non,non,1.0661
2023-09-22,SAF.PA,non,oui,non,non,non,-1.5353
2023-09-22,AIR.PA,oui,non,non,non,non,-2.1149
2023-09-22,PUB.PA,oui,non,non,non,non,1.0118
2023-09-22,SGO.PA,oui,non,non,non,non,-11.3486
2023-09-22,MC.PA,oui,non,non,non,non,-9.3268
2023-09-22,CAP.PA,non,non,non,non,non,-2.1289
2023-09-29,ENGI.PA,oui,non,non,non,non,2.6979
2023-09-29,AC.PA,oui,non,non,non,non,-6.6061
2023-09-29,EN.PA,non,oui,non,non,non,-4.8884
2023-09-29,TTE.PA,non,oui,oui,non,non,1.1074
2023-09-29,SAF.PA,non,oui,non,non,non,-1.3321
2023-09-29,AIR.PA,oui,non,non,non,non,-1.5908
2023-09-29,PUB.PA,non,non,non,non,non,0.864
2023-09-29,SGO.PA,oui,non,non,non,non,-9.564
2023-09-29,MC.PA,oui,non,non,non,non,-7.6773
2023-09-29,CAP.PA,non,non,non,non,non,-3.076
2023-10-06,ENGI.PA,oui,non,non,non,non,7.2318
2023-10-06,AC.PA,oui,non,non,non,non,-6.4272
2023-10-06,EN.PA,non,non,non,non,non,2.8519
2023-10-06,TTE.PA,non,oui,non,non,non,3.298
2023-10-06,SAF.PA,oui,non,non,non,non,3.6469
2023-10-06,AIR.PA,oui,non,non,non,non,3.8462
2023-10-06,PUB.PA,non,non,non,non,non,-0.167
2023-10-06,SGO.PA,oui,non,non,non,non,-0.3672
2023-10-06,MC.PA,non,non,non,non,non,-3.6865
2023-10-06,CAP.PA,non,non,non,non,non,4.9909
2023-10-13,ENGI.PA,non,non,non,non,oui,3.5328
2023-10-13,AC.PA,oui,non,non,non,oui,-3.1361
2023-10-13,EN.PA,non,non,non,non,oui,5.4969
2023-10-13,TTE.PA,non,non,oui,non,oui,-1.7888
2023-10-13,SAF.PA,non,non,non,non,oui,2.6831
2023-10-13,AIR.PA,oui,non,non,non,oui,5.346
2023-10-13,PUB.PA,non,oui,oui,non,oui,-6.61
2023-10-13,SGO.PA,oui,non,non,non,oui,1.9169
2023-10-13,MC.PA,oui,non,non,non,oui,4.0115
2023-10-13,CAP.PA,non,oui,non,non,oui,3.7115
2023-10-20,ENGI.PA,non,oui,non,non,non,6.2092
2023-10-20,AC.PA,oui,non,non,non,non,6.2669
2023-10-20,EN.PA,oui,non,non,non,non,11.7421
2023-10-20,TTE.PA,non,oui,non,non,non,-1.2146
2023-10-20,SAF.PA,oui,oui,non,non,non,10.7769
2023-10-20,AIR.PA,oui,non,non,non,non,9.0714
2023-10-20,PUB.PA,oui,oui,non,non,non,2.8102
2023-10-20,SGO.PA,oui,non,non,non,non,17.303
2023-10-20,MC.PA,oui,non,non,non,non,7.1687
2023-10-20,CAP.PA,non,oui,non,non,non,9.0073
2023-10-27,ENGI.PA,non,oui,non,non,non,5.5757
2023-10-27,AC.PA,oui,non,non,non,non,6.1683
2023-10-27,EN.PA,oui,non,non,non,non,10.8185
2023-10-27,TTE.PA,non,oui,non,non,non,0.2222
2023-10-27,SAF.PA,oui,oui,non,non,non,9.7913
2023-10-27,AIR.PA,non,oui,non,non,non,7.7625
2023-10-27,PUB.PA,non,oui,non,non,non,3.2882
2023-10-27,SGO.PA,oui,non,non,non,non,13.1998
2023-10-27,MC.PA,oui,non,non,non,non,6.8793
2023-10-27,CAP.PA,oui,non,non,non,non,13.2856
2023-11-03,ENGI.PA,non,oui,non,non,non,5.8862
2023-11-03,AC.PA,oui,non,non,non,non,9.2929
2023-11-03,EN.PA,non,oui,non,non,non,4.5021
2023-11-03,TTE.PA,non,oui,non,non,non,0.0481
2023-11-03,SAF.PA,non,non,non,non,non,8.7165
2023-11-03,AIR.PA,non,oui,non,non,non,6.989
2023-11-03,PUB.PA,oui,non,non,non,non,9.0326
2023-11-03,SGO.PA,non,non,non,non,non,10.2451
2023-11-03,MC.PA,non,non,non,non,non,-0.5122
2023-11-03,CAP.PA,non,oui,oui,non,non,7.7499
2023-11-10,ENGI.PA,non,oui,non,non,oui,6.1184
2023-11-10,AC.PA,oui,non,non,non,oui,16.1883
2023-11-10,EN.PA,non,oui,oui,non,oui,6.0053
2023-11-10,TTE.PA,oui,non,non,non,oui,-0.2257
2023-11-10,SAF.PA,non,oui,non,non,oui,7.5255
2023-11-10,AIR.PA,non,oui,non,non,oui,10.383
2023-11-10,PUB.PA,oui,non,non,non,oui,12.6492
2023-11-10,SGO.PA,non,oui,non,non,oui,14.0697
2023-11-10,MC.PA,non,oui,non,non,oui,8.4209
2023-11-10,CAP.PA,non,oui,oui,non,oui,11.8126
2023-11-17,ENGI.PA,non,oui,oui,non,non,3.9359
2023-11-17,AC.PA,non,oui,non,non,non,10.4559
2023-11-17,EN.PA,non,oui,oui,non,non,1.9236
2023-11-17,TTE.PA,oui,non,non,non,non,-0.2912
2023-11-17,SAF.PA,non,oui,oui,non,non,-0.2491
2023-11-17,AIR.PA,non,oui,oui,non,non,5.4892
2023-11-17,PUB.PA,non,non,non,non,non,12.8552
2023-11-17,SGO.PA,non,oui,oui,non,non,14.1168
2023-11-17,MC.PA,non,oui,oui,non,non,6.0053
2023-11-17,CAP.PA,non,oui,oui,non,non,10.118
2023-11-24,ENGI.PA,non,oui,oui,non,non,2.5771
2023-11-24,AC.PA,non,oui,non,non,non,9.6937
2023-11-24,EN.PA,non,oui,oui,non,non,-1.8036
2023-11-24,TTE.PA,oui,non,non,non,non,-1.3304
2023-11-24,SAF.PA,non,oui,oui,non,non,-0.7328
2023-11-24,AIR.PA,non,oui,oui,non,non,3.5497
2023-11-24,PUB.PA,non,oui,oui,non,non,12.9748
2023-11-24,SGO.PA,non,oui,oui,non,non,14.4255
2023-11-24,MC.PA,non,oui,oui,non,non,5.1845
2023-11-24,CAP.PA,non,oui,oui,non,non,3.5155
2023-12-01,ENGI.PA,non,oui,oui,non,non,-1.2838
2023-12-01,AC.PA,non,oui,oui,non,non,5.8842
2023-12-01,EN.PA,non,oui,non,non,non,-1.7404
2023-12-01,TTE.PA,oui,oui,non,non,non,0.2096
2023-12-01,SAF.PA,non,oui,oui,non,non,-2.7461
2023-12-01,AIR.PA,non,oui,oui,non,non,-0.6663
2023-12-01,PUB.PA,non,oui,oui,non,non,6.9292
2023-12-01,SGO.PA,non,oui,oui,non,non,7.0032
2023-12-01,MC.PA,non,non,oui,non,non,0.2451
2023-12-01,CAP.PA,non,oui,oui,non,non,-0.2674
2023-12-08,ENGI.PA,non,oui,oui,non,oui,1.6509
2023-12-08,AC.PA,non,oui,oui,non,oui,0.1724
2023-12-08,EN.PA,non,oui,oui,non,oui,-1.2219
2023-12-08,TTE.PA,oui,non,non,non,oui,-2.267
2023-12-08,SAF.PA,non,oui,oui,non,oui,-0.5954
2023-12-08,AIR.PA,non,oui,oui,non,oui,1.5653
2023-12-08,PUB.PA,non,oui,oui,non,oui,7.4186
2023-12-08,SGO.PA,non,oui,oui,non,oui,1.4711
2023-12-08,MC.PA,non,oui,oui,non,oui,-7.5903
2023-12-08,CAP.PA,non,oui,oui,non,oui,-5.0481
2023-12-15,ENGI.PA,non,oui,oui,non,non,-4.2309
2023-12-15,AC.PA,non,oui,oui,non,non,0.5772
2023-12-15,EN.PA,non,oui,non,non,non,-2.0
2023-12-15,TTE.PA,oui,non,non,non,non,-4.3187
2023-12-15,SAF.PA,non,oui,non,non,non,4.1583
2023-12-15,AIR.PA,non,oui,oui,non,non,5.3899
2023-12-15,PUB.PA,non,oui,oui,non,non,4.1487
2023-12-15,SGO.PA,non,oui,oui,non,non,-7.3412
2023-12-15,MC.PA,non,oui,oui,non,non,-13.4955
2023-12-15,CAP.PA,non,oui,oui,non,non,-1.659
2023-12-22,ENGI.PA,non,oui,oui,non,non,-5.5198
2023-12-22,AC.PA,non,oui,oui,non,non,4.2026
2023-12-22,EN.PA,non,non,non,non,non,2.1866
2023-12-22,TTE.PA,oui,non,non,non,non,-4.3729
2023-12-22,SAF.PA,non,non,non,non,non,7.2072
2023-12-22,AIR.PA,non,oui,oui,non,non,5.2353
2023-12-22,PUB.PA,non,oui,oui,non,non,5.0912
2023-12-22,SGO.PA,non,oui,oui,non,non,-4.8477
2023-12-22,MC.PA,non,oui,oui,non,non,-7.3607
2023-12-22,CAP.PA,non,oui,non,non,non,8.1454
2023-12-29,ENGI.PA,non,oui,non,non,non,-7.6392
2023-12-29,AC.PA,non,oui,oui,non,non,6.9653
2023-12-29,EN.PA,non,non,non,non,non,-0.2931
2023-12-29,TTE.PA,oui,oui,non,non,non,-1.068
2023-12-29,SAF.PA,non,non,non,non,non,9.4318
2023-12-29,AIR.PA,non,oui,oui,non,non,6.6533
2023-12-29,PUB.PA,non,oui,oui,non,non,9.6905
2023-12-29,SGO.PA,non,oui,oui,non,non,-3.5404
2023-12-29,MC.PA,non,oui,oui,non,non,5.8206
2023-12-29,CAP.PA,non,oui,non,non,non,9.351
2024-01-05,ENGI.PA,non,non,oui,non,oui,-10.3402
2024-01-05,AC.PA,non,non,oui,non,oui,6.7989
2024-01-05,EN.PA,non,non,non,non,oui,-3.399
2024-01-05,TTE.PA,non,oui,non,non,oui,-4.32
2024-01-05,SAF.PA,non,non,non,non,oui,9.9787
2024-01-05,AIR.PA,non,non,non,non,oui,6.8719
2024-01-05,PUB.PA,non,oui,oui,non,oui,9.6904
2024-01-05,SGO.PA,non,oui,oui,non,oui,3.8262
2024-01-05,MC.PA,non,non,non,non,oui,12.9482
2024-01-05,CAP.PA,non,non,non,non,oui,11.3821
2024-01-12,ENGI.PA,non,oui,non,non,non,-12.9307
2024-01-12,AC.PA,non,oui,oui,non,non,6.3642
2024-01-12,EN.PA,non,oui,non,non,non,-7.8837
2024-01-12,TTE.PA,oui,non,non,non,non,-0.6984
2024-01-12,SAF.PA,non,oui,oui,non,non,4.7003
2024-01-12,AIR.PA,non,oui,oui,non,non,0.8847
2024-01-12,PUB.PA,non,oui,oui,non,non,11.8969
2024-01-12,SGO.PA,non,non,non,non,non,6.6058
2024-01-12,MC.PA,non,non,non,non,non,20.5404
2024-01-12,CAP.PA,non,non,non,non,non,9.2328
2024-01-19,ENGI.PA,oui,non,non,non,non,-7.9089
2024-01-19,AC.PA,non,oui,oui,non,non,2.7793
2024-01-19,EN.PA,non,oui,non,non,non,-1.0957
2024-01-19,TTE.PA,oui,non,non,non,non,2.7625
2024-01-19,SAF.PA,non,oui,oui,non,non,10.6218
2024-01-19,AIR.PA,non,oui,oui,non,non,-1.6797
2024-01-19,PUB.PA,non,oui,oui,non,non,12.1631
2024-01-19,SGO.PA,non,non,non,non,non,11.8427
2024-01-19,MC.PA,non,non,non,non,non,23.7185
2024-01-19,CAP.PA,non,oui,oui,non,non,11.4945
2024-01-26,ENGI.PA,oui,non,non,non,non,1.2417
2024-01-26,AC.PA,non,oui,oui,non,non,10.832
2024-01-26,EN.PA,non,oui,non,non,non,-2.6981
2024-01-26,TTE.PA,oui,non,non,non,non,0.0671
2024-01-26,SAF.PA,non,oui,oui,non,non,11.0587
2024-01-26,AIR.PA,non,oui,oui,non,non,-0.8842
2024-01-26,PUB.PA,non,oui,oui,non,non,6.5599
2024-01-26,SGO.PA,non,non,non,non,non,8.7037
2024-01-26,MC.PA,non,non,oui,non,non,9.9599
2024-01-26,CAP.PA,non,oui,oui,non,non,9.7135
2024-02-02,ENGI.PA,oui,non,non,non,oui,0.2866
2024-02-02,AC.PA,non,oui,oui,non,oui,8.5792
2024-02-02,EN.PA,oui,non,non,non,oui,6.7711
2024-02-02,TTE.PA,non,oui,non,non,oui,0.0
2024-02-02,SAF.PA,non,oui,oui,non,oui,10.2473
2024-02-02,AIR.PA,non,oui,non,non,oui,2.2371
2024-02-02,PUB.PA,non,oui,oui,non,oui,5.1282
2024-02-02,SGO.PA,non,oui,non,non,oui,3.6097
2024-02-02,MC.PA,non,oui,oui,non,oui,8.7778
2024-02-02,CAP.PA,non,oui,oui,non,oui,9.489
2024-02-09,ENGI.PA,oui,non,non,non,non,8.1418
2024-02-09,AC.PA,non,oui,oui,non,non,6.8151
2024-02-09,EN.PA,oui,non,non,non,non,11.1684
2024-02-09,TTE.PA,non,oui,non,non,non,0.5526
2024-02-09,SAF.PA,non,oui,oui,non,non,10.7811
2024-02-09,AIR.PA,non,oui,non,non,non,5.0093
2024-02-09,PUB.PA,non,oui,oui,non,non,0.879
2024-02-09,SGO.PA,non,oui,non,non,non,1.136
2024-02-09,MC.PA,non,oui,oui,non,non,4.6316
2024-02-09,CAP.PA,non,oui,oui,non,non,7.5238
2024-02-16,ENGI.PA,oui,non,non,non,non,7.3872
2024-02-16,AC.PA,non,oui,non,non,non,12.7637
2024-02-16,EN.PA,non,non,non,non,non,8.7464
2024-02-16,TTE.PA,non,oui,non,non,non,4.3246
2024-02-16,SAF.PA,non,oui,oui,non,non,7.7017
2024-02-16,AIR.PA,non,oui,non,non,non,11.2204
2024-02-16,PUB.PA,non,oui,oui,non,non,1.6431
2024-02-16,SGO.PA,non,oui,non,non,non,0.839
2024-02-16,MC.PA,non,oui,oui,non,non,5.6999
2024-02-16,CAP.PA,non,oui,oui,non,non,1.502
2024-02-23,ENGI.PA,non,non,non,non,non,3.9757
2024-02-23,AC.PA,non,oui,oui,non,non,3.9971
2024-02-23,EN.PA,non,oui,non,non,non,10.216
2024-02-23,TTE.PA,non,non,non,non,non,6.5735
2024-02-23,SAF.PA,non,oui,oui,non,non,7.3723
2024-02-23,AIR.PA,non,non,non,non,non,14.8283
2024-02-23,PUB.PA,non,oui,oui,non,non,0.9346
2024-02-23,SGO.PA,non,oui,non,non,non,0.9688
2024-02-23,MC.PA,non,oui,oui,non,non,-2.5291
2024-02-23,CAP.PA,non,oui,oui,non,non,-4.5153
2024-03-01,ENGI.PA,non,oui,non,non,oui,6.0152
2024-03-01,AC.PA,non,oui,oui,non,oui,7.1464
2024-03-01,EN.PA,non,oui,non,non,oui,4.5694
2024-03-01,TTE.PA,non,non,non,non,oui,11.5852
2024-03-01,SAF.PA,non,oui,oui,non,oui,6.1311
2024-03-01,AIR.PA,non,non,non,non,oui,9.5126
2024-03-01,PUB.PA,non,oui,non,non,oui,2.3365
2024-03-01,SGO.PA,non,oui,non,non,oui,4.1691
2024-03-01,MC.PA,non,oui,oui,non,oui,-2.9064
2024-03-01,CAP.PA,non,oui,oui,non,oui,-6.7111
2024-03-08,ENGI.PA,non,oui,non,non,non,3.1611
2024-03-08,AC.PA,non,oui,non,non,non,4.1949
2024-03-08,EN.PA,non,oui,non,non,non,-0.6825
2024-03-08,TTE.PA,non,non,non,non,non,13.5466
2024-03-08,SAF.PA,non,oui,oui,non,non,4.1752
2024-03-08,AIR.PA,non,oui,non,non,non,4.1883
2024-03-08,PUB.PA,non,non,non,non,non,4.8237
2024-03-08,SGO.PA,non,oui,non,non,non,6.8709
2024-03-08,MC.PA,non,oui,oui,non,non,-5.8824
2024-03-08,CAP.PA,non,oui,non,non,non,-6.5988
2024-03-15,ENGI.PA,non,oui,non,non,non,2.1456
2024-03-15,AC.PA,non,oui,oui,non,non,-5.9473
2024-03-15,EN.PA,non,oui,oui,non,non,-3.7802
2024-03-15,TTE.PA,non,oui,oui,non,non,8.8876
2024-03-15,SAF.PA,non,oui,oui,non,non,1.3096
2024-03-15,AIR.PA,non,oui,oui,non,non,-0.6091
2024-03-15,PUB.PA,non,non,non,non,non,2.2934
2024-03-15,SGO.PA,non,non,non,non,non,1.4202
2024-03-15,MC.PA,non,oui,oui,non,non,-9.3355
2024-03-15,CAP.PA,non,oui,non,non,non,-8.1166
2024-03-22,ENGI.PA,non,oui,non,non,non,3.7913
2024-03-22,AC.PA,non,oui,oui,non,non,-4.0309
2024-03-22,EN.PA,non,oui,oui,non,non,-2.7807
2024-03-22,TTE.PA,non,oui,oui,non,non,8.0509
2024-03-22,SAF.PA,non,oui,oui,non,non,0.8444
2024-03-22,AIR.PA,non,oui,oui,non,non,-2.5583
2024-03-22,PUB.PA,non,oui,non,non,non,5.1228
2024-03-22,SGO.PA,non,oui,non,non,non,-0.5785
2024-03-22,MC.PA,non,oui,non,non,non,-2.5829
2024-03-22,CAP.PA,oui,non,non,non,non,-5.2388
2024-03-28,ENGI.PA,non,oui,non,non,oui,4.7711
2024-03-28,AC.PA,non,oui,oui,non,oui,-3.5104
2024-03-28,EN.PA,non,oui,non,non,oui,-3.3571
2024-03-28,TTE.PA,non,oui,oui,non,oui,9.1066
2024-03-28,SAF.PA,non,oui,oui,non,oui,-2.4518
2024-03-28,AIR.PA,non,oui,oui,non,oui,-7.0907
2024-03-28,PUB.PA,non,oui,non,non,oui,3.0678
2024-03-28,SGO.PA,non,oui,non,non,oui,3.851
2024-03-28,MC.PA,non,non,non,non,oui,-5.649
2024-03-28,CAP.PA,oui,non,non,non,oui,-3.6568
2024-04-05,ENGI.PA,non,oui,non,non,non,8.7818
2024-04-05,AC.PA,non,oui,non,non,non,-0.8791
2024-04-05,EN.PA,non,oui,non,non,non,1.7126
2024-04-05,TTE.PA,non,oui,oui,non,non,0.6886
2024-04-05,SAF.PA,non,oui,non,non,non,0.438
2024-04-05,AIR.PA,non,oui,non,non,non,-5.1375
2024-04-05,PUB.PA,oui,oui,non,non,non,4.5885
2024-04-05,SGO.PA,non,oui,non,non,non,5.9978
2024-04-05,MC.PA,oui,non,non,non,non,-1.3344
2024-04-05,CAP.PA,oui,non,non,non,non,-3.9735
2024-04-12,ENGI.PA,non,oui,oui,non,non,8.4279
2024-04-12,AC.PA,oui,non,non,non,non,3.9631
2024-04-12,EN.PA,non,non,non,non,non,6.8957
2024-04-12,TTE.PA,non,oui,oui,non,non,-0.4921
2024-04-12,SAF.PA,non,oui,non,non,non,1.7979
2024-04-12,AIR.PA,oui,oui,non,non,non,-1.344
2024-04-12,PUB.PA,non,oui,non,non,non,3.5266
2024-04-12,SGO.PA,oui,oui,non,non,non,12.4061
2024-04-12,MC.PA,oui,non,non,non,non,1.1311
2024-04-12,CAP.PA,oui,non,non,non,non,-0.8193
2024-04-19,ENGI.PA,non,oui,oui,non,non,7.5026
2024-04-19,AC.PA,oui,non,non,non,non,4.5752
2024-04-19,EN.PA,non,non,non,non,non,4.8102
2024-04-19,TTE.PA,non,oui,oui,non,non,-0.4162
2024-04-19,SAF.PA,non,non,non,non,non,3.2054
2024-04-19,AIR.PA,oui,non,non,non,non,0.5624
2024-04-19,PUB.PA,oui,oui,non,non,non,6.8205
2024-04-19,SGO.PA,oui,non,non,non,non,16.1685
2024-04-19,MC.PA,oui,non,non,non,non,-1.2675
2024-04-19,CAP.PA,oui,non,non,non,non,3.998
2024-04-26,ENGI.PA,non,oui,oui,non,oui,5.4481
2024-04-26,AC.PA,non,non,non,non,oui,-3.4059
2024-04-26,EN.PA,non,non,non,non,oui,5.1907
2024-04-26,TTE.PA,non,oui,oui,non,oui,-4.4329
2024-04-26,SAF.PA,non,oui,non,non,oui,4.8418
2024-04-26,AIR.PA,oui,non,non,non,oui,1.5281
2024-04-26,PUB.PA,non,oui,non,non,oui,2.3946
2024-04-26,SGO.PA,non,non,non,non,oui,8.9049
2024-04-26,MC.PA,oui,non,non,non,oui,-4.5443
2024-04-26,CAP.PA,oui,non,non,non,oui,5.3176
2024-05-03,ENGI.PA,non,oui,oui,non,non,2.2712
2024-05-03,AC.PA,oui,oui,non,non,non,-2.8258
2024-05-03,EN.PA,non,oui,non,non,non,2.5057
2024-05-03,TTE.PA,non,oui,non,non,non,0.9795
2024-05-03,SAF.PA,oui,oui,non,non,non,4.7847
2024-05-03,AIR.PA,oui,non,non,non,non,1.0108
2024-05-03,PUB.PA,oui,oui,non,non,non,-1.8616
2024-05-03,SGO.PA,non,oui,oui,non,non,3.7066
2024-05-03,MC.PA,oui,non,non,non,non,-6.023
2024-05-03,CAP.PA,oui,non,non,non,non,-6.884
2024-05-10,ENGI.PA,non,oui,oui,non,non,-5.303
2024-05-10,AC.PA,oui,oui,non,non,non,-3.145
2024-05-10,EN.PA,non,oui,non,non,non,-3.5366
2024-05-10,TTE.PA,non,non,oui,non,non,-5.4455
2024-05-10,SAF.PA,non,oui,non,non,non,-0.8378
2024-05-10,AIR.PA,oui,non,non,non,non,-6.1562
2024-05-10,PUB.PA,non,oui,non,non,non,-4.3941
2024-05-10,SGO.PA,non,oui,oui,non,non,-1.3129
2024-05-10,MC.PA,oui,non,non,non,non,-3.2851
2024-05-10,CAP.PA,oui,oui,non,non,non,-3.378
2024-05-17,ENGI.PA,non,oui,oui,non,non,-15.8529
2024-05-17,AC.PA,oui,oui,non,non,non,-7.765
2024-05-17,EN.PA,non,oui,non,non,non,-13.5074
2024-05-17,TTE.PA,non,non,non,non,non,-8.2599
2024-05-17,SAF.PA,oui,oui,non,non,non,-4.725
2024-05-17,AIR.PA,oui,non,non,non,non,-9.5244
2024-05-17,PUB.PA,oui,oui,non,non,non,-7.5556
2024-05-17,SGO.PA,non,oui,oui,non,non,-8.7527
2024-05-17,MC.PA,oui,non,non,non,non,-9.1675
2024-05-17,CAP.PA,non,oui,non,non,non,-10.6564
2024-05-24,ENGI.PA,non,oui,oui,non,oui,-11.2225
2024-05-24,AC.PA,oui,non,non,non,oui,-2.4557
2024-05-24,EN.PA,non,oui,non,non,oui,-12.0492
2024-05-24,TTE.PA,non,non,non,non,oui,-5.2035
2024-05-24,SAF.PA,non,oui,non,non,oui,-5.5161
2024-05-24,AIR.PA,oui,oui,non,non,oui,-6.6239
2024-05-24,PUB.PA,oui,oui,non,non,oui,-4.507
2024-05-24,SGO.PA,non,oui,oui,non,oui,-8.0792
2024-05-24,MC.PA,oui,non,non,non,oui,-4.36
2024-05-24,CAP.PA,non,oui,non,non,oui,-11.0249
2024-05-31,ENGI.PA,non,non,non,non,non,-14.1616
2024-05-31,AC.PA,oui,non,non,non,non,-1.0622
2024-05-31,EN.PA,non,oui,non,non,non,-16.75
2024-05-31,TTE.PA,non,non,non,non,non,-5.8002
2024-05-31,SAF.PA,oui,oui,non,non,non,-7.8001
2024-05-31,AIR.PA,oui,non,non,non,non,-17.7293
2024-05-31,PUB.PA,oui,non,non,non,non,-3.3268
2024-05-31,SGO.PA,non,oui,non,non,non,-7.4389
2024-05-31,MC.PA,oui,non,non,non,non,-2.8984
2024-05-31,CAP.PA,oui,non,non,non,non,0.0539
2024-06-07,ENGI.PA,non,non,non,non,non,-4.7333
2024-06-07,AC.PA,oui,non,non,non,non,-0.7957
2024-06-07,EN.PA,oui,non,non,non,non,-9.0358
2024-06-07,TTE.PA,oui,non,non,non,non,1.9277
2024-06-07,SAF.PA,oui,oui,non,non,non,-2.9243
2024-06-07,AIR.PA,oui,non,non,non,non,-9.1467
2024-06-07,PUB.PA,oui,non,non,non,non,0.9376
2024-06-07,SGO.PA,non,non,non,non,non,-0.3094
2024-06-07,MC.PA,non,non,non,non,non,-6.0459
2024-06-07,CAP.PA,oui,non,non,non,non,-2.0999
2024-06-14,ENGI.PA,oui,non,non,non,non,5.8402
2024-06-14,AC.PA,oui,non,non,non,non,6.6973
2024-06-14,EN.PA,oui,non,non,non,non,4.2208
2024-06-14,TTE.PA,oui,non,non,non,non,4.7024
2024-06-14,SAF.PA,oui,non,non,non,non,4.1444
2024-06-14,AIR.PA,oui,non,non,non,non,-7.273
2024-06-14,PUB.PA,oui,non,non,non,non,5.2582
2024-06-14,SGO.PA,oui,non,non,non,non,9.2393
2024-06-14,MC.PA,oui,non,non,non,non,1.8836
2024-06-14,CAP.PA,oui,non,non,non,non,5.5952
2024-06-21,ENGI.PA,oui,non,non,non,oui,3.4973
2024-06-21,AC.PA,oui,non,non,non,oui,-0.9356
2024-06-21,EN.PA,oui,non,non,non,oui,3.5601
2024-06-21,TTE.PA,oui,non,non,non,oui,1.5541
2024-06-21,SAF.PA,oui,non,non,non,oui,-2.3704
2024-06-21,AIR.PA,oui,non,non,non,oui,-11.2936
2024-06-21,PUB.PA,oui,non,non,non,oui,0.3862
2024-06-21,SGO.PA,oui,non,non,non,oui,5.9902
2024-06-21,MC.PA,oui,non,non,non,oui,-5.2279
2024-06-21,CAP.PA,oui,non,non,non,oui,4.2639
2024-06-28,ENGI.PA,oui,non,non,non,non,8.249
2024-06-28,AC.PA,oui,non,non,non,non,-5.5352
2024-06-28,EN.PA,oui,non,non,non,non,8.008
2024-06-28,TTE.PA,oui,non,non,non,non,-0.3209
2024-06-28,SAF.PA,oui,non,non,non,non,3.0395
2024-06-28,AIR.PA,oui,non,non,non,non,2.0583
2024-06-28,PUB.PA,oui,non,non,non,non,2.1463
2024-06-28,SGO.PA,oui,non,non,non,non,9.6117
2024-06-28,MC.PA,oui,non,non,non,non,-7.0768
2024-06-28,CAP.PA,non,non,non,non,non,1.6963
2024-07-05,ENGI.PA,non,oui,non,non,non,4.4087
2024-07-05,AC.PA,non,oui,non,non,non,-14.489
2024-07-05,EN.PA,oui,non,non,non,non,-0.7617
2024-07-05,TTE.PA,non,oui,non,non,non,-6.4565
2024-07-05,SAF.PA,oui,non,non,non,non,-5.6049
2024-07-05,AIR.PA,oui,non,non,non,non,-3.214
2024-07-05,PUB.PA,non,oui,non,non,non,-9.7568
2024-07-05,SGO.PA,non,non,non,non,non,-4.7323
2024-07-05,MC.PA,non,non,non,non,non,-11.9905
2024-07-05,CAP.PA,non,oui,non,non,non,-6.1732
2024-07-12,ENGI.PA,oui,oui,non,non,non,8.6508
2024-07-12,AC.PA,non,oui,non,non,non,-14.4014
2024-07-12,EN.PA,non,oui,non,non,non,-2.5234
2024-07-12,TTE.PA,oui,oui,non,non,non,-3.3858
2024-07-12,SAF.PA,oui,oui,non,non,non,-5.9814
2024-07-12,AIR.PA,oui,non,non,non,non,0.7499
2024-07-12,PUB.PA,oui,oui,non,non,non,-8.4927
2024-07-12,SGO.PA,non,oui,non,non,non,-6.4827
2024-07-12,MC.PA,non,non,non,non,non,-12.2517
2024-07-12,CAP.PA,non,oui,non,non,non,-8.4416
2024-07-19,ENGI.PA,non,oui,non,non,oui,9.5741
2024-07-19,AC.PA,oui,non,non,non,oui,-6.9517
2024-07-19,EN.PA,non,oui,non,non,oui,-3.2228
2024-07-19,TTE.PA,oui,oui,non,non,oui,-0.6377
2024-07-19,SAF.PA,oui,oui,non,non,oui,-0.3541
2024-07-19,AIR.PA,oui,non,non,non,oui,4.4158
2024-07-19,PUB.PA,oui,non,non,non,oui,-4.4625
2024-07-19,SGO.PA,non,oui,non,non,oui,-2.0387
2024-07-19,MC.PA,oui,non,non,non,oui,-3.1921
2024-07-19,CAP.PA,non,oui,non,non,oui,-7.1502
2024-07-26,ENGI.PA,non,oui,non,non,non,7.4472
2024-07-26,AC.PA,oui,non,non,non,non,2.5428
2024-07-26,EN.PA,non,oui,non,non,non,-0.8341
2024-07-26,TTE.PA,oui,non,non,non,non,0.0483
2024-07-26,SAF.PA,non,non,non,non,non,-3.0973
2024-07-26,AIR.PA,oui,non,non,non,non,7.563
2024-07-26,PUB.PA,oui,non,non,non,non,-1.4076
2024-07-26,SGO.PA,non,oui,non,non,non,-2.3618
2024-07-26,MC.PA,oui,non,non,non,non,2.7145
2024-07-26,CAP.PA,non,oui,non,non,non,-3.336
2024-08-02,ENGI.PA,non,oui,non,non,non,6.7694
2024-08-02,AC.PA,oui,non,non,oui,non,15.1891
2024-08-02,EN.PA,non,non,non,non,non,3.6457
2024-08-02,TTE.PA,oui,non,non,non,non,1.7174
2024-08-02,SAF.PA,oui,non,non,non,non,3.5574
2024-08-02,AIR.PA,non,oui,non,non,non,5.2464
2024-08-02,PUB.PA,oui,non,non,non,non,9.3489
2024-08-02,SGO.PA,oui,non,non,non,non,7.329
2024-08-02,MC.PA,oui,non,non,non,non,6.9469
2024-08-02,CAP.PA,non,non,non,non,non,4.5442
2024-08-09,ENGI.PA,non,oui,non,non,non,5.6029
2024-08-09,AC.PA,oui,non,non,non,non,11.6795
2024-08-09,EN.PA,non,non,non,non,non,2.2052
2024-08-09,TTE.PA,non,non,non,non,non,-2.4287
2024-08-09,SAF.PA,oui,non,non,non,non,-0.1039
2024-08-09,AIR.PA,non,oui,non,non,non,-4.4805
2024-08-09,PUB.PA,oui,non,non,non,non,4.6184
2024-08-09,SGO.PA,oui,non,non,non,non,1.5976
2024-08-09,MC.PA,oui,non,non,non,non,-3.7736
2024-08-09,CAP.PA,non,non,non,non,non,2.156
2024-08-16,ENGI.PA,non,oui,oui,non,oui,1.8953
2024-08-16,AC.PA,non,non,non,non,oui,8.1195
2024-08-16,EN.PA,non,non,non,non,oui,0.3806
2024-08-16,TTE.PA,non,non,non,non,oui,-2.0215
2024-08-16,SAF.PA,non,non,non,non,oui,3.198
2024-08-16,AIR.PA,non,oui,non,non,oui,-5.1737
2024-08-16,PUB.PA,non,non,non,non,oui,2.4416
2024-08-16,SGO.PA,non,non,non,non,oui,3.8198
2024-08-16,MC.PA,non,non,non,non,oui,-7.5976
2024-08-16,CAP.PA,non,non,non,non,oui,7.0083
2024-08-23,ENGI.PA,non,oui,non,non,non,1.8375
2024-08-23,AC.PA,non,oui,non,non,non,6.1725
2024-08-23,EN.PA,non,oui,non,non,non,-0.2804
2024-08-23,TTE.PA,non,oui,non,non,non,-0.2735
2024-08-23,SAF.PA,non,non,non,non,non,6.6464
2024-08-23,AIR.PA,non,oui,oui,non,non,-7.0739
2024-08-23,PUB.PA,non,oui,non,non,non,2.6691
2024-08-23,SGO.PA,non,oui,non,non,non,7.2825
2024-08-23,MC.PA,non,oui,oui,non,non,-13.0965
2024-08-23,CAP.PA,non,oui,non,non,non,3.0129
2024-08-30,ENGI.PA,non,oui,oui,non,non,-1.8832
2024-08-30,AC.PA,non,oui,oui,non,non,7.1185
2024-08-30,EN.PA,non,oui,oui,non,non,-4.4122
2024-08-30,TTE.PA,non,oui,non,non,non,-3.6746
2024-08-30,SAF.PA,non,oui,non,non,non,7.805
2024-08-30,AIR.PA,non,oui,oui,non,non,-3.6018
2024-08-30,PUB.PA,non,oui,non,non,non,1.5892
2024-08-30,SGO.PA,non,oui,non,non,non,5.1846
2024-08-30,MC.PA,non,oui,oui,non,non,4.3156
2024-08-30,CAP.PA,non,oui,oui,non,non,6.6133
2024-09-06,ENGI.PA,non,oui,oui,non,non,-4.3128
2024-09-06,AC.PA,non,oui,oui,non,non,4.7392
2024-09-06,EN.PA,non,oui,non,non,non,-8.5678
2024-09-06,TTE.PA,non,non,non,non,non,5.9964
2024-09-06,SAF.PA,non,oui,non,non,non,8.1362
2024-09-06,AIR.PA,non,non,non,non,non,-1.1688
2024-09-06,PUB.PA,non,oui,non,non,non,1.6817
2024-09-06,SGO.PA,oui,oui,non,non,non,8.7953
2024-09-06,MC.PA,oui,non,non,non,non,8.1536
2024-09-06,CAP.PA,non,oui,non,non,non,4.9708
2024-09-13,ENGI.PA,non,oui,non,non,oui,-0.3468
2024-09-13,AC.PA,non,oui,oui,non,oui,5.502
2024-09-13,EN.PA,non,non,non,non,oui,-6.793
2024-09-13,TTE.PA,non,non,non,non,oui,3.4319
2024-09-13,SAF.PA,non,oui,oui,non,oui,0.7378
2024-09-13,AIR.PA,non,non,non,non,oui,1.8544
2024-09-13,PUB.PA,non,non,non,non,oui,0.9948
2024-09-13,SGO.PA,non,oui,non,non,oui,4.6181
2024-09-13,MC.PA,non,non,non,non,oui,7.4001
2024-09-13,CAP.PA,non,oui,oui,non,oui,-5.928
2024-09-20,ENGI.PA,non,oui,non,non,non,0.8547
2024-09-20,AC.PA,non,oui,oui,non,non,6.5753
2024-09-20,EN.PA,non,non,non,non,non,-5.717
2024-09-20,TTE.PA,non,non,oui,non,non,-2.5306
2024-09-20,SAF.PA,non,oui,oui,non,non,2.3311
2024-09-20,AIR.PA,non,non,non,non,non,6.6646
2024-09-20,PUB.PA,non,non,oui,non,non,2.2773
2024-09-20,SGO.PA,non,oui,oui,non,non,1.6791
2024-09-20,MC.PA,oui,non,non,non,non,5.2881
2024-09-20,CAP.PA,non,oui,oui,non,non,-1.8612
2024-09-27,ENGI.PA,non,non,non,non,non,0.128
2024-09-27,AC.PA,non,oui,oui,non,non,2.4767
2024-09-27,EN.PA,non,non,non,non,non,-5.1646
2024-09-27,TTE.PA,non,oui,non,non,non,1.8935
2024-09-27,SAF.PA,non,oui,oui,non,non,-0.8904
2024-09-27,AIR.PA,non,oui,oui,non,non,4.9768
2024-09-27,PUB.PA,non,oui,oui,non,non,-1.604
2024-09-27,SGO.PA,non,oui,oui,non,non,-1.5629
2024-09-27,MC.PA,non,non,oui,non,non,-10.8615
2024-09-27,CAP.PA,non,oui,oui,non,non,-12.4312
2024-10-04,ENGI.PA,non,non,non,non,non,0.0
2024-10-04,AC.PA,non,oui,oui,non,non,5.7887
2024-10-04,EN.PA,non,non,non,non,non,1.6074
2024-10-04,TTE.PA,non,oui,oui,non,non,-7.5818
2024-10-04,SAF.PA,non,oui,oui,non,non,1.2019
2024-10-04,AIR.PA,non,non,non,non,non,11.6367
2024-10-04,PUB.PA,non,oui,non,non,non,1.3025
2024-10-04,SGO.PA,non,oui,non,non,non,3.4787
2024-10-04,MC.PA,non,oui,oui,non,non,-7.69
2024-10-04,CAP.PA,non,oui,non,non,non,-13.2275
2024-10-11,ENGI.PA,non,non,non,non,oui,-3.9228
2024-10-11,AC.PA,non,oui,oui,non,oui,8.7741
2024-10-11,EN.PA,non,non,non,non,oui,1.3898
2024-10-11,TTE.PA,non,oui,oui,non,oui,-8.8664
2024-10-11,SAF.PA,non,non,non,non,oui,7.3242
2024-10-11,AIR.PA,non,non,oui,non,oui,7.0569
2024-10-11,PUB.PA,non,non,non,non,oui,5.787
2024-10-11,SGO.PA,non,oui,oui,non,oui,4.4143
2024-10-11,MC.PA,non,oui,oui,non,oui,-8.3754
2024-10-11,CAP.PA,non,non,non,non,oui,-10.787
2024-10-18,ENGI.PA,non,oui,non,non,non,-3.3271
2024-10-18,AC.PA,non,oui,oui,non,non,4.3116
2024-10-18,EN.PA,non,non,non,non,non,-1.6236
2024-10-18,TTE.PA,non,oui,non,non,non,-3.6038
2024-10-18,SAF.PA,non,non,oui,non,non,0.9298
2024-10-18,AIR.PA,non,oui,oui,non,non,-1.0891
2024-10-18,PUB.PA,non,non,oui,non,non,-3.468
2024-10-18,SGO.PA,non,oui,oui,non,non,6.9592
2024-10-18,MC.PA,non,non,non,non,non,-5.9211
2024-10-18,CAP.PA,non,non,non,non,non,-16.3641
2024-10-25,ENGI.PA,non,oui,non,non,non,-1.6613
2024-10-25,AC.PA,non,oui,oui,non,non,1.6511
2024-10-25,EN.PA,non,oui,non,non,non,-1.9741
2024-10-25,TTE.PA,non,non,non,non,non,-5.2763
2024-10-25,SAF.PA,non,oui,oui,non,non,4.0662
2024-10-25,AIR.PA,non,oui,oui,non,non,-1.8081
2024-10-25,PUB.PA,non,oui,oui,non,non,3.0891
2024-10-25,SGO.PA,non,oui,non,non,non,6.8637
2024-10-25,MC.PA,non,non,non,non,non,-7.0175
2024-10-25,CAP.PA,non,non,non,non,non,-11.7109
2024-11-01,ENGI.PA,non,non,non,non,non,-2.1725
2024-11-01,AC.PA,non,oui,oui,non,non,4.3728
2024-11-01,EN.PA,non,oui,non,non,non,-5.2171
2024-11-01,TTE.PA,oui,non,non,non,non,-5.0605
2024-11-01,SAF.PA,non,oui,non,non,non,4.7506
2024-11-01,AIR.PA,non,oui,oui,non,non,4.209
2024-11-01,PUB.PA,non,oui,non,non,non,4.7959
2024-11-01,SGO.PA,non,oui,non,non,non,2.2017
2024-11-01,MC.PA,non,non,non,non,non,-3.0278
2024-11-01,CAP.PA,oui,non,non,non,non,-7.3781
2024-11-08,ENGI.PA,oui,non,non,non,oui,0.4281
2024-11-08,AC.PA,non,oui,oui,non,oui,4.5671
2024-11-08,EN.PA,non,non,non,non,oui,-3.544
2024-11-08,TTE.PA,oui,non,non,non,oui,-4.5918
2024-11-08,SAF.PA,non,oui,oui,non,oui,-3.1392
2024-11-08,AIR.PA,non,oui,oui,non,oui,9.0372
2024-11-08,PUB.PA,non,oui,oui,non,oui,1.2609
2024-11-08,SGO.PA,non,oui,oui,non,oui,4.5528
2024-11-08,MC.PA,non,non,non,non,oui,6.3347
2024-11-08,CAP.PA,oui,non,non,non,oui,-2.8686
2024-11-15,ENGI.PA,oui,non,non,non,non,-1.1364
2024-11-15,AC.PA,non,oui,oui,non,non,7.3305
2024-11-15,EN.PA,non,non,non,non,non,-2.0882
2024-11-15,TTE.PA,non,non,non,non,non,-7.2161
2024-11-15,SAF.PA,non,oui,non,non,non,-3.6849
2024-11-15,AIR.PA,non,oui,non,non,non,16.0678
2024-11-15,PUB.PA,non,oui,non,non,non,9.0018
2024-11-15,SGO.PA,non,oui,oui,non,non,-2.0953
2024-11-15,MC.PA,non,non,non,non,non,10.0098
2024-11-15,CAP.PA,oui,non,non,non,non,1.069
2024-11-22,ENGI.PA,oui,non,non,non,non,-3.1189
2024-11-22,AC.PA,non,oui,non,non,non,9.6987
2024-11-22,EN.PA,oui,non,non,non,non,-2.1181
2024-11-22,TTE.PA,oui,non,non,non,non,-9.1084
2024-11-22,SAF.PA,non,oui,oui,non,non,-4.5888
2024-11-22,AIR.PA,non,non,non,non,non,12.2082
2024-11-22,PUB.PA,non,oui,oui,non,non,0.3904
2024-11-22,SGO.PA,non,oui,non,non,non,-2.56
2024-11-22,MC.PA,non,non,non,non,non,8.7453
2024-11-22,CAP.PA,oui,non,non,non,non,0.4529
2024-11-29,ENGI.PA,oui,non,non,non,non,1.4916
2024-11-29,AC.PA,non,oui,non,non,non,7.6923
2024-11-29,EN.PA,oui,non,non,non,non,1.3494
2024-11-29,TTE.PA,oui,non,non,non,non,-2.9107
2024-11-29,SAF.PA,non,oui,non,non,non,-3.8095
2024-11-29,AIR.PA,non,non,oui,non,non,4.8929
2024-11-29,PUB.PA,non,oui,non,non,non,0.2921
2024-11-29,SGO.PA,non,oui,non,non,non,-0.7413
2024-11-29,MC.PA,non,non,non,non,non,8.2623
2024-11-29,CAP.PA,oui,non,non,non,non,4.1146
2024-12-06,ENGI.PA,oui,non,non,non,oui,3.0492
2024-12-06,AC.PA,non,oui,oui,non,oui,1.4559
2024-12-06,EN.PA,non,non,non,non,oui,-0.1733
2024-12-06,TTE.PA,oui,non,non,non,oui,3.2431
2024-12-06,SAF.PA,non,oui,non,non,oui,1.55
2024-12-06,AIR.PA,non,oui,oui,non,oui,2.2042
2024-12-06,PUB.PA,non,oui,oui,non,oui,-4.9809
2024-12-06,SGO.PA,non,non,oui,non,oui,-5.3099
2024-12-06,MC.PA,non,oui,oui,non,oui,0.8407
2024-12-06,CAP.PA,non,non,non,non,oui,0.1905
2024-12-13,ENGI.PA,oui,non,non,non,non,3.8095
2024-12-13,AC.PA,non,oui,oui,non,non,1.7447
2024-12-13,EN.PA,non,non,non,non,non,1.1696
2024-12-13,TTE.PA,oui,non,non,non,non,6.3912
2024-12-13,SAF.PA,oui,non,non,non,non,6.3128
2024-12-13,AIR.PA,non,oui,oui,non,non,-3.645
2024-12-13,PUB.PA,non,oui,oui,non,non,-8.2772
2024-12-13,SGO.PA,non,oui,non,non,non,-3.244
2024-12-13,MC.PA,non,oui,oui,non,non,-0.2817
2024-12-13,CAP.PA,non,oui,non,non,non,0.7372
2024-12-20,ENGI.PA,oui,non,non,non,non,4.1248
2024-12-20,AC.PA,non,oui,non,non,non,5.2575
2024-12-20,EN.PA,non,oui,non,non,non,8.4072
2024-12-20,TTE.PA,oui,non,non,non,non,10.2854
2024-12-20,SAF.PA,oui,non,non,non,non,11.0
2024-12-20,AIR.PA,non,oui,oui,non,non,6.6934
2024-12-20,PUB.PA,non,oui,non,non,non,-2.8682
2024-12-20,SGO.PA,oui,oui,non,non,non,3.6594
2024-12-20,MC.PA,non,oui,oui,non,non,13.6443
2024-12-20,CAP.PA,non,oui,non,non,non,4.6699
2024-12-27,ENGI.PA,non,non,non,non,non,1.7833
2024-12-27,AC.PA,non,oui,non,non,non,4.5775
2024-12-27,EN.PA,non,oui,non,non,non,7.3256
2024-12-27,TTE.PA,non,non,non,non,non,7.1597
2024-12-27,SAF.PA,oui,non,non,non,non,11.4218
2024-12-27,AIR.PA,non,oui,oui,non,non,6.7869
2024-12-27,PUB.PA,non,oui,non,non,non,-2.1823
2024-12-27,SGO.PA,oui,non,non,non,non,2.877
2024-12-27,MC.PA,non,oui,oui,non,non,18.7539
2024-12-27,CAP.PA,non,oui,non,non,non,4.9029
2025-01-03,ENGI.PA,non,oui,non,non,oui,1.8886
2025-01-03,AC.PA,non,oui,non,non,oui,8.1974
2025-01-03,EN.PA,non,non,oui,non,oui,6.6133
2025-01-03,TTE.PA,non,non,non,non,oui,4.4259
2025-01-03,SAF.PA,oui,non,non,non,oui,13.3743
2025-01-03,AIR.PA,non,oui,oui,non,oui,5.3853
2025-01-03,PUB.PA,oui,non,non,non,oui,2.4888
2025-01-03,SGO.PA,oui,non,non,non,oui,7.9619
2025-01-03,MC.PA,non,non,non,non,oui,15.0826
2025-01-03,CAP.PA,non,non,non,non,oui,13.5161
2025-01-10,ENGI.PA,non,oui,non,non,non,1.3427
2025-01-10,AC.PA,non,oui,non,non,non,5.6532
2025-01-10,EN.PA,non,oui,non,non,non,10.6929
2025-01-10,TTE.PA,non,oui,oui,non,non,6.5701
2025-01-10,SAF.PA,non,oui,non,non,non,10.5263
2025-01-10,AIR.PA,non,non,non,non,non,5.9406
2025-01-10,PUB.PA,oui,non,non,non,non,6.3247
2025-01-10,SGO.PA,oui,non,non,non,non,11.3253
2025-01-10,MC.PA,non,oui,oui,non,non,6.0775
2025-01-10,CAP.PA,non,oui,non,non,non,11.1748
2025-01-17,ENGI.PA,non,oui,oui,non,non,-3.296
2025-01-17,AC.PA,non,oui,non,non,non,4.9938
2025-01-17,EN.PA,non,oui,oui,non,non,7.5258
2025-01-17,TTE.PA,non,oui,oui,non,non,2.4535
2025-01-17,SAF.PA,non,oui,non,non,non,8.1794
2025-01-17,AIR.PA,non,oui,non,non,non,4.814
2025-01-17,PUB.PA,oui,non,non,non,non,6.2877
2025-01-17,SGO.PA,oui,non,non,non,non,11.6655
2025-01-17,MC.PA,non,oui,oui,non,non,3.3184
2025-01-17,CAP.PA,non,oui,non,non,non,15.5646
2025-01-24,ENGI.PA,non,oui,non,non,non,3.5806
2025-01-24,AC.PA,non,oui,non,non,non,-5.2062
2025-01-24,EN.PA,non,oui,oui,non,non,5.3877
2025-01-24,TTE.PA,non,oui,oui,non,non,4.0831
2025-01-24,SAF.PA,non,oui,oui,non,non,3.2558
2025-01-24,AIR.PA,non,oui,oui,non,non,-4.2146
2025-01-24,PUB.PA,oui,non,non,non,non,2.8852
2025-01-24,SGO.PA,non,oui,non,non,non,5.1202
2025-01-24,MC.PA,non,oui,oui,non,non,-4.3182
2025-01-24,CAP.PA,non,oui,oui,non,non,-2.0896
2025-01-31,ENGI.PA,non,non,oui,non,oui,8.3255
2025-01-31,AC.PA,non,oui,non,non,oui,-3.4164
2025-01-31,EN.PA,non,oui,oui,non,oui,7.8681
2025-01-31,TTE.PA,non,oui,oui,non,oui,2.465
2025-01-31,SAF.PA,non,oui,oui,non,oui,4.2518
2025-01-31,AIR.PA,non,oui,non,non,oui,-0.8497
2025-01-31,PUB.PA,non,oui,non,non,oui,-7.2365
2025-01-31,SGO.PA,non,oui,non,non,oui,6.7785
2025-01-31,MC.PA,non,oui,oui,non,oui,-1.2224
2025-01-31,CAP.PA,non,oui,oui,non,oui,-15.2316
2025-02-07,ENGI.PA,non,oui,oui,non,non,6.5931
2025-02-07,AC.PA,non,oui,non,non,non,-6.6333
2025-02-07,EN.PA,non,oui,oui,non,non,13.0918
2025-02-07,TTE.PA,non,oui,oui,non,non,-3.9742
2025-02-07,SAF.PA,non,oui,oui,non,non,2.9557
2025-02-07,AIR.PA,non,oui,non,non,non,1.5816
2025-02-07,PUB.PA,non,oui,oui,non,non,-11.2131
2025-02-07,SGO.PA,non,oui,oui,non,non,13.1652
2025-02-07,MC.PA,non,oui,non,non,non,-7.2347
2025-02-07,CAP.PA,non,oui,oui,non,non,-11.9416
2025-02-14,ENGI.PA,non,oui,non,non,non,10.836
2025-02-14,AC.PA,non,oui,non,non,non,-11.4546
2025-02-14,EN.PA,non,oui,oui,non,non,10.8702
2025-02-14,TTE.PA,non,oui,oui,non,non,-2.3607
2025-02-14,SAF.PA,non,oui,oui,non,non,1.9106
2025-02-14,AIR.PA,non,oui,non,non,non,0.4035
2025-02-14,PUB.PA,non,oui,non,non,non,-13.4879
2025-02-14,SGO.PA,non,oui,oui,non,non,3.7443
2025-02-14,MC.PA,non,non,oui,non,non,-15.1332
2025-02-14,CAP.PA,non,oui,oui,non,non,-20.7018
2025-02-21,ENGI.PA,non,oui,oui,non,non,9.3117
2025-02-21,AC.PA,oui,non,non,non,non,-5.4706
2025-02-21,EN.PA,non,oui,oui,non,non,11.8454
2025-02-21,TTE.PA,non,oui,oui,non,non,0.4818
2025-02-21,SAF.PA,non,oui,non,non,non,2.5389
2025-02-21,AIR.PA,oui,oui,non,non,non,4.15
2025-02-21,PUB.PA,non,oui,non,non,non,-10.3603
2025-02-21,SGO.PA,non,oui,non,non,non,5.845
2025-02-21,MC.PA,non,non,non,non,non,-14.2227
2025-02-21,CAP.PA,non,non,non,non,non,-10.9451
2025-02-28,ENGI.PA,non,oui,oui,non,oui,4.7564
2025-02-28,AC.PA,oui,non,non,non,oui,-10.9655
2025-02-28,EN.PA,non,oui,oui,non,oui,11.7131
2025-02-28,TTE.PA,non,oui,oui,non,oui,3.8573
2025-02-28,SAF.PA,non,oui,oui,non,oui,-1.7593
2025-02-28,AIR.PA,oui,non,non,non,oui,0.338
2025-02-28,PUB.PA,oui,non,non,non,oui,-5.7592
2025-02-28,SGO.PA,non,oui,oui,non,oui,-0.1654
2025-02-28,MC.PA,non,oui,non,non,oui,-15.513
2025-02-28,CAP.PA,non,non,non,non,oui,-2.5813
2025-03-07,ENGI.PA,non,oui,oui,non,non,9.2039
2025-03-07,AC.PA,oui,non,non,non,non,-18.8452
2025-03-07,EN.PA,non,oui,oui,non,non,-0.0281
2025-03-07,TTE.PA,non,non,non,non,non,-4.871
2025-03-07,SAF.PA,non,oui,non,non,non,-12.9585
2025-03-07,AIR.PA,non,oui,non,non,non,-13.364
2025-03-07,PUB.PA,oui,non,non,non,non,-14.6444
2025-03-07,SGO.PA,non,oui,oui,non,non,-22.7762
2025-03-07,MC.PA,oui,non,non,non,non,-16.496
2025-03-07,CAP.PA,non,non,non,non,non,-16.5203
2025-03-14,ENGI.PA,non,oui,oui,non,non,4.7868
2025-03-14,AC.PA,oui,non,non,non,non,-15.3312
2025-03-14,EN.PA,non,oui,oui,non,non,-2.1229
2025-03-14,TTE.PA,non,non,non,non,non,-14.2085
2025-03-14,SAF.PA,non,non,non,non,non,-18.3486
2025-03-14,AIR.PA,oui,non,non,non,non,-20.2955
2025-03-14,PUB.PA,oui,non,non,non,non,-10.5908
2025-03-14,SGO.PA,non,oui,oui,non,non,-17.8863
2025-03-14,MC.PA,oui,non,non,non,non,-13.3366
2025-03-14,CAP.PA,non,non,non,non,non,-15.1804
2025-03-21,ENGI.PA,non,oui,oui,non,non,7.6638
2025-03-21,AC.PA,oui,non,non,non,non,-10.7997
2025-03-21,EN.PA,non,oui,oui,non,non,4.6265
2025-03-21,TTE.PA,non,oui,non,non,non,-9.9833
2025-03-21,SAF.PA,non,oui,non,non,non,-14.377
2025-03-21,AIR.PA,oui,oui,non,non,non,-18.3563
2025-03-21,PUB.PA,oui,non,non,non,non,-7.4734
2025-03-21,SGO.PA,non,oui,non,non,non,-14.0456
2025-03-21,MC.PA,oui,non,non,non,non,-19.1203
2025-03-21,CAP.PA,non,non,non,non,non,-12.4615
2025-03-28,ENGI.PA,non,oui,oui,non,oui,7.2994
2025-03-28,AC.PA,oui,non,non,non,oui,-0.2103
2025-03-28,EN.PA,non,oui,oui,non,oui,3.7388
2025-03-28,TTE.PA,non,oui,oui,non,oui,-11.5859
2025-03-28,SAF.PA,non,non,non,non,oui,-6.2271
2025-03-28,AIR.PA,oui,non,non,non,oui,-11.4541
2025-03-28,PUB.PA,oui,non,non,non,oui,-1.1778
2025-03-28,SGO.PA,non,non,non,non,oui,-0.4971
2025-03-28,MC.PA,oui,non,non,non,oui,-15.3898
2025-03-28,CAP.PA,non,non,non,non,oui,-5.0241
2025-04-04,ENGI.PA,non,oui,oui,non,non,8.2685
2025-04-04,AC.PA,oui,non,non,non,non,19.0426
2025-04-04,EN.PA,non,oui,non,non,non,11.8871
2025-04-04,TTE.PA,oui,oui,non,non,non,-4.3716
2025-04-04,SAF.PA,oui,non,non,non,non,11.1773
2025-04-04,AIR.PA,oui,non,non,non,non,7.5934
2025-04-04,PUB.PA,oui,non,non,non,non,12.3609
2025-04-04,SGO.PA,oui,non,non,non,non,18.3908
2025-04-04,MC.PA,oui,non,non,non,non,-7.3852
2025-04-04,CAP.PA,oui,non,non,non,non,11.6089
2025-04-11,ENGI.PA,non,oui,oui,non,non,6.2471
2025-04-11,AC.PA,oui,non,non,non,non,26.2754
2025-04-11,EN.PA,non,non,non,non,non,14.995
2025-04-11,TTE.PA,oui,non,non,non,non,9.1339
2025-04-11,SAF.PA,oui,non,non,non,non,23.107
2025-04-11,AIR.PA,oui,non,non,non,non,20.9294
2025-04-11,PUB.PA,oui,non,non,non,non,17.768
2025-04-11,SGO.PA,oui,non,non,non,non,24.6965
2025-04-11,MC.PA,oui,non,non,non,non,1.6768
2025-04-11,CAP.PA,oui,non,non,non,non,22.5522
2025-04-17,ENGI.PA,non,oui,oui,non,non,9.4356
2025-04-17,AC.PA,oui,non,non,non,non,21.6945
2025-04-17,EN.PA,non,non,non,non,non,11.2143
2025-04-17,TTE.PA,oui,non,non,non,non,2.6331
2025-04-17,SAF.PA,oui,non,non,non,non,23.0914
2025-04-17,AIR.PA,oui,non,non,non,non,21.2648
2025-04-17,PUB.PA,non,non,non,non,non,13.9793
2025-04-17,SGO.PA,oui,non,non,non,non,17.1171
2025-04-17,MC.PA,oui,non,non,non,non,5.5569
2025-04-17,CAP.PA,oui,non,non,non,non,19.8387
2025-04-25,ENGI.PA,non,oui,oui,non,oui,9.297
2025-04-25,AC.PA,non,non,non,non,oui,8.1444
2025-04-25,EN.PA,non,oui,non,non,oui,10.4226
2025-04-25,TTE.PA,oui,non,non,non,oui,-1.8575
2025-04-25,SAF.PA,non,non,non,non,oui,12.9943
2025-04-25,AIR.PA,oui,non,non,non,oui,13.9545
2025-04-25,PUB.PA,non,non,non,non,oui,8.9845
2025-04-25,SGO.PA,non,non,non,non,oui,5.9788
2025-04-25,MC.PA,oui,non,non,non,oui,-3.0774
2025-04-25,CAP.PA,oui,non,non,non,oui,17.4474
2025-05-02,ENGI.PA,non,oui,oui,non,non,4.8027
2025-05-02,AC.PA,non,oui,non,non,non,4.5394
2025-05-02,EN.PA,non,oui,oui,non,non,3.6447
2025-05-02,TTE.PA,oui,non,non,non,non,1.5729
2025-05-02,SAF.PA,non,oui,non,non,non,8.6513
2025-05-02,AIR.PA,non,oui,non,non,non,4.5947
2025-05-02,PUB.PA,non,oui,non,non,non,4.9704
2025-05-02,SGO.PA,non,oui,non,non,non,-0.0202
2025-05-02,MC.PA,oui,non,non,non,non,-3.5495
2025-05-02,CAP.PA,non,oui,non,non,non,4.9597
2025-05-09,ENGI.PA,non,oui,oui,non,non,6.3907
2025-05-09,AC.PA,non,oui,non,non,non,4.0871
2025-05-09,EN.PA,non,oui,oui,non,non,0.7407
2025-05-09,TTE.PA,non,oui,non,non,non,0.7901
2025-05-09,SAF.PA,non,oui,non,non,non,8.2583
2025-05-09,AIR.PA,non,oui,non,non,non,4.355
2025-05-09,PUB.PA,non,oui,oui,non,non,3.2111
2025-05-09,SGO.PA,non,oui,non,non,non,2.3348
2025-05-09,MC.PA,non,non,non,non,non,-4.942
2025-05-09,CAP.PA,non,oui,non,non,non,3.092
2025-05-16,ENGI.PA,non,oui,oui,non,non,8.1927
2025-05-16,AC.PA,non,oui,oui,non,non,-6.1072
2025-05-16,EN.PA,non,oui,oui,non,non,-2.4
2025-05-16,TTE.PA,non,oui,non,non,non,2.9495
2025-05-16,SAF.PA,non,oui,non,non,non,-0.0172
2025-05-16,AIR.PA,non,oui,non,non,non,0.8362
2025-05-16,PUB.PA,non,oui,oui,non,non,0.0
2025-05-16,SGO.PA,non,oui,non,non,non,-3.3289
2025-05-16,MC.PA,non,oui,non,non,non,-8.4342
2025-05-16,CAP.PA,non,oui,non,non,non,2.1345
2025-05-23,ENGI.PA,non,oui,oui,non,oui,3.0574
2025-05-23,AC.PA,non,oui,non,non,oui,-5.8762
2025-05-23,EN.PA,non,oui,oui,non,oui,-6.441
2025-05-23,TTE.PA,oui,oui,non,non,oui,8.9354
2025-05-23,SAF.PA,non,oui,non,non,oui,3.2712
2025-05-23,AIR.PA,non,oui,non,non,oui,6.4844
2025-05-23,PUB.PA,non,oui,oui,non,oui,-2.1889
2025-05-23,SGO.PA,non,oui,non,non,oui,-0.7324
2025-05-23,MC.PA,non,oui,non,non,oui,-6.0647
2025-05-23,CAP.PA,non,oui,non,non,oui,-3.5739
2025-05-30,ENGI.PA,non,oui,oui,non,non,4.3982
2025-05-30,AC.PA,non,oui,oui,non,non,-3.2974
2025-05-30,EN.PA,non,oui,non,non,non,0.0261
2025-05-30,TTE.PA,non,oui,non,non,non,3.2725
2025-05-30,SAF.PA,non,oui,non,non,non,4.1316
2025-05-30,AIR.PA,non,oui,non,non,non,9.9457
2025-05-30,PUB.PA,non,oui,oui,non,non,-0.1043
2025-05-30,SGO.PA,non,oui,non,non,non,4.5584
2025-05-30,MC.PA,non,non,non,non,non,-6.0533
2025-05-30,CAP.PA,non,oui,non,non,non,-0.6838
2025-06-06,ENGI.PA,non,oui,non,non,non,3.6041
2025-06-06,AC.PA,non,non,oui,non,non,0.4582
2025-06-06,EN.PA,oui,oui,non,non,non,2.5473
2025-06-06,TTE.PA,non,non,non,non,non,2.8827
2025-06-06,SAF.PA,non,oui,non,non,non,1.5431
2025-06-06,AIR.PA,non,oui,non,non,non,6.0723
2025-06-06,PUB.PA,non,non,oui,non,non,-1.5731
2025-06-06,SGO.PA,non,non,non,non,non,-2.0697
2025-06-06,MC.PA,non,non,non,non,non,1.2944
2025-06-06,CAP.PA,non,non,oui,non,non,-3.4884
2025-06-13,ENGI.PA,non,oui,oui,non,non,-1.0314
2025-06-13,AC.PA,non,non,non,non,non,9.4776
2025-06-13,EN.PA,oui,non,non,non,non,1.8244
2025-06-13,TTE.PA,non,oui,non,non,non,-0.1425
2025-06-13,SAF.PA,non,oui,non,non,non,10.387
2025-06-13,AIR.PA,non,oui,non,non,non,13.3927
2025-06-13,PUB.PA,non,non,non,non,non,-2.6489
2025-06-13,SGO.PA,non,oui,non,non,non,4.8017
2025-06-13,MC.PA,non,non,non,non,non,5.7
2025-06-13,CAP.PA,non,oui,oui,non,non,-6.6489
2025-06-20,ENGI.PA,non,oui,non,non,oui,-0.3836
2025-06-20,AC.PA,non,non,non,non,oui,14.4553
2025-06-20,EN.PA,oui,non,non,non,oui,4.8596
2025-06-20,TTE.PA,non,oui,oui,non,oui,-2.7625
2025-06-20,SAF.PA,non,non,non,non,oui,9.6464
2025-06-20,AIR.PA,non,oui,oui,non,oui,11.1761
2025-06-20,PUB.PA,non,non,non,non,oui,-6.8755
2025-06-20,SGO.PA,non,non,non,non,oui,6.0878
2025-06-20,MC.PA,non,non,non,non,oui,5.0672
2025-06-20,CAP.PA,non,oui,non,non,oui,-2.6121
2025-06-27,ENGI.PA,non,oui,non,non,non,-0.782
2025-06-27,AC.PA,non,non,non,non,non,13.0484
2025-06-27,EN.PA,oui,non,non,non,non,0.9896
2025-06-27,TTE.PA,non,oui,non,non,non,-2.2658
2025-06-27,SAF.PA,non,oui,oui,non,non,1.9471
2025-06-27,AIR.PA,non,oui,oui,non,non,1.1223
2025-06-27,PUB.PA,non,non,non,non,non,-9.391
2025-06-27,SGO.PA,non,non,non,non,non,1.0386
2025-06-27,MC.PA,non,non,non,non,non,8.7692
2025-06-27,CAP.PA,non,non,non,non,non,-7.7108
2025-07-04,ENGI.PA,non,oui,non,non,non,-3.5039
2025-07-04,AC.PA,non,oui,oui,non,non,-8.1668
2025-07-04,EN.PA,oui,oui,non,non,non,-7.2983
2025-07-04,TTE.PA,non,non,non,non,non,-3.5869
2025-07-04,SAF.PA,non,oui,non,non,non,3.8918
2025-07-04,AIR.PA,non,oui,oui,non,non,-3.5808
2025-07-04,PUB.PA,non,non,non,non,non,-11.6067
2025-07-04,SGO.PA,non,oui,non,non,non,-6.2062
2025-07-04,MC.PA,non,non,oui,non,non,-3.289
2025-07-04,CAP.PA,non,non,non,non,non,-14.3201
2025-07-11,ENGI.PA,oui,oui,non,non,non,-5.1856
2025-07-11,AC.PA,non,oui,oui,non,non,-4.2652
2025-07-11,EN.PA,oui,oui,non,non,non,-1.7138
2025-07-11,TTE.PA,non,non,oui,non,non,-2.1533
2025-07-11,SAF.PA,non,oui,oui,non,non,4.186
2025-07-11,AIR.PA,non,oui,oui,non,non,-3.8205
2025-07-11,PUB.PA,non,non,non,non,non,-12.3063
2025-07-11,SGO.PA,non,oui,non,non,non,-2.4701
2025-07-11,MC.PA,non,oui,oui,non,non,-5.4029
2025-07-11,CAP.PA,non,non,non,non,non,-10.5413
2025-07-18,ENGI.PA,oui,non,non,non,oui,-2.9012
2025-07-18,AC.PA,non,oui,oui,non,oui,-7.3206
2025-07-18,EN.PA,oui,oui,non,non,oui,1.1329
2025-07-18,TTE.PA,non,oui,non,non,oui,0.6021
2025-07-18,SAF.PA,non,oui,oui,non,oui,2.2783
2025-07-18,AIR.PA,non,oui,oui,non,oui,0.3544
2025-07-18,PUB.PA,non,non,non,non,oui,-8.4661
2025-07-18,SGO.PA,non,oui,non,non,oui,-1.5415
2025-07-18,MC.PA,non,oui,oui,non,oui,0.7086
2025-07-18,CAP.PA,non,non,non,non,oui,-10.801
2025-07-25,ENGI.PA,oui,non,non,non,non,-4.5512
2025-07-25,AC.PA,non,oui,oui,non,non,-9.994
2025-07-25,EN.PA,oui,non,non,non,non,-0.1805
2025-07-25,TTE.PA,non,non,non,non,non,6.429
2025-07-25,SAF.PA,non,oui,non,non,non,4.6847
2025-07-25,AIR.PA,non,oui,non,non,non,0.2886
2025-07-25,PUB.PA,non,non,non,non,non,-3.3285
2025-07-25,SGO.PA,non,oui,non,non,non,-3.906
2025-07-25,MC.PA,non,oui,oui,non,non,1.3096
2025-07-25,CAP.PA,non,non,non,non,non,-5.5576
2025-08-01,ENGI.PA,oui,non,non,non,non,-7.5758
2025-08-01,AC.PA,oui,non,non,non,non,-0.0237
2025-08-01,EN.PA,oui,non,non,non,non,1.2155
2025-08-01,TTE.PA,non,non,non,non,non,4.7582
2025-08-01,SAF.PA,non,oui,non,non,non,1.6411
2025-08-01,AIR.PA,non,non,non,non,non,5.89
2025-08-01,PUB.PA,oui,non,non,non,non,-1.0294
2025-08-01,SGO.PA,oui,non,non,non,non,1.3409
2025-08-01,MC.PA,non,non,oui,non,non,9.1953
2025-08-01,CAP.PA,oui,non,non,non,non,-2.4106
2025-08-08,ENGI.PA,oui,non,non,non,non,-5.4156
2025-08-08,AC.PA,non,non,non,non,non,-9.7706
2025-08-08,EN.PA,oui,non,non,non,non,-4.8084
2025-08-08,TTE.PA,non,non,non,non,non,-1.6885
2025-08-08,SAF.PA,non,oui,non,non,non,-4.4643
2025-08-08,AIR.PA,non,non,non,non,non,4.3241
2025-08-08,PUB.PA,oui,non,non,non,non,5.4033
2025-08-08,SGO.PA,non,non,non,non,non,-6.5972
2025-08-08,MC.PA,non,non,oui,non,non,7.5648
2025-08-08,CAP.PA,oui,non,non,non,non,-0.4777
2025-08-15,ENGI.PA,oui,non,non,non,oui,-3.7546
2025-08-15,AC.PA,non,non,non,non,oui,-7.787
2025-08-15,EN.PA,non,non,non,non,oui,-3.7933
2025-08-15,TTE.PA,non,oui,non,non,oui,-2.5248
2025-08-15,SAF.PA,non,oui,non,non,oui,-2.1247
2025-08-15,AIR.PA,non,non,non,non,oui,3.3926
2025-08-15,PUB.PA,oui,non,non,non,oui,8.0281
2025-08-15,SGO.PA,non,non,non,non,oui,-5.1515
2025-08-15,MC.PA,non,non,oui,non,oui,3.0561
2025-08-15,CAP.PA,oui,non,non,non,oui,0.6095
2025-08-22,ENGI.PA,oui,non,non,non,non,-4.7416
2025-08-22,AC.PA,non,non,non,non,non,-7.7524
2025-08-22,EN.PA,non,oui,non,non,non,-3.4616
2025-08-22,TTE.PA,non,oui,oui,non,non,-5.6013
2025-08-22,SAF.PA,non,oui,non,non,non,0.3787
2025-08-22,AIR.PA,non,oui,non,non,non,7.2709
2025-08-22,PUB.PA,non,non,non,non,non,-1.6596
2025-08-22,SGO.PA,non,oui,non,non,non,-4.4621
2025-08-22,MC.PA,non,oui,oui,non,non,3.1307
2025-08-22,CAP.PA,non,non,non,non,non,-1.8562
2025-08-29,ENGI.PA,oui,non,non,non,non,3.3917
2025-08-29,AC.PA,oui,non,non,non,non,-3.8325
2025-08-29,EN.PA,oui,non,non,non,non,4.1758
2025-08-29,TTE.PA,non,oui,non,non,non,1.4019
2025-08-29,SAF.PA,non,non,non,non,non,3.8961
2025-08-29,AIR.PA,non,oui,non,non,non,9.3042
2025-08-29,PUB.PA,non,oui,non,non,non,1.1162
2025-08-29,SGO.PA,oui,non,non,non,non,-0.9761
2025-08-29,MC.PA,non,oui,oui,non,non,2.3011
2025-08-29,CAP.PA,oui,oui,non,non,non,-1.8938
2025-09-05,ENGI.PA,oui,non,non,non,non,6.0941
2025-09-05,AC.PA,oui,non,non,non,non,1.6133
2025-09-05,EN.PA,oui,non,non,non,non,6.6056
2025-09-05,TTE.PA,non,non,non,non,non,0.1795
2025-09-05,SAF.PA,oui,non,non,non,non,8.9504
2025-09-05,AIR.PA,non,oui,non,non,non,10.7213
2025-09-05,PUB.PA,non,oui,non,non,non,0.826
2025-09-05,SGO.PA,oui,non,non,non,non,3.127
2025-09-05,MC.PA,non,oui,oui,non,non,11.4559
2025-09-05,CAP.PA,non,non,non,non,non,-0.52
2025-09-12,ENGI.PA,oui,non,non,non,oui,3.956
2025-09-12,AC.PA,oui,non,non,non,oui,-1.8685
2025-09-12,EN.PA,non,non,non,non,oui,0.7409
2025-09-12,TTE.PA,non,non,non,non,oui,-2.4649
2025-09-12,SAF.PA,oui,non,non,non,oui,4.0966
2025-09-12,AIR.PA,non,oui,non,non,oui,4.544
2025-09-12,PUB.PA,non,oui,non,non,oui,-1.2025
2025-09-12,SGO.PA,non,non,non,non,oui,-6.7732
2025-09-12,MC.PA,non,oui,non,non,oui,11.281
2025-09-12,CAP.PA,non,non,non,non,oui,-3.3118
2025-09-19,ENGI.PA,oui,oui,non,non,non,9.9273
2025-09-19,AC.PA,oui,non,non,non,non,0.6781
2025-09-19,EN.PA,non,oui,non,non,non,10.4362
2025-09-19,TTE.PA,oui,non,non,non,non,3.9181
2025-09-19,SAF.PA,non,non,non,non,non,1.8176
2025-09-19,AIR.PA,non,oui,non,non,non,3.3736
2025-09-19,PUB.PA,non,oui,non,non,non,8.3123
2025-09-19,SGO.PA,non,oui,non,non,non,-4.5639
2025-09-19,MC.PA,non,oui,oui,non,non,18.6251
2025-09-19,CAP.PA,non,oui,non,non,non,-2.0523
2025-09-26,ENGI.PA,non,oui,non,non,non,7.6818
2025-09-26,AC.PA,oui,non,non,non,non,11.1439
2025-09-26,EN.PA,non,oui,non,non,non,7.7024
2025-09-26,TTE.PA,non,oui,non,non,non,1.0334
2025-09-26,SAF.PA,non,oui,non,non,non,2.8716
2025-09-26,AIR.PA,non,oui,non,non,non,6.5042
2025-09-26,PUB.PA,non,non,non,non,non,8.3542
2025-09-26,SGO.PA,oui,oui,non,non,non,-1.0077
2025-09-26,MC.PA,non,oui,oui,non,non,18.7706
2025-09-26,CAP.PA,non,oui,non,non,non,6.6723
2025-10-03,ENGI.PA,non,oui,non,non,non,8.4691
2025-10-03,AC.PA,non,non,non,non,non,6.2064
2025-10-03,EN.PA,non,oui,non,non,non,1.8745
2025-10-03,TTE.PA,oui,oui,non,non,non,5.66
2025-10-03,SAF.PA,non,oui,non,non,non,1.5836
2025-10-03,AIR.PA,non,oui,non,non,non,4.8391
2025-10-03,PUB.PA,non,non,non,non,non,4.5783
2025-10-03,SGO.PA,non,non,non,non,non,-10.8779
2025-10-03,MC.PA,non,oui,oui,non,non,10.6672
2025-10-03,CAP.PA,non,non,non,non,non,7.3583
2025-10-10,ENGI.PA,non,oui,non,non,oui,11.8922
2025-10-10,AC.PA,non,non,non,non,oui,12.3887
2025-10-10,EN.PA,non,oui,non,non,oui,4.5968
2025-10-10,TTE.PA,oui,non,non,non,oui,7.16
2025-10-10,SAF.PA,non,oui,non,non,oui,1.2782
2025-10-10,AIR.PA,non,oui,non,non,oui,2.995
2025-10-10,PUB.PA,non,oui,non,non,oui,2.4586
2025-10-10,SGO.PA,oui,non,non,non,oui,-8.8645
2025-10-10,MC.PA,non,oui,oui,non,oui,10.4762
2025-10-10,CAP.PA,non,non,non,non,oui,3.0493
2025-10-17,ENGI.PA,non,oui,oui,non,non,10.9132
2025-10-17,AC.PA,non,oui,non,non,non,11.7633
2025-10-17,EN.PA,non,oui,oui,non,non,0.8723
2025-10-17,TTE.PA,non,non,non,non,non,6.678
2025-10-17,SAF.PA,oui,oui,non,non,non,2.5261
2025-10-17,AIR.PA,non,oui,non,non,non,3.0439
2025-10-17,PUB.PA,non,oui,oui,non,non,1.0698
2025-10-17,SGO.PA,non,non,non,non,non,-7.7095
2025-10-17,MC.PA,non,oui,oui,non,non,5.1676
2025-10-17,CAP.PA,non,non,oui,non,non,9.696
2025-10-24,ENGI.PA,non,oui,oui,non,non,9.7741
2025-10-24,AC.PA,non,oui,oui,non,non,0.8854
2025-10-24,EN.PA,non,oui,oui,non,non,1.5568
2025-10-24,TTE.PA,non,oui,oui,non,non,3.8212
2025-10-24,SAF.PA,non,oui,non,non,non,-4.959
2025-10-24,AIR.PA,non,oui,oui,non,non,-2.7345
2025-10-24,PUB.PA,non,oui,oui,non,non,-2.6395
2025-10-24,SGO.PA,non,non,non,non,non,-10.0465
2025-10-24,MC.PA,non,oui,oui,non,non,1.7143
2025-10-24,CAP.PA,non,oui,oui,non,non,3.4618
2025-10-31,ENGI.PA,non,oui,oui,non,non,7.8818
2025-10-31,AC.PA,non,oui,oui,non,non,5.5946
2025-10-31,EN.PA,non,oui,non,non,non,9.9412
2025-10-31,TTE.PA,non,oui,oui,non,non,5.2827
2025-10-31,SAF.PA,non,oui,non,non,non,-5.7161
2025-10-31,AIR.PA,non,oui,oui,non,non,-4.194
2025-10-31,PUB.PA,non,oui,oui,non,non,-3.2488
2025-10-31,SGO.PA,oui,non,non,non,non,2.2365
2025-10-31,MC.PA,non,oui,oui,non,non,3.8229
2025-10-31,CAP.PA,non,oui,oui,non,non,0.9738
2025-11-07,ENGI.PA,non,oui,oui,non,oui,1.1337
2025-11-07,AC.PA,non,oui,oui,non,oui,2.4863
2025-11-07,EN.PA,non,non,non,non,oui,8.4129
2025-11-07,TTE.PA,non,oui,non,non,oui,5.2632
2025-11-07,SAF.PA,oui,oui,non,non,oui,-2.7234
2025-11-07,AIR.PA,non,oui,non,non,oui,-5.4554
2025-11-07,PUB.PA,non,oui,non,non,oui,2.4234
2025-11-07,SGO.PA,oui,non,non,non,oui,8.724
2025-11-07,MC.PA,non,oui,non,non,oui,5.0268
2025-11-07,CAP.PA,non,oui,non,non,oui,17.1463
2025-11-14,ENGI.PA,non,oui,oui,non,non,-0.4587
2025-11-14,AC.PA,non,oui,oui,non,non,0.7318
2025-11-14,EN.PA,non,oui,oui,non,non,3.6512
2025-11-14,TTE.PA,non,oui,oui,non,non,-1.1382
2025-11-14,SAF.PA,non,oui,non,non,non,-4.3035
2025-11-14,AIR.PA,non,oui,non,non,non,-6.0436
2025-11-14,PUB.PA,non,non,oui,non,non,0.7133
2025-11-14,SGO.PA,oui,non,non,non,non,4.4794
2025-11-14,MC.PA,non,oui,oui,non,non,-1.1161
2025-11-14,CAP.PA,non,oui,oui,non,non,10.5618
2025-11-21,ENGI.PA,non,oui,oui,non,non,3.0527
2025-11-21,AC.PA,non,oui,oui,non,non,5.441
2025-11-21,EN.PA,non,oui,oui,non,non,6.7305
2025-11-21,TTE.PA,non,oui,oui,non,non,-0.2859
2025-11-21,SAF.PA,oui,non,non,non,non,5.8397
2025-11-21,AIR.PA,oui,non,non,non,non,-3.4081
2025-11-21,PUB.PA,non,non,non,non,non,5.6599
2025-11-21,SGO.PA,oui,non,non,non,non,5.8795
2025-11-21,MC.PA,non,oui,non,non,non,2.2717
2025-11-21,CAP.PA,non,oui,oui,non,non,10.7224
2025-11-28,ENGI.PA,non,oui,oui,non,non,2.3288
2025-11-28,AC.PA,non,oui,oui,non,non,3.0245
2025-11-28,EN.PA,non,oui,oui,non,non,3.6727
2025-11-28,TTE.PA,non,oui,oui,non,non,-0.7042
2025-11-28,SAF.PA,oui,non,non,non,non,2.4457
2025-11-28,AIR.PA,oui,non,non,non,non,-2.695
2025-11-28,PUB.PA,non,non,non,non,non,6.2872
2025-11-28,SGO.PA,non,oui,non,non,non,1.0705
2025-11-28,MC.PA,non,oui,non,non,non,1.4663
2025-11-28,CAP.PA,non,oui,oui,non,non,6.1573
2025-12-05,ENGI.PA,non,oui,non,non,oui,10.6492
2025-12-05,AC.PA,non,oui,oui,non,oui,2.8124
2025-12-05,EN.PA,non,oui,oui,non,oui,7.0188
2025-12-05,TTE.PA,non,oui,oui,non,oui,-3.6724
2025-12-05,SAF.PA,oui,non,non,non,oui,10.14
2025-12-05,AIR.PA,oui,non,non,non,oui,8.668
2025-12-05,PUB.PA,non,non,non,non,oui,0.4407
2025-12-05,SGO.PA,non,oui,oui,non,oui,-3.0666
2025-12-05,MC.PA,non,oui,non,non,oui,0.1911
2025-12-05,CAP.PA,non,oui,oui,non,oui,1.7993
2025-12-12,ENGI.PA,non,non,non,non,non,9.4009
2025-12-12,AC.PA,non,oui,oui,non,non,-1.7308
2025-12-12,EN.PA,non,oui,non,non,non,4.9131
2025-12-12,TTE.PA,non,oui,non,non,non,4.215
2025-12-12,SAF.PA,oui,non,non,non,non,9.921
2025-12-12,AIR.PA,oui,non,non,non,non,11.0453
2025-12-12,PUB.PA,non,oui,non,non,non,-0.7768
2025-12-12,SGO.PA,non,oui,oui,non,non,-2.1321
2025-12-12,MC.PA,non,oui,non,non,non,2.1457
2025-12-12,CAP.PA,non,oui,oui,non,non,0.0
2025-12-19,ENGI.PA,non,oui,non,non,non,6.912
2025-12-19,AC.PA,non,oui,oui,non,non,-4.2863
2025-12-19,EN.PA,non,oui,oui,non,non,-0.7855
2025-12-19,TTE.PA,non,non,non,non,non,5.0594
2025-12-19,SAF.PA,non,oui,non,non,non,3.0362
2025-12-19,AIR.PA,oui,non,non,non,non,5.9028
2025-12-19,PUB.PA,non,oui,non,non,non,-3.6462
2025-12-19,SGO.PA,non,oui,oui,non,non,-5.1115
2025-12-19,MC.PA,non,oui,non,non,non,-7.3611
2025-12-19,CAP.PA,non,oui,oui,non,non,-8.2761
2025-12-24,ENGI.PA,non,oui,non,non,non,10.3791
2025-12-24,AC.PA,non,oui,non,non,non,-2.0798
2025-12-24,EN.PA,non,oui,non,non,non,0.6998
2025-12-24,TTE.PA,non,non,non,non,non,7.5369
2025-12-24,SAF.PA,non,oui,non,non,non,2.8066
2025-12-24,AIR.PA,oui,non,non,non,non,3.2864
2025-12-24,PUB.PA,non,oui,non,non,non,-0.0454
2025-12-24,SGO.PA,non,oui,oui,non,non,-2.4657
2025-12-24,MC.PA,non,oui,non,non,non,-6.9767
2025-12-24,CAP.PA,non,oui,non,non,non,-3.7063
2026-01-02,ENGI.PA,non,oui,oui,non,oui,9.273
2026-01-02,AC.PA,non,oui,non,non,oui,-4.0786
2026-01-02,EN.PA,non,oui,oui,non,oui,0.9071
2026-01-02,TTE.PA,non,non,non,non,oui,9.0018
2026-01-02,SAF.PA,non,oui,non,non,oui,-2.0182
2026-01-02,AIR.PA,non,oui,non,non,oui,-5.0565
2026-01-02,PUB.PA,non,oui,non,non,oui,-3.9471
2026-01-02,SGO.PA,non,oui,oui,non,oui,-4.3668
2026-01-02,MC.PA,non,oui,non,non,oui,-14.7865
2026-01-02,CAP.PA,non,non,non,non,oui,-6.7851
2026-01-09,ENGI.PA,non,oui,oui,non,non,7.9378
2026-01-09,AC.PA,non,oui,non,non,non,2.2213
2026-01-09,EN.PA,non,oui,non,non,non,6.5827
2026-01-09,TTE.PA,non,oui,non,non,non,13.5341
2026-01-09,SAF.PA,non,oui,oui,non,non,-2.931
2026-01-09,AIR.PA,non,oui,non,non,non,-11.0646
2026-01-09,PUB.PA,non,oui,non,non,non,-11.2762
2026-01-09,SGO.PA,non,non,non,non,non,4.4208
2026-01-09,MC.PA,non,oui,non,non,non,-17.7733
2026-01-09,CAP.PA,non,non,oui,non,non,-23.5002
2026-01-16,ENGI.PA,non,oui,non,non,non,9.4379
2026-01-16,AC.PA,non,non,non,non,non,6.3067
2026-01-16,EN.PA,non,oui,non,non,non,8.2745
2026-01-16,TTE.PA,non,oui,non,non,non,13.3451
2026-01-16,SAF.PA,non,oui,oui,non,non,3.773
2026-01-16,AIR.PA,non,oui,non,non,non,-11.4903
2026-01-16,PUB.PA,oui,non,non,non,non,-15.6931
2026-01-16,SGO.PA,non,non,non,non,non,8.244
2026-01-16,MC.PA,oui,oui,non,non,non,-15.5942
2026-01-16,CAP.PA,non,oui,non,non,non,-25.9534
2026-01-23,ENGI.PA,non,oui,non,non,non,9.1286
2026-01-23,AC.PA,non,non,non,non,non,4.2357
2026-01-23,EN.PA,non,oui,non,non,non,15.1719
2026-01-23,TTE.PA,non,oui,oui,non,non,12.8665
2026-01-23,SAF.PA,non,oui,non,non,non,11.5979
2026-01-23,AIR.PA,non,oui,non,non,non,-8.2495
2026-01-23,PUB.PA,non,non,non,non,non,-15.1592
2026-01-23,SGO.PA,non,non,non,non,non,8.4615
2026-01-23,MC.PA,oui,non,non,non,non,-6.2056
2026-01-23,CAP.PA,oui,non,non,non,non,-23.359
2026-01-30,ENGI.PA,non,oui,oui,non,oui,15.259
2026-01-30,AC.PA,oui,non,non,non,oui,7.4139
2026-01-30,EN.PA,non,non,non,non,oui,15.501
2026-01-30,TTE.PA,non,oui,oui,non,oui,10.0245
2026-01-30,SAF.PA,oui,non,non,non,oui,12.9568
2026-01-30,AIR.PA,oui,non,non,non,oui,-4.7363
2026-01-30,PUB.PA,oui,non,non,non,oui,-10.4276
2026-01-30,SGO.PA,non,non,non,non,oui,3.6289
2026-01-30,MC.PA,oui,non,non,non,oui,-0.512
2026-01-30,CAP.PA,oui,non,non,non,oui,-18.4832
2026-02-06,ENGI.PA,non,oui,oui,non,non,2.5292
2026-02-06,AC.PA,non,oui,non,non,non,-11.1726
2026-02-06,EN.PA,non,oui,oui,non,non,1.3472
2026-02-06,TTE.PA,non,oui,oui,non,non,8.6609
2026-02-06,SAF.PA,non,non,non,non,non,3.1494
2026-02-06,AIR.PA,oui,non,non,non,non,-8.2593
2026-02-06,PUB.PA,oui,non,non,non,non,-3.7544
2026-02-06,SGO.PA,non,oui,oui,non,non,-16.1648
2026-02-06,MC.PA,oui,non,non,non,non,-6.3409
2026-02-06,CAP.PA,oui,non,non,non,non,-4.896
2026-02-13,ENGI.PA,non,oui,oui,non,non,5.941
2026-02-13,AC.PA,non,oui,non,non,non,-17.7164
2026-02-13,EN.PA,non,oui,oui,non,non,1.5081
2026-02-13,TTE.PA,non,oui,oui,non,non,12.3486
2026-02-13,SAF.PA,non,oui,oui,non,non,-8.5337
2026-02-13,AIR.PA,oui,non,non,non,non,-12.4935
2026-02-13,PUB.PA,oui,non,non,non,non,3.9593
2026-02-13,SGO.PA,non,oui,oui,non,non,-20.9773
2026-02-13,MC.PA,oui,non,non,non,non,-7.8763
2026-02-13,CAP.PA,oui,non,non,non,non,2.8135
2026-02-20,ENGI.PA,non,oui,non,non,non,0.7985
2026-02-20,AC.PA,non,oui,non,non,non,-18.0487
2026-02-20,EN.PA,non,oui,oui,non,non,-4.8009
2026-02-20,TTE.PA,non,oui,oui,non,non,17.6039
2026-02-20,SAF.PA,non,oui,oui,non,non,-18.7067
2026-02-20,AIR.PA,oui,non,non,non,non,-15.1892
2026-02-20,PUB.PA,oui,non,non,non,non,-4.8313
2026-02-20,SGO.PA,non,oui,oui,non,non,-24.5567
2026-02-20,MC.PA,oui,non,non,non,non,-17.4419
2026-02-20,CAP.PA,oui,non,non,non,non,-5.6651
2026-02-27,ENGI.PA,non,oui,oui,non,oui,-7.2589
2026-02-27,AC.PA,non,oui,non,non,oui,-17.9253
2026-02-27,EN.PA,non,oui,oui,non,oui,-7.1374
2026-02-27,TTE.PA,non,oui,oui,non,oui,16.6617
2026-02-27,SAF.PA,non,oui,oui,non,oui,-18.1176
2026-02-27,AIR.PA,oui,non,non,non,oui,-12.9288
2026-02-27,PUB.PA,oui,non,non,non,oui,-9.0957
2026-02-27,SGO.PA,non,oui,non,non,oui,-19.8516
2026-02-27,MC.PA,oui,oui,non,non,oui,-16.2378
2026-02-27,CAP.PA,oui,non,non,non,oui,-10.0514
2026-03-06,ENGI.PA,oui,oui,non,non,non,10.1708
2026-03-06,AC.PA,oui,non,non,non,non,-3.6464
2026-03-06,EN.PA,oui,oui,non,non,non,2.4131
2026-03-06,TTE.PA,non,oui,oui,non,non,17.7946
2026-03-06,SAF.PA,non,oui,non,non,non,-10.9223
2026-03-06,AIR.PA,oui,non,non,non,non,-7.339
2026-03-06,PUB.PA,non,non,non,non,non,-3.4001
2026-03-06,SGO.PA,oui,non,non,non,non,-4.2668
2026-03-06,MC.PA,oui,non,non,non,non,-7.039
2026-03-06,CAP.PA,oui,oui,non,non,non,-7.2893
2026-03-13,ENGI.PA,non,oui,non,non,non,4.1245
2026-03-13,AC.PA,oui,non,non,non,non,12.321
2026-03-13,EN.PA,non,non,non,non,non,5.7217
2026-03-13,TTE.PA,non,oui,oui,non,non,8.1301
2026-03-13,SAF.PA,oui,non,non,non,non,4.2707
2026-03-13,AIR.PA,oui,non,non,non,non,2.6013
2026-03-13,PUB.PA,non,oui,non,non,non,0.9257
2026-03-13,SGO.PA,oui,non,non,non,non,8.273
2026-03-13,MC.PA,oui,non,non,oui,non,1.6361
2026-03-13,CAP.PA,non,oui,non,non,non,-2.8757
2026-03-20,ENGI.PA,oui,non,non,non,non,5.5074
2026-03-20,AC.PA,oui,non,non,non,non,11.6033
2026-03-20,EN.PA,oui,non,non,non,non,7.0111
2026-03-20,TTE.PA,non,oui,oui,non,non,-1.4741
2026-03-20,SAF.PA,oui,non,non,non,non,0.2841
2026-03-20,AIR.PA,oui,non,non,non,non,7.9237
2026-03-20,PUB.PA,oui,non,non,non,non,11.713
2026-03-20,SGO.PA,oui,non,non,non,non,15.188
2026-03-20,MC.PA,oui,non,non,non,non,6.1251
2026-03-20,CAP.PA,oui,non,non,non,non,11.0773
2026-03-27,ENGI.PA,oui,non,non,non,oui,6.2989
2026-03-27,AC.PA,oui,non,non,non,oui,4.4274
2026-03-27,EN.PA,oui,non,non,non,oui,6.0732
2026-03-27,TTE.PA,non,oui,oui,non,oui,0.777
2026-03-27,SAF.PA,oui,non,non,non,oui,-2.5503
2026-03-27,AIR.PA,oui,non,non,non,oui,5.4539
2026-03-27,PUB.PA,oui,non,non,non,oui,15.3151
2026-03-27,SGO.PA,oui,non,non,non,oui,11.8924
2026-03-27,MC.PA,oui,non,non,non,oui,1.4076
2026-03-27,CAP.PA,oui,non,non,non,oui,3.2017
2026-04-02,ENGI.PA,non,oui,non,non,non,0.5504
2026-04-02,AC.PA,non,non,non,non,non,-2.5412
2026-04-02,EN.PA,non,oui,non,non,non,5.3175
2026-04-02,TTE.PA,non,oui,oui,non,non,-0.1511
2026-04-02,SAF.PA,oui,non,non,non,non,-5.221
2026-04-02,AIR.PA,non,non,non,non,non,9.6927
2026-04-02,PUB.PA,non,non,non,non,non,10.6236
2026-04-02,SGO.PA,oui,non,non,non,non,7.6574
2026-04-02,MC.PA,non,non,non,non,non,-2.706
2026-04-02,CAP.PA,non,non,non,non,non,2.528
2026-04-10,ENGI.PA,non,oui,non,non,non,-0.9755
2026-04-10,AC.PA,non,oui,non,non,non,-1.8113
2026-04-10,EN.PA,non,oui,non,non,non,1.0266
2026-04-10,TTE.PA,non,oui,oui,non,non,-2.1626
2026-04-10,SAF.PA,non,non,non,non,non,-9.2244
2026-04-10,AIR.PA,non,non,non,non,non,5.441
2026-04-10,PUB.PA,non,non,non,non,non,6.9369
2026-04-10,SGO.PA,non,oui,non,non,non,2.5789
2026-04-10,MC.PA,non,oui,non,non,non,-4.9513
2026-04-10,CAP.PA,non,non,non,non,non,1.4457
2026-04-17,ENGI.PA,oui,oui,non,non,non,1.1784
2026-04-17,AC.PA,non,oui,non,non,non,-5.5998
2026-04-17,EN.PA,non,oui,non,non,non,-0.2932
2026-04-17,TTE.PA,non,non,non,non,non,9.8536
2026-04-17,SAF.PA,non,oui,non,non,non,-13.1303
2026-04-17,AIR.PA,non,oui,oui,non,non,-3.3161
2026-04-17,PUB.PA,non,oui,oui,non,non,1.8694
2026-04-17,SGO.PA,non,oui,oui,non,non,-8.2024
2026-04-17,MC.PA,non,oui,non,non,non,-7.1506
2026-04-17,CAP.PA,non,oui,non,non,non,-8.7703
2026-04-24,ENGI.PA,oui,oui,non,non,oui,1.3322
2026-04-24,AC.PA,non,oui,non,non,oui,6.8734
2026-04-24,EN.PA,oui,oui,non,non,oui,1.221
2026-04-24,TTE.PA,non,non,non,non,oui,0.8701
2026-04-24,SAF.PA,oui,oui,non,non,oui,11.6667
2026-04-24,AIR.PA,non,oui,non,non,oui,5.0265
2026-04-24,PUB.PA,non,oui,oui,non,oui,7.5878
2026-04-24,SGO.PA,non,oui,non,non,oui,-0.0516
2026-04-24,MC.PA,non,oui,non,non,oui,2.9774
2026-04-24,CAP.PA,non,oui,non,non,oui,5.1968
2026-04-30,ENGI.PA,non,non,non,non,non,-5.7
2026-04-30,AC.PA,non,non,non,non,non,11.6307
2026-04-30,EN.PA,non,oui,non,non,non,0.358
2026-04-30,TTE.PA,non,non,non,non,non,-5.1835
2026-04-30,SAF.PA,oui,non,non,non,non,13.2362
2026-04-30,AIR.PA,non,oui,oui,non,non,2.7562
2026-04-30,PUB.PA,non,oui,oui,non,non,5.4926
2026-04-30,SGO.PA,non,oui,non,non,non,0.7986
2026-04-30,MC.PA,non,non,non,non,non,4.7962
2026-04-30,CAP.PA,non,oui,non,non,non,-1.0194
2026-05-08,ENGI.PA,oui,oui,non,non,non,-0.1853
2026-05-08,AC.PA,non,non,non,non,non,5.6794
2026-05-08,EN.PA,non,oui,non,non,non,-0.1592
2026-05-08,TTE.PA,oui,oui,non,non,non,2.0712
2026-05-08,SAF.PA,non,non,non,non,non,5.4327
2026-05-08,AIR.PA,non,oui,oui,non,non,-0.5115
2026-05-08,PUB.PA,non,oui,oui,non,non,7.5523
2026-05-08,SGO.PA,non,oui,non,non,non,-2.4249
2026-05-08,MC.PA,non,non,oui,non,non,1.3433
2026-05-08,CAP.PA,non,non,non,non,non,1.5704
2026-05-15,ENGI.PA,oui,oui,non,non,non,3.4211
2026-05-15,AC.PA,non,non,non,non,non,12.3171
2026-05-15,EN.PA,oui,oui,non,non,non,-0.396
2026-05-15,TTE.PA,non,oui,non,non,non,-2.9232
2026-05-15,SAF.PA,oui,non,non,non,non,14.0528
2026-05-15,AIR.PA,non,oui,non,non,non,6.9179
2026-05-15,PUB.PA,non,non,non,non,non,16.2905
2026-05-15,SGO.PA,non,non,non,non,non,4.9241
2026-05-15,MC.PA,non,non,oui,non,non,12.072
2026-05-15,CAP.PA,non,non,non,non,non,-0.1689
2026-05-22,ENGI.PA,oui,non,non,non,oui,-1.2514
2026-05-22,AC.PA,non,oui,oui,non,oui,11.0483
2026-05-22,EN.PA,oui,oui,non,non,oui,2.0069
2026-05-22,TTE.PA,oui,oui,non,non,oui,-9.6376
2026-05-22,SAF.PA,non,oui,non,non,oui,16.8776
2026-05-22,AIR.PA,non,non,non,non,oui,11.739
2026-05-22,PUB.PA,non,oui,oui,non,oui,7.8992
2026-05-22,SGO.PA,non,non,non,non,oui,7.1483
2026-05-22,MC.PA,non,oui,oui,non,oui,5.639
2026-05-22,CAP.PA,non,non,oui,non,oui,-10.3787
2026-05-29,ENGI.PA,oui,non,non,non,non,3.1734
2026-05-29,AC.PA,non,oui,oui,non,non,9.8511
2026-05-29,EN.PA,oui,non,non,non,non,-1.4071
2026-05-29,TTE.PA,oui,non,non,non,non,-9.0716
2026-05-29,SAF.PA,non,oui,oui,non,non,8.8322
2026-05-29,AIR.PA,non,non,oui,non,non,6.7891
2026-05-29,PUB.PA,non,oui,oui,non,non,3.4392
2026-05-29,SGO.PA,non,non,oui,non,non,6.1501
2026-05-29,MC.PA,non,oui,oui,non,non,4.7986
2026-05-29,CAP.PA,non,non,oui,non,non,-9.2058
2026-06-05,ENGI.PA,oui,non,non,non,non,2.9324
2026-06-05,AC.PA,non,oui,oui,non,non,12.1392
2026-06-05,EN.PA,oui,non,non,non,non,-3.6483
2026-06-05,TTE.PA,oui,non,non,non,non,-12.4013
2026-06-05,SAF.PA,non,oui,non,non,non,19.4975
2026-06-05,AIR.PA,non,oui,oui,non,non,15.1933
2026-06-05,PUB.PA,non,oui,oui,non,non,2.4537
2026-06-05,SGO.PA,non,oui,non,non,non,7.0438
2026-06-05,MC.PA,non,oui,oui,non,non,3.4756
2026-06-05,CAP.PA,non,oui,oui,non,non,-9.725
2026-06-12,ENGI.PA,non,non,non,non,non,-2.2901
2026-06-12,AC.PA,non,oui,oui,non,non,3.3762
2026-06-12,EN.PA,non,non,non,non,non,-7.1571
2026-06-12,TTE.PA,oui,non,non,non,non,-9.357
2026-06-12,SAF.PA,non,oui,oui,non,non,9.8007
2026-06-12,AIR.PA,non,oui,oui,non,non,10.029
2026-06-12,PUB.PA,non,oui,oui,non,non,1.6192
2026-06-12,SGO.PA,non,oui,oui,non,non,0.0528
2026-06-12,MC.PA,non,oui,oui,non,non,-4.0541
2026-06-12,CAP.PA,non,non,non,non,non,-8.0232
2026-06-19,ENGI.PA,oui,oui,non,non,oui,0.1118
2026-06-19,AC.PA,non,oui,oui,non,oui,-3.0849
2026-06-19,EN.PA,non,oui,non,non,oui,-5.0477
2026-06-19,TTE.PA,oui,non,non,non,oui,0.4498
2026-06-19,SAF.PA,non,oui,oui,non,oui,0.0304
2026-06-19,AIR.PA,non,oui,oui,non,oui,2.5868
2026-06-19,PUB.PA,non,oui,oui,non,oui,1.9985
2026-06-19,SGO.PA,non,oui,oui,non,oui,-2.9134
2026-06-19,MC.PA,non,oui,oui,non,oui,-0.8312
2026-06-19,CAP.PA,non,non,non,non,oui,2.0107
2026-06-26,ENGI.PA,non,oui,non,non,non,1.7576
2026-06-26,AC.PA,non,oui,oui,non,non,-7.7122
2026-06-26,EN.PA,oui,oui,non,non,non,-4.4422
2026-06-26,TTE.PA,oui,non,non,non,non,12.4151
2026-06-26,SAF.PA,non,oui,oui,non,non,-0.8717
2026-06-26,AIR.PA,non,oui,oui,non,non,7.3736
2026-06-26,PUB.PA,non,oui,non,non,non,6.7062
2026-06-26,SGO.PA,non,oui,oui,non,non,-7.9901
2026-06-26,MC.PA,non,oui,oui,non,non,-6.8684
2026-06-26,CAP.PA,non,non,non,non,non,0.223
2026-07-03,ENGI.PA,non,oui,non,non,non,-2.2358
2026-07-03,AC.PA,non,oui,oui,non,non,-11.7878
2026-07-03,EN.PA,oui,non,non,non,non,0.8897
2026-07-03,TTE.PA,oui,non,non,non,non,14.1619
2026-07-03,SAF.PA,non,oui,oui,non,non,-5.1304
2026-07-03,AIR.PA,non,oui,oui,non,non,-1.9161
2026-07-03,PUB.PA,non,non,non,non,non,8.0747
2026-07-03,SGO.PA,non,oui,oui,non,non,1.2961
2026-07-03,MC.PA,non,non,oui,non,non,-4.1457
2026-07-03,CAP.PA,non,non,non,non,non,11.5343
2026-07-10,ENGI.PA,oui,oui,non,non,non,-0.5952
2026-07-10,AC.PA,non,oui,non,non,non,-4.4703
2026-07-10,EN.PA,oui,non,non,non,non,4.1542
2026-07-10,TTE.PA,oui,non,non,non,non,8.3504
2026-07-10,SAF.PA,non,oui,oui,non,non,6.3374
2026-07-10,AIR.PA,non,oui,oui,non,non,8.2835
2026-07-10,PUB.PA,non,oui,non,non,non,14.7315
2026-07-10,SGO.PA,non,non,non,non,non,12.7177
2026-07-10,MC.PA,non,non,non,non,non,-2.0208
2026-07-10,CAP.PA,non,non,non,non,non,22.808
2026-07-17,ENGI.PA,oui,non,non,non,oui,-4.2442
2026-07-17,AC.PA,non,non,non,non,oui,-0.3204
2026-07-17,EN.PA,oui,non,non,non,oui,-0.2721
2026-07-17,TTE.PA,non,oui,non,non,oui,7.4741
2026-07-17,SAF.PA,non,non,non,non,oui,9.4082
2026-07-17,AIR.PA,non,oui,non,non,oui,10.8481
2026-07-17,PUB.PA,non,oui,non,non,oui,16.0775
2026-07-17,SGO.PA,non,non,non,non,oui,10.4764
2026-07-17,MC.PA,non,oui,non,non,oui,-7.4126
2026-07-17,CAP.PA,non,oui,non,non,oui,18.594
2026-07-24,ENGI.PA,non,oui,non,non,non,-8.996
2026-07-24,AC.PA,non,non,non,non,non,-1.6843
2026-07-24,EN.PA,oui,non,non,non,non,-2.8397
2026-07-24,TTE.PA,non,oui,non,non,non,2.029
2026-07-24,SAF.PA,non,non,non,non,non,4.1844
2026-07-24,AIR.PA,non,oui,oui,non,non,-1.1405
2026-07-24,PUB.PA,non,oui,non,non,non,15.7544
2026-07-24,SGO.PA,non,non,non,non,non,9.493
2026-07-24,MC.PA,non,non,non,non,non,-1.9926
2026-07-24,CAP.PA,non,non,non,non,non,23.6649
2026-07-31,ENGI.PA,non,non,non,non,non,-9.6274
2026-07-31,AC.PA,non,non,non,non,non,4.0757
2026-07-31,EN.PA,non,oui,non,non,non,-9.598
2026-07-31,TTE.PA,non,oui,non,non,non,-2.29
2026-07-31,SAF.PA,non,non,non,non,non,1.714
2026-07-31,AIR.PA,non,oui,non,non,non,0.4204
2026-07-31,PUB.PA,non,oui,non,non,non,9.7495
2026-07-31,SGO.PA,non,non,oui,non,non,-1.8455
2026-07-31,MC.PA,non,non,non,non,non,-3.5778
2026-07-31,CAP.PA,non,oui,oui,non,non,6.7805
2026-08-07,ENGI.PA,non,non,non,non,non,-10.1422
2026-08-07,AC.PA,non,non,non,non,non,0.2137
2026-08-07,EN.PA,non,oui,non,non,non,-8.491
2026-08-07,TTE.PA,non,oui,non,non,non,2.7129
2026-08-07,SAF.PA,non,oui,oui,non,non,-6.6872
2026-08-07,AIR.PA,non,oui,oui,non,non,-6.8539
2026-08-07,PUB.PA,non,oui,oui,non,non,1.1
2026-08-07,SGO.PA,non,oui,oui,non,non,-11.3062
2026-08-07,MC.PA,non,non,non,non,non,-10.6042
2026-08-07,CAP.PA,non,oui,oui,non,non,-2.6087
2026-08-14,ENGI.PA,oui,non,non,non,oui,
2026-08-14,AC.PA,non,oui,non,non,oui,
2026-08-14,EN.PA,non,oui,non,non,oui,
2026-08-14,TTE.PA,non,oui,non,non,oui,
2026-08-14,SAF.PA,non,oui,non,non,oui,
2026-08-14,AIR.PA,non,oui,oui,non,oui,
2026-08-14,PUB.PA,non,oui,oui,non,oui,
2026-08-14,SGO.PA,non,oui,oui,non,oui,
2026-08-14,MC.PA,oui,non,non,non,oui,
2026-08-14,CAP.PA,non,oui,oui,non,oui,
2026-08-21,ENGI.PA,oui,non,non,non,non,
2026-08-21,AC.PA,oui,non,non,non,non,
2026-08-21,EN.PA,oui,non,non,non,non,
2026-08-21,TTE.PA,non,oui,non,non,non,
2026-08-21,SAF.PA,non,oui,non,non,non,
2026-08-21,AIR.PA,non,oui,non,non,non,
2026-08-21,PUB.PA,non,oui,oui,non,non,
2026-08-21,SGO.PA,non,oui,non,non,non,
2026-08-21,MC.PA,oui,non,non,non,non,
2026-08-21,CAP.PA,non,oui,oui,non,non,
2026-08-28,ENGI.PA,oui,non,non,non,non,
2026-08-28,AC.PA,oui,non,non,non,non,
2026-08-28,EN.PA,oui,non,non,non,non,
2026-08-28,TTE.PA,non,oui,non,non,non,
2026-08-28,SAF.PA,non,non,non,non,non,
2026-08-28,AIR.PA,oui,non,non,non,non,
2026-08-28,PUB.PA,non,oui,non,non,non,
2026-08-28,SGO.PA,non,non,non,non,non,
2026-08-28,MC.PA,oui,non,non,non,non,
2026-08-28,CAP.PA,non,oui,oui,non,non,
2026-09-04,ENGI.PA,oui,non,non,non,non,
2026-09-04,AC.PA,non,oui,non,non,non,
2026-09-04,EN.PA,oui,non,non,non,non,
2026-09-04,TTE.PA,non,oui,non,non,non,
2026-09-04,SAF.PA,oui,non,non,non,non,
2026-09-04,AIR.PA,oui,non,non,non,non,
2026-09-04,PUB.PA,non,oui,non,non,non,
2026-09-04,SGO.PA,oui,non,non,non,non,
2026-09-04,MC.PA,oui,non,non,non,non,
2026-09-04,CAP.PA,non,non,non,non,non,
2026-09-10,ENGI.PA,oui,non,non,non,oui,
2026-09-10,AC.PA,oui,oui,non,non,oui,
2026-09-10,EN.PA,oui,non,non,non,oui,
2026-09-10,TTE.PA,non,oui,oui,non,oui,
2026-09-10,SAF.PA,oui,non,non,non,oui,
2026-09-10,AIR.PA,oui,non,non,non,oui,
2026-09-10,PUB.PA,oui,non,non,non,oui,
2026-09-10,SGO.PA,oui,non,non,non,oui,
2026-09-10,MC.PA,oui,non,non,non,oui,
2026-09-10,CAP.PA,non,non,non,non,oui,
